streamlit_key,risk_level_text,year,disease_class,disease,region,cases,population,incidence_100k,disease_score,case_trend_score,weather_or_habitat,habitat_en,tick_count,tick_score,tick_source_year,tick_data_match_type,final_risk_score,risk_level_code,env_source_url,note
string,string,continuous,continuous,라임병 중증열성혈소판감소증후군(SFTS) 쯔쯔가무시증,강원 경기 경남 경북 광주 대구 대전 부산 서울 세종 울산 인천 전남 전북 제주 충남 충북,continuous,continuous,continuous,continuous,continuous,무덤 산길 잡목림 초지,Copse/Woodland Grassland Grave Mountain\ road,continuous,continuous,continuous,exact_year latest_available_proxy,continuous,continuous,https://neweng-phwr.inforang.com/journal/download_pdf.php?number=23&spage=1596&volume=15 https://neweng-phwr.inforang.com/journal/view.html?number=33&spage=1406&volume=17 https://pdfs.semanticscholar.org/6342/0fd8726773d7041a1f582d676c4b8f8a3ac9.pdf https://www.djcidc.or.kr/bbsDown/dataBoard_new/2023091493767694428.pdf,질병\ 60%\ +\ 환경별\ 진드기점수\ 40%로\ 계산 질병\ 60%\ +\ 환경별\ 진드기점수\ 40%로\ 계산;\ 2025년\ 환경자료\ 없음:\ 2024년\ 환경별\ tick_score\ 대체\ 사용
meta,meta,,,,,,,,,,,,,,,,,,,
2021|라임병|서울|무덤,양호,2021,3,라임병,서울,2,9509458,0.0210,66.67,,무덤,Grave,10176,0.00,2021,exact_year,40.002,2,https://neweng-phwr.inforang.com/journal/download_pdf.php?number=23&spage=1596&volume=15,질병 60% + 환경별 진드기점수 40%로 계산
2021|라임병|서울|산길,보통,2021,3,라임병,서울,2,9509458,0.0210,66.67,,산길,Mountain road,13580,20.63,2021,exact_year,48.254,3,https://neweng-phwr.inforang.com/journal/download_pdf.php?number=23&spage=1596&volume=15,질병 60% + 환경별 진드기점수 40%로 계산
2021|라임병|서울|잡목림,보통,2021,3,라임병,서울,2,9509458,0.0210,66.67,,잡목림,Copse/Woodland,17108,42.01,2021,exact_year,56.806,3,https://neweng-phwr.inforang.com/journal/download_pdf.php?number=23&spage=1596&volume=15,질병 60% + 환경별 진드기점수 40%로 계산
2021|라임병|서울|초지,매우 나쁨,2021,3,라임병,서울,2,9509458,0.0210,66.67,,초지,Grassland,26676,100.00,2021,exact_year,80.002,5,https://neweng-phwr.inforang.com/journal/download_pdf.php?number=23&spage=1596&volume=15,질병 60% + 환경별 진드기점수 40%로 계산
2021|라임병|부산|무덤,매우 좋음,2021,3,라임병,부산,0,3350380,0.0000,0.00,,무덤,Grave,10176,0.00,2021,exact_year,0,0,https://neweng-phwr.inforang.com/journal/download_pdf.php?number=23&spage=1596&volume=15,질병 60% + 환경별 진드기점수 40%로 계산
2021|라임병|부산|산길,매우 좋음,2021,3,라임병,부산,0,3350380,0.0000,0.00,,산길,Mountain road,13580,20.63,2021,exact_year,8.252,0,https://neweng-phwr.inforang.com/journal/download_pdf.php?number=23&spage=1596&volume=15,질병 60% + 환경별 진드기점수 40%로 계산
2021|라임병|부산|잡목림,좋음,2021,3,라임병,부산,0,3350380,0.0000,0.00,,잡목림,Copse/Woodland,17108,42.01,2021,exact_year,16.804,1,https://neweng-phwr.inforang.com/journal/download_pdf.php?number=23&spage=1596&volume=15,질병 60% + 환경별 진드기점수 40%로 계산
2021|라임병|부산|초지,양호,2021,3,라임병,부산,0,3350380,0.0000,0.00,,초지,Grassland,26676,100.00,2021,exact_year,40,2,https://neweng-phwr.inforang.com/journal/download_pdf.php?number=23&spage=1596&volume=15,질병 60% + 환경별 진드기점수 40%로 계산
2021|라임병|대구|무덤,매우 좋음,2021,3,라임병,대구,0,2385412,0.0000,0.00,,무덤,Grave,10176,0.00,2021,exact_year,0,0,https://neweng-phwr.inforang.com/journal/download_pdf.php?number=23&spage=1596&volume=15,질병 60% + 환경별 진드기점수 40%로 계산
2021|라임병|대구|산길,매우 좋음,2021,3,라임병,대구,0,2385412,0.0000,0.00,,산길,Mountain road,13580,20.63,2021,exact_year,8.252,0,https://neweng-phwr.inforang.com/journal/download_pdf.php?number=23&spage=1596&volume=15,질병 60% + 환경별 진드기점수 40%로 계산
2021|라임병|대구|잡목림,좋음,2021,3,라임병,대구,0,2385412,0.0000,0.00,,잡목림,Copse/Woodland,17108,42.01,2021,exact_year,16.804,1,https://neweng-phwr.inforang.com/journal/download_pdf.php?number=23&spage=1596&volume=15,질병 60% + 환경별 진드기점수 40%로 계산
2021|라임병|대구|초지,양호,2021,3,라임병,대구,0,2385412,0.0000,0.00,,초지,Grassland,26676,100.00,2021,exact_year,40,2,https://neweng-phwr.inforang.com/journal/download_pdf.php?number=23&spage=1596&volume=15,질병 60% + 환경별 진드기점수 40%로 계산
2021|라임병|인천|무덤,좋음,2021,3,라임병,인천,1,2948375,0.0339,33.33,,무덤,Grave,10176,0.00,2021,exact_year,19.998,1,https://neweng-phwr.inforang.com/journal/download_pdf.php?number=23&spage=1596&volume=15,질병 60% + 환경별 진드기점수 40%로 계산
2021|라임병|인천|산길,좋음,2021,3,라임병,인천,1,2948375,0.0339,33.33,,산길,Mountain road,13580,20.63,2021,exact_year,28.25,1,https://neweng-phwr.inforang.com/journal/download_pdf.php?number=23&spage=1596&volume=15,질병 60% + 환경별 진드기점수 40%로 계산
2021|라임병|인천|잡목림,양호,2021,3,라임병,인천,1,2948375,0.0339,33.33,,잡목림,Copse/Woodland,17108,42.01,2021,exact_year,36.802,2,https://neweng-phwr.inforang.com/journal/download_pdf.php?number=23&spage=1596&volume=15,질병 60% + 환경별 진드기점수 40%로 계산
2021|라임병|인천|초지,나쁨,2021,3,라임병,인천,1,2948375,0.0339,33.33,,초지,Grassland,26676,100.00,2021,exact_year,59.998,4,https://neweng-phwr.inforang.com/journal/download_pdf.php?number=23&spage=1596&volume=15,질병 60% + 환경별 진드기점수 40%로 계산
2021|라임병|광주|무덤,매우 좋음,2021,3,라임병,광주,0,1441611,0.0000,0.00,,무덤,Grave,10176,0.00,2021,exact_year,0,0,https://neweng-phwr.inforang.com/journal/download_pdf.php?number=23&spage=1596&volume=15,질병 60% + 환경별 진드기점수 40%로 계산
2021|라임병|광주|산길,매우 좋음,2021,3,라임병,광주,0,1441611,0.0000,0.00,,산길,Mountain road,13580,20.63,2021,exact_year,8.252,0,https://neweng-phwr.inforang.com/journal/download_pdf.php?number=23&spage=1596&volume=15,질병 60% + 환경별 진드기점수 40%로 계산
2021|라임병|광주|잡목림,좋음,2021,3,라임병,광주,0,1441611,0.0000,0.00,,잡목림,Copse/Woodland,17108,42.01,2021,exact_year,16.804,1,https://neweng-phwr.inforang.com/journal/download_pdf.php?number=23&spage=1596&volume=15,질병 60% + 환경별 진드기점수 40%로 계산
2021|라임병|광주|초지,양호,2021,3,라임병,광주,0,1441611,0.0000,0.00,,초지,Grassland,26676,100.00,2021,exact_year,40,2,https://neweng-phwr.inforang.com/journal/download_pdf.php?number=23&spage=1596&volume=15,질병 60% + 환경별 진드기점수 40%로 계산
2021|라임병|대전|무덤,좋음,2021,3,라임병,대전,1,1452251,0.0689,33.33,,무덤,Grave,10176,0.00,2021,exact_year,19.998,1,https://neweng-phwr.inforang.com/journal/download_pdf.php?number=23&spage=1596&volume=15,질병 60% + 환경별 진드기점수 40%로 계산
2021|라임병|대전|산길,좋음,2021,3,라임병,대전,1,1452251,0.0689,33.33,,산길,Mountain road,13580,20.63,2021,exact_year,28.25,1,https://neweng-phwr.inforang.com/journal/download_pdf.php?number=23&spage=1596&volume=15,질병 60% + 환경별 진드기점수 40%로 계산
2021|라임병|대전|잡목림,양호,2021,3,라임병,대전,1,1452251,0.0689,33.33,,잡목림,Copse/Woodland,17108,42.01,2021,exact_year,36.802,2,https://neweng-phwr.inforang.com/journal/download_pdf.php?number=23&spage=1596&volume=15,질병 60% + 환경별 진드기점수 40%로 계산
2021|라임병|대전|초지,나쁨,2021,3,라임병,대전,1,1452251,0.0689,33.33,,초지,Grassland,26676,100.00,2021,exact_year,59.998,4,https://neweng-phwr.inforang.com/journal/download_pdf.php?number=23&spage=1596&volume=15,질병 60% + 환경별 진드기점수 40%로 계산
2021|라임병|울산|무덤,매우 좋음,2021,3,라임병,울산,0,1121592,0.0000,0.00,,무덤,Grave,10176,0.00,2021,exact_year,0,0,https://neweng-phwr.inforang.com/journal/download_pdf.php?number=23&spage=1596&volume=15,질병 60% + 환경별 진드기점수 40%로 계산
2021|라임병|울산|산길,매우 좋음,2021,3,라임병,울산,0,1121592,0.0000,0.00,,산길,Mountain road,13580,20.63,2021,exact_year,8.252,0,https://neweng-phwr.inforang.com/journal/download_pdf.php?number=23&spage=1596&volume=15,질병 60% + 환경별 진드기점수 40%로 계산
2021|라임병|울산|잡목림,좋음,2021,3,라임병,울산,0,1121592,0.0000,0.00,,잡목림,Copse/Woodland,17108,42.01,2021,exact_year,16.804,1,https://neweng-phwr.inforang.com/journal/download_pdf.php?number=23&spage=1596&volume=15,질병 60% + 환경별 진드기점수 40%로 계산
2021|라임병|울산|초지,양호,2021,3,라임병,울산,0,1121592,0.0000,0.00,,초지,Grassland,26676,100.00,2021,exact_year,40,2,https://neweng-phwr.inforang.com/journal/download_pdf.php?number=23&spage=1596&volume=15,질병 60% + 환경별 진드기점수 40%로 계산
2021|라임병|경기|무덤,좋음,2021,3,라임병,경기,1,13565450,0.0074,33.33,,무덤,Grave,10176,0.00,2021,exact_year,19.998,1,https://neweng-phwr.inforang.com/journal/download_pdf.php?number=23&spage=1596&volume=15,질병 60% + 환경별 진드기점수 40%로 계산
2021|라임병|경기|산길,좋음,2021,3,라임병,경기,1,13565450,0.0074,33.33,,산길,Mountain road,13580,20.63,2021,exact_year,28.25,1,https://neweng-phwr.inforang.com/journal/download_pdf.php?number=23&spage=1596&volume=15,질병 60% + 환경별 진드기점수 40%로 계산
2021|라임병|경기|잡목림,양호,2021,3,라임병,경기,1,13565450,0.0074,33.33,,잡목림,Copse/Woodland,17108,42.01,2021,exact_year,36.802,2,https://neweng-phwr.inforang.com/journal/download_pdf.php?number=23&spage=1596&volume=15,질병 60% + 환경별 진드기점수 40%로 계산
2021|라임병|경기|초지,나쁨,2021,3,라임병,경기,1,13565450,0.0074,33.33,,초지,Grassland,26676,100.00,2021,exact_year,59.998,4,https://neweng-phwr.inforang.com/journal/download_pdf.php?number=23&spage=1596&volume=15,질병 60% + 환경별 진드기점수 40%로 계산
2021|라임병|강원|무덤,매우 좋음,2021,3,라임병,강원,0,1538492,0.0000,0.00,,무덤,Grave,10176,0.00,2021,exact_year,0,0,https://neweng-phwr.inforang.com/journal/download_pdf.php?number=23&spage=1596&volume=15,질병 60% + 환경별 진드기점수 40%로 계산
2021|라임병|강원|산길,매우 좋음,2021,3,라임병,강원,0,1538492,0.0000,0.00,,산길,Mountain road,13580,20.63,2021,exact_year,8.252,0,https://neweng-phwr.inforang.com/journal/download_pdf.php?number=23&spage=1596&volume=15,질병 60% + 환경별 진드기점수 40%로 계산
2021|라임병|강원|잡목림,좋음,2021,3,라임병,강원,0,1538492,0.0000,0.00,,잡목림,Copse/Woodland,17108,42.01,2021,exact_year,16.804,1,https://neweng-phwr.inforang.com/journal/download_pdf.php?number=23&spage=1596&volume=15,질병 60% + 환경별 진드기점수 40%로 계산
2021|라임병|강원|초지,양호,2021,3,라임병,강원,0,1538492,0.0000,0.00,,초지,Grassland,26676,100.00,2021,exact_year,40,2,https://neweng-phwr.inforang.com/journal/download_pdf.php?number=23&spage=1596&volume=15,질병 60% + 환경별 진드기점수 40%로 계산
2021|라임병|충북|무덤,매우 좋음,2021,3,라임병,충북,0,1597427,0.0000,0.00,,무덤,Grave,10176,0.00,2021,exact_year,0,0,https://neweng-phwr.inforang.com/journal/download_pdf.php?number=23&spage=1596&volume=15,질병 60% + 환경별 진드기점수 40%로 계산
2021|라임병|충북|산길,매우 좋음,2021,3,라임병,충북,0,1597427,0.0000,0.00,,산길,Mountain road,13580,20.63,2021,exact_year,8.252,0,https://neweng-phwr.inforang.com/journal/download_pdf.php?number=23&spage=1596&volume=15,질병 60% + 환경별 진드기점수 40%로 계산
2021|라임병|충북|잡목림,좋음,2021,3,라임병,충북,0,1597427,0.0000,0.00,,잡목림,Copse/Woodland,17108,42.01,2021,exact_year,16.804,1,https://neweng-phwr.inforang.com/journal/download_pdf.php?number=23&spage=1596&volume=15,질병 60% + 환경별 진드기점수 40%로 계산
2021|라임병|충북|초지,양호,2021,3,라임병,충북,0,1597427,0.0000,0.00,,초지,Grassland,26676,100.00,2021,exact_year,40,2,https://neweng-phwr.inforang.com/journal/download_pdf.php?number=23&spage=1596&volume=15,질병 60% + 환경별 진드기점수 40%로 계산
2021|라임병|충남|무덤,나쁨,2021,3,라임병,충남,3,2119257,0.1416,100.00,,무덤,Grave,10176,0.00,2021,exact_year,60,4,https://neweng-phwr.inforang.com/journal/download_pdf.php?number=23&spage=1596&volume=15,질병 60% + 환경별 진드기점수 40%로 계산
2021|라임병|충남|산길,나쁨,2021,3,라임병,충남,3,2119257,0.1416,100.00,,산길,Mountain road,13580,20.63,2021,exact_year,68.252,4,https://neweng-phwr.inforang.com/journal/download_pdf.php?number=23&spage=1596&volume=15,질병 60% + 환경별 진드기점수 40%로 계산
2021|라임병|충남|잡목림,매우 나쁨,2021,3,라임병,충남,3,2119257,0.1416,100.00,,잡목림,Copse/Woodland,17108,42.01,2021,exact_year,76.804,5,https://neweng-phwr.inforang.com/journal/download_pdf.php?number=23&spage=1596&volume=15,질병 60% + 환경별 진드기점수 40%로 계산
2021|라임병|충남|초지,최악,2021,3,라임병,충남,3,2119257,0.1416,100.00,,초지,Grassland,26676,100.00,2021,exact_year,100,6,https://neweng-phwr.inforang.com/journal/download_pdf.php?number=23&spage=1596&volume=15,질병 60% + 환경별 진드기점수 40%로 계산
2021|라임병|전북|무덤,매우 좋음,2021,3,라임병,전북,0,1786855,0.0000,0.00,,무덤,Grave,10176,0.00,2021,exact_year,0,0,https://neweng-phwr.inforang.com/journal/download_pdf.php?number=23&spage=1596&volume=15,질병 60% + 환경별 진드기점수 40%로 계산
2021|라임병|전북|산길,매우 좋음,2021,3,라임병,전북,0,1786855,0.0000,0.00,,산길,Mountain road,13580,20.63,2021,exact_year,8.252,0,https://neweng-phwr.inforang.com/journal/download_pdf.php?number=23&spage=1596&volume=15,질병 60% + 환경별 진드기점수 40%로 계산
2021|라임병|전북|잡목림,좋음,2021,3,라임병,전북,0,1786855,0.0000,0.00,,잡목림,Copse/Woodland,17108,42.01,2021,exact_year,16.804,1,https://neweng-phwr.inforang.com/journal/download_pdf.php?number=23&spage=1596&volume=15,질병 60% + 환경별 진드기점수 40%로 계산
2021|라임병|전북|초지,양호,2021,3,라임병,전북,0,1786855,0.0000,0.00,,초지,Grassland,26676,100.00,2021,exact_year,40,2,https://neweng-phwr.inforang.com/journal/download_pdf.php?number=23&spage=1596&volume=15,질병 60% + 환경별 진드기점수 40%로 계산
2021|라임병|전남|무덤,매우 좋음,2021,3,라임병,전남,0,1832803,0.0000,0.00,,무덤,Grave,10176,0.00,2021,exact_year,0,0,https://neweng-phwr.inforang.com/journal/download_pdf.php?number=23&spage=1596&volume=15,질병 60% + 환경별 진드기점수 40%로 계산
2021|라임병|전남|산길,매우 좋음,2021,3,라임병,전남,0,1832803,0.0000,0.00,,산길,Mountain road,13580,20.63,2021,exact_year,8.252,0,https://neweng-phwr.inforang.com/journal/download_pdf.php?number=23&spage=1596&volume=15,질병 60% + 환경별 진드기점수 40%로 계산
2021|라임병|전남|잡목림,좋음,2021,3,라임병,전남,0,1832803,0.0000,0.00,,잡목림,Copse/Woodland,17108,42.01,2021,exact_year,16.804,1,https://neweng-phwr.inforang.com/journal/download_pdf.php?number=23&spage=1596&volume=15,질병 60% + 환경별 진드기점수 40%로 계산
2021|라임병|전남|초지,양호,2021,3,라임병,전남,0,1832803,0.0000,0.00,,초지,Grassland,26676,100.00,2021,exact_year,40,2,https://neweng-phwr.inforang.com/journal/download_pdf.php?number=23&spage=1596&volume=15,질병 60% + 환경별 진드기점수 40%로 계산
2021|라임병|경북|무덤,매우 좋음,2021,3,라임병,경북,0,2626609,0.0000,0.00,,무덤,Grave,10176,0.00,2021,exact_year,0,0,https://neweng-phwr.inforang.com/journal/download_pdf.php?number=23&spage=1596&volume=15,질병 60% + 환경별 진드기점수 40%로 계산
2021|라임병|경북|산길,매우 좋음,2021,3,라임병,경북,0,2626609,0.0000,0.00,,산길,Mountain road,13580,20.63,2021,exact_year,8.252,0,https://neweng-phwr.inforang.com/journal/download_pdf.php?number=23&spage=1596&volume=15,질병 60% + 환경별 진드기점수 40%로 계산
2021|라임병|경북|잡목림,좋음,2021,3,라임병,경북,0,2626609,0.0000,0.00,,잡목림,Copse/Woodland,17108,42.01,2021,exact_year,16.804,1,https://neweng-phwr.inforang.com/journal/download_pdf.php?number=23&spage=1596&volume=15,질병 60% + 환경별 진드기점수 40%로 계산
2021|라임병|경북|초지,양호,2021,3,라임병,경북,0,2626609,0.0000,0.00,,초지,Grassland,26676,100.00,2021,exact_year,40,2,https://neweng-phwr.inforang.com/journal/download_pdf.php?number=23&spage=1596&volume=15,질병 60% + 환경별 진드기점수 40%로 계산
2021|라임병|경남|무덤,매우 좋음,2021,3,라임병,경남,0,3314183,0.0000,0.00,,무덤,Grave,10176,0.00,2021,exact_year,0,0,https://neweng-phwr.inforang.com/journal/download_pdf.php?number=23&spage=1596&volume=15,질병 60% + 환경별 진드기점수 40%로 계산
2021|라임병|경남|산길,매우 좋음,2021,3,라임병,경남,0,3314183,0.0000,0.00,,산길,Mountain road,13580,20.63,2021,exact_year,8.252,0,https://neweng-phwr.inforang.com/journal/download_pdf.php?number=23&spage=1596&volume=15,질병 60% + 환경별 진드기점수 40%로 계산
2021|라임병|경남|잡목림,좋음,2021,3,라임병,경남,0,3314183,0.0000,0.00,,잡목림,Copse/Woodland,17108,42.01,2021,exact_year,16.804,1,https://neweng-phwr.inforang.com/journal/download_pdf.php?number=23&spage=1596&volume=15,질병 60% + 환경별 진드기점수 40%로 계산
2021|라임병|경남|초지,양호,2021,3,라임병,경남,0,3314183,0.0000,0.00,,초지,Grassland,26676,100.00,2021,exact_year,40,2,https://neweng-phwr.inforang.com/journal/download_pdf.php?number=23&spage=1596&volume=15,질병 60% + 환경별 진드기점수 40%로 계산
2021|라임병|제주|무덤,매우 좋음,2021,3,라임병,제주,0,676759,0.0000,0.00,,무덤,Grave,10176,0.00,2021,exact_year,0,0,https://neweng-phwr.inforang.com/journal/download_pdf.php?number=23&spage=1596&volume=15,질병 60% + 환경별 진드기점수 40%로 계산
2021|라임병|제주|산길,매우 좋음,2021,3,라임병,제주,0,676759,0.0000,0.00,,산길,Mountain road,13580,20.63,2021,exact_year,8.252,0,https://neweng-phwr.inforang.com/journal/download_pdf.php?number=23&spage=1596&volume=15,질병 60% + 환경별 진드기점수 40%로 계산
2021|라임병|제주|잡목림,좋음,2021,3,라임병,제주,0,676759,0.0000,0.00,,잡목림,Copse/Woodland,17108,42.01,2021,exact_year,16.804,1,https://neweng-phwr.inforang.com/journal/download_pdf.php?number=23&spage=1596&volume=15,질병 60% + 환경별 진드기점수 40%로 계산
2021|라임병|제주|초지,양호,2021,3,라임병,제주,0,676759,0.0000,0.00,,초지,Grassland,26676,100.00,2021,exact_year,40,2,https://neweng-phwr.inforang.com/journal/download_pdf.php?number=23&spage=1596&volume=15,질병 60% + 환경별 진드기점수 40%로 계산
2021|라임병|세종|무덤,매우 좋음,2021,3,라임병,세종,0,371895,0.0000,0.00,,무덤,Grave,10176,0.00,2021,exact_year,0,0,https://neweng-phwr.inforang.com/journal/download_pdf.php?number=23&spage=1596&volume=15,질병 60% + 환경별 진드기점수 40%로 계산
2021|라임병|세종|산길,매우 좋음,2021,3,라임병,세종,0,371895,0.0000,0.00,,산길,Mountain road,13580,20.63,2021,exact_year,8.252,0,https://neweng-phwr.inforang.com/journal/download_pdf.php?number=23&spage=1596&volume=15,질병 60% + 환경별 진드기점수 40%로 계산
2021|라임병|세종|잡목림,좋음,2021,3,라임병,세종,0,371895,0.0000,0.00,,잡목림,Copse/Woodland,17108,42.01,2021,exact_year,16.804,1,https://neweng-phwr.inforang.com/journal/download_pdf.php?number=23&spage=1596&volume=15,질병 60% + 환경별 진드기점수 40%로 계산
2021|라임병|세종|초지,양호,2021,3,라임병,세종,0,371895,0.0000,0.00,,초지,Grassland,26676,100.00,2021,exact_year,40,2,https://neweng-phwr.inforang.com/journal/download_pdf.php?number=23&spage=1596&volume=15,질병 60% + 환경별 진드기점수 40%로 계산
2021|쯔쯔가무시증|서울|무덤,매우 좋음,2021,3,쯔쯔가무시증,서울,119,9509458,1.2514,7.40,,무덤,Grave,10176,0.00,2021,exact_year,4.44,0,https://neweng-phwr.inforang.com/journal/download_pdf.php?number=23&spage=1596&volume=15,질병 60% + 환경별 진드기점수 40%로 계산
2021|쯔쯔가무시증|서울|산길,매우 좋음,2021,3,쯔쯔가무시증,서울,119,9509458,1.2514,7.40,,산길,Mountain road,13580,20.63,2021,exact_year,12.692,0,https://neweng-phwr.inforang.com/journal/download_pdf.php?number=23&spage=1596&volume=15,질병 60% + 환경별 진드기점수 40%로 계산
2021|쯔쯔가무시증|서울|잡목림,좋음,2021,3,쯔쯔가무시증,서울,119,9509458,1.2514,7.40,,잡목림,Copse/Woodland,17108,42.01,2021,exact_year,21.244,1,https://neweng-phwr.inforang.com/journal/download_pdf.php?number=23&spage=1596&volume=15,질병 60% + 환경별 진드기점수 40%로 계산
2021|쯔쯔가무시증|서울|초지,보통,2021,3,쯔쯔가무시증,서울,119,9509458,1.2514,7.40,,초지,Grassland,26676,100.00,2021,exact_year,44.44,3,https://neweng-phwr.inforang.com/journal/download_pdf.php?number=23&spage=1596&volume=15,질병 60% + 환경별 진드기점수 40%로 계산
2021|쯔쯔가무시증|부산|무덤,좋음,2021,3,쯔쯔가무시증,부산,421,3350380,12.5657,32.21,,무덤,Grave,10176,0.00,2021,exact_year,19.326,1,https://neweng-phwr.inforang.com/journal/download_pdf.php?number=23&spage=1596&volume=15,질병 60% + 환경별 진드기점수 40%로 계산
2021|쯔쯔가무시증|부산|산길,좋음,2021,3,쯔쯔가무시증,부산,421,3350380,12.5657,32.21,,산길,Mountain road,13580,20.63,2021,exact_year,27.578,1,https://neweng-phwr.inforang.com/journal/download_pdf.php?number=23&spage=1596&volume=15,질병 60% + 환경별 진드기점수 40%로 계산
2021|쯔쯔가무시증|부산|잡목림,양호,2021,3,쯔쯔가무시증,부산,421,3350380,12.5657,32.21,,잡목림,Copse/Woodland,17108,42.01,2021,exact_year,36.13,2,https://neweng-phwr.inforang.com/journal/download_pdf.php?number=23&spage=1596&volume=15,질병 60% + 환경별 진드기점수 40%로 계산
2021|쯔쯔가무시증|부산|초지,나쁨,2021,3,쯔쯔가무시증,부산,421,3350380,12.5657,32.21,,초지,Grassland,26676,100.00,2021,exact_year,59.326,4,https://neweng-phwr.inforang.com/journal/download_pdf.php?number=23&spage=1596&volume=15,질병 60% + 환경별 진드기점수 40%로 계산
2021|쯔쯔가무시증|대구|무덤,매우 좋음,2021,3,쯔쯔가무시증,대구,142,2385412,5.9529,9.29,,무덤,Grave,10176,0.00,2021,exact_year,5.574,0,https://neweng-phwr.inforang.com/journal/download_pdf.php?number=23&spage=1596&volume=15,질병 60% + 환경별 진드기점수 40%로 계산
2021|쯔쯔가무시증|대구|산길,매우 좋음,2021,3,쯔쯔가무시증,대구,142,2385412,5.9529,9.29,,산길,Mountain road,13580,20.63,2021,exact_year,13.826,0,https://neweng-phwr.inforang.com/journal/download_pdf.php?number=23&spage=1596&volume=15,질병 60% + 환경별 진드기점수 40%로 계산
2021|쯔쯔가무시증|대구|잡목림,좋음,2021,3,쯔쯔가무시증,대구,142,2385412,5.9529,9.29,,잡목림,Copse/Woodland,17108,42.01,2021,exact_year,22.378,1,https://neweng-phwr.inforang.com/journal/download_pdf.php?number=23&spage=1596&volume=15,질병 60% + 환경별 진드기점수 40%로 계산
2021|쯔쯔가무시증|대구|초지,보통,2021,3,쯔쯔가무시증,대구,142,2385412,5.9529,9.29,,초지,Grassland,26676,100.00,2021,exact_year,45.574,3,https://neweng-phwr.inforang.com/journal/download_pdf.php?number=23&spage=1596&volume=15,질병 60% + 환경별 진드기점수 40%로 계산
2021|쯔쯔가무시증|인천|무덤,매우 좋음,2021,3,쯔쯔가무시증,인천,58,2948375,1.9672,2.38,,무덤,Grave,10176,0.00,2021,exact_year,1.428,0,https://neweng-phwr.inforang.com/journal/download_pdf.php?number=23&spage=1596&volume=15,질병 60% + 환경별 진드기점수 40%로 계산
2021|쯔쯔가무시증|인천|산길,매우 좋음,2021,3,쯔쯔가무시증,인천,58,2948375,1.9672,2.38,,산길,Mountain road,13580,20.63,2021,exact_year,9.68,0,https://neweng-phwr.inforang.com/journal/download_pdf.php?number=23&spage=1596&volume=15,질병 60% + 환경별 진드기점수 40%로 계산
2021|쯔쯔가무시증|인천|잡목림,좋음,2021,3,쯔쯔가무시증,인천,58,2948375,1.9672,2.38,,잡목림,Copse/Woodland,17108,42.01,2021,exact_year,18.232,1,https://neweng-phwr.inforang.com/journal/download_pdf.php?number=23&spage=1596&volume=15,질병 60% + 환경별 진드기점수 40%로 계산
2021|쯔쯔가무시증|인천|초지,양호,2021,3,쯔쯔가무시증,인천,58,2948375,1.9672,2.38,,초지,Grassland,26676,100.00,2021,exact_year,41.428,2,https://neweng-phwr.inforang.com/journal/download_pdf.php?number=23&spage=1596&volume=15,질병 60% + 환경별 진드기점수 40%로 계산
2021|쯔쯔가무시증|광주|무덤,매우 좋음,2021,3,쯔쯔가무시증,광주,156,1441611,10.8212,10.44,,무덤,Grave,10176,0.00,2021,exact_year,6.264,0,https://neweng-phwr.inforang.com/journal/download_pdf.php?number=23&spage=1596&volume=15,질병 60% + 환경별 진드기점수 40%로 계산
2021|쯔쯔가무시증|광주|산길,좋음,2021,3,쯔쯔가무시증,광주,156,1441611,10.8212,10.44,,산길,Mountain road,13580,20.63,2021,exact_year,14.516,1,https://neweng-phwr.inforang.com/journal/download_pdf.php?number=23&spage=1596&volume=15,질병 60% + 환경별 진드기점수 40%로 계산
2021|쯔쯔가무시증|광주|잡목림,좋음,2021,3,쯔쯔가무시증,광주,156,1441611,10.8212,10.44,,잡목림,Copse/Woodland,17108,42.01,2021,exact_year,23.068,1,https://neweng-phwr.inforang.com/journal/download_pdf.php?number=23&spage=1596&volume=15,질병 60% + 환경별 진드기점수 40%로 계산
2021|쯔쯔가무시증|광주|초지,보통,2021,3,쯔쯔가무시증,광주,156,1441611,10.8212,10.44,,초지,Grassland,26676,100.00,2021,exact_year,46.264,3,https://neweng-phwr.inforang.com/journal/download_pdf.php?number=23&spage=1596&volume=15,질병 60% + 환경별 진드기점수 40%로 계산
2021|쯔쯔가무시증|대전|무덤,매우 좋음,2021,3,쯔쯔가무시증,대전,160,1452251,11.0174,10.76,,무덤,Grave,10176,0.00,2021,exact_year,6.456,0,https://neweng-phwr.inforang.com/journal/download_pdf.php?number=23&spage=1596&volume=15,질병 60% + 환경별 진드기점수 40%로 계산
2021|쯔쯔가무시증|대전|산길,좋음,2021,3,쯔쯔가무시증,대전,160,1452251,11.0174,10.76,,산길,Mountain road,13580,20.63,2021,exact_year,14.708,1,https://neweng-phwr.inforang.com/journal/download_pdf.php?number=23&spage=1596&volume=15,질병 60% + 환경별 진드기점수 40%로 계산
2021|쯔쯔가무시증|대전|잡목림,좋음,2021,3,쯔쯔가무시증,대전,160,1452251,11.0174,10.76,,잡목림,Copse/Woodland,17108,42.01,2021,exact_year,23.26,1,https://neweng-phwr.inforang.com/journal/download_pdf.php?number=23&spage=1596&volume=15,질병 60% + 환경별 진드기점수 40%로 계산
2021|쯔쯔가무시증|대전|초지,보통,2021,3,쯔쯔가무시증,대전,160,1452251,11.0174,10.76,,초지,Grassland,26676,100.00,2021,exact_year,46.456,3,https://neweng-phwr.inforang.com/journal/download_pdf.php?number=23&spage=1596&volume=15,질병 60% + 환경별 진드기점수 40%로 계산
2021|쯔쯔가무시증|울산|무덤,매우 좋음,2021,3,쯔쯔가무시증,울산,248,1121592,22.1114,18.00,,무덤,Grave,10176,0.00,2021,exact_year,10.8,0,https://neweng-phwr.inforang.com/journal/download_pdf.php?number=23&spage=1596&volume=15,질병 60% + 환경별 진드기점수 40%로 계산
2021|쯔쯔가무시증|울산|산길,좋음,2021,3,쯔쯔가무시증,울산,248,1121592,22.1114,18.00,,산길,Mountain road,13580,20.63,2021,exact_year,19.052,1,https://neweng-phwr.inforang.com/journal/download_pdf.php?number=23&spage=1596&volume=15,질병 60% + 환경별 진드기점수 40%로 계산
2021|쯔쯔가무시증|울산|잡목림,좋음,2021,3,쯔쯔가무시증,울산,248,1121592,22.1114,18.00,,잡목림,Copse/Woodland,17108,42.01,2021,exact_year,27.604,1,https://neweng-phwr.inforang.com/journal/download_pdf.php?number=23&spage=1596&volume=15,질병 60% + 환경별 진드기점수 40%로 계산
2021|쯔쯔가무시증|울산|초지,보통,2021,3,쯔쯔가무시증,울산,248,1121592,22.1114,18.00,,초지,Grassland,26676,100.00,2021,exact_year,50.8,3,https://neweng-phwr.inforang.com/journal/download_pdf.php?number=23&spage=1596&volume=15,질병 60% + 환경별 진드기점수 40%로 계산
2021|쯔쯔가무시증|경기|무덤,좋음,2021,3,쯔쯔가무시증,경기,341,13565450,2.5137,25.64,,무덤,Grave,10176,0.00,2021,exact_year,15.384,1,https://neweng-phwr.inforang.com/journal/download_pdf.php?number=23&spage=1596&volume=15,질병 60% + 환경별 진드기점수 40%로 계산
2021|쯔쯔가무시증|경기|산길,좋음,2021,3,쯔쯔가무시증,경기,341,13565450,2.5137,25.64,,산길,Mountain road,13580,20.63,2021,exact_year,23.636,1,https://neweng-phwr.inforang.com/journal/download_pdf.php?number=23&spage=1596&volume=15,질병 60% + 환경별 진드기점수 40%로 계산
2021|쯔쯔가무시증|경기|잡목림,양호,2021,3,쯔쯔가무시증,경기,341,13565450,2.5137,25.64,,잡목림,Copse/Woodland,17108,42.01,2021,exact_year,32.188,2,https://neweng-phwr.inforang.com/journal/download_pdf.php?number=23&spage=1596&volume=15,질병 60% + 환경별 진드기점수 40%로 계산
2021|쯔쯔가무시증|경기|초지,보통,2021,3,쯔쯔가무시증,경기,341,13565450,2.5137,25.64,,초지,Grassland,26676,100.00,2021,exact_year,55.384,3,https://neweng-phwr.inforang.com/journal/download_pdf.php?number=23&spage=1596&volume=15,질병 60% + 환경별 진드기점수 40%로 계산
2021|쯔쯔가무시증|강원|무덤,매우 좋음,2021,3,쯔쯔가무시증,강원,29,1538492,1.8850,0.00,,무덤,Grave,10176,0.00,2021,exact_year,0,0,https://neweng-phwr.inforang.com/journal/download_pdf.php?number=23&spage=1596&volume=15,질병 60% + 환경별 진드기점수 40%로 계산
2021|쯔쯔가무시증|강원|산길,매우 좋음,2021,3,쯔쯔가무시증,강원,29,1538492,1.8850,0.00,,산길,Mountain road,13580,20.63,2021,exact_year,8.252,0,https://neweng-phwr.inforang.com/journal/download_pdf.php?number=23&spage=1596&volume=15,질병 60% + 환경별 진드기점수 40%로 계산
2021|쯔쯔가무시증|강원|잡목림,좋음,2021,3,쯔쯔가무시증,강원,29,1538492,1.8850,0.00,,잡목림,Copse/Woodland,17108,42.01,2021,exact_year,16.804,1,https://neweng-phwr.inforang.com/journal/download_pdf.php?number=23&spage=1596&volume=15,질병 60% + 환경별 진드기점수 40%로 계산
2021|쯔쯔가무시증|강원|초지,양호,2021,3,쯔쯔가무시증,강원,29,1538492,1.8850,0.00,,초지,Grassland,26676,100.00,2021,exact_year,40,2,https://neweng-phwr.inforang.com/journal/download_pdf.php?number=23&spage=1596&volume=15,질병 60% + 환경별 진드기점수 40%로 계산
2021|쯔쯔가무시증|충북|무덤,매우 좋음,2021,3,쯔쯔가무시증,충북,119,1597427,7.4495,7.40,,무덤,Grave,10176,0.00,2021,exact_year,4.44,0,https://neweng-phwr.inforang.com/journal/download_pdf.php?number=23&spage=1596&volume=15,질병 60% + 환경별 진드기점수 40%로 계산
2021|쯔쯔가무시증|충북|산길,매우 좋음,2021,3,쯔쯔가무시증,충북,119,1597427,7.4495,7.40,,산길,Mountain road,13580,20.63,2021,exact_year,12.692,0,https://neweng-phwr.inforang.com/journal/download_pdf.php?number=23&spage=1596&volume=15,질병 60% + 환경별 진드기점수 40%로 계산
2021|쯔쯔가무시증|충북|잡목림,좋음,2021,3,쯔쯔가무시증,충북,119,1597427,7.4495,7.40,,잡목림,Copse/Woodland,17108,42.01,2021,exact_year,21.244,1,https://neweng-phwr.inforang.com/journal/download_pdf.php?number=23&spage=1596&volume=15,질병 60% + 환경별 진드기점수 40%로 계산
2021|쯔쯔가무시증|충북|초지,보통,2021,3,쯔쯔가무시증,충북,119,1597427,7.4495,7.40,,초지,Grassland,26676,100.00,2021,exact_year,44.44,3,https://neweng-phwr.inforang.com/journal/download_pdf.php?number=23&spage=1596&volume=15,질병 60% + 환경별 진드기점수 40%로 계산
2021|쯔쯔가무시증|충남|무덤,좋음,2021,3,쯔쯔가무시증,충남,571,2119257,26.9434,44.54,,무덤,Grave,10176,0.00,2021,exact_year,26.724,1,https://neweng-phwr.inforang.com/journal/download_pdf.php?number=23&spage=1596&volume=15,질병 60% + 환경별 진드기점수 40%로 계산
2021|쯔쯔가무시증|충남|산길,양호,2021,3,쯔쯔가무시증,충남,571,2119257,26.9434,44.54,,산길,Mountain road,13580,20.63,2021,exact_year,34.976,2,https://neweng-phwr.inforang.com/journal/download_pdf.php?number=23&spage=1596&volume=15,질병 60% + 환경별 진드기점수 40%로 계산
2021|쯔쯔가무시증|충남|잡목림,보통,2021,3,쯔쯔가무시증,충남,571,2119257,26.9434,44.54,,잡목림,Copse/Woodland,17108,42.01,2021,exact_year,43.528,3,https://neweng-phwr.inforang.com/journal/download_pdf.php?number=23&spage=1596&volume=15,질병 60% + 환경별 진드기점수 40%로 계산
2021|쯔쯔가무시증|충남|초지,나쁨,2021,3,쯔쯔가무시증,충남,571,2119257,26.9434,44.54,,초지,Grassland,26676,100.00,2021,exact_year,66.724,4,https://neweng-phwr.inforang.com/journal/download_pdf.php?number=23&spage=1596&volume=15,질병 60% + 환경별 진드기점수 40%로 계산
2021|쯔쯔가무시증|전북|무덤,양호,2021,3,쯔쯔가무시증,전북,732,1786855,40.9658,57.76,,무덤,Grave,10176,0.00,2021,exact_year,34.656,2,https://neweng-phwr.inforang.com/journal/download_pdf.php?number=23&spage=1596&volume=15,질병 60% + 환경별 진드기점수 40%로 계산
2021|쯔쯔가무시증|전북|산길,보통,2021,3,쯔쯔가무시증,전북,732,1786855,40.9658,57.76,,산길,Mountain road,13580,20.63,2021,exact_year,42.908,3,https://neweng-phwr.inforang.com/journal/download_pdf.php?number=23&spage=1596&volume=15,질병 60% + 환경별 진드기점수 40%로 계산
2021|쯔쯔가무시증|전북|잡목림,보통,2021,3,쯔쯔가무시증,전북,732,1786855,40.9658,57.76,,잡목림,Copse/Woodland,17108,42.01,2021,exact_year,51.46,3,https://neweng-phwr.inforang.com/journal/download_pdf.php?number=23&spage=1596&volume=15,질병 60% + 환경별 진드기점수 40%로 계산
2021|쯔쯔가무시증|전북|초지,매우 나쁨,2021,3,쯔쯔가무시증,전북,732,1786855,40.9658,57.76,,초지,Grassland,26676,100.00,2021,exact_year,74.656,5,https://neweng-phwr.inforang.com/journal/download_pdf.php?number=23&spage=1596&volume=15,질병 60% + 환경별 진드기점수 40%로 계산
2021|쯔쯔가무시증|전남|무덤,보통,2021,3,쯔쯔가무시증,전남,1118,1832803,60.9995,89.48,,무덤,Grave,10176,0.00,2021,exact_year,53.688,3,https://neweng-phwr.inforang.com/journal/download_pdf.php?number=23&spage=1596&volume=15,질병 60% + 환경별 진드기점수 40%로 계산
2021|쯔쯔가무시증|전남|산길,나쁨,2021,3,쯔쯔가무시증,전남,1118,1832803,60.9995,89.48,,산길,Mountain road,13580,20.63,2021,exact_year,61.94,4,https://neweng-phwr.inforang.com/journal/download_pdf.php?number=23&spage=1596&volume=15,질병 60% + 환경별 진드기점수 40%로 계산
2021|쯔쯔가무시증|전남|잡목림,나쁨,2021,3,쯔쯔가무시증,전남,1118,1832803,60.9995,89.48,,잡목림,Copse/Woodland,17108,42.01,2021,exact_year,70.492,4,https://neweng-phwr.inforang.com/journal/download_pdf.php?number=23&spage=1596&volume=15,질병 60% + 환경별 진드기점수 40%로 계산
2021|쯔쯔가무시증|전남|초지,최악,2021,3,쯔쯔가무시증,전남,1118,1832803,60.9995,89.48,,초지,Grassland,26676,100.00,2021,exact_year,93.688,6,https://neweng-phwr.inforang.com/journal/download_pdf.php?number=23&spage=1596&volume=15,질병 60% + 환경별 진드기점수 40%로 계산
2021|쯔쯔가무시증|경북|무덤,좋음,2021,3,쯔쯔가무시증,경북,385,2626609,14.6577,29.25,,무덤,Grave,10176,0.00,2021,exact_year,17.55,1,https://neweng-phwr.inforang.com/journal/download_pdf.php?number=23&spage=1596&volume=15,질병 60% + 환경별 진드기점수 40%로 계산
2021|쯔쯔가무시증|경북|산길,좋음,2021,3,쯔쯔가무시증,경북,385,2626609,14.6577,29.25,,산길,Mountain road,13580,20.63,2021,exact_year,25.802,1,https://neweng-phwr.inforang.com/journal/download_pdf.php?number=23&spage=1596&volume=15,질병 60% + 환경별 진드기점수 40%로 계산
2021|쯔쯔가무시증|경북|잡목림,양호,2021,3,쯔쯔가무시증,경북,385,2626609,14.6577,29.25,,잡목림,Copse/Woodland,17108,42.01,2021,exact_year,34.354,2,https://neweng-phwr.inforang.com/journal/download_pdf.php?number=23&spage=1596&volume=15,질병 60% + 환경별 진드기점수 40%로 계산
2021|쯔쯔가무시증|경북|초지,나쁨,2021,3,쯔쯔가무시증,경북,385,2626609,14.6577,29.25,,초지,Grassland,26676,100.00,2021,exact_year,57.55,4,https://neweng-phwr.inforang.com/journal/download_pdf.php?number=23&spage=1596&volume=15,질병 60% + 환경별 진드기점수 40%로 계산
2021|쯔쯔가무시증|경남|무덤,나쁨,2021,3,쯔쯔가무시증,경남,1246,3314183,37.5960,100.00,,무덤,Grave,10176,0.00,2021,exact_year,60,4,https://neweng-phwr.inforang.com/journal/download_pdf.php?number=23&spage=1596&volume=15,질병 60% + 환경별 진드기점수 40%로 계산
2021|쯔쯔가무시증|경남|산길,나쁨,2021,3,쯔쯔가무시증,경남,1246,3314183,37.5960,100.00,,산길,Mountain road,13580,20.63,2021,exact_year,68.252,4,https://neweng-phwr.inforang.com/journal/download_pdf.php?number=23&spage=1596&volume=15,질병 60% + 환경별 진드기점수 40%로 계산
2021|쯔쯔가무시증|경남|잡목림,매우 나쁨,2021,3,쯔쯔가무시증,경남,1246,3314183,37.5960,100.00,,잡목림,Copse/Woodland,17108,42.01,2021,exact_year,76.804,5,https://neweng-phwr.inforang.com/journal/download_pdf.php?number=23&spage=1596&volume=15,질병 60% + 환경별 진드기점수 40%로 계산
2021|쯔쯔가무시증|경남|초지,최악,2021,3,쯔쯔가무시증,경남,1246,3314183,37.5960,100.00,,초지,Grassland,26676,100.00,2021,exact_year,100,6,https://neweng-phwr.inforang.com/journal/download_pdf.php?number=23&spage=1596&volume=15,질병 60% + 환경별 진드기점수 40%로 계산
2021|쯔쯔가무시증|제주|무덤,매우 좋음,2021,3,쯔쯔가무시증,제주,37,676759,5.4672,0.66,,무덤,Grave,10176,0.00,2021,exact_year,0.396,0,https://neweng-phwr.inforang.com/journal/download_pdf.php?number=23&spage=1596&volume=15,질병 60% + 환경별 진드기점수 40%로 계산
2021|쯔쯔가무시증|제주|산길,매우 좋음,2021,3,쯔쯔가무시증,제주,37,676759,5.4672,0.66,,산길,Mountain road,13580,20.63,2021,exact_year,8.648,0,https://neweng-phwr.inforang.com/journal/download_pdf.php?number=23&spage=1596&volume=15,질병 60% + 환경별 진드기점수 40%로 계산
2021|쯔쯔가무시증|제주|잡목림,좋음,2021,3,쯔쯔가무시증,제주,37,676759,5.4672,0.66,,잡목림,Copse/Woodland,17108,42.01,2021,exact_year,17.2,1,https://neweng-phwr.inforang.com/journal/download_pdf.php?number=23&spage=1596&volume=15,질병 60% + 환경별 진드기점수 40%로 계산
2021|쯔쯔가무시증|제주|초지,양호,2021,3,쯔쯔가무시증,제주,37,676759,5.4672,0.66,,초지,Grassland,26676,100.00,2021,exact_year,40.396,2,https://neweng-phwr.inforang.com/journal/download_pdf.php?number=23&spage=1596&volume=15,질병 60% + 환경별 진드기점수 40%로 계산
2021|쯔쯔가무시증|세종|무덤,매우 좋음,2021,3,쯔쯔가무시증,세종,33,371895,8.8735,0.33,,무덤,Grave,10176,0.00,2021,exact_year,0.198,0,https://neweng-phwr.inforang.com/journal/download_pdf.php?number=23&spage=1596&volume=15,질병 60% + 환경별 진드기점수 40%로 계산
2021|쯔쯔가무시증|세종|산길,매우 좋음,2021,3,쯔쯔가무시증,세종,33,371895,8.8735,0.33,,산길,Mountain road,13580,20.63,2021,exact_year,8.45,0,https://neweng-phwr.inforang.com/journal/download_pdf.php?number=23&spage=1596&volume=15,질병 60% + 환경별 진드기점수 40%로 계산
2021|쯔쯔가무시증|세종|잡목림,좋음,2021,3,쯔쯔가무시증,세종,33,371895,8.8735,0.33,,잡목림,Copse/Woodland,17108,42.01,2021,exact_year,17.002,1,https://neweng-phwr.inforang.com/journal/download_pdf.php?number=23&spage=1596&volume=15,질병 60% + 환경별 진드기점수 40%로 계산
2021|쯔쯔가무시증|세종|초지,양호,2021,3,쯔쯔가무시증,세종,33,371895,8.8735,0.33,,초지,Grassland,26676,100.00,2021,exact_year,40.198,2,https://neweng-phwr.inforang.com/journal/download_pdf.php?number=23&spage=1596&volume=15,질병 60% + 환경별 진드기점수 40%로 계산
2022|라임병|서울|무덤,양호,2022,3,라임병,서울,4,9428372,0.0424,50.00,41.67,무덤,Grave,11048,19.35,2022,exact_year,37.74,2,https://www.djcidc.or.kr/bbsDown/dataBoard_new/2023091493767694428.pdf,질병 60% + 환경별 진드기점수 40%로 계산
2022|라임병|서울|산길,양호,2022,3,라임병,서울,4,9428372,0.0424,50.00,41.67,산길,Mountain road,8662,0.00,2022,exact_year,30,2,https://www.djcidc.or.kr/bbsDown/dataBoard_new/2023091493767694428.pdf,질병 60% + 환경별 진드기점수 40%로 계산
2022|라임병|서울|잡목림,나쁨,2022,3,라임병,서울,4,9428372,0.0424,50.00,41.67,잡목림,Copse/Woodland,20558,96.49,2022,exact_year,68.596,4,https://www.djcidc.or.kr/bbsDown/dataBoard_new/2023091493767694428.pdf,질병 60% + 환경별 진드기점수 40%로 계산
2022|라임병|서울|초지,나쁨,2022,3,라임병,서울,4,9428372,0.0424,50.00,41.67,초지,Grassland,20991,100.00,2022,exact_year,70,4,https://www.djcidc.or.kr/bbsDown/dataBoard_new/2023091493767694428.pdf,질병 60% + 환경별 진드기점수 40%로 계산
2022|라임병|부산|무덤,매우 좋음,2022,3,라임병,부산,0,3317812,0.0000,0.00,33.33,무덤,Grave,11048,19.35,2022,exact_year,7.74,0,https://www.djcidc.or.kr/bbsDown/dataBoard_new/2023091493767694428.pdf,질병 60% + 환경별 진드기점수 40%로 계산
2022|라임병|부산|산길,매우 좋음,2022,3,라임병,부산,0,3317812,0.0000,0.00,33.33,산길,Mountain road,8662,0.00,2022,exact_year,0,0,https://www.djcidc.or.kr/bbsDown/dataBoard_new/2023091493767694428.pdf,질병 60% + 환경별 진드기점수 40%로 계산
2022|라임병|부산|잡목림,양호,2022,3,라임병,부산,0,3317812,0.0000,0.00,33.33,잡목림,Copse/Woodland,20558,96.49,2022,exact_year,38.596,2,https://www.djcidc.or.kr/bbsDown/dataBoard_new/2023091493767694428.pdf,질병 60% + 환경별 진드기점수 40%로 계산
2022|라임병|부산|초지,양호,2022,3,라임병,부산,0,3317812,0.0000,0.00,33.33,초지,Grassland,20991,100.00,2022,exact_year,40,2,https://www.djcidc.or.kr/bbsDown/dataBoard_new/2023091493767694428.pdf,질병 60% + 환경별 진드기점수 40%로 계산
2022|라임병|대구|무덤,매우 좋음,2022,3,라임병,대구,0,2363691,0.0000,0.00,33.33,무덤,Grave,11048,19.35,2022,exact_year,7.74,0,https://www.djcidc.or.kr/bbsDown/dataBoard_new/2023091493767694428.pdf,질병 60% + 환경별 진드기점수 40%로 계산
2022|라임병|대구|산길,매우 좋음,2022,3,라임병,대구,0,2363691,0.0000,0.00,33.33,산길,Mountain road,8662,0.00,2022,exact_year,0,0,https://www.djcidc.or.kr/bbsDown/dataBoard_new/2023091493767694428.pdf,질병 60% + 환경별 진드기점수 40%로 계산
2022|라임병|대구|잡목림,양호,2022,3,라임병,대구,0,2363691,0.0000,0.00,33.33,잡목림,Copse/Woodland,20558,96.49,2022,exact_year,38.596,2,https://www.djcidc.or.kr/bbsDown/dataBoard_new/2023091493767694428.pdf,질병 60% + 환경별 진드기점수 40%로 계산
2022|라임병|대구|초지,양호,2022,3,라임병,대구,0,2363691,0.0000,0.00,33.33,초지,Grassland,20991,100.00,2022,exact_year,40,2,https://www.djcidc.or.kr/bbsDown/dataBoard_new/2023091493767694428.pdf,질병 60% + 환경별 진드기점수 40%로 계산
2022|라임병|인천|무덤,좋음,2022,3,라임병,인천,1,2967314,0.0337,12.50,33.33,무덤,Grave,11048,19.35,2022,exact_year,15.24,1,https://www.djcidc.or.kr/bbsDown/dataBoard_new/2023091493767694428.pdf,질병 60% + 환경별 진드기점수 40%로 계산
2022|라임병|인천|산길,매우 좋음,2022,3,라임병,인천,1,2967314,0.0337,12.50,33.33,산길,Mountain road,8662,0.00,2022,exact_year,7.5,0,https://www.djcidc.or.kr/bbsDown/dataBoard_new/2023091493767694428.pdf,질병 60% + 환경별 진드기점수 40%로 계산
2022|라임병|인천|잡목림,보통,2022,3,라임병,인천,1,2967314,0.0337,12.50,33.33,잡목림,Copse/Woodland,20558,96.49,2022,exact_year,46.096,3,https://www.djcidc.or.kr/bbsDown/dataBoard_new/2023091493767694428.pdf,질병 60% + 환경별 진드기점수 40%로 계산
2022|라임병|인천|초지,보통,2022,3,라임병,인천,1,2967314,0.0337,12.50,33.33,초지,Grassland,20991,100.00,2022,exact_year,47.5,3,https://www.djcidc.or.kr/bbsDown/dataBoard_new/2023091493767694428.pdf,질병 60% + 환경별 진드기점수 40%로 계산
2022|라임병|광주|무덤,매우 좋음,2022,3,라임병,광주,0,1431050,0.0000,0.00,33.33,무덤,Grave,11048,19.35,2022,exact_year,7.74,0,https://www.djcidc.or.kr/bbsDown/dataBoard_new/2023091493767694428.pdf,질병 60% + 환경별 진드기점수 40%로 계산
2022|라임병|광주|산길,매우 좋음,2022,3,라임병,광주,0,1431050,0.0000,0.00,33.33,산길,Mountain road,8662,0.00,2022,exact_year,0,0,https://www.djcidc.or.kr/bbsDown/dataBoard_new/2023091493767694428.pdf,질병 60% + 환경별 진드기점수 40%로 계산
2022|라임병|광주|잡목림,양호,2022,3,라임병,광주,0,1431050,0.0000,0.00,33.33,잡목림,Copse/Woodland,20558,96.49,2022,exact_year,38.596,2,https://www.djcidc.or.kr/bbsDown/dataBoard_new/2023091493767694428.pdf,질병 60% + 환경별 진드기점수 40%로 계산
2022|라임병|광주|초지,양호,2022,3,라임병,광주,0,1431050,0.0000,0.00,33.33,초지,Grassland,20991,100.00,2022,exact_year,40,2,https://www.djcidc.or.kr/bbsDown/dataBoard_new/2023091493767694428.pdf,질병 60% + 환경별 진드기점수 40%로 계산
2022|라임병|대전|무덤,매우 좋음,2022,3,라임병,대전,0,1446072,0.0000,0.00,29.17,무덤,Grave,11048,19.35,2022,exact_year,7.74,0,https://www.djcidc.or.kr/bbsDown/dataBoard_new/2023091493767694428.pdf,질병 60% + 환경별 진드기점수 40%로 계산
2022|라임병|대전|산길,매우 좋음,2022,3,라임병,대전,0,1446072,0.0000,0.00,29.17,산길,Mountain road,8662,0.00,2022,exact_year,0,0,https://www.djcidc.or.kr/bbsDown/dataBoard_new/2023091493767694428.pdf,질병 60% + 환경별 진드기점수 40%로 계산
2022|라임병|대전|잡목림,양호,2022,3,라임병,대전,0,1446072,0.0000,0.00,29.17,잡목림,Copse/Woodland,20558,96.49,2022,exact_year,38.596,2,https://www.djcidc.or.kr/bbsDown/dataBoard_new/2023091493767694428.pdf,질병 60% + 환경별 진드기점수 40%로 계산
2022|라임병|대전|초지,양호,2022,3,라임병,대전,0,1446072,0.0000,0.00,29.17,초지,Grassland,20991,100.00,2022,exact_year,40,2,https://www.djcidc.or.kr/bbsDown/dataBoard_new/2023091493767694428.pdf,질병 60% + 환경별 진드기점수 40%로 계산
2022|라임병|울산|무덤,매우 좋음,2022,3,라임병,울산,0,1110663,0.0000,0.00,33.33,무덤,Grave,11048,19.35,2022,exact_year,7.74,0,https://www.djcidc.or.kr/bbsDown/dataBoard_new/2023091493767694428.pdf,질병 60% + 환경별 진드기점수 40%로 계산
2022|라임병|울산|산길,매우 좋음,2022,3,라임병,울산,0,1110663,0.0000,0.00,33.33,산길,Mountain road,8662,0.00,2022,exact_year,0,0,https://www.djcidc.or.kr/bbsDown/dataBoard_new/2023091493767694428.pdf,질병 60% + 환경별 진드기점수 40%로 계산
2022|라임병|울산|잡목림,양호,2022,3,라임병,울산,0,1110663,0.0000,0.00,33.33,잡목림,Copse/Woodland,20558,96.49,2022,exact_year,38.596,2,https://www.djcidc.or.kr/bbsDown/dataBoard_new/2023091493767694428.pdf,질병 60% + 환경별 진드기점수 40%로 계산
2022|라임병|울산|초지,양호,2022,3,라임병,울산,0,1110663,0.0000,0.00,33.33,초지,Grassland,20991,100.00,2022,exact_year,40,2,https://www.djcidc.or.kr/bbsDown/dataBoard_new/2023091493767694428.pdf,질병 60% + 환경별 진드기점수 40%로 계산
2022|라임병|경기|무덤,나쁨,2022,3,라임병,경기,8,13589432,0.0589,100.00,62.50,무덤,Grave,11048,19.35,2022,exact_year,67.74,4,https://www.djcidc.or.kr/bbsDown/dataBoard_new/2023091493767694428.pdf,질병 60% + 환경별 진드기점수 40%로 계산
2022|라임병|경기|산길,나쁨,2022,3,라임병,경기,8,13589432,0.0589,100.00,62.50,산길,Mountain road,8662,0.00,2022,exact_year,60,4,https://www.djcidc.or.kr/bbsDown/dataBoard_new/2023091493767694428.pdf,질병 60% + 환경별 진드기점수 40%로 계산
2022|라임병|경기|잡목림,최악,2022,3,라임병,경기,8,13589432,0.0589,100.00,62.50,잡목림,Copse/Woodland,20558,96.49,2022,exact_year,98.596,6,https://www.djcidc.or.kr/bbsDown/dataBoard_new/2023091493767694428.pdf,질병 60% + 환경별 진드기점수 40%로 계산
2022|라임병|경기|초지,최악,2022,3,라임병,경기,8,13589432,0.0589,100.00,62.50,초지,Grassland,20991,100.00,2022,exact_year,100,6,https://www.djcidc.or.kr/bbsDown/dataBoard_new/2023091493767694428.pdf,질병 60% + 환경별 진드기점수 40%로 계산
2022|라임병|강원|무덤,매우 좋음,2022,3,라임병,강원,0,1536498,0.0000,0.00,33.33,무덤,Grave,11048,19.35,2022,exact_year,7.74,0,https://www.djcidc.or.kr/bbsDown/dataBoard_new/2023091493767694428.pdf,질병 60% + 환경별 진드기점수 40%로 계산
2022|라임병|강원|산길,매우 좋음,2022,3,라임병,강원,0,1536498,0.0000,0.00,33.33,산길,Mountain road,8662,0.00,2022,exact_year,0,0,https://www.djcidc.or.kr/bbsDown/dataBoard_new/2023091493767694428.pdf,질병 60% + 환경별 진드기점수 40%로 계산
2022|라임병|강원|잡목림,양호,2022,3,라임병,강원,0,1536498,0.0000,0.00,33.33,잡목림,Copse/Woodland,20558,96.49,2022,exact_year,38.596,2,https://www.djcidc.or.kr/bbsDown/dataBoard_new/2023091493767694428.pdf,질병 60% + 환경별 진드기점수 40%로 계산
2022|라임병|강원|초지,양호,2022,3,라임병,강원,0,1536498,0.0000,0.00,33.33,초지,Grassland,20991,100.00,2022,exact_year,40,2,https://www.djcidc.or.kr/bbsDown/dataBoard_new/2023091493767694428.pdf,질병 60% + 환경별 진드기점수 40%로 계산
2022|라임병|충북|무덤,좋음,2022,3,라임병,충북,1,1595058,0.0627,12.50,37.50,무덤,Grave,11048,19.35,2022,exact_year,15.24,1,https://www.djcidc.or.kr/bbsDown/dataBoard_new/2023091493767694428.pdf,질병 60% + 환경별 진드기점수 40%로 계산
2022|라임병|충북|산길,매우 좋음,2022,3,라임병,충북,1,1595058,0.0627,12.50,37.50,산길,Mountain road,8662,0.00,2022,exact_year,7.5,0,https://www.djcidc.or.kr/bbsDown/dataBoard_new/2023091493767694428.pdf,질병 60% + 환경별 진드기점수 40%로 계산
2022|라임병|충북|잡목림,보통,2022,3,라임병,충북,1,1595058,0.0627,12.50,37.50,잡목림,Copse/Woodland,20558,96.49,2022,exact_year,46.096,3,https://www.djcidc.or.kr/bbsDown/dataBoard_new/2023091493767694428.pdf,질병 60% + 환경별 진드기점수 40%로 계산
2022|라임병|충북|초지,보통,2022,3,라임병,충북,1,1595058,0.0627,12.50,37.50,초지,Grassland,20991,100.00,2022,exact_year,47.5,3,https://www.djcidc.or.kr/bbsDown/dataBoard_new/2023091493767694428.pdf,질병 60% + 환경별 진드기점수 40%로 계산
2022|라임병|충남|무덤,양호,2022,3,라임병,충남,3,2123037,0.1413,37.50,33.33,무덤,Grave,11048,19.35,2022,exact_year,30.24,2,https://www.djcidc.or.kr/bbsDown/dataBoard_new/2023091493767694428.pdf,질병 60% + 환경별 진드기점수 40%로 계산
2022|라임병|충남|산길,좋음,2022,3,라임병,충남,3,2123037,0.1413,37.50,33.33,산길,Mountain road,8662,0.00,2022,exact_year,22.5,1,https://www.djcidc.or.kr/bbsDown/dataBoard_new/2023091493767694428.pdf,질병 60% + 환경별 진드기점수 40%로 계산
2022|라임병|충남|잡목림,나쁨,2022,3,라임병,충남,3,2123037,0.1413,37.50,33.33,잡목림,Copse/Woodland,20558,96.49,2022,exact_year,61.096,4,https://www.djcidc.or.kr/bbsDown/dataBoard_new/2023091493767694428.pdf,질병 60% + 환경별 진드기점수 40%로 계산
2022|라임병|충남|초지,나쁨,2022,3,라임병,충남,3,2123037,0.1413,37.50,33.33,초지,Grassland,20991,100.00,2022,exact_year,62.5,4,https://www.djcidc.or.kr/bbsDown/dataBoard_new/2023091493767694428.pdf,질병 60% + 환경별 진드기점수 40%로 계산
2022|라임병|전북|무덤,좋음,2022,3,라임병,전북,1,1769607,0.0565,12.50,37.50,무덤,Grave,11048,19.35,2022,exact_year,15.24,1,https://www.djcidc.or.kr/bbsDown/dataBoard_new/2023091493767694428.pdf,질병 60% + 환경별 진드기점수 40%로 계산
2022|라임병|전북|산길,매우 좋음,2022,3,라임병,전북,1,1769607,0.0565,12.50,37.50,산길,Mountain road,8662,0.00,2022,exact_year,7.5,0,https://www.djcidc.or.kr/bbsDown/dataBoard_new/2023091493767694428.pdf,질병 60% + 환경별 진드기점수 40%로 계산
2022|라임병|전북|잡목림,보통,2022,3,라임병,전북,1,1769607,0.0565,12.50,37.50,잡목림,Copse/Woodland,20558,96.49,2022,exact_year,46.096,3,https://www.djcidc.or.kr/bbsDown/dataBoard_new/2023091493767694428.pdf,질병 60% + 환경별 진드기점수 40%로 계산
2022|라임병|전북|초지,보통,2022,3,라임병,전북,1,1769607,0.0565,12.50,37.50,초지,Grassland,20991,100.00,2022,exact_year,47.5,3,https://www.djcidc.or.kr/bbsDown/dataBoard_new/2023091493767694428.pdf,질병 60% + 환경별 진드기점수 40%로 계산
2022|라임병|전남|무덤,좋음,2022,3,라임병,전남,2,1817697,0.1100,25.00,41.67,무덤,Grave,11048,19.35,2022,exact_year,22.74,1,https://www.djcidc.or.kr/bbsDown/dataBoard_new/2023091493767694428.pdf,질병 60% + 환경별 진드기점수 40%로 계산
2022|라임병|전남|산길,좋음,2022,3,라임병,전남,2,1817697,0.1100,25.00,41.67,산길,Mountain road,8662,0.00,2022,exact_year,15,1,https://www.djcidc.or.kr/bbsDown/dataBoard_new/2023091493767694428.pdf,질병 60% + 환경별 진드기점수 40%로 계산
2022|라임병|전남|잡목림,보통,2022,3,라임병,전남,2,1817697,0.1100,25.00,41.67,잡목림,Copse/Woodland,20558,96.49,2022,exact_year,53.596,3,https://www.djcidc.or.kr/bbsDown/dataBoard_new/2023091493767694428.pdf,질병 60% + 환경별 진드기점수 40%로 계산
2022|라임병|전남|초지,보통,2022,3,라임병,전남,2,1817697,0.1100,25.00,41.67,초지,Grassland,20991,100.00,2022,exact_year,55,3,https://www.djcidc.or.kr/bbsDown/dataBoard_new/2023091493767694428.pdf,질병 60% + 환경별 진드기점수 40%로 계산
2022|라임병|경북|무덤,매우 좋음,2022,3,라임병,경북,0,2600492,0.0000,0.00,33.33,무덤,Grave,11048,19.35,2022,exact_year,7.74,0,https://www.djcidc.or.kr/bbsDown/dataBoard_new/2023091493767694428.pdf,질병 60% + 환경별 진드기점수 40%로 계산
2022|라임병|경북|산길,매우 좋음,2022,3,라임병,경북,0,2600492,0.0000,0.00,33.33,산길,Mountain road,8662,0.00,2022,exact_year,0,0,https://www.djcidc.or.kr/bbsDown/dataBoard_new/2023091493767694428.pdf,질병 60% + 환경별 진드기점수 40%로 계산
2022|라임병|경북|잡목림,양호,2022,3,라임병,경북,0,2600492,0.0000,0.00,33.33,잡목림,Copse/Woodland,20558,96.49,2022,exact_year,38.596,2,https://www.djcidc.or.kr/bbsDown/dataBoard_new/2023091493767694428.pdf,질병 60% + 환경별 진드기점수 40%로 계산
2022|라임병|경북|초지,양호,2022,3,라임병,경북,0,2600492,0.0000,0.00,33.33,초지,Grassland,20991,100.00,2022,exact_year,40,2,https://www.djcidc.or.kr/bbsDown/dataBoard_new/2023091493767694428.pdf,질병 60% + 환경별 진드기점수 40%로 계산
2022|라임병|경남|무덤,좋음,2022,3,라임병,경남,2,3280493,0.0610,25.00,41.67,무덤,Grave,11048,19.35,2022,exact_year,22.74,1,https://www.djcidc.or.kr/bbsDown/dataBoard_new/2023091493767694428.pdf,질병 60% + 환경별 진드기점수 40%로 계산
2022|라임병|경남|산길,좋음,2022,3,라임병,경남,2,3280493,0.0610,25.00,41.67,산길,Mountain road,8662,0.00,2022,exact_year,15,1,https://www.djcidc.or.kr/bbsDown/dataBoard_new/2023091493767694428.pdf,질병 60% + 환경별 진드기점수 40%로 계산
2022|라임병|경남|잡목림,보통,2022,3,라임병,경남,2,3280493,0.0610,25.00,41.67,잡목림,Copse/Woodland,20558,96.49,2022,exact_year,53.596,3,https://www.djcidc.or.kr/bbsDown/dataBoard_new/2023091493767694428.pdf,질병 60% + 환경별 진드기점수 40%로 계산
2022|라임병|경남|초지,보통,2022,3,라임병,경남,2,3280493,0.0610,25.00,41.67,초지,Grassland,20991,100.00,2022,exact_year,55,3,https://www.djcidc.or.kr/bbsDown/dataBoard_new/2023091493767694428.pdf,질병 60% + 환경별 진드기점수 40%로 계산
2022|라임병|제주|무덤,매우 좋음,2022,3,라임병,제주,0,678159,0.0000,0.00,33.33,무덤,Grave,11048,19.35,2022,exact_year,7.74,0,https://www.djcidc.or.kr/bbsDown/dataBoard_new/2023091493767694428.pdf,질병 60% + 환경별 진드기점수 40%로 계산
2022|라임병|제주|산길,매우 좋음,2022,3,라임병,제주,0,678159,0.0000,0.00,33.33,산길,Mountain road,8662,0.00,2022,exact_year,0,0,https://www.djcidc.or.kr/bbsDown/dataBoard_new/2023091493767694428.pdf,질병 60% + 환경별 진드기점수 40%로 계산
2022|라임병|제주|잡목림,양호,2022,3,라임병,제주,0,678159,0.0000,0.00,33.33,잡목림,Copse/Woodland,20558,96.49,2022,exact_year,38.596,2,https://www.djcidc.or.kr/bbsDown/dataBoard_new/2023091493767694428.pdf,질병 60% + 환경별 진드기점수 40%로 계산
2022|라임병|제주|초지,양호,2022,3,라임병,제주,0,678159,0.0000,0.00,33.33,초지,Grassland,20991,100.00,2022,exact_year,40,2,https://www.djcidc.or.kr/bbsDown/dataBoard_new/2023091493767694428.pdf,질병 60% + 환경별 진드기점수 40%로 계산
2022|라임병|세종|무덤,매우 좋음,2022,3,라임병,세종,0,383591,0.0000,0.00,33.33,무덤,Grave,11048,19.35,2022,exact_year,7.74,0,https://www.djcidc.or.kr/bbsDown/dataBoard_new/2023091493767694428.pdf,질병 60% + 환경별 진드기점수 40%로 계산
2022|라임병|세종|산길,매우 좋음,2022,3,라임병,세종,0,383591,0.0000,0.00,33.33,산길,Mountain road,8662,0.00,2022,exact_year,0,0,https://www.djcidc.or.kr/bbsDown/dataBoard_new/2023091493767694428.pdf,질병 60% + 환경별 진드기점수 40%로 계산
2022|라임병|세종|잡목림,양호,2022,3,라임병,세종,0,383591,0.0000,0.00,33.33,잡목림,Copse/Woodland,20558,96.49,2022,exact_year,38.596,2,https://www.djcidc.or.kr/bbsDown/dataBoard_new/2023091493767694428.pdf,질병 60% + 환경별 진드기점수 40%로 계산
2022|라임병|세종|초지,양호,2022,3,라임병,세종,0,383591,0.0000,0.00,33.33,초지,Grassland,20991,100.00,2022,exact_year,40,2,https://www.djcidc.or.kr/bbsDown/dataBoard_new/2023091493767694428.pdf,질병 60% + 환경별 진드기점수 40%로 계산
2022|쯔쯔가무시증|서울|무덤,매우 좋음,2022,3,쯔쯔가무시증,서울,149,9428372,1.5803,9.49,83.62,무덤,Grave,11048,19.35,2022,exact_year,13.434,0,https://www.djcidc.or.kr/bbsDown/dataBoard_new/2023091493767694428.pdf,질병 60% + 환경별 진드기점수 40%로 계산
2022|쯔쯔가무시증|서울|산길,매우 좋음,2022,3,쯔쯔가무시증,서울,149,9428372,1.5803,9.49,83.62,산길,Mountain road,8662,0.00,2022,exact_year,5.694,0,https://www.djcidc.or.kr/bbsDown/dataBoard_new/2023091493767694428.pdf,질병 60% + 환경별 진드기점수 40%로 계산
2022|쯔쯔가무시증|서울|잡목림,보통,2022,3,쯔쯔가무시증,서울,149,9428372,1.5803,9.49,83.62,잡목림,Copse/Woodland,20558,96.49,2022,exact_year,44.29,3,https://www.djcidc.or.kr/bbsDown/dataBoard_new/2023091493767694428.pdf,질병 60% + 환경별 진드기점수 40%로 계산
2022|쯔쯔가무시증|서울|초지,보통,2022,3,쯔쯔가무시증,서울,149,9428372,1.5803,9.49,83.62,초지,Grassland,20991,100.00,2022,exact_year,45.694,3,https://www.djcidc.or.kr/bbsDown/dataBoard_new/2023091493767694428.pdf,질병 60% + 환경별 진드기점수 40%로 계산
2022|쯔쯔가무시증|부산|무덤,좋음,2022,3,쯔쯔가무시증,부산,416,3317812,12.5384,29.92,79.37,무덤,Grave,11048,19.35,2022,exact_year,25.692,1,https://www.djcidc.or.kr/bbsDown/dataBoard_new/2023091493767694428.pdf,질병 60% + 환경별 진드기점수 40%로 계산
2022|쯔쯔가무시증|부산|산길,좋음,2022,3,쯔쯔가무시증,부산,416,3317812,12.5384,29.92,79.37,산길,Mountain road,8662,0.00,2022,exact_year,17.952,1,https://www.djcidc.or.kr/bbsDown/dataBoard_new/2023091493767694428.pdf,질병 60% + 환경별 진드기점수 40%로 계산
2022|쯔쯔가무시증|부산|잡목림,보통,2022,3,쯔쯔가무시증,부산,416,3317812,12.5384,29.92,79.37,잡목림,Copse/Woodland,20558,96.49,2022,exact_year,56.548,3,https://www.djcidc.or.kr/bbsDown/dataBoard_new/2023091493767694428.pdf,질병 60% + 환경별 진드기점수 40%로 계산
2022|쯔쯔가무시증|부산|초지,나쁨,2022,3,쯔쯔가무시증,부산,416,3317812,12.5384,29.92,79.37,초지,Grassland,20991,100.00,2022,exact_year,57.952,4,https://www.djcidc.or.kr/bbsDown/dataBoard_new/2023091493767694428.pdf,질병 60% + 환경별 진드기점수 40%로 계산
2022|쯔쯔가무시증|대구|무덤,매우 좋음,2022,3,쯔쯔가무시증,대구,139,2363691,5.8806,8.72,79.61,무덤,Grave,11048,19.35,2022,exact_year,12.972,0,https://www.djcidc.or.kr/bbsDown/dataBoard_new/2023091493767694428.pdf,질병 60% + 환경별 진드기점수 40%로 계산
2022|쯔쯔가무시증|대구|산길,매우 좋음,2022,3,쯔쯔가무시증,대구,139,2363691,5.8806,8.72,79.61,산길,Mountain road,8662,0.00,2022,exact_year,5.232,0,https://www.djcidc.or.kr/bbsDown/dataBoard_new/2023091493767694428.pdf,질병 60% + 환경별 진드기점수 40%로 계산
2022|쯔쯔가무시증|대구|잡목림,보통,2022,3,쯔쯔가무시증,대구,139,2363691,5.8806,8.72,79.61,잡목림,Copse/Woodland,20558,96.49,2022,exact_year,43.828,3,https://www.djcidc.or.kr/bbsDown/dataBoard_new/2023091493767694428.pdf,질병 60% + 환경별 진드기점수 40%로 계산
2022|쯔쯔가무시증|대구|초지,보통,2022,3,쯔쯔가무시증,대구,139,2363691,5.8806,8.72,79.61,초지,Grassland,20991,100.00,2022,exact_year,45.232,3,https://www.djcidc.or.kr/bbsDown/dataBoard_new/2023091493767694428.pdf,질병 60% + 환경별 진드기점수 40%로 계산
2022|쯔쯔가무시증|인천|무덤,매우 좋음,2022,3,쯔쯔가무시증,인천,66,2967314,2.2242,3.14,80.95,무덤,Grave,11048,19.35,2022,exact_year,9.624,0,https://www.djcidc.or.kr/bbsDown/dataBoard_new/2023091493767694428.pdf,질병 60% + 환경별 진드기점수 40%로 계산
2022|쯔쯔가무시증|인천|산길,매우 좋음,2022,3,쯔쯔가무시증,인천,66,2967314,2.2242,3.14,80.95,산길,Mountain road,8662,0.00,2022,exact_year,1.884,0,https://www.djcidc.or.kr/bbsDown/dataBoard_new/2023091493767694428.pdf,질병 60% + 환경별 진드기점수 40%로 계산
2022|쯔쯔가무시증|인천|잡목림,양호,2022,3,쯔쯔가무시증,인천,66,2967314,2.2242,3.14,80.95,잡목림,Copse/Woodland,20558,96.49,2022,exact_year,40.48,2,https://www.djcidc.or.kr/bbsDown/dataBoard_new/2023091493767694428.pdf,질병 60% + 환경별 진드기점수 40%로 계산
2022|쯔쯔가무시증|인천|초지,양호,2022,3,쯔쯔가무시증,인천,66,2967314,2.2242,3.14,80.95,초지,Grassland,20991,100.00,2022,exact_year,41.884,2,https://www.djcidc.or.kr/bbsDown/dataBoard_new/2023091493767694428.pdf,질병 60% + 환경별 진드기점수 40%로 계산
2022|쯔쯔가무시증|광주|무덤,좋음,2022,3,쯔쯔가무시증,광주,178,1431050,12.4384,11.71,82.65,무덤,Grave,11048,19.35,2022,exact_year,14.766,1,https://www.djcidc.or.kr/bbsDown/dataBoard_new/2023091493767694428.pdf,질병 60% + 환경별 진드기점수 40%로 계산
2022|쯔쯔가무시증|광주|산길,매우 좋음,2022,3,쯔쯔가무시증,광주,178,1431050,12.4384,11.71,82.65,산길,Mountain road,8662,0.00,2022,exact_year,7.026,0,https://www.djcidc.or.kr/bbsDown/dataBoard_new/2023091493767694428.pdf,질병 60% + 환경별 진드기점수 40%로 계산
2022|쯔쯔가무시증|광주|잡목림,보통,2022,3,쯔쯔가무시증,광주,178,1431050,12.4384,11.71,82.65,잡목림,Copse/Woodland,20558,96.49,2022,exact_year,45.622,3,https://www.djcidc.or.kr/bbsDown/dataBoard_new/2023091493767694428.pdf,질병 60% + 환경별 진드기점수 40%로 계산
2022|쯔쯔가무시증|광주|초지,보통,2022,3,쯔쯔가무시증,광주,178,1431050,12.4384,11.71,82.65,초지,Grassland,20991,100.00,2022,exact_year,47.026,3,https://www.djcidc.or.kr/bbsDown/dataBoard_new/2023091493767694428.pdf,질병 60% + 환경별 진드기점수 40%로 계산
2022|쯔쯔가무시증|대전|무덤,좋음,2022,3,쯔쯔가무시증,대전,175,1446072,12.1017,11.48,81.80,무덤,Grave,11048,19.35,2022,exact_year,14.628,1,https://www.djcidc.or.kr/bbsDown/dataBoard_new/2023091493767694428.pdf,질병 60% + 환경별 진드기점수 40%로 계산
2022|쯔쯔가무시증|대전|산길,매우 좋음,2022,3,쯔쯔가무시증,대전,175,1446072,12.1017,11.48,81.80,산길,Mountain road,8662,0.00,2022,exact_year,6.888,0,https://www.djcidc.or.kr/bbsDown/dataBoard_new/2023091493767694428.pdf,질병 60% + 환경별 진드기점수 40%로 계산
2022|쯔쯔가무시증|대전|잡목림,보통,2022,3,쯔쯔가무시증,대전,175,1446072,12.1017,11.48,81.80,잡목림,Copse/Woodland,20558,96.49,2022,exact_year,45.484,3,https://www.djcidc.or.kr/bbsDown/dataBoard_new/2023091493767694428.pdf,질병 60% + 환경별 진드기점수 40%로 계산
2022|쯔쯔가무시증|대전|초지,보통,2022,3,쯔쯔가무시증,대전,175,1446072,12.1017,11.48,81.80,초지,Grassland,20991,100.00,2022,exact_year,46.888,3,https://www.djcidc.or.kr/bbsDown/dataBoard_new/2023091493767694428.pdf,질병 60% + 환경별 진드기점수 40%로 계산
2022|쯔쯔가무시증|울산|무덤,좋음,2022,3,쯔쯔가무시증,울산,289,1110663,26.0205,20.20,84.95,무덤,Grave,11048,19.35,2022,exact_year,19.86,1,https://www.djcidc.or.kr/bbsDown/dataBoard_new/2023091493767694428.pdf,질병 60% + 환경별 진드기점수 40%로 계산
2022|쯔쯔가무시증|울산|산길,매우 좋음,2022,3,쯔쯔가무시증,울산,289,1110663,26.0205,20.20,84.95,산길,Mountain road,8662,0.00,2022,exact_year,12.12,0,https://www.djcidc.or.kr/bbsDown/dataBoard_new/2023091493767694428.pdf,질병 60% + 환경별 진드기점수 40%로 계산
2022|쯔쯔가무시증|울산|잡목림,보통,2022,3,쯔쯔가무시증,울산,289,1110663,26.0205,20.20,84.95,잡목림,Copse/Woodland,20558,96.49,2022,exact_year,50.716,3,https://www.djcidc.or.kr/bbsDown/dataBoard_new/2023091493767694428.pdf,질병 60% + 환경별 진드기점수 40%로 계산
2022|쯔쯔가무시증|울산|초지,보통,2022,3,쯔쯔가무시증,울산,289,1110663,26.0205,20.20,84.95,초지,Grassland,20991,100.00,2022,exact_year,52.12,3,https://www.djcidc.or.kr/bbsDown/dataBoard_new/2023091493767694428.pdf,질병 60% + 환경별 진드기점수 40%로 계산
2022|쯔쯔가무시증|경기|무덤,좋음,2022,3,쯔쯔가무시증,경기,383,13589432,2.8184,27.39,85.07,무덤,Grave,11048,19.35,2022,exact_year,24.174,1,https://www.djcidc.or.kr/bbsDown/dataBoard_new/2023091493767694428.pdf,질병 60% + 환경별 진드기점수 40%로 계산
2022|쯔쯔가무시증|경기|산길,좋음,2022,3,쯔쯔가무시증,경기,383,13589432,2.8184,27.39,85.07,산길,Mountain road,8662,0.00,2022,exact_year,16.434,1,https://www.djcidc.or.kr/bbsDown/dataBoard_new/2023091493767694428.pdf,질병 60% + 환경별 진드기점수 40%로 계산
2022|쯔쯔가무시증|경기|잡목림,보통,2022,3,쯔쯔가무시증,경기,383,13589432,2.8184,27.39,85.07,잡목림,Copse/Woodland,20558,96.49,2022,exact_year,55.03,3,https://www.djcidc.or.kr/bbsDown/dataBoard_new/2023091493767694428.pdf,질병 60% + 환경별 진드기점수 40%로 계산
2022|쯔쯔가무시증|경기|초지,보통,2022,3,쯔쯔가무시증,경기,383,13589432,2.8184,27.39,85.07,초지,Grassland,20991,100.00,2022,exact_year,56.434,3,https://www.djcidc.or.kr/bbsDown/dataBoard_new/2023091493767694428.pdf,질병 60% + 환경별 진드기점수 40%로 계산
2022|쯔쯔가무시증|강원|무덤,매우 좋음,2022,3,쯔쯔가무시증,강원,25,1536498,1.6271,0.00,79.49,무덤,Grave,11048,19.35,2022,exact_year,7.74,0,https://www.djcidc.or.kr/bbsDown/dataBoard_new/2023091493767694428.pdf,질병 60% + 환경별 진드기점수 40%로 계산
2022|쯔쯔가무시증|강원|산길,매우 좋음,2022,3,쯔쯔가무시증,강원,25,1536498,1.6271,0.00,79.49,산길,Mountain road,8662,0.00,2022,exact_year,0,0,https://www.djcidc.or.kr/bbsDown/dataBoard_new/2023091493767694428.pdf,질병 60% + 환경별 진드기점수 40%로 계산
2022|쯔쯔가무시증|강원|잡목림,양호,2022,3,쯔쯔가무시증,강원,25,1536498,1.6271,0.00,79.49,잡목림,Copse/Woodland,20558,96.49,2022,exact_year,38.596,2,https://www.djcidc.or.kr/bbsDown/dataBoard_new/2023091493767694428.pdf,질병 60% + 환경별 진드기점수 40%로 계산
2022|쯔쯔가무시증|강원|초지,양호,2022,3,쯔쯔가무시증,강원,25,1536498,1.6271,0.00,79.49,초지,Grassland,20991,100.00,2022,exact_year,40,2,https://www.djcidc.or.kr/bbsDown/dataBoard_new/2023091493767694428.pdf,질병 60% + 환경별 진드기점수 40%로 계산
2022|쯔쯔가무시증|충북|무덤,매우 좋음,2022,3,쯔쯔가무시증,충북,116,1595058,7.2725,6.96,79.61,무덤,Grave,11048,19.35,2022,exact_year,11.916,0,https://www.djcidc.or.kr/bbsDown/dataBoard_new/2023091493767694428.pdf,질병 60% + 환경별 진드기점수 40%로 계산
2022|쯔쯔가무시증|충북|산길,매우 좋음,2022,3,쯔쯔가무시증,충북,116,1595058,7.2725,6.96,79.61,산길,Mountain road,8662,0.00,2022,exact_year,4.176,0,https://www.djcidc.or.kr/bbsDown/dataBoard_new/2023091493767694428.pdf,질병 60% + 환경별 진드기점수 40%로 계산
2022|쯔쯔가무시증|충북|잡목림,양호,2022,3,쯔쯔가무시증,충북,116,1595058,7.2725,6.96,79.61,잡목림,Copse/Woodland,20558,96.49,2022,exact_year,42.772,2,https://www.djcidc.or.kr/bbsDown/dataBoard_new/2023091493767694428.pdf,질병 60% + 환경별 진드기점수 40%로 계산
2022|쯔쯔가무시증|충북|초지,보통,2022,3,쯔쯔가무시증,충북,116,1595058,7.2725,6.96,79.61,초지,Grassland,20991,100.00,2022,exact_year,44.176,3,https://www.djcidc.or.kr/bbsDown/dataBoard_new/2023091493767694428.pdf,질병 60% + 환경별 진드기점수 40%로 계산
2022|쯔쯔가무시증|충남|무덤,양호,2022,3,쯔쯔가무시증,충남,645,2123037,30.3810,47.44,88.96,무덤,Grave,11048,19.35,2022,exact_year,36.204,2,https://www.djcidc.or.kr/bbsDown/dataBoard_new/2023091493767694428.pdf,질병 60% + 환경별 진드기점수 40%로 계산
2022|쯔쯔가무시증|충남|산길,좋음,2022,3,쯔쯔가무시증,충남,645,2123037,30.3810,47.44,88.96,산길,Mountain road,8662,0.00,2022,exact_year,28.464,1,https://www.djcidc.or.kr/bbsDown/dataBoard_new/2023091493767694428.pdf,질병 60% + 환경별 진드기점수 40%로 계산
2022|쯔쯔가무시증|충남|잡목림,나쁨,2022,3,쯔쯔가무시증,충남,645,2123037,30.3810,47.44,88.96,잡목림,Copse/Woodland,20558,96.49,2022,exact_year,67.06,4,https://www.djcidc.or.kr/bbsDown/dataBoard_new/2023091493767694428.pdf,질병 60% + 환경별 진드기점수 40%로 계산
2022|쯔쯔가무시증|충남|초지,나쁨,2022,3,쯔쯔가무시증,충남,645,2123037,30.3810,47.44,88.96,초지,Grassland,20991,100.00,2022,exact_year,68.464,4,https://www.djcidc.or.kr/bbsDown/dataBoard_new/2023091493767694428.pdf,질병 60% + 환경별 진드기점수 40%로 계산
2022|쯔쯔가무시증|전북|무덤,양호,2022,3,쯔쯔가무시증,전북,753,1769607,42.5518,55.70,82.52,무덤,Grave,11048,19.35,2022,exact_year,41.16,2,https://www.djcidc.or.kr/bbsDown/dataBoard_new/2023091493767694428.pdf,질병 60% + 환경별 진드기점수 40%로 계산
2022|쯔쯔가무시증|전북|산길,양호,2022,3,쯔쯔가무시증,전북,753,1769607,42.5518,55.70,82.52,산길,Mountain road,8662,0.00,2022,exact_year,33.42,2,https://www.djcidc.or.kr/bbsDown/dataBoard_new/2023091493767694428.pdf,질병 60% + 환경별 진드기점수 40%로 계산
2022|쯔쯔가무시증|전북|잡목림,매우 나쁨,2022,3,쯔쯔가무시증,전북,753,1769607,42.5518,55.70,82.52,잡목림,Copse/Woodland,20558,96.49,2022,exact_year,72.016,5,https://www.djcidc.or.kr/bbsDown/dataBoard_new/2023091493767694428.pdf,질병 60% + 환경별 진드기점수 40%로 계산
2022|쯔쯔가무시증|전북|초지,매우 나쁨,2022,3,쯔쯔가무시증,전북,753,1769607,42.5518,55.70,82.52,초지,Grassland,20991,100.00,2022,exact_year,73.42,5,https://www.djcidc.or.kr/bbsDown/dataBoard_new/2023091493767694428.pdf,질병 60% + 환경별 진드기점수 40%로 계산
2022|쯔쯔가무시증|전남|무덤,보통,2022,3,쯔쯔가무시증,전남,1023,1817697,56.2800,76.36,68.45,무덤,Grave,11048,19.35,2022,exact_year,53.556,3,https://www.djcidc.or.kr/bbsDown/dataBoard_new/2023091493767694428.pdf,질병 60% + 환경별 진드기점수 40%로 계산
2022|쯔쯔가무시증|전남|산길,보통,2022,3,쯔쯔가무시증,전남,1023,1817697,56.2800,76.36,68.45,산길,Mountain road,8662,0.00,2022,exact_year,45.816,3,https://www.djcidc.or.kr/bbsDown/dataBoard_new/2023091493767694428.pdf,질병 60% + 환경별 진드기점수 40%로 계산
2022|쯔쯔가무시증|전남|잡목림,매우 나쁨,2022,3,쯔쯔가무시증,전남,1023,1817697,56.2800,76.36,68.45,잡목림,Copse/Woodland,20558,96.49,2022,exact_year,84.412,5,https://www.djcidc.or.kr/bbsDown/dataBoard_new/2023091493767694428.pdf,질병 60% + 환경별 진드기점수 40%로 계산
2022|쯔쯔가무시증|전남|초지,최악,2022,3,쯔쯔가무시증,전남,1023,1817697,56.2800,76.36,68.45,초지,Grassland,20991,100.00,2022,exact_year,85.816,6,https://www.djcidc.or.kr/bbsDown/dataBoard_new/2023091493767694428.pdf,질병 60% + 환경별 진드기점수 40%로 계산
2022|쯔쯔가무시증|경북|무덤,좋음,2022,3,쯔쯔가무시증,경북,435,2600492,16.7276,31.37,86.04,무덤,Grave,11048,19.35,2022,exact_year,26.562,1,https://www.djcidc.or.kr/bbsDown/dataBoard_new/2023091493767694428.pdf,질병 60% + 환경별 진드기점수 40%로 계산
2022|쯔쯔가무시증|경북|산길,좋음,2022,3,쯔쯔가무시증,경북,435,2600492,16.7276,31.37,86.04,산길,Mountain road,8662,0.00,2022,exact_year,18.822,1,https://www.djcidc.or.kr/bbsDown/dataBoard_new/2023091493767694428.pdf,질병 60% + 환경별 진드기점수 40%로 계산
2022|쯔쯔가무시증|경북|잡목림,나쁨,2022,3,쯔쯔가무시증,경북,435,2600492,16.7276,31.37,86.04,잡목림,Copse/Woodland,20558,96.49,2022,exact_year,57.418,4,https://www.djcidc.or.kr/bbsDown/dataBoard_new/2023091493767694428.pdf,질병 60% + 환경별 진드기점수 40%로 계산
2022|쯔쯔가무시증|경북|초지,나쁨,2022,3,쯔쯔가무시증,경북,435,2600492,16.7276,31.37,86.04,초지,Grassland,20991,100.00,2022,exact_year,58.822,4,https://www.djcidc.or.kr/bbsDown/dataBoard_new/2023091493767694428.pdf,질병 60% + 환경별 진드기점수 40%로 계산
2022|쯔쯔가무시증|경남|무덤,나쁨,2022,3,쯔쯔가무시증,경남,1332,3280493,40.6037,100.00,90.41,무덤,Grave,11048,19.35,2022,exact_year,67.74,4,https://www.djcidc.or.kr/bbsDown/dataBoard_new/2023091493767694428.pdf,질병 60% + 환경별 진드기점수 40%로 계산
2022|쯔쯔가무시증|경남|산길,나쁨,2022,3,쯔쯔가무시증,경남,1332,3280493,40.6037,100.00,90.41,산길,Mountain road,8662,0.00,2022,exact_year,60,4,https://www.djcidc.or.kr/bbsDown/dataBoard_new/2023091493767694428.pdf,질병 60% + 환경별 진드기점수 40%로 계산
2022|쯔쯔가무시증|경남|잡목림,최악,2022,3,쯔쯔가무시증,경남,1332,3280493,40.6037,100.00,90.41,잡목림,Copse/Woodland,20558,96.49,2022,exact_year,98.596,6,https://www.djcidc.or.kr/bbsDown/dataBoard_new/2023091493767694428.pdf,질병 60% + 환경별 진드기점수 40%로 계산
2022|쯔쯔가무시증|경남|초지,최악,2022,3,쯔쯔가무시증,경남,1332,3280493,40.6037,100.00,90.41,초지,Grassland,20991,100.00,2022,exact_year,100,6,https://www.djcidc.or.kr/bbsDown/dataBoard_new/2023091493767694428.pdf,질병 60% + 환경별 진드기점수 40%로 계산
2022|쯔쯔가무시증|제주|무덤,매우 좋음,2022,3,쯔쯔가무시증,제주,67,678159,9.8797,3.21,83.62,무덤,Grave,11048,19.35,2022,exact_year,9.666,0,https://www.djcidc.or.kr/bbsDown/dataBoard_new/2023091493767694428.pdf,질병 60% + 환경별 진드기점수 40%로 계산
2022|쯔쯔가무시증|제주|산길,매우 좋음,2022,3,쯔쯔가무시증,제주,67,678159,9.8797,3.21,83.62,산길,Mountain road,8662,0.00,2022,exact_year,1.926,0,https://www.djcidc.or.kr/bbsDown/dataBoard_new/2023091493767694428.pdf,질병 60% + 환경별 진드기점수 40%로 계산
2022|쯔쯔가무시증|제주|잡목림,양호,2022,3,쯔쯔가무시증,제주,67,678159,9.8797,3.21,83.62,잡목림,Copse/Woodland,20558,96.49,2022,exact_year,40.522,2,https://www.djcidc.or.kr/bbsDown/dataBoard_new/2023091493767694428.pdf,질병 60% + 환경별 진드기점수 40%로 계산
2022|쯔쯔가무시증|제주|초지,양호,2022,3,쯔쯔가무시증,제주,67,678159,9.8797,3.21,83.62,초지,Grassland,20991,100.00,2022,exact_year,41.926,2,https://www.djcidc.or.kr/bbsDown/dataBoard_new/2023091493767694428.pdf,질병 60% + 환경별 진드기점수 40%로 계산
2022|쯔쯔가무시증|세종|무덤,매우 좋음,2022,3,쯔쯔가무시증,세종,44,383591,11.4706,1.45,81.31,무덤,Grave,11048,19.35,2022,exact_year,8.61,0,https://www.djcidc.or.kr/bbsDown/dataBoard_new/2023091493767694428.pdf,질병 60% + 환경별 진드기점수 40%로 계산
2022|쯔쯔가무시증|세종|산길,매우 좋음,2022,3,쯔쯔가무시증,세종,44,383591,11.4706,1.45,81.31,산길,Mountain road,8662,0.00,2022,exact_year,0.87,0,https://www.djcidc.or.kr/bbsDown/dataBoard_new/2023091493767694428.pdf,질병 60% + 환경별 진드기점수 40%로 계산
2022|쯔쯔가무시증|세종|잡목림,양호,2022,3,쯔쯔가무시증,세종,44,383591,11.4706,1.45,81.31,잡목림,Copse/Woodland,20558,96.49,2022,exact_year,39.466,2,https://www.djcidc.or.kr/bbsDown/dataBoard_new/2023091493767694428.pdf,질병 60% + 환경별 진드기점수 40%로 계산
2022|쯔쯔가무시증|세종|초지,양호,2022,3,쯔쯔가무시증,세종,44,383591,11.4706,1.45,81.31,초지,Grassland,20991,100.00,2022,exact_year,40.87,2,https://www.djcidc.or.kr/bbsDown/dataBoard_new/2023091493767694428.pdf,질병 60% + 환경별 진드기점수 40%로 계산
2023|중증열성혈소판감소증후군(SFTS)|서울|무덤,양호,2023,3,중증열성혈소판감소증후군(SFTS),서울,12,9386034,0.1278,38.71,,무덤,Grave,24904,27.47,2023,exact_year,34.214,2,https://neweng-phwr.inforang.com/journal/view.html?number=33&spage=1406&volume=17,질병 60% + 환경별 진드기점수 40%로 계산
2023|중증열성혈소판감소증후군(SFTS)|서울|산길,좋음,2023,3,중증열성혈소판감소증후군(SFTS),서울,12,9386034,0.1278,38.71,,산길,Mountain road,14131,0.00,2023,exact_year,23.226,1,https://neweng-phwr.inforang.com/journal/view.html?number=33&spage=1406&volume=17,질병 60% + 환경별 진드기점수 40%로 계산
2023|중증열성혈소판감소증후군(SFTS)|서울|잡목림,좋음,2023,3,중증열성혈소판감소증후군(SFTS),서울,12,9386034,0.1278,38.71,,잡목림,Copse/Woodland,18241,10.48,2023,exact_year,27.418,1,https://neweng-phwr.inforang.com/journal/view.html?number=33&spage=1406&volume=17,질병 60% + 환경별 진드기점수 40%로 계산
2023|중증열성혈소판감소증후군(SFTS)|서울|초지,나쁨,2023,3,중증열성혈소판감소증후군(SFTS),서울,12,9386034,0.1278,38.71,,초지,Grassland,53348,100.00,2023,exact_year,63.226,4,https://neweng-phwr.inforang.com/journal/view.html?number=33&spage=1406&volume=17,질병 60% + 환경별 진드기점수 40%로 계산
2023|중증열성혈소판감소증후군(SFTS)|부산|무덤,좋음,2023,3,중증열성혈소판감소증후군(SFTS),부산,5,3293362,0.1518,16.13,,무덤,Grave,24904,27.47,2023,exact_year,20.666,1,https://neweng-phwr.inforang.com/journal/view.html?number=33&spage=1406&volume=17,질병 60% + 환경별 진드기점수 40%로 계산
2023|중증열성혈소판감소증후군(SFTS)|부산|산길,매우 좋음,2023,3,중증열성혈소판감소증후군(SFTS),부산,5,3293362,0.1518,16.13,,산길,Mountain road,14131,0.00,2023,exact_year,9.678,0,https://neweng-phwr.inforang.com/journal/view.html?number=33&spage=1406&volume=17,질병 60% + 환경별 진드기점수 40%로 계산
2023|중증열성혈소판감소증후군(SFTS)|부산|잡목림,매우 좋음,2023,3,중증열성혈소판감소증후군(SFTS),부산,5,3293362,0.1518,16.13,,잡목림,Copse/Woodland,18241,10.48,2023,exact_year,13.87,0,https://neweng-phwr.inforang.com/journal/view.html?number=33&spage=1406&volume=17,질병 60% + 환경별 진드기점수 40%로 계산
2023|중증열성혈소판감소증후군(SFTS)|부산|초지,보통,2023,3,중증열성혈소판감소증후군(SFTS),부산,5,3293362,0.1518,16.13,,초지,Grassland,53348,100.00,2023,exact_year,49.678,3,https://neweng-phwr.inforang.com/journal/view.html?number=33&spage=1406&volume=17,질병 60% + 환경별 진드기점수 40%로 계산
2023|중증열성혈소판감소증후군(SFTS)|대구|무덤,양호,2023,3,중증열성혈소판감소증후군(SFTS),대구,10,2374960,0.4211,32.26,,무덤,Grave,24904,27.47,2023,exact_year,30.344,2,https://neweng-phwr.inforang.com/journal/view.html?number=33&spage=1406&volume=17,질병 60% + 환경별 진드기점수 40%로 계산
2023|중증열성혈소판감소증후군(SFTS)|대구|산길,좋음,2023,3,중증열성혈소판감소증후군(SFTS),대구,10,2374960,0.4211,32.26,,산길,Mountain road,14131,0.00,2023,exact_year,19.356,1,https://neweng-phwr.inforang.com/journal/view.html?number=33&spage=1406&volume=17,질병 60% + 환경별 진드기점수 40%로 계산
2023|중증열성혈소판감소증후군(SFTS)|대구|잡목림,좋음,2023,3,중증열성혈소판감소증후군(SFTS),대구,10,2374960,0.4211,32.26,,잡목림,Copse/Woodland,18241,10.48,2023,exact_year,23.548,1,https://neweng-phwr.inforang.com/journal/view.html?number=33&spage=1406&volume=17,질병 60% + 환경별 진드기점수 40%로 계산
2023|중증열성혈소판감소증후군(SFTS)|대구|초지,나쁨,2023,3,중증열성혈소판감소증후군(SFTS),대구,10,2374960,0.4211,32.26,,초지,Grassland,53348,100.00,2023,exact_year,59.356,4,https://neweng-phwr.inforang.com/journal/view.html?number=33&spage=1406&volume=17,질병 60% + 환경별 진드기점수 40%로 계산
2023|중증열성혈소판감소증후군(SFTS)|인천|무덤,매우 좋음,2023,3,중증열성혈소판감소증후군(SFTS),인천,0,2997410,0.0000,0.00,,무덤,Grave,24904,27.47,2023,exact_year,10.988,0,https://neweng-phwr.inforang.com/journal/view.html?number=33&spage=1406&volume=17,질병 60% + 환경별 진드기점수 40%로 계산
2023|중증열성혈소판감소증후군(SFTS)|인천|산길,매우 좋음,2023,3,중증열성혈소판감소증후군(SFTS),인천,0,2997410,0.0000,0.00,,산길,Mountain road,14131,0.00,2023,exact_year,0,0,https://neweng-phwr.inforang.com/journal/view.html?number=33&spage=1406&volume=17,질병 60% + 환경별 진드기점수 40%로 계산
2023|중증열성혈소판감소증후군(SFTS)|인천|잡목림,매우 좋음,2023,3,중증열성혈소판감소증후군(SFTS),인천,0,2997410,0.0000,0.00,,잡목림,Copse/Woodland,18241,10.48,2023,exact_year,4.192,0,https://neweng-phwr.inforang.com/journal/view.html?number=33&spage=1406&volume=17,질병 60% + 환경별 진드기점수 40%로 계산
2023|중증열성혈소판감소증후군(SFTS)|인천|초지,양호,2023,3,중증열성혈소판감소증후군(SFTS),인천,0,2997410,0.0000,0.00,,초지,Grassland,53348,100.00,2023,exact_year,40,2,https://neweng-phwr.inforang.com/journal/view.html?number=33&spage=1406&volume=17,질병 60% + 환경별 진드기점수 40%로 계산
2023|중증열성혈소판감소증후군(SFTS)|광주|무덤,좋음,2023,3,중증열성혈소판감소증후군(SFTS),광주,2,1419237,0.1409,6.45,,무덤,Grave,24904,27.47,2023,exact_year,14.858,1,https://neweng-phwr.inforang.com/journal/view.html?number=33&spage=1406&volume=17,질병 60% + 환경별 진드기점수 40%로 계산
2023|중증열성혈소판감소증후군(SFTS)|광주|산길,매우 좋음,2023,3,중증열성혈소판감소증후군(SFTS),광주,2,1419237,0.1409,6.45,,산길,Mountain road,14131,0.00,2023,exact_year,3.87,0,https://neweng-phwr.inforang.com/journal/view.html?number=33&spage=1406&volume=17,질병 60% + 환경별 진드기점수 40%로 계산
2023|중증열성혈소판감소증후군(SFTS)|광주|잡목림,매우 좋음,2023,3,중증열성혈소판감소증후군(SFTS),광주,2,1419237,0.1409,6.45,,잡목림,Copse/Woodland,18241,10.48,2023,exact_year,8.062,0,https://neweng-phwr.inforang.com/journal/view.html?number=33&spage=1406&volume=17,질병 60% + 환경별 진드기점수 40%로 계산
2023|중증열성혈소판감소증후군(SFTS)|광주|초지,보통,2023,3,중증열성혈소판감소증후군(SFTS),광주,2,1419237,0.1409,6.45,,초지,Grassland,53348,100.00,2023,exact_year,43.87,3,https://neweng-phwr.inforang.com/journal/view.html?number=33&spage=1406&volume=17,질병 60% + 환경별 진드기점수 40%로 계산
2023|중증열성혈소판감소증후군(SFTS)|대전|무덤,좋음,2023,3,중증열성혈소판감소증후군(SFTS),대전,3,1442216,0.2080,9.68,,무덤,Grave,24904,27.47,2023,exact_year,16.796,1,https://neweng-phwr.inforang.com/journal/view.html?number=33&spage=1406&volume=17,질병 60% + 환경별 진드기점수 40%로 계산
2023|중증열성혈소판감소증후군(SFTS)|대전|산길,매우 좋음,2023,3,중증열성혈소판감소증후군(SFTS),대전,3,1442216,0.2080,9.68,,산길,Mountain road,14131,0.00,2023,exact_year,5.808,0,https://neweng-phwr.inforang.com/journal/view.html?number=33&spage=1406&volume=17,질병 60% + 환경별 진드기점수 40%로 계산
2023|중증열성혈소판감소증후군(SFTS)|대전|잡목림,매우 좋음,2023,3,중증열성혈소판감소증후군(SFTS),대전,3,1442216,0.2080,9.68,,잡목림,Copse/Woodland,18241,10.48,2023,exact_year,10,0,https://neweng-phwr.inforang.com/journal/view.html?number=33&spage=1406&volume=17,질병 60% + 환경별 진드기점수 40%로 계산
2023|중증열성혈소판감소증후군(SFTS)|대전|초지,보통,2023,3,중증열성혈소판감소증후군(SFTS),대전,3,1442216,0.2080,9.68,,초지,Grassland,53348,100.00,2023,exact_year,45.808,3,https://neweng-phwr.inforang.com/journal/view.html?number=33&spage=1406&volume=17,질병 60% + 환경별 진드기점수 40%로 계산
2023|중증열성혈소판감소증후군(SFTS)|울산|무덤,좋음,2023,3,중증열성혈소판감소증후군(SFTS),울산,3,1103661,0.2718,9.68,,무덤,Grave,24904,27.47,2023,exact_year,16.796,1,https://neweng-phwr.inforang.com/journal/view.html?number=33&spage=1406&volume=17,질병 60% + 환경별 진드기점수 40%로 계산
2023|중증열성혈소판감소증후군(SFTS)|울산|산길,매우 좋음,2023,3,중증열성혈소판감소증후군(SFTS),울산,3,1103661,0.2718,9.68,,산길,Mountain road,14131,0.00,2023,exact_year,5.808,0,https://neweng-phwr.inforang.com/journal/view.html?number=33&spage=1406&volume=17,질병 60% + 환경별 진드기점수 40%로 계산
2023|중증열성혈소판감소증후군(SFTS)|울산|잡목림,매우 좋음,2023,3,중증열성혈소판감소증후군(SFTS),울산,3,1103661,0.2718,9.68,,잡목림,Copse/Woodland,18241,10.48,2023,exact_year,10,0,https://neweng-phwr.inforang.com/journal/view.html?number=33&spage=1406&volume=17,질병 60% + 환경별 진드기점수 40%로 계산
2023|중증열성혈소판감소증후군(SFTS)|울산|초지,보통,2023,3,중증열성혈소판감소증후군(SFTS),울산,3,1103661,0.2718,9.68,,초지,Grassland,53348,100.00,2023,exact_year,45.808,3,https://neweng-phwr.inforang.com/journal/view.html?number=33&spage=1406&volume=17,질병 60% + 환경별 진드기점수 40%로 계산
2023|중증열성혈소판감소증후군(SFTS)|경기|무덤,나쁨,2023,3,중증열성혈소판감소증후군(SFTS),경기,31,13630821,0.2274,100.00,,무덤,Grave,24904,27.47,2023,exact_year,70.988,4,https://neweng-phwr.inforang.com/journal/view.html?number=33&spage=1406&volume=17,질병 60% + 환경별 진드기점수 40%로 계산
2023|중증열성혈소판감소증후군(SFTS)|경기|산길,나쁨,2023,3,중증열성혈소판감소증후군(SFTS),경기,31,13630821,0.2274,100.00,,산길,Mountain road,14131,0.00,2023,exact_year,60,4,https://neweng-phwr.inforang.com/journal/view.html?number=33&spage=1406&volume=17,질병 60% + 환경별 진드기점수 40%로 계산
2023|중증열성혈소판감소증후군(SFTS)|경기|잡목림,나쁨,2023,3,중증열성혈소판감소증후군(SFTS),경기,31,13630821,0.2274,100.00,,잡목림,Copse/Woodland,18241,10.48,2023,exact_year,64.192,4,https://neweng-phwr.inforang.com/journal/view.html?number=33&spage=1406&volume=17,질병 60% + 환경별 진드기점수 40%로 계산
2023|중증열성혈소판감소증후군(SFTS)|경기|초지,최악,2023,3,중증열성혈소판감소증후군(SFTS),경기,31,13630821,0.2274,100.00,,초지,Grassland,53348,100.00,2023,exact_year,100,6,https://neweng-phwr.inforang.com/journal/view.html?number=33&spage=1406&volume=17,질병 60% + 환경별 진드기점수 40%로 계산
2023|중증열성혈소판감소증후군(SFTS)|강원|무덤,나쁨,2023,3,중증열성혈소판감소증후군(SFTS),강원,28,1527807,1.8327,90.32,,무덤,Grave,24904,27.47,2023,exact_year,65.18,4,https://neweng-phwr.inforang.com/journal/view.html?number=33&spage=1406&volume=17,질병 60% + 환경별 진드기점수 40%로 계산
2023|중증열성혈소판감소증후군(SFTS)|강원|산길,보통,2023,3,중증열성혈소판감소증후군(SFTS),강원,28,1527807,1.8327,90.32,,산길,Mountain road,14131,0.00,2023,exact_year,54.192,3,https://neweng-phwr.inforang.com/journal/view.html?number=33&spage=1406&volume=17,질병 60% + 환경별 진드기점수 40%로 계산
2023|중증열성혈소판감소증후군(SFTS)|강원|잡목림,나쁨,2023,3,중증열성혈소판감소증후군(SFTS),강원,28,1527807,1.8327,90.32,,잡목림,Copse/Woodland,18241,10.48,2023,exact_year,58.384,4,https://neweng-phwr.inforang.com/journal/view.html?number=33&spage=1406&volume=17,질병 60% + 환경별 진드기점수 40%로 계산
2023|중증열성혈소판감소증후군(SFTS)|강원|초지,최악,2023,3,중증열성혈소판감소증후군(SFTS),강원,28,1527807,1.8327,90.32,,초지,Grassland,53348,100.00,2023,exact_year,94.192,6,https://neweng-phwr.inforang.com/journal/view.html?number=33&spage=1406&volume=17,질병 60% + 환경별 진드기점수 40%로 계산
2023|중증열성혈소판감소증후군(SFTS)|충북|무덤,좋음,2023,3,중증열성혈소판감소증후군(SFTS),충북,8,1593469,0.5020,25.81,,무덤,Grave,24904,27.47,2023,exact_year,26.474,1,https://neweng-phwr.inforang.com/journal/view.html?number=33&spage=1406&volume=17,질병 60% + 환경별 진드기점수 40%로 계산
2023|중증열성혈소판감소증후군(SFTS)|충북|산길,좋음,2023,3,중증열성혈소판감소증후군(SFTS),충북,8,1593469,0.5020,25.81,,산길,Mountain road,14131,0.00,2023,exact_year,15.486,1,https://neweng-phwr.inforang.com/journal/view.html?number=33&spage=1406&volume=17,질병 60% + 환경별 진드기점수 40%로 계산
2023|중증열성혈소판감소증후군(SFTS)|충북|잡목림,좋음,2023,3,중증열성혈소판감소증후군(SFTS),충북,8,1593469,0.5020,25.81,,잡목림,Copse/Woodland,18241,10.48,2023,exact_year,19.678,1,https://neweng-phwr.inforang.com/journal/view.html?number=33&spage=1406&volume=17,질병 60% + 환경별 진드기점수 40%로 계산
2023|중증열성혈소판감소증후군(SFTS)|충북|초지,보통,2023,3,중증열성혈소판감소증후군(SFTS),충북,8,1593469,0.5020,25.81,,초지,Grassland,53348,100.00,2023,exact_year,55.486,3,https://neweng-phwr.inforang.com/journal/view.html?number=33&spage=1406&volume=17,질병 60% + 환경별 진드기점수 40%로 계산
2023|중증열성혈소판감소증후군(SFTS)|충남|무덤,양호,2023,3,중증열성혈소판감소증후군(SFTS),충남,12,2130119,0.5633,38.71,,무덤,Grave,24904,27.47,2023,exact_year,34.214,2,https://neweng-phwr.inforang.com/journal/view.html?number=33&spage=1406&volume=17,질병 60% + 환경별 진드기점수 40%로 계산
2023|중증열성혈소판감소증후군(SFTS)|충남|산길,좋음,2023,3,중증열성혈소판감소증후군(SFTS),충남,12,2130119,0.5633,38.71,,산길,Mountain road,14131,0.00,2023,exact_year,23.226,1,https://neweng-phwr.inforang.com/journal/view.html?number=33&spage=1406&volume=17,질병 60% + 환경별 진드기점수 40%로 계산
2023|중증열성혈소판감소증후군(SFTS)|충남|잡목림,좋음,2023,3,중증열성혈소판감소증후군(SFTS),충남,12,2130119,0.5633,38.71,,잡목림,Copse/Woodland,18241,10.48,2023,exact_year,27.418,1,https://neweng-phwr.inforang.com/journal/view.html?number=33&spage=1406&volume=17,질병 60% + 환경별 진드기점수 40%로 계산
2023|중증열성혈소판감소증후군(SFTS)|충남|초지,나쁨,2023,3,중증열성혈소판감소증후군(SFTS),충남,12,2130119,0.5633,38.71,,초지,Grassland,53348,100.00,2023,exact_year,63.226,4,https://neweng-phwr.inforang.com/journal/view.html?number=33&spage=1406&volume=17,질병 60% + 환경별 진드기점수 40%로 계산
2023|중증열성혈소판감소증후군(SFTS)|전북|무덤,양호,2023,3,중증열성혈소판감소증후군(SFTS),전북,16,1754757,0.9118,51.61,,무덤,Grave,24904,27.47,2023,exact_year,41.954,2,https://neweng-phwr.inforang.com/journal/view.html?number=33&spage=1406&volume=17,질병 60% + 환경별 진드기점수 40%로 계산
2023|중증열성혈소판감소증후군(SFTS)|전북|산길,양호,2023,3,중증열성혈소판감소증후군(SFTS),전북,16,1754757,0.9118,51.61,,산길,Mountain road,14131,0.00,2023,exact_year,30.966,2,https://neweng-phwr.inforang.com/journal/view.html?number=33&spage=1406&volume=17,질병 60% + 환경별 진드기점수 40%로 계산
2023|중증열성혈소판감소증후군(SFTS)|전북|잡목림,양호,2023,3,중증열성혈소판감소증후군(SFTS),전북,16,1754757,0.9118,51.61,,잡목림,Copse/Woodland,18241,10.48,2023,exact_year,35.158,2,https://neweng-phwr.inforang.com/journal/view.html?number=33&spage=1406&volume=17,질병 60% + 환경별 진드기점수 40%로 계산
2023|중증열성혈소판감소증후군(SFTS)|전북|초지,나쁨,2023,3,중증열성혈소판감소증후군(SFTS),전북,16,1754757,0.9118,51.61,,초지,Grassland,53348,100.00,2023,exact_year,70.966,4,https://neweng-phwr.inforang.com/journal/view.html?number=33&spage=1406&volume=17,질병 60% + 환경별 진드기점수 40%로 계산
2023|중증열성혈소판감소증후군(SFTS)|전남|무덤,양호,2023,3,중증열성혈소판감소증후군(SFTS),전남,16,1804217,0.8868,51.61,,무덤,Grave,24904,27.47,2023,exact_year,41.954,2,https://neweng-phwr.inforang.com/journal/view.html?number=33&spage=1406&volume=17,질병 60% + 환경별 진드기점수 40%로 계산
2023|중증열성혈소판감소증후군(SFTS)|전남|산길,양호,2023,3,중증열성혈소판감소증후군(SFTS),전남,16,1804217,0.8868,51.61,,산길,Mountain road,14131,0.00,2023,exact_year,30.966,2,https://neweng-phwr.inforang.com/journal/view.html?number=33&spage=1406&volume=17,질병 60% + 환경별 진드기점수 40%로 계산
2023|중증열성혈소판감소증후군(SFTS)|전남|잡목림,양호,2023,3,중증열성혈소판감소증후군(SFTS),전남,16,1804217,0.8868,51.61,,잡목림,Copse/Woodland,18241,10.48,2023,exact_year,35.158,2,https://neweng-phwr.inforang.com/journal/view.html?number=33&spage=1406&volume=17,질병 60% + 환경별 진드기점수 40%로 계산
2023|중증열성혈소판감소증후군(SFTS)|전남|초지,나쁨,2023,3,중증열성혈소판감소증후군(SFTS),전남,16,1804217,0.8868,51.61,,초지,Grassland,53348,100.00,2023,exact_year,70.966,4,https://neweng-phwr.inforang.com/journal/view.html?number=33&spage=1406&volume=17,질병 60% + 환경별 진드기점수 40%로 계산
2023|중증열성혈소판감소증후군(SFTS)|경북|무덤,보통,2023,3,중증열성혈소판감소증후군(SFTS),경북,20,2554324,0.7830,64.52,,무덤,Grave,24904,27.47,2023,exact_year,49.7,3,https://neweng-phwr.inforang.com/journal/view.html?number=33&spage=1406&volume=17,질병 60% + 환경별 진드기점수 40%로 계산
2023|중증열성혈소판감소증후군(SFTS)|경북|산길,양호,2023,3,중증열성혈소판감소증후군(SFTS),경북,20,2554324,0.7830,64.52,,산길,Mountain road,14131,0.00,2023,exact_year,38.712,2,https://neweng-phwr.inforang.com/journal/view.html?number=33&spage=1406&volume=17,질병 60% + 환경별 진드기점수 40%로 계산
2023|중증열성혈소판감소증후군(SFTS)|경북|잡목림,보통,2023,3,중증열성혈소판감소증후군(SFTS),경북,20,2554324,0.7830,64.52,,잡목림,Copse/Woodland,18241,10.48,2023,exact_year,42.904,3,https://neweng-phwr.inforang.com/journal/view.html?number=33&spage=1406&volume=17,질병 60% + 환경별 진드기점수 40%로 계산
2023|중증열성혈소판감소증후군(SFTS)|경북|초지,매우 나쁨,2023,3,중증열성혈소판감소증후군(SFTS),경북,20,2554324,0.7830,64.52,,초지,Grassland,53348,100.00,2023,exact_year,78.712,5,https://neweng-phwr.inforang.com/journal/view.html?number=33&spage=1406&volume=17,질병 60% + 환경별 진드기점수 40%로 계산
2023|중증열성혈소판감소증후군(SFTS)|경남|무덤,보통,2023,3,중증열성혈소판감소증후군(SFTS),경남,19,3251158,0.5844,61.29,,무덤,Grave,24904,27.47,2023,exact_year,47.762,3,https://neweng-phwr.inforang.com/journal/view.html?number=33&spage=1406&volume=17,질병 60% + 환경별 진드기점수 40%로 계산
2023|중증열성혈소판감소증후군(SFTS)|경남|산길,양호,2023,3,중증열성혈소판감소증후군(SFTS),경남,19,3251158,0.5844,61.29,,산길,Mountain road,14131,0.00,2023,exact_year,36.774,2,https://neweng-phwr.inforang.com/journal/view.html?number=33&spage=1406&volume=17,질병 60% + 환경별 진드기점수 40%로 계산
2023|중증열성혈소판감소증후군(SFTS)|경남|잡목림,양호,2023,3,중증열성혈소판감소증후군(SFTS),경남,19,3251158,0.5844,61.29,,잡목림,Copse/Woodland,18241,10.48,2023,exact_year,40.966,2,https://neweng-phwr.inforang.com/journal/view.html?number=33&spage=1406&volume=17,질병 60% + 환경별 진드기점수 40%로 계산
2023|중증열성혈소판감소증후군(SFTS)|경남|초지,매우 나쁨,2023,3,중증열성혈소판감소증후군(SFTS),경남,19,3251158,0.5844,61.29,,초지,Grassland,53348,100.00,2023,exact_year,76.774,5,https://neweng-phwr.inforang.com/journal/view.html?number=33&spage=1406&volume=17,질병 60% + 환경별 진드기점수 40%로 계산
2023|중증열성혈소판감소증후군(SFTS)|제주|무덤,좋음,2023,3,중증열성혈소판감소증후군(SFTS),제주,8,675252,1.1847,25.81,,무덤,Grave,24904,27.47,2023,exact_year,26.474,1,https://neweng-phwr.inforang.com/journal/view.html?number=33&spage=1406&volume=17,질병 60% + 환경별 진드기점수 40%로 계산
2023|중증열성혈소판감소증후군(SFTS)|제주|산길,좋음,2023,3,중증열성혈소판감소증후군(SFTS),제주,8,675252,1.1847,25.81,,산길,Mountain road,14131,0.00,2023,exact_year,15.486,1,https://neweng-phwr.inforang.com/journal/view.html?number=33&spage=1406&volume=17,질병 60% + 환경별 진드기점수 40%로 계산
2023|중증열성혈소판감소증후군(SFTS)|제주|잡목림,좋음,2023,3,중증열성혈소판감소증후군(SFTS),제주,8,675252,1.1847,25.81,,잡목림,Copse/Woodland,18241,10.48,2023,exact_year,19.678,1,https://neweng-phwr.inforang.com/journal/view.html?number=33&spage=1406&volume=17,질병 60% + 환경별 진드기점수 40%로 계산
2023|중증열성혈소판감소증후군(SFTS)|제주|초지,보통,2023,3,중증열성혈소판감소증후군(SFTS),제주,8,675252,1.1847,25.81,,초지,Grassland,53348,100.00,2023,exact_year,55.486,3,https://neweng-phwr.inforang.com/journal/view.html?number=33&spage=1406&volume=17,질병 60% + 환경별 진드기점수 40%로 계산
2023|중증열성혈소판감소증후군(SFTS)|세종|무덤,좋음,2023,3,중증열성혈소판감소증후군(SFTS),세종,5,386525,1.2936,16.13,,무덤,Grave,24904,27.47,2023,exact_year,20.666,1,https://neweng-phwr.inforang.com/journal/view.html?number=33&spage=1406&volume=17,질병 60% + 환경별 진드기점수 40%로 계산
2023|중증열성혈소판감소증후군(SFTS)|세종|산길,매우 좋음,2023,3,중증열성혈소판감소증후군(SFTS),세종,5,386525,1.2936,16.13,,산길,Mountain road,14131,0.00,2023,exact_year,9.678,0,https://neweng-phwr.inforang.com/journal/view.html?number=33&spage=1406&volume=17,질병 60% + 환경별 진드기점수 40%로 계산
2023|중증열성혈소판감소증후군(SFTS)|세종|잡목림,매우 좋음,2023,3,중증열성혈소판감소증후군(SFTS),세종,5,386525,1.2936,16.13,,잡목림,Copse/Woodland,18241,10.48,2023,exact_year,13.87,0,https://neweng-phwr.inforang.com/journal/view.html?number=33&spage=1406&volume=17,질병 60% + 환경별 진드기점수 40%로 계산
2023|중증열성혈소판감소증후군(SFTS)|세종|초지,보통,2023,3,중증열성혈소판감소증후군(SFTS),세종,5,386525,1.2936,16.13,,초지,Grassland,53348,100.00,2023,exact_year,49.678,3,https://neweng-phwr.inforang.com/journal/view.html?number=33&spage=1406&volume=17,질병 60% + 환경별 진드기점수 40%로 계산
2023|라임병|서울|무덤,나쁨,2023,3,라임병,서울,10,9386034,0.1065,90.91,58.33,무덤,Grave,24904,27.47,2023,exact_year,65.534,4,https://neweng-phwr.inforang.com/journal/view.html?number=33&spage=1406&volume=17,질병 60% + 환경별 진드기점수 40%로 계산
2023|라임병|서울|산길,보통,2023,3,라임병,서울,10,9386034,0.1065,90.91,58.33,산길,Mountain road,14131,0.00,2023,exact_year,54.546,3,https://neweng-phwr.inforang.com/journal/view.html?number=33&spage=1406&volume=17,질병 60% + 환경별 진드기점수 40%로 계산
2023|라임병|서울|잡목림,나쁨,2023,3,라임병,서울,10,9386034,0.1065,90.91,58.33,잡목림,Copse/Woodland,18241,10.48,2023,exact_year,58.738,4,https://neweng-phwr.inforang.com/journal/view.html?number=33&spage=1406&volume=17,질병 60% + 환경별 진드기점수 40%로 계산
2023|라임병|서울|초지,최악,2023,3,라임병,서울,10,9386034,0.1065,90.91,58.33,초지,Grassland,53348,100.00,2023,exact_year,94.546,6,https://neweng-phwr.inforang.com/journal/view.html?number=33&spage=1406&volume=17,질병 60% + 환경별 진드기점수 40%로 계산
2023|라임병|부산|무덤,좋음,2023,3,라임병,부산,1,3293362,0.0304,9.09,37.50,무덤,Grave,24904,27.47,2023,exact_year,16.442,1,https://neweng-phwr.inforang.com/journal/view.html?number=33&spage=1406&volume=17,질병 60% + 환경별 진드기점수 40%로 계산
2023|라임병|부산|산길,매우 좋음,2023,3,라임병,부산,1,3293362,0.0304,9.09,37.50,산길,Mountain road,14131,0.00,2023,exact_year,5.454,0,https://neweng-phwr.inforang.com/journal/view.html?number=33&spage=1406&volume=17,질병 60% + 환경별 진드기점수 40%로 계산
2023|라임병|부산|잡목림,매우 좋음,2023,3,라임병,부산,1,3293362,0.0304,9.09,37.50,잡목림,Copse/Woodland,18241,10.48,2023,exact_year,9.646,0,https://neweng-phwr.inforang.com/journal/view.html?number=33&spage=1406&volume=17,질병 60% + 환경별 진드기점수 40%로 계산
2023|라임병|부산|초지,보통,2023,3,라임병,부산,1,3293362,0.0304,9.09,37.50,초지,Grassland,53348,100.00,2023,exact_year,45.454,3,https://neweng-phwr.inforang.com/journal/view.html?number=33&spage=1406&volume=17,질병 60% + 환경별 진드기점수 40%로 계산
2023|라임병|대구|무덤,매우 좋음,2023,3,라임병,대구,0,2374960,0.0000,0.00,33.33,무덤,Grave,24904,27.47,2023,exact_year,10.988,0,https://neweng-phwr.inforang.com/journal/view.html?number=33&spage=1406&volume=17,질병 60% + 환경별 진드기점수 40%로 계산
2023|라임병|대구|산길,매우 좋음,2023,3,라임병,대구,0,2374960,0.0000,0.00,33.33,산길,Mountain road,14131,0.00,2023,exact_year,0,0,https://neweng-phwr.inforang.com/journal/view.html?number=33&spage=1406&volume=17,질병 60% + 환경별 진드기점수 40%로 계산
2023|라임병|대구|잡목림,매우 좋음,2023,3,라임병,대구,0,2374960,0.0000,0.00,33.33,잡목림,Copse/Woodland,18241,10.48,2023,exact_year,4.192,0,https://neweng-phwr.inforang.com/journal/view.html?number=33&spage=1406&volume=17,질병 60% + 환경별 진드기점수 40%로 계산
2023|라임병|대구|초지,양호,2023,3,라임병,대구,0,2374960,0.0000,0.00,33.33,초지,Grassland,53348,100.00,2023,exact_year,40,2,https://neweng-phwr.inforang.com/journal/view.html?number=33&spage=1406&volume=17,질병 60% + 환경별 진드기점수 40%로 계산
2023|라임병|인천|무덤,나쁨,2023,3,라임병,인천,10,2997410,0.3336,90.91,70.83,무덤,Grave,24904,27.47,2023,exact_year,65.534,4,https://neweng-phwr.inforang.com/journal/view.html?number=33&spage=1406&volume=17,질병 60% + 환경별 진드기점수 40%로 계산
2023|라임병|인천|산길,보통,2023,3,라임병,인천,10,2997410,0.3336,90.91,70.83,산길,Mountain road,14131,0.00,2023,exact_year,54.546,3,https://neweng-phwr.inforang.com/journal/view.html?number=33&spage=1406&volume=17,질병 60% + 환경별 진드기점수 40%로 계산
2023|라임병|인천|잡목림,나쁨,2023,3,라임병,인천,10,2997410,0.3336,90.91,70.83,잡목림,Copse/Woodland,18241,10.48,2023,exact_year,58.738,4,https://neweng-phwr.inforang.com/journal/view.html?number=33&spage=1406&volume=17,질병 60% + 환경별 진드기점수 40%로 계산
2023|라임병|인천|초지,최악,2023,3,라임병,인천,10,2997410,0.3336,90.91,70.83,초지,Grassland,53348,100.00,2023,exact_year,94.546,6,https://neweng-phwr.inforang.com/journal/view.html?number=33&spage=1406&volume=17,질병 60% + 환경별 진드기점수 40%로 계산
2023|라임병|광주|무덤,매우 좋음,2023,3,라임병,광주,0,1419237,0.0000,0.00,33.33,무덤,Grave,24904,27.47,2023,exact_year,10.988,0,https://neweng-phwr.inforang.com/journal/view.html?number=33&spage=1406&volume=17,질병 60% + 환경별 진드기점수 40%로 계산
2023|라임병|광주|산길,매우 좋음,2023,3,라임병,광주,0,1419237,0.0000,0.00,33.33,산길,Mountain road,14131,0.00,2023,exact_year,0,0,https://neweng-phwr.inforang.com/journal/view.html?number=33&spage=1406&volume=17,질병 60% + 환경별 진드기점수 40%로 계산
2023|라임병|광주|잡목림,매우 좋음,2023,3,라임병,광주,0,1419237,0.0000,0.00,33.33,잡목림,Copse/Woodland,18241,10.48,2023,exact_year,4.192,0,https://neweng-phwr.inforang.com/journal/view.html?number=33&spage=1406&volume=17,질병 60% + 환경별 진드기점수 40%로 계산
2023|라임병|광주|초지,양호,2023,3,라임병,광주,0,1419237,0.0000,0.00,33.33,초지,Grassland,53348,100.00,2023,exact_year,40,2,https://neweng-phwr.inforang.com/journal/view.html?number=33&spage=1406&volume=17,질병 60% + 환경별 진드기점수 40%로 계산
2023|라임병|대전|무덤,매우 좋음,2023,3,라임병,대전,0,1442216,0.0000,0.00,33.33,무덤,Grave,24904,27.47,2023,exact_year,10.988,0,https://neweng-phwr.inforang.com/journal/view.html?number=33&spage=1406&volume=17,질병 60% + 환경별 진드기점수 40%로 계산
2023|라임병|대전|산길,매우 좋음,2023,3,라임병,대전,0,1442216,0.0000,0.00,33.33,산길,Mountain road,14131,0.00,2023,exact_year,0,0,https://neweng-phwr.inforang.com/journal/view.html?number=33&spage=1406&volume=17,질병 60% + 환경별 진드기점수 40%로 계산
2023|라임병|대전|잡목림,매우 좋음,2023,3,라임병,대전,0,1442216,0.0000,0.00,33.33,잡목림,Copse/Woodland,18241,10.48,2023,exact_year,4.192,0,https://neweng-phwr.inforang.com/journal/view.html?number=33&spage=1406&volume=17,질병 60% + 환경별 진드기점수 40%로 계산
2023|라임병|대전|초지,양호,2023,3,라임병,대전,0,1442216,0.0000,0.00,33.33,초지,Grassland,53348,100.00,2023,exact_year,40,2,https://neweng-phwr.inforang.com/journal/view.html?number=33&spage=1406&volume=17,질병 60% + 환경별 진드기점수 40%로 계산
2023|라임병|울산|무덤,매우 좋음,2023,3,라임병,울산,0,1103661,0.0000,0.00,33.33,무덤,Grave,24904,27.47,2023,exact_year,10.988,0,https://neweng-phwr.inforang.com/journal/view.html?number=33&spage=1406&volume=17,질병 60% + 환경별 진드기점수 40%로 계산
2023|라임병|울산|산길,매우 좋음,2023,3,라임병,울산,0,1103661,0.0000,0.00,33.33,산길,Mountain road,14131,0.00,2023,exact_year,0,0,https://neweng-phwr.inforang.com/journal/view.html?number=33&spage=1406&volume=17,질병 60% + 환경별 진드기점수 40%로 계산
2023|라임병|울산|잡목림,매우 좋음,2023,3,라임병,울산,0,1103661,0.0000,0.00,33.33,잡목림,Copse/Woodland,18241,10.48,2023,exact_year,4.192,0,https://neweng-phwr.inforang.com/journal/view.html?number=33&spage=1406&volume=17,질병 60% + 환경별 진드기점수 40%로 계산
2023|라임병|울산|초지,양호,2023,3,라임병,울산,0,1103661,0.0000,0.00,33.33,초지,Grassland,53348,100.00,2023,exact_year,40,2,https://neweng-phwr.inforang.com/journal/view.html?number=33&spage=1406&volume=17,질병 60% + 환경별 진드기점수 40%로 계산
2023|라임병|경기|무덤,보통,2023,3,라임병,경기,8,13630821,0.0587,72.73,33.33,무덤,Grave,24904,27.47,2023,exact_year,54.626,3,https://neweng-phwr.inforang.com/journal/view.html?number=33&spage=1406&volume=17,질병 60% + 환경별 진드기점수 40%로 계산
2023|라임병|경기|산길,보통,2023,3,라임병,경기,8,13630821,0.0587,72.73,33.33,산길,Mountain road,14131,0.00,2023,exact_year,43.638,3,https://neweng-phwr.inforang.com/journal/view.html?number=33&spage=1406&volume=17,질병 60% + 환경별 진드기점수 40%로 계산
2023|라임병|경기|잡목림,보통,2023,3,라임병,경기,8,13630821,0.0587,72.73,33.33,잡목림,Copse/Woodland,18241,10.48,2023,exact_year,47.83,3,https://neweng-phwr.inforang.com/journal/view.html?number=33&spage=1406&volume=17,질병 60% + 환경별 진드기점수 40%로 계산
2023|라임병|경기|초지,매우 나쁨,2023,3,라임병,경기,8,13630821,0.0587,72.73,33.33,초지,Grassland,53348,100.00,2023,exact_year,83.638,5,https://neweng-phwr.inforang.com/journal/view.html?number=33&spage=1406&volume=17,질병 60% + 환경별 진드기점수 40%로 계산
2023|라임병|강원|무덤,매우 좋음,2023,3,라임병,강원,0,1527807,0.0000,0.00,33.33,무덤,Grave,24904,27.47,2023,exact_year,10.988,0,https://neweng-phwr.inforang.com/journal/view.html?number=33&spage=1406&volume=17,질병 60% + 환경별 진드기점수 40%로 계산
2023|라임병|강원|산길,매우 좋음,2023,3,라임병,강원,0,1527807,0.0000,0.00,33.33,산길,Mountain road,14131,0.00,2023,exact_year,0,0,https://neweng-phwr.inforang.com/journal/view.html?number=33&spage=1406&volume=17,질병 60% + 환경별 진드기점수 40%로 계산
2023|라임병|강원|잡목림,매우 좋음,2023,3,라임병,강원,0,1527807,0.0000,0.00,33.33,잡목림,Copse/Woodland,18241,10.48,2023,exact_year,4.192,0,https://neweng-phwr.inforang.com/journal/view.html?number=33&spage=1406&volume=17,질병 60% + 환경별 진드기점수 40%로 계산
2023|라임병|강원|초지,양호,2023,3,라임병,강원,0,1527807,0.0000,0.00,33.33,초지,Grassland,53348,100.00,2023,exact_year,40,2,https://neweng-phwr.inforang.com/journal/view.html?number=33&spage=1406&volume=17,질병 60% + 환경별 진드기점수 40%로 계산
2023|라임병|충북|무덤,좋음,2023,3,라임병,충북,2,1593469,0.1255,18.18,37.50,무덤,Grave,24904,27.47,2023,exact_year,21.896,1,https://neweng-phwr.inforang.com/journal/view.html?number=33&spage=1406&volume=17,질병 60% + 환경별 진드기점수 40%로 계산
2023|라임병|충북|산길,매우 좋음,2023,3,라임병,충북,2,1593469,0.1255,18.18,37.50,산길,Mountain road,14131,0.00,2023,exact_year,10.908,0,https://neweng-phwr.inforang.com/journal/view.html?number=33&spage=1406&volume=17,질병 60% + 환경별 진드기점수 40%로 계산
2023|라임병|충북|잡목림,좋음,2023,3,라임병,충북,2,1593469,0.1255,18.18,37.50,잡목림,Copse/Woodland,18241,10.48,2023,exact_year,15.1,1,https://neweng-phwr.inforang.com/journal/view.html?number=33&spage=1406&volume=17,질병 60% + 환경별 진드기점수 40%로 계산
2023|라임병|충북|초지,보통,2023,3,라임병,충북,2,1593469,0.1255,18.18,37.50,초지,Grassland,53348,100.00,2023,exact_year,50.908,3,https://neweng-phwr.inforang.com/journal/view.html?number=33&spage=1406&volume=17,질병 60% + 환경별 진드기점수 40%로 계산
2023|라임병|충남|무덤,나쁨,2023,3,라임병,충남,11,2130119,0.5164,100.00,66.67,무덤,Grave,24904,27.47,2023,exact_year,70.988,4,https://neweng-phwr.inforang.com/journal/view.html?number=33&spage=1406&volume=17,질병 60% + 환경별 진드기점수 40%로 계산
2023|라임병|충남|산길,나쁨,2023,3,라임병,충남,11,2130119,0.5164,100.00,66.67,산길,Mountain road,14131,0.00,2023,exact_year,60,4,https://neweng-phwr.inforang.com/journal/view.html?number=33&spage=1406&volume=17,질병 60% + 환경별 진드기점수 40%로 계산
2023|라임병|충남|잡목림,나쁨,2023,3,라임병,충남,11,2130119,0.5164,100.00,66.67,잡목림,Copse/Woodland,18241,10.48,2023,exact_year,64.192,4,https://neweng-phwr.inforang.com/journal/view.html?number=33&spage=1406&volume=17,질병 60% + 환경별 진드기점수 40%로 계산
2023|라임병|충남|초지,최악,2023,3,라임병,충남,11,2130119,0.5164,100.00,66.67,초지,Grassland,53348,100.00,2023,exact_year,100,6,https://neweng-phwr.inforang.com/journal/view.html?number=33&spage=1406&volume=17,질병 60% + 환경별 진드기점수 40%로 계산
2023|라임병|전북|무덤,매우 좋음,2023,3,라임병,전북,0,1754757,0.0000,0.00,29.17,무덤,Grave,24904,27.47,2023,exact_year,10.988,0,https://neweng-phwr.inforang.com/journal/view.html?number=33&spage=1406&volume=17,질병 60% + 환경별 진드기점수 40%로 계산
2023|라임병|전북|산길,매우 좋음,2023,3,라임병,전북,0,1754757,0.0000,0.00,29.17,산길,Mountain road,14131,0.00,2023,exact_year,0,0,https://neweng-phwr.inforang.com/journal/view.html?number=33&spage=1406&volume=17,질병 60% + 환경별 진드기점수 40%로 계산
2023|라임병|전북|잡목림,매우 좋음,2023,3,라임병,전북,0,1754757,0.0000,0.00,29.17,잡목림,Copse/Woodland,18241,10.48,2023,exact_year,4.192,0,https://neweng-phwr.inforang.com/journal/view.html?number=33&spage=1406&volume=17,질병 60% + 환경별 진드기점수 40%로 계산
2023|라임병|전북|초지,양호,2023,3,라임병,전북,0,1754757,0.0000,0.00,29.17,초지,Grassland,53348,100.00,2023,exact_year,40,2,https://neweng-phwr.inforang.com/journal/view.html?number=33&spage=1406&volume=17,질병 60% + 환경별 진드기점수 40%로 계산
2023|라임병|전남|무덤,매우 좋음,2023,3,라임병,전남,0,1804217,0.0000,0.00,25.00,무덤,Grave,24904,27.47,2023,exact_year,10.988,0,https://neweng-phwr.inforang.com/journal/view.html?number=33&spage=1406&volume=17,질병 60% + 환경별 진드기점수 40%로 계산
2023|라임병|전남|산길,매우 좋음,2023,3,라임병,전남,0,1804217,0.0000,0.00,25.00,산길,Mountain road,14131,0.00,2023,exact_year,0,0,https://neweng-phwr.inforang.com/journal/view.html?number=33&spage=1406&volume=17,질병 60% + 환경별 진드기점수 40%로 계산
2023|라임병|전남|잡목림,매우 좋음,2023,3,라임병,전남,0,1804217,0.0000,0.00,25.00,잡목림,Copse/Woodland,18241,10.48,2023,exact_year,4.192,0,https://neweng-phwr.inforang.com/journal/view.html?number=33&spage=1406&volume=17,질병 60% + 환경별 진드기점수 40%로 계산
2023|라임병|전남|초지,양호,2023,3,라임병,전남,0,1804217,0.0000,0.00,25.00,초지,Grassland,53348,100.00,2023,exact_year,40,2,https://neweng-phwr.inforang.com/journal/view.html?number=33&spage=1406&volume=17,질병 60% + 환경별 진드기점수 40%로 계산
2023|라임병|경북|무덤,좋음,2023,3,라임병,경북,1,2554324,0.0391,9.09,37.50,무덤,Grave,24904,27.47,2023,exact_year,16.442,1,https://neweng-phwr.inforang.com/journal/view.html?number=33&spage=1406&volume=17,질병 60% + 환경별 진드기점수 40%로 계산
2023|라임병|경북|산길,매우 좋음,2023,3,라임병,경북,1,2554324,0.0391,9.09,37.50,산길,Mountain road,14131,0.00,2023,exact_year,5.454,0,https://neweng-phwr.inforang.com/journal/view.html?number=33&spage=1406&volume=17,질병 60% + 환경별 진드기점수 40%로 계산
2023|라임병|경북|잡목림,매우 좋음,2023,3,라임병,경북,1,2554324,0.0391,9.09,37.50,잡목림,Copse/Woodland,18241,10.48,2023,exact_year,9.646,0,https://neweng-phwr.inforang.com/journal/view.html?number=33&spage=1406&volume=17,질병 60% + 환경별 진드기점수 40%로 계산
2023|라임병|경북|초지,보통,2023,3,라임병,경북,1,2554324,0.0391,9.09,37.50,초지,Grassland,53348,100.00,2023,exact_year,45.454,3,https://neweng-phwr.inforang.com/journal/view.html?number=33&spage=1406&volume=17,질병 60% + 환경별 진드기점수 40%로 계산
2023|라임병|경남|무덤,좋음,2023,3,라임병,경남,2,3251158,0.0615,18.18,33.33,무덤,Grave,24904,27.47,2023,exact_year,21.896,1,https://neweng-phwr.inforang.com/journal/view.html?number=33&spage=1406&volume=17,질병 60% + 환경별 진드기점수 40%로 계산
2023|라임병|경남|산길,매우 좋음,2023,3,라임병,경남,2,3251158,0.0615,18.18,33.33,산길,Mountain road,14131,0.00,2023,exact_year,10.908,0,https://neweng-phwr.inforang.com/journal/view.html?number=33&spage=1406&volume=17,질병 60% + 환경별 진드기점수 40%로 계산
2023|라임병|경남|잡목림,좋음,2023,3,라임병,경남,2,3251158,0.0615,18.18,33.33,잡목림,Copse/Woodland,18241,10.48,2023,exact_year,15.1,1,https://neweng-phwr.inforang.com/journal/view.html?number=33&spage=1406&volume=17,질병 60% + 환경별 진드기점수 40%로 계산
2023|라임병|경남|초지,보통,2023,3,라임병,경남,2,3251158,0.0615,18.18,33.33,초지,Grassland,53348,100.00,2023,exact_year,50.908,3,https://neweng-phwr.inforang.com/journal/view.html?number=33&spage=1406&volume=17,질병 60% + 환경별 진드기점수 40%로 계산
2023|라임병|제주|무덤,매우 좋음,2023,3,라임병,제주,0,675252,0.0000,0.00,33.33,무덤,Grave,24904,27.47,2023,exact_year,10.988,0,https://neweng-phwr.inforang.com/journal/view.html?number=33&spage=1406&volume=17,질병 60% + 환경별 진드기점수 40%로 계산
2023|라임병|제주|산길,매우 좋음,2023,3,라임병,제주,0,675252,0.0000,0.00,33.33,산길,Mountain road,14131,0.00,2023,exact_year,0,0,https://neweng-phwr.inforang.com/journal/view.html?number=33&spage=1406&volume=17,질병 60% + 환경별 진드기점수 40%로 계산
2023|라임병|제주|잡목림,매우 좋음,2023,3,라임병,제주,0,675252,0.0000,0.00,33.33,잡목림,Copse/Woodland,18241,10.48,2023,exact_year,4.192,0,https://neweng-phwr.inforang.com/journal/view.html?number=33&spage=1406&volume=17,질병 60% + 환경별 진드기점수 40%로 계산
2023|라임병|제주|초지,양호,2023,3,라임병,제주,0,675252,0.0000,0.00,33.33,초지,Grassland,53348,100.00,2023,exact_year,40,2,https://neweng-phwr.inforang.com/journal/view.html?number=33&spage=1406&volume=17,질병 60% + 환경별 진드기점수 40%로 계산
2023|라임병|세종|무덤,매우 좋음,2023,3,라임병,세종,0,386525,0.0000,0.00,33.33,무덤,Grave,24904,27.47,2023,exact_year,10.988,0,https://neweng-phwr.inforang.com/journal/view.html?number=33&spage=1406&volume=17,질병 60% + 환경별 진드기점수 40%로 계산
2023|라임병|세종|산길,매우 좋음,2023,3,라임병,세종,0,386525,0.0000,0.00,33.33,산길,Mountain road,14131,0.00,2023,exact_year,0,0,https://neweng-phwr.inforang.com/journal/view.html?number=33&spage=1406&volume=17,질병 60% + 환경별 진드기점수 40%로 계산
2023|라임병|세종|잡목림,매우 좋음,2023,3,라임병,세종,0,386525,0.0000,0.00,33.33,잡목림,Copse/Woodland,18241,10.48,2023,exact_year,4.192,0,https://neweng-phwr.inforang.com/journal/view.html?number=33&spage=1406&volume=17,질병 60% + 환경별 진드기점수 40%로 계산
2023|라임병|세종|초지,양호,2023,3,라임병,세종,0,386525,0.0000,0.00,33.33,초지,Grassland,53348,100.00,2023,exact_year,40,2,https://neweng-phwr.inforang.com/journal/view.html?number=33&spage=1406&volume=17,질병 60% + 환경별 진드기점수 40%로 계산
2023|쯔쯔가무시증|서울|무덤,좋음,2023,3,쯔쯔가무시증,서울,140,9386034,1.4916,11.25,78.88,무덤,Grave,24904,27.47,2023,exact_year,17.738,1,https://neweng-phwr.inforang.com/journal/view.html?number=33&spage=1406&volume=17,질병 60% + 환경별 진드기점수 40%로 계산
2023|쯔쯔가무시증|서울|산길,매우 좋음,2023,3,쯔쯔가무시증,서울,140,9386034,1.4916,11.25,78.88,산길,Mountain road,14131,0.00,2023,exact_year,6.75,0,https://neweng-phwr.inforang.com/journal/view.html?number=33&spage=1406&volume=17,질병 60% + 환경별 진드기점수 40%로 계산
2023|쯔쯔가무시증|서울|잡목림,매우 좋음,2023,3,쯔쯔가무시증,서울,140,9386034,1.4916,11.25,78.88,잡목림,Copse/Woodland,18241,10.48,2023,exact_year,10.942,0,https://neweng-phwr.inforang.com/journal/view.html?number=33&spage=1406&volume=17,질병 60% + 환경별 진드기점수 40%로 계산
2023|쯔쯔가무시증|서울|초지,보통,2023,3,쯔쯔가무시증,서울,140,9386034,1.4916,11.25,78.88,초지,Grassland,53348,100.00,2023,exact_year,46.75,3,https://neweng-phwr.inforang.com/journal/view.html?number=33&spage=1406&volume=17,질병 60% + 환경별 진드기점수 40%로 계산
2023|쯔쯔가무시증|부산|무덤,좋음,2023,3,쯔쯔가무시증,부산,268,3293362,8.1376,23.24,62.01,무덤,Grave,24904,27.47,2023,exact_year,24.932,1,https://neweng-phwr.inforang.com/journal/view.html?number=33&spage=1406&volume=17,질병 60% + 환경별 진드기점수 40%로 계산
2023|쯔쯔가무시증|부산|산길,매우 좋음,2023,3,쯔쯔가무시증,부산,268,3293362,8.1376,23.24,62.01,산길,Mountain road,14131,0.00,2023,exact_year,13.944,0,https://neweng-phwr.inforang.com/journal/view.html?number=33&spage=1406&volume=17,질병 60% + 환경별 진드기점수 40%로 계산
2023|쯔쯔가무시증|부산|잡목림,좋음,2023,3,쯔쯔가무시증,부산,268,3293362,8.1376,23.24,62.01,잡목림,Copse/Woodland,18241,10.48,2023,exact_year,18.136,1,https://neweng-phwr.inforang.com/journal/view.html?number=33&spage=1406&volume=17,질병 60% + 환경별 진드기점수 40%로 계산
2023|쯔쯔가무시증|부산|초지,보통,2023,3,쯔쯔가무시증,부산,268,3293362,8.1376,23.24,62.01,초지,Grassland,53348,100.00,2023,exact_year,53.944,3,https://neweng-phwr.inforang.com/journal/view.html?number=33&spage=1406&volume=17,질병 60% + 환경별 진드기점수 40%로 계산
2023|쯔쯔가무시증|대구|무덤,좋음,2023,3,쯔쯔가무시증,대구,125,2374960,5.2632,9.84,78.28,무덤,Grave,24904,27.47,2023,exact_year,16.892,1,https://neweng-phwr.inforang.com/journal/view.html?number=33&spage=1406&volume=17,질병 60% + 환경별 진드기점수 40%로 계산
2023|쯔쯔가무시증|대구|산길,매우 좋음,2023,3,쯔쯔가무시증,대구,125,2374960,5.2632,9.84,78.28,산길,Mountain road,14131,0.00,2023,exact_year,5.904,0,https://neweng-phwr.inforang.com/journal/view.html?number=33&spage=1406&volume=17,질병 60% + 환경별 진드기점수 40%로 계산
2023|쯔쯔가무시증|대구|잡목림,매우 좋음,2023,3,쯔쯔가무시증,대구,125,2374960,5.2632,9.84,78.28,잡목림,Copse/Woodland,18241,10.48,2023,exact_year,10.096,0,https://neweng-phwr.inforang.com/journal/view.html?number=33&spage=1406&volume=17,질병 60% + 환경별 진드기점수 40%로 계산
2023|쯔쯔가무시증|대구|초지,보통,2023,3,쯔쯔가무시증,대구,125,2374960,5.2632,9.84,78.28,초지,Grassland,53348,100.00,2023,exact_year,45.904,3,https://neweng-phwr.inforang.com/journal/view.html?number=33&spage=1406&volume=17,질병 60% + 환경별 진드기점수 40%로 계산
2023|쯔쯔가무시증|인천|무덤,매우 좋음,2023,3,쯔쯔가무시증,인천,65,2997410,2.1685,4.22,79.85,무덤,Grave,24904,27.47,2023,exact_year,13.52,0,https://neweng-phwr.inforang.com/journal/view.html?number=33&spage=1406&volume=17,질병 60% + 환경별 진드기점수 40%로 계산
2023|쯔쯔가무시증|인천|산길,매우 좋음,2023,3,쯔쯔가무시증,인천,65,2997410,2.1685,4.22,79.85,산길,Mountain road,14131,0.00,2023,exact_year,2.532,0,https://neweng-phwr.inforang.com/journal/view.html?number=33&spage=1406&volume=17,질병 60% + 환경별 진드기점수 40%로 계산
2023|쯔쯔가무시증|인천|잡목림,매우 좋음,2023,3,쯔쯔가무시증,인천,65,2997410,2.1685,4.22,79.85,잡목림,Copse/Woodland,18241,10.48,2023,exact_year,6.724,0,https://neweng-phwr.inforang.com/journal/view.html?number=33&spage=1406&volume=17,질병 60% + 환경별 진드기점수 40%로 계산
2023|쯔쯔가무시증|인천|초지,양호,2023,3,쯔쯔가무시증,인천,65,2997410,2.1685,4.22,79.85,초지,Grassland,53348,100.00,2023,exact_year,42.532,2,https://neweng-phwr.inforang.com/journal/view.html?number=33&spage=1406&volume=17,질병 60% + 환경별 진드기점수 40%로 계산
2023|쯔쯔가무시증|광주|무덤,좋음,2023,3,쯔쯔가무시증,광주,168,1419237,11.8373,13.87,78.76,무덤,Grave,24904,27.47,2023,exact_year,19.31,1,https://neweng-phwr.inforang.com/journal/view.html?number=33&spage=1406&volume=17,질병 60% + 환경별 진드기점수 40%로 계산
2023|쯔쯔가무시증|광주|산길,매우 좋음,2023,3,쯔쯔가무시증,광주,168,1419237,11.8373,13.87,78.76,산길,Mountain road,14131,0.00,2023,exact_year,8.322,0,https://neweng-phwr.inforang.com/journal/view.html?number=33&spage=1406&volume=17,질병 60% + 환경별 진드기점수 40%로 계산
2023|쯔쯔가무시증|광주|잡목림,매우 좋음,2023,3,쯔쯔가무시증,광주,168,1419237,11.8373,13.87,78.76,잡목림,Copse/Woodland,18241,10.48,2023,exact_year,12.514,0,https://neweng-phwr.inforang.com/journal/view.html?number=33&spage=1406&volume=17,질병 60% + 환경별 진드기점수 40%로 계산
2023|쯔쯔가무시증|광주|초지,보통,2023,3,쯔쯔가무시증,광주,168,1419237,11.8373,13.87,78.76,초지,Grassland,53348,100.00,2023,exact_year,48.322,3,https://neweng-phwr.inforang.com/journal/view.html?number=33&spage=1406&volume=17,질병 60% + 환경별 진드기점수 40%로 계산
2023|쯔쯔가무시증|대전|무덤,좋음,2023,3,쯔쯔가무시증,대전,133,1442216,9.2219,10.59,74.88,무덤,Grave,24904,27.47,2023,exact_year,17.342,1,https://neweng-phwr.inforang.com/journal/view.html?number=33&spage=1406&volume=17,질병 60% + 환경별 진드기점수 40%로 계산
2023|쯔쯔가무시증|대전|산길,매우 좋음,2023,3,쯔쯔가무시증,대전,133,1442216,9.2219,10.59,74.88,산길,Mountain road,14131,0.00,2023,exact_year,6.354,0,https://neweng-phwr.inforang.com/journal/view.html?number=33&spage=1406&volume=17,질병 60% + 환경별 진드기점수 40%로 계산
2023|쯔쯔가무시증|대전|잡목림,매우 좋음,2023,3,쯔쯔가무시증,대전,133,1442216,9.2219,10.59,74.88,잡목림,Copse/Woodland,18241,10.48,2023,exact_year,10.546,0,https://neweng-phwr.inforang.com/journal/view.html?number=33&spage=1406&volume=17,질병 60% + 환경별 진드기점수 40%로 계산
2023|쯔쯔가무시증|대전|초지,보통,2023,3,쯔쯔가무시증,대전,133,1442216,9.2219,10.59,74.88,초지,Grassland,53348,100.00,2023,exact_year,46.354,3,https://neweng-phwr.inforang.com/journal/view.html?number=33&spage=1406&volume=17,질병 60% + 환경별 진드기점수 40%로 계산
2023|쯔쯔가무시증|울산|무덤,좋음,2023,3,쯔쯔가무시증,울산,177,1103661,16.0375,14.71,66.38,무덤,Grave,24904,27.47,2023,exact_year,19.814,1,https://neweng-phwr.inforang.com/journal/view.html?number=33&spage=1406&volume=17,질병 60% + 환경별 진드기점수 40%로 계산
2023|쯔쯔가무시증|울산|산길,매우 좋음,2023,3,쯔쯔가무시증,울산,177,1103661,16.0375,14.71,66.38,산길,Mountain road,14131,0.00,2023,exact_year,8.826,0,https://neweng-phwr.inforang.com/journal/view.html?number=33&spage=1406&volume=17,질병 60% + 환경별 진드기점수 40%로 계산
2023|쯔쯔가무시증|울산|잡목림,매우 좋음,2023,3,쯔쯔가무시증,울산,177,1103661,16.0375,14.71,66.38,잡목림,Copse/Woodland,18241,10.48,2023,exact_year,13.018,0,https://neweng-phwr.inforang.com/journal/view.html?number=33&spage=1406&volume=17,질병 60% + 환경별 진드기점수 40%로 계산
2023|쯔쯔가무시증|울산|초지,보통,2023,3,쯔쯔가무시증,울산,177,1103661,16.0375,14.71,66.38,초지,Grassland,53348,100.00,2023,exact_year,48.826,3,https://neweng-phwr.inforang.com/journal/view.html?number=33&spage=1406&volume=17,질병 60% + 환경별 진드기점수 40%로 계산
2023|쯔쯔가무시증|경기|무덤,양호,2023,3,쯔쯔가무시증,경기,360,13630821,2.6411,31.87,77.18,무덤,Grave,24904,27.47,2023,exact_year,30.11,2,https://neweng-phwr.inforang.com/journal/view.html?number=33&spage=1406&volume=17,질병 60% + 환경별 진드기점수 40%로 계산
2023|쯔쯔가무시증|경기|산길,좋음,2023,3,쯔쯔가무시증,경기,360,13630821,2.6411,31.87,77.18,산길,Mountain road,14131,0.00,2023,exact_year,19.122,1,https://neweng-phwr.inforang.com/journal/view.html?number=33&spage=1406&volume=17,질병 60% + 환경별 진드기점수 40%로 계산
2023|쯔쯔가무시증|경기|잡목림,좋음,2023,3,쯔쯔가무시증,경기,360,13630821,2.6411,31.87,77.18,잡목림,Copse/Woodland,18241,10.48,2023,exact_year,23.314,1,https://neweng-phwr.inforang.com/journal/view.html?number=33&spage=1406&volume=17,질병 60% + 환경별 진드기점수 40%로 계산
2023|쯔쯔가무시증|경기|초지,나쁨,2023,3,쯔쯔가무시증,경기,360,13630821,2.6411,31.87,77.18,초지,Grassland,53348,100.00,2023,exact_year,59.122,4,https://neweng-phwr.inforang.com/journal/view.html?number=33&spage=1406&volume=17,질병 60% + 환경별 진드기점수 40%로 계산
2023|쯔쯔가무시증|강원|무덤,매우 좋음,2023,3,쯔쯔가무시증,강원,20,1527807,1.3091,0.00,79.37,무덤,Grave,24904,27.47,2023,exact_year,10.988,0,https://neweng-phwr.inforang.com/journal/view.html?number=33&spage=1406&volume=17,질병 60% + 환경별 진드기점수 40%로 계산
2023|쯔쯔가무시증|강원|산길,매우 좋음,2023,3,쯔쯔가무시증,강원,20,1527807,1.3091,0.00,79.37,산길,Mountain road,14131,0.00,2023,exact_year,0,0,https://neweng-phwr.inforang.com/journal/view.html?number=33&spage=1406&volume=17,질병 60% + 환경별 진드기점수 40%로 계산
2023|쯔쯔가무시증|강원|잡목림,매우 좋음,2023,3,쯔쯔가무시증,강원,20,1527807,1.3091,0.00,79.37,잡목림,Copse/Woodland,18241,10.48,2023,exact_year,4.192,0,https://neweng-phwr.inforang.com/journal/view.html?number=33&spage=1406&volume=17,질병 60% + 환경별 진드기점수 40%로 계산
2023|쯔쯔가무시증|강원|초지,양호,2023,3,쯔쯔가무시증,강원,20,1527807,1.3091,0.00,79.37,초지,Grassland,53348,100.00,2023,exact_year,40,2,https://neweng-phwr.inforang.com/journal/view.html?number=33&spage=1406&volume=17,질병 60% + 환경별 진드기점수 40%로 계산
2023|쯔쯔가무시증|충북|무덤,좋음,2023,3,쯔쯔가무시증,충북,119,1593469,7.4680,9.28,80.34,무덤,Grave,24904,27.47,2023,exact_year,16.556,1,https://neweng-phwr.inforang.com/journal/view.html?number=33&spage=1406&volume=17,질병 60% + 환경별 진드기점수 40%로 계산
2023|쯔쯔가무시증|충북|산길,매우 좋음,2023,3,쯔쯔가무시증,충북,119,1593469,7.4680,9.28,80.34,산길,Mountain road,14131,0.00,2023,exact_year,5.568,0,https://neweng-phwr.inforang.com/journal/view.html?number=33&spage=1406&volume=17,질병 60% + 환경별 진드기점수 40%로 계산
2023|쯔쯔가무시증|충북|잡목림,매우 좋음,2023,3,쯔쯔가무시증,충북,119,1593469,7.4680,9.28,80.34,잡목림,Copse/Woodland,18241,10.48,2023,exact_year,9.76,0,https://neweng-phwr.inforang.com/journal/view.html?number=33&spage=1406&volume=17,질병 60% + 환경별 진드기점수 40%로 계산
2023|쯔쯔가무시증|충북|초지,보통,2023,3,쯔쯔가무시증,충북,119,1593469,7.4680,9.28,80.34,초지,Grassland,53348,100.00,2023,exact_year,45.568,3,https://neweng-phwr.inforang.com/journal/view.html?number=33&spage=1406&volume=17,질병 60% + 환경별 진드기점수 40%로 계산
2023|쯔쯔가무시증|충남|무덤,보통,2023,3,쯔쯔가무시증,충남,788,2130119,36.9932,71.98,97.33,무덤,Grave,24904,27.47,2023,exact_year,54.176,3,https://neweng-phwr.inforang.com/journal/view.html?number=33&spage=1406&volume=17,질병 60% + 환경별 진드기점수 40%로 계산
2023|쯔쯔가무시증|충남|산길,보통,2023,3,쯔쯔가무시증,충남,788,2130119,36.9932,71.98,97.33,산길,Mountain road,14131,0.00,2023,exact_year,43.188,3,https://neweng-phwr.inforang.com/journal/view.html?number=33&spage=1406&volume=17,질병 60% + 환경별 진드기점수 40%로 계산
2023|쯔쯔가무시증|충남|잡목림,보통,2023,3,쯔쯔가무시증,충남,788,2130119,36.9932,71.98,97.33,잡목림,Copse/Woodland,18241,10.48,2023,exact_year,47.38,3,https://neweng-phwr.inforang.com/journal/view.html?number=33&spage=1406&volume=17,질병 60% + 환경별 진드기점수 40%로 계산
2023|쯔쯔가무시증|충남|초지,매우 나쁨,2023,3,쯔쯔가무시증,충남,788,2130119,36.9932,71.98,97.33,초지,Grassland,53348,100.00,2023,exact_year,83.188,5,https://neweng-phwr.inforang.com/journal/view.html?number=33&spage=1406&volume=17,질병 60% + 환경별 진드기점수 40%로 계산
2023|쯔쯔가무시증|전북|무덤,보통,2023,3,쯔쯔가무시증,전북,728,1754757,41.4872,66.35,76.94,무덤,Grave,24904,27.47,2023,exact_year,50.798,3,https://neweng-phwr.inforang.com/journal/view.html?number=33&spage=1406&volume=17,질병 60% + 환경별 진드기점수 40%로 계산
2023|쯔쯔가무시증|전북|산길,양호,2023,3,쯔쯔가무시증,전북,728,1754757,41.4872,66.35,76.94,산길,Mountain road,14131,0.00,2023,exact_year,39.81,2,https://neweng-phwr.inforang.com/journal/view.html?number=33&spage=1406&volume=17,질병 60% + 환경별 진드기점수 40%로 계산
2023|쯔쯔가무시증|전북|잡목림,보통,2023,3,쯔쯔가무시증,전북,728,1754757,41.4872,66.35,76.94,잡목림,Copse/Woodland,18241,10.48,2023,exact_year,44.002,3,https://neweng-phwr.inforang.com/journal/view.html?number=33&spage=1406&volume=17,질병 60% + 환경별 진드기점수 40%로 계산
2023|쯔쯔가무시증|전북|초지,매우 나쁨,2023,3,쯔쯔가무시증,전북,728,1754757,41.4872,66.35,76.94,초지,Grassland,53348,100.00,2023,exact_year,79.81,5,https://neweng-phwr.inforang.com/journal/view.html?number=33&spage=1406&volume=17,질병 60% + 환경별 진드기점수 40%로 계산
2023|쯔쯔가무시증|전남|무덤,나쁨,2023,3,쯔쯔가무시증,전남,1024,1804217,56.7559,94.10,80.10,무덤,Grave,24904,27.47,2023,exact_year,67.448,4,https://neweng-phwr.inforang.com/journal/view.html?number=33&spage=1406&volume=17,질병 60% + 환경별 진드기점수 40%로 계산
2023|쯔쯔가무시증|전남|산길,보통,2023,3,쯔쯔가무시증,전남,1024,1804217,56.7559,94.10,80.10,산길,Mountain road,14131,0.00,2023,exact_year,56.46,3,https://neweng-phwr.inforang.com/journal/view.html?number=33&spage=1406&volume=17,질병 60% + 환경별 진드기점수 40%로 계산
2023|쯔쯔가무시증|전남|잡목림,나쁨,2023,3,쯔쯔가무시증,전남,1024,1804217,56.7559,94.10,80.10,잡목림,Copse/Woodland,18241,10.48,2023,exact_year,60.652,4,https://neweng-phwr.inforang.com/journal/view.html?number=33&spage=1406&volume=17,질병 60% + 환경별 진드기점수 40%로 계산
2023|쯔쯔가무시증|전남|초지,최악,2023,3,쯔쯔가무시증,전남,1024,1804217,56.7559,94.10,80.10,초지,Grassland,53348,100.00,2023,exact_year,96.46,6,https://neweng-phwr.inforang.com/journal/view.html?number=33&spage=1406&volume=17,질병 60% + 환경별 진드기점수 40%로 계산
2023|쯔쯔가무시증|경북|무덤,양호,2023,3,쯔쯔가무시증,경북,364,2554324,14.2503,32.24,71.36,무덤,Grave,24904,27.47,2023,exact_year,30.332,2,https://neweng-phwr.inforang.com/journal/view.html?number=33&spage=1406&volume=17,질병 60% + 환경별 진드기점수 40%로 계산
2023|쯔쯔가무시증|경북|산길,좋음,2023,3,쯔쯔가무시증,경북,364,2554324,14.2503,32.24,71.36,산길,Mountain road,14131,0.00,2023,exact_year,19.344,1,https://neweng-phwr.inforang.com/journal/view.html?number=33&spage=1406&volume=17,질병 60% + 환경별 진드기점수 40%로 계산
2023|쯔쯔가무시증|경북|잡목림,좋음,2023,3,쯔쯔가무시증,경북,364,2554324,14.2503,32.24,71.36,잡목림,Copse/Woodland,18241,10.48,2023,exact_year,23.536,1,https://neweng-phwr.inforang.com/journal/view.html?number=33&spage=1406&volume=17,질병 60% + 환경별 진드기점수 40%로 계산
2023|쯔쯔가무시증|경북|초지,나쁨,2023,3,쯔쯔가무시증,경북,364,2554324,14.2503,32.24,71.36,초지,Grassland,53348,100.00,2023,exact_year,59.344,4,https://neweng-phwr.inforang.com/journal/view.html?number=33&spage=1406&volume=17,질병 60% + 환경별 진드기점수 40%로 계산
2023|쯔쯔가무시증|경남|무덤,나쁨,2023,3,쯔쯔가무시증,경남,1087,3251158,33.4342,100.00,50.24,무덤,Grave,24904,27.47,2023,exact_year,70.988,4,https://neweng-phwr.inforang.com/journal/view.html?number=33&spage=1406&volume=17,질병 60% + 환경별 진드기점수 40%로 계산
2023|쯔쯔가무시증|경남|산길,나쁨,2023,3,쯔쯔가무시증,경남,1087,3251158,33.4342,100.00,50.24,산길,Mountain road,14131,0.00,2023,exact_year,60,4,https://neweng-phwr.inforang.com/journal/view.html?number=33&spage=1406&volume=17,질병 60% + 환경별 진드기점수 40%로 계산
2023|쯔쯔가무시증|경남|잡목림,나쁨,2023,3,쯔쯔가무시증,경남,1087,3251158,33.4342,100.00,50.24,잡목림,Copse/Woodland,18241,10.48,2023,exact_year,64.192,4,https://neweng-phwr.inforang.com/journal/view.html?number=33&spage=1406&volume=17,질병 60% + 환경별 진드기점수 40%로 계산
2023|쯔쯔가무시증|경남|초지,최악,2023,3,쯔쯔가무시증,경남,1087,3251158,33.4342,100.00,50.24,초지,Grassland,53348,100.00,2023,exact_year,100,6,https://neweng-phwr.inforang.com/journal/view.html?number=33&spage=1406&volume=17,질병 60% + 환경별 진드기점수 40%로 계산
2023|쯔쯔가무시증|제주|무덤,매우 좋음,2023,3,쯔쯔가무시증,제주,53,675252,7.8489,3.09,78.28,무덤,Grave,24904,27.47,2023,exact_year,12.842,0,https://neweng-phwr.inforang.com/journal/view.html?number=33&spage=1406&volume=17,질병 60% + 환경별 진드기점수 40%로 계산
2023|쯔쯔가무시증|제주|산길,매우 좋음,2023,3,쯔쯔가무시증,제주,53,675252,7.8489,3.09,78.28,산길,Mountain road,14131,0.00,2023,exact_year,1.854,0,https://neweng-phwr.inforang.com/journal/view.html?number=33&spage=1406&volume=17,질병 60% + 환경별 진드기점수 40%로 계산
2023|쯔쯔가무시증|제주|잡목림,매우 좋음,2023,3,쯔쯔가무시증,제주,53,675252,7.8489,3.09,78.28,잡목림,Copse/Woodland,18241,10.48,2023,exact_year,6.046,0,https://neweng-phwr.inforang.com/journal/view.html?number=33&spage=1406&volume=17,질병 60% + 환경별 진드기점수 40%로 계산
2023|쯔쯔가무시증|제주|초지,양호,2023,3,쯔쯔가무시증,제주,53,675252,7.8489,3.09,78.28,초지,Grassland,53348,100.00,2023,exact_year,41.854,2,https://neweng-phwr.inforang.com/journal/view.html?number=33&spage=1406&volume=17,질병 60% + 환경별 진드기점수 40%로 계산
2023|쯔쯔가무시증|세종|무덤,매우 좋음,2023,3,쯔쯔가무시증,세종,44,386525,11.3835,2.25,79.98,무덤,Grave,24904,27.47,2023,exact_year,12.338,0,https://neweng-phwr.inforang.com/journal/view.html?number=33&spage=1406&volume=17,질병 60% + 환경별 진드기점수 40%로 계산
2023|쯔쯔가무시증|세종|산길,매우 좋음,2023,3,쯔쯔가무시증,세종,44,386525,11.3835,2.25,79.98,산길,Mountain road,14131,0.00,2023,exact_year,1.35,0,https://neweng-phwr.inforang.com/journal/view.html?number=33&spage=1406&volume=17,질병 60% + 환경별 진드기점수 40%로 계산
2023|쯔쯔가무시증|세종|잡목림,매우 좋음,2023,3,쯔쯔가무시증,세종,44,386525,11.3835,2.25,79.98,잡목림,Copse/Woodland,18241,10.48,2023,exact_year,5.542,0,https://neweng-phwr.inforang.com/journal/view.html?number=33&spage=1406&volume=17,질병 60% + 환경별 진드기점수 40%로 계산
2023|쯔쯔가무시증|세종|초지,양호,2023,3,쯔쯔가무시증,세종,44,386525,11.3835,2.25,79.98,초지,Grassland,53348,100.00,2023,exact_year,41.35,2,https://neweng-phwr.inforang.com/journal/view.html?number=33&spage=1406&volume=17,질병 60% + 환경별 진드기점수 40%로 계산
2024|중증열성혈소판감소증후군(SFTS)|서울|무덤,양호,2024,3,중증열성혈소판감소증후군(SFTS),서울,10,9331828,0.1072,31.25,22.22,무덤,Grave,18251,40.89,2024,exact_year,35.106,2,https://pdfs.semanticscholar.org/6342/0fd8726773d7041a1f582d676c4b8f8a3ac9.pdf,질병 60% + 환경별 진드기점수 40%로 계산
2024|중증열성혈소판감소증후군(SFTS)|서울|산길,좋음,2024,3,중증열성혈소판감소증후군(SFTS),서울,10,9331828,0.1072,31.25,22.22,산길,Mountain road,10743,0.00,2024,exact_year,18.75,1,https://pdfs.semanticscholar.org/6342/0fd8726773d7041a1f582d676c4b8f8a3ac9.pdf,질병 60% + 환경별 진드기점수 40%로 계산
2024|중증열성혈소판감소증후군(SFTS)|서울|잡목림,좋음,2024,3,중증열성혈소판감소증후군(SFTS),서울,10,9331828,0.1072,31.25,22.22,잡목림,Copse/Woodland,13826,16.79,2024,exact_year,25.466,1,https://pdfs.semanticscholar.org/6342/0fd8726773d7041a1f582d676c4b8f8a3ac9.pdf,질병 60% + 환경별 진드기점수 40%로 계산
2024|중증열성혈소판감소증후군(SFTS)|서울|초지,나쁨,2024,3,중증열성혈소판감소증후군(SFTS),서울,10,9331828,0.1072,31.25,22.22,초지,Grassland,29104,100.00,2024,exact_year,58.75,4,https://pdfs.semanticscholar.org/6342/0fd8726773d7041a1f582d676c4b8f8a3ac9.pdf,질병 60% + 환경별 진드기점수 40%로 계산
2024|중증열성혈소판감소증후군(SFTS)|부산|무덤,좋음,2024,3,중증열성혈소판감소증후군(SFTS),부산,2,3266598,0.0612,6.25,18.52,무덤,Grave,18251,40.89,2024,exact_year,20.106,1,https://pdfs.semanticscholar.org/6342/0fd8726773d7041a1f582d676c4b8f8a3ac9.pdf,질병 60% + 환경별 진드기점수 40%로 계산
2024|중증열성혈소판감소증후군(SFTS)|부산|산길,매우 좋음,2024,3,중증열성혈소판감소증후군(SFTS),부산,2,3266598,0.0612,6.25,18.52,산길,Mountain road,10743,0.00,2024,exact_year,3.75,0,https://pdfs.semanticscholar.org/6342/0fd8726773d7041a1f582d676c4b8f8a3ac9.pdf,질병 60% + 환경별 진드기점수 40%로 계산
2024|중증열성혈소판감소증후군(SFTS)|부산|잡목림,매우 좋음,2024,3,중증열성혈소판감소증후군(SFTS),부산,2,3266598,0.0612,6.25,18.52,잡목림,Copse/Woodland,13826,16.79,2024,exact_year,10.466,0,https://pdfs.semanticscholar.org/6342/0fd8726773d7041a1f582d676c4b8f8a3ac9.pdf,질병 60% + 환경별 진드기점수 40%로 계산
2024|중증열성혈소판감소증후군(SFTS)|부산|초지,보통,2024,3,중증열성혈소판감소증후군(SFTS),부산,2,3266598,0.0612,6.25,18.52,초지,Grassland,29104,100.00,2024,exact_year,43.75,3,https://pdfs.semanticscholar.org/6342/0fd8726773d7041a1f582d676c4b8f8a3ac9.pdf,질병 60% + 환경별 진드기점수 40%로 계산
2024|중증열성혈소판감소증후군(SFTS)|대구|무덤,양호,2024,3,중증열성혈소판감소증후군(SFTS),대구,7,2363629,0.2962,21.88,18.52,무덤,Grave,18251,40.89,2024,exact_year,29.484,2,https://pdfs.semanticscholar.org/6342/0fd8726773d7041a1f582d676c4b8f8a3ac9.pdf,질병 60% + 환경별 진드기점수 40%로 계산
2024|중증열성혈소판감소증후군(SFTS)|대구|산길,매우 좋음,2024,3,중증열성혈소판감소증후군(SFTS),대구,7,2363629,0.2962,21.88,18.52,산길,Mountain road,10743,0.00,2024,exact_year,13.128,0,https://pdfs.semanticscholar.org/6342/0fd8726773d7041a1f582d676c4b8f8a3ac9.pdf,질병 60% + 환경별 진드기점수 40%로 계산
2024|중증열성혈소판감소증후군(SFTS)|대구|잡목림,좋음,2024,3,중증열성혈소판감소증후군(SFTS),대구,7,2363629,0.2962,21.88,18.52,잡목림,Copse/Woodland,13826,16.79,2024,exact_year,19.844,1,https://pdfs.semanticscholar.org/6342/0fd8726773d7041a1f582d676c4b8f8a3ac9.pdf,질병 60% + 환경별 진드기점수 40%로 계산
2024|중증열성혈소판감소증후군(SFTS)|대구|초지,보통,2024,3,중증열성혈소판감소증후군(SFTS),대구,7,2363629,0.2962,21.88,18.52,초지,Grassland,29104,100.00,2024,exact_year,53.128,3,https://pdfs.semanticscholar.org/6342/0fd8726773d7041a1f582d676c4b8f8a3ac9.pdf,질병 60% + 환경별 진드기점수 40%로 계산
2024|중증열성혈소판감소증후군(SFTS)|인천|무덤,좋음,2024,3,중증열성혈소판감소증후군(SFTS),인천,4,3021010,0.1324,12.50,44.44,무덤,Grave,18251,40.89,2024,exact_year,23.856,1,https://pdfs.semanticscholar.org/6342/0fd8726773d7041a1f582d676c4b8f8a3ac9.pdf,질병 60% + 환경별 진드기점수 40%로 계산
2024|중증열성혈소판감소증후군(SFTS)|인천|산길,매우 좋음,2024,3,중증열성혈소판감소증후군(SFTS),인천,4,3021010,0.1324,12.50,44.44,산길,Mountain road,10743,0.00,2024,exact_year,7.5,0,https://pdfs.semanticscholar.org/6342/0fd8726773d7041a1f582d676c4b8f8a3ac9.pdf,질병 60% + 환경별 진드기점수 40%로 계산
2024|중증열성혈소판감소증후군(SFTS)|인천|잡목림,매우 좋음,2024,3,중증열성혈소판감소증후군(SFTS),인천,4,3021010,0.1324,12.50,44.44,잡목림,Copse/Woodland,13826,16.79,2024,exact_year,14.216,0,https://pdfs.semanticscholar.org/6342/0fd8726773d7041a1f582d676c4b8f8a3ac9.pdf,질병 60% + 환경별 진드기점수 40%로 계산
2024|중증열성혈소판감소증후군(SFTS)|인천|초지,보통,2024,3,중증열성혈소판감소증후군(SFTS),인천,4,3021010,0.1324,12.50,44.44,초지,Grassland,29104,100.00,2024,exact_year,47.5,3,https://pdfs.semanticscholar.org/6342/0fd8726773d7041a1f582d676c4b8f8a3ac9.pdf,질병 60% + 환경별 진드기점수 40%로 계산
2024|중증열성혈소판감소증후군(SFTS)|광주|무덤,좋음,2024,3,중증열성혈소판감소증후군(SFTS),광주,4,1408422,0.2840,12.50,37.04,무덤,Grave,18251,40.89,2024,exact_year,23.856,1,https://pdfs.semanticscholar.org/6342/0fd8726773d7041a1f582d676c4b8f8a3ac9.pdf,질병 60% + 환경별 진드기점수 40%로 계산
2024|중증열성혈소판감소증후군(SFTS)|광주|산길,매우 좋음,2024,3,중증열성혈소판감소증후군(SFTS),광주,4,1408422,0.2840,12.50,37.04,산길,Mountain road,10743,0.00,2024,exact_year,7.5,0,https://pdfs.semanticscholar.org/6342/0fd8726773d7041a1f582d676c4b8f8a3ac9.pdf,질병 60% + 환경별 진드기점수 40%로 계산
2024|중증열성혈소판감소증후군(SFTS)|광주|잡목림,매우 좋음,2024,3,중증열성혈소판감소증후군(SFTS),광주,4,1408422,0.2840,12.50,37.04,잡목림,Copse/Woodland,13826,16.79,2024,exact_year,14.216,0,https://pdfs.semanticscholar.org/6342/0fd8726773d7041a1f582d676c4b8f8a3ac9.pdf,질병 60% + 환경별 진드기점수 40%로 계산
2024|중증열성혈소판감소증후군(SFTS)|광주|초지,보통,2024,3,중증열성혈소판감소증후군(SFTS),광주,4,1408422,0.2840,12.50,37.04,초지,Grassland,29104,100.00,2024,exact_year,47.5,3,https://pdfs.semanticscholar.org/6342/0fd8726773d7041a1f582d676c4b8f8a3ac9.pdf,질병 60% + 환경별 진드기점수 40%로 계산
2024|중증열성혈소판감소증후군(SFTS)|대전|무덤,좋음,2024,3,중증열성혈소판감소증후군(SFTS),대전,2,1439157,0.1390,6.25,25.93,무덤,Grave,18251,40.89,2024,exact_year,20.106,1,https://pdfs.semanticscholar.org/6342/0fd8726773d7041a1f582d676c4b8f8a3ac9.pdf,질병 60% + 환경별 진드기점수 40%로 계산
2024|중증열성혈소판감소증후군(SFTS)|대전|산길,매우 좋음,2024,3,중증열성혈소판감소증후군(SFTS),대전,2,1439157,0.1390,6.25,25.93,산길,Mountain road,10743,0.00,2024,exact_year,3.75,0,https://pdfs.semanticscholar.org/6342/0fd8726773d7041a1f582d676c4b8f8a3ac9.pdf,질병 60% + 환경별 진드기점수 40%로 계산
2024|중증열성혈소판감소증후군(SFTS)|대전|잡목림,매우 좋음,2024,3,중증열성혈소판감소증후군(SFTS),대전,2,1439157,0.1390,6.25,25.93,잡목림,Copse/Woodland,13826,16.79,2024,exact_year,10.466,0,https://pdfs.semanticscholar.org/6342/0fd8726773d7041a1f582d676c4b8f8a3ac9.pdf,질병 60% + 환경별 진드기점수 40%로 계산
2024|중증열성혈소판감소증후군(SFTS)|대전|초지,보통,2024,3,중증열성혈소판감소증후군(SFTS),대전,2,1439157,0.1390,6.25,25.93,초지,Grassland,29104,100.00,2024,exact_year,43.75,3,https://pdfs.semanticscholar.org/6342/0fd8726773d7041a1f582d676c4b8f8a3ac9.pdf,질병 60% + 환경별 진드기점수 40%로 계산
2024|중증열성혈소판감소증후군(SFTS)|울산|무덤,좋음,2024,3,중증열성혈소판감소증후군(SFTS),울산,4,1098049,0.3643,12.50,33.33,무덤,Grave,18251,40.89,2024,exact_year,23.856,1,https://pdfs.semanticscholar.org/6342/0fd8726773d7041a1f582d676c4b8f8a3ac9.pdf,질병 60% + 환경별 진드기점수 40%로 계산
2024|중증열성혈소판감소증후군(SFTS)|울산|산길,매우 좋음,2024,3,중증열성혈소판감소증후군(SFTS),울산,4,1098049,0.3643,12.50,33.33,산길,Mountain road,10743,0.00,2024,exact_year,7.5,0,https://pdfs.semanticscholar.org/6342/0fd8726773d7041a1f582d676c4b8f8a3ac9.pdf,질병 60% + 환경별 진드기점수 40%로 계산
2024|중증열성혈소판감소증후군(SFTS)|울산|잡목림,매우 좋음,2024,3,중증열성혈소판감소증후군(SFTS),울산,4,1098049,0.3643,12.50,33.33,잡목림,Copse/Woodland,13826,16.79,2024,exact_year,14.216,0,https://pdfs.semanticscholar.org/6342/0fd8726773d7041a1f582d676c4b8f8a3ac9.pdf,질병 60% + 환경별 진드기점수 40%로 계산
2024|중증열성혈소판감소증후군(SFTS)|울산|초지,보통,2024,3,중증열성혈소판감소증후군(SFTS),울산,4,1098049,0.3643,12.50,33.33,초지,Grassland,29104,100.00,2024,exact_year,47.5,3,https://pdfs.semanticscholar.org/6342/0fd8726773d7041a1f582d676c4b8f8a3ac9.pdf,질병 60% + 환경별 진드기점수 40%로 계산
2024|중증열성혈소판감소증후군(SFTS)|경기|무덤,나쁨,2024,3,중증열성혈소판감소증후군(SFTS),경기,28,13694685,0.2045,87.50,18.52,무덤,Grave,18251,40.89,2024,exact_year,68.856,4,https://pdfs.semanticscholar.org/6342/0fd8726773d7041a1f582d676c4b8f8a3ac9.pdf,질병 60% + 환경별 진드기점수 40%로 계산
2024|중증열성혈소판감소증후군(SFTS)|경기|산길,보통,2024,3,중증열성혈소판감소증후군(SFTS),경기,28,13694685,0.2045,87.50,18.52,산길,Mountain road,10743,0.00,2024,exact_year,52.5,3,https://pdfs.semanticscholar.org/6342/0fd8726773d7041a1f582d676c4b8f8a3ac9.pdf,질병 60% + 환경별 진드기점수 40%로 계산
2024|중증열성혈소판감소증후군(SFTS)|경기|잡목림,나쁨,2024,3,중증열성혈소판감소증후군(SFTS),경기,28,13694685,0.2045,87.50,18.52,잡목림,Copse/Woodland,13826,16.79,2024,exact_year,59.216,4,https://pdfs.semanticscholar.org/6342/0fd8726773d7041a1f582d676c4b8f8a3ac9.pdf,질병 60% + 환경별 진드기점수 40%로 계산
2024|중증열성혈소판감소증후군(SFTS)|경기|초지,최악,2024,3,중증열성혈소판감소증후군(SFTS),경기,28,13694685,0.2045,87.50,18.52,초지,Grassland,29104,100.00,2024,exact_year,92.5,6,https://pdfs.semanticscholar.org/6342/0fd8726773d7041a1f582d676c4b8f8a3ac9.pdf,질병 60% + 환경별 진드기점수 40%로 계산
2024|중증열성혈소판감소증후군(SFTS)|강원|무덤,매우 나쁨,2024,3,중증열성혈소판감소증후군(SFTS),강원,32,1517766,2.1084,100.00,44.44,무덤,Grave,18251,40.89,2024,exact_year,76.356,5,https://pdfs.semanticscholar.org/6342/0fd8726773d7041a1f582d676c4b8f8a3ac9.pdf,질병 60% + 환경별 진드기점수 40%로 계산
2024|중증열성혈소판감소증후군(SFTS)|강원|산길,나쁨,2024,3,중증열성혈소판감소증후군(SFTS),강원,32,1517766,2.1084,100.00,44.44,산길,Mountain road,10743,0.00,2024,exact_year,60,4,https://pdfs.semanticscholar.org/6342/0fd8726773d7041a1f582d676c4b8f8a3ac9.pdf,질병 60% + 환경별 진드기점수 40%로 계산
2024|중증열성혈소판감소증후군(SFTS)|강원|잡목림,나쁨,2024,3,중증열성혈소판감소증후군(SFTS),강원,32,1517766,2.1084,100.00,44.44,잡목림,Copse/Woodland,13826,16.79,2024,exact_year,66.716,4,https://pdfs.semanticscholar.org/6342/0fd8726773d7041a1f582d676c4b8f8a3ac9.pdf,질병 60% + 환경별 진드기점수 40%로 계산
2024|중증열성혈소판감소증후군(SFTS)|강원|초지,최악,2024,3,중증열성혈소판감소증후군(SFTS),강원,32,1517766,2.1084,100.00,44.44,초지,Grassland,29104,100.00,2024,exact_year,100,6,https://pdfs.semanticscholar.org/6342/0fd8726773d7041a1f582d676c4b8f8a3ac9.pdf,질병 60% + 환경별 진드기점수 40%로 계산
2024|중증열성혈소판감소증후군(SFTS)|충북|무덤,좋음,2024,3,중증열성혈소판감소증후군(SFTS),충북,3,1591177,0.1885,9.38,11.11,무덤,Grave,18251,40.89,2024,exact_year,21.984,1,https://pdfs.semanticscholar.org/6342/0fd8726773d7041a1f582d676c4b8f8a3ac9.pdf,질병 60% + 환경별 진드기점수 40%로 계산
2024|중증열성혈소판감소증후군(SFTS)|충북|산길,매우 좋음,2024,3,중증열성혈소판감소증후군(SFTS),충북,3,1591177,0.1885,9.38,11.11,산길,Mountain road,10743,0.00,2024,exact_year,5.628,0,https://pdfs.semanticscholar.org/6342/0fd8726773d7041a1f582d676c4b8f8a3ac9.pdf,질병 60% + 환경별 진드기점수 40%로 계산
2024|중증열성혈소판감소증후군(SFTS)|충북|잡목림,매우 좋음,2024,3,중증열성혈소판감소증후군(SFTS),충북,3,1591177,0.1885,9.38,11.11,잡목림,Copse/Woodland,13826,16.79,2024,exact_year,12.344,0,https://pdfs.semanticscholar.org/6342/0fd8726773d7041a1f582d676c4b8f8a3ac9.pdf,질병 60% + 환경별 진드기점수 40%로 계산
2024|중증열성혈소판감소증후군(SFTS)|충북|초지,보통,2024,3,중증열성혈소판감소증후군(SFTS),충북,3,1591177,0.1885,9.38,11.11,초지,Grassland,29104,100.00,2024,exact_year,45.628,3,https://pdfs.semanticscholar.org/6342/0fd8726773d7041a1f582d676c4b8f8a3ac9.pdf,질병 60% + 환경별 진드기점수 40%로 계산
2024|중증열성혈소판감소증후군(SFTS)|충남|무덤,양호,2024,3,중증열성혈소판감소증후군(SFTS),충남,7,2136574,0.3276,21.88,11.11,무덤,Grave,18251,40.89,2024,exact_year,29.484,2,https://pdfs.semanticscholar.org/6342/0fd8726773d7041a1f582d676c4b8f8a3ac9.pdf,질병 60% + 환경별 진드기점수 40%로 계산
2024|중증열성혈소판감소증후군(SFTS)|충남|산길,매우 좋음,2024,3,중증열성혈소판감소증후군(SFTS),충남,7,2136574,0.3276,21.88,11.11,산길,Mountain road,10743,0.00,2024,exact_year,13.128,0,https://pdfs.semanticscholar.org/6342/0fd8726773d7041a1f582d676c4b8f8a3ac9.pdf,질병 60% + 환경별 진드기점수 40%로 계산
2024|중증열성혈소판감소증후군(SFTS)|충남|잡목림,좋음,2024,3,중증열성혈소판감소증후군(SFTS),충남,7,2136574,0.3276,21.88,11.11,잡목림,Copse/Woodland,13826,16.79,2024,exact_year,19.844,1,https://pdfs.semanticscholar.org/6342/0fd8726773d7041a1f582d676c4b8f8a3ac9.pdf,질병 60% + 환경별 진드기점수 40%로 계산
2024|중증열성혈소판감소증후군(SFTS)|충남|초지,보통,2024,3,중증열성혈소판감소증후군(SFTS),충남,7,2136574,0.3276,21.88,11.11,초지,Grassland,29104,100.00,2024,exact_year,53.128,3,https://pdfs.semanticscholar.org/6342/0fd8726773d7041a1f582d676c4b8f8a3ac9.pdf,질병 60% + 환경별 진드기점수 40%로 계산
2024|중증열성혈소판감소증후군(SFTS)|전북|무덤,양호,2024,3,중증열성혈소판감소증후군(SFTS),전북,8,1738690,0.4601,25.00,0.00,무덤,Grave,18251,40.89,2024,exact_year,31.356,2,https://pdfs.semanticscholar.org/6342/0fd8726773d7041a1f582d676c4b8f8a3ac9.pdf,질병 60% + 환경별 진드기점수 40%로 계산
2024|중증열성혈소판감소증후군(SFTS)|전북|산길,좋음,2024,3,중증열성혈소판감소증후군(SFTS),전북,8,1738690,0.4601,25.00,0.00,산길,Mountain road,10743,0.00,2024,exact_year,15,1,https://pdfs.semanticscholar.org/6342/0fd8726773d7041a1f582d676c4b8f8a3ac9.pdf,질병 60% + 환경별 진드기점수 40%로 계산
2024|중증열성혈소판감소증후군(SFTS)|전북|잡목림,좋음,2024,3,중증열성혈소판감소증후군(SFTS),전북,8,1738690,0.4601,25.00,0.00,잡목림,Copse/Woodland,13826,16.79,2024,exact_year,21.716,1,https://pdfs.semanticscholar.org/6342/0fd8726773d7041a1f582d676c4b8f8a3ac9.pdf,질병 60% + 환경별 진드기점수 40%로 계산
2024|중증열성혈소판감소증후군(SFTS)|전북|초지,보통,2024,3,중증열성혈소판감소증후군(SFTS),전북,8,1738690,0.4601,25.00,0.00,초지,Grassland,29104,100.00,2024,exact_year,55,3,https://pdfs.semanticscholar.org/6342/0fd8726773d7041a1f582d676c4b8f8a3ac9.pdf,질병 60% + 환경별 진드기점수 40%로 계산
2024|중증열성혈소판감소증후군(SFTS)|전남|무덤,양호,2024,3,중증열성혈소판감소증후군(SFTS),전남,8,1788819,0.4472,25.00,0.00,무덤,Grave,18251,40.89,2024,exact_year,31.356,2,https://pdfs.semanticscholar.org/6342/0fd8726773d7041a1f582d676c4b8f8a3ac9.pdf,질병 60% + 환경별 진드기점수 40%로 계산
2024|중증열성혈소판감소증후군(SFTS)|전남|산길,좋음,2024,3,중증열성혈소판감소증후군(SFTS),전남,8,1788819,0.4472,25.00,0.00,산길,Mountain road,10743,0.00,2024,exact_year,15,1,https://pdfs.semanticscholar.org/6342/0fd8726773d7041a1f582d676c4b8f8a3ac9.pdf,질병 60% + 환경별 진드기점수 40%로 계산
2024|중증열성혈소판감소증후군(SFTS)|전남|잡목림,좋음,2024,3,중증열성혈소판감소증후군(SFTS),전남,8,1788819,0.4472,25.00,0.00,잡목림,Copse/Woodland,13826,16.79,2024,exact_year,21.716,1,https://pdfs.semanticscholar.org/6342/0fd8726773d7041a1f582d676c4b8f8a3ac9.pdf,질병 60% + 환경별 진드기점수 40%로 계산
2024|중증열성혈소판감소증후군(SFTS)|전남|초지,보통,2024,3,중증열성혈소판감소증후군(SFTS),전남,8,1788819,0.4472,25.00,0.00,초지,Grassland,29104,100.00,2024,exact_year,55,3,https://pdfs.semanticscholar.org/6342/0fd8726773d7041a1f582d676c4b8f8a3ac9.pdf,질병 60% + 환경별 진드기점수 40%로 계산
2024|중증열성혈소판감소증후군(SFTS)|경북|무덤,나쁨,2024,3,중증열성혈소판감소증후군(SFTS),경북,26,2531384,1.0271,81.25,51.85,무덤,Grave,18251,40.89,2024,exact_year,65.106,4,https://pdfs.semanticscholar.org/6342/0fd8726773d7041a1f582d676c4b8f8a3ac9.pdf,질병 60% + 환경별 진드기점수 40%로 계산
2024|중증열성혈소판감소증후군(SFTS)|경북|산길,보통,2024,3,중증열성혈소판감소증후군(SFTS),경북,26,2531384,1.0271,81.25,51.85,산길,Mountain road,10743,0.00,2024,exact_year,48.75,3,https://pdfs.semanticscholar.org/6342/0fd8726773d7041a1f582d676c4b8f8a3ac9.pdf,질병 60% + 환경별 진드기점수 40%로 계산
2024|중증열성혈소판감소증후군(SFTS)|경북|잡목림,보통,2024,3,중증열성혈소판감소증후군(SFTS),경북,26,2531384,1.0271,81.25,51.85,잡목림,Copse/Woodland,13826,16.79,2024,exact_year,55.466,3,https://pdfs.semanticscholar.org/6342/0fd8726773d7041a1f582d676c4b8f8a3ac9.pdf,질병 60% + 환경별 진드기점수 40%로 계산
2024|중증열성혈소판감소증후군(SFTS)|경북|초지,최악,2024,3,중증열성혈소판감소증후군(SFTS),경북,26,2531384,1.0271,81.25,51.85,초지,Grassland,29104,100.00,2024,exact_year,88.75,6,https://pdfs.semanticscholar.org/6342/0fd8726773d7041a1f582d676c4b8f8a3ac9.pdf,질병 60% + 환경별 진드기점수 40%로 계산
2024|중증열성혈소판감소증후군(SFTS)|경남|무덤,보통,2024,3,중증열성혈소판감소증후군(SFTS),경남,16,3228380,0.4956,50.00,18.52,무덤,Grave,18251,40.89,2024,exact_year,46.356,3,https://pdfs.semanticscholar.org/6342/0fd8726773d7041a1f582d676c4b8f8a3ac9.pdf,질병 60% + 환경별 진드기점수 40%로 계산
2024|중증열성혈소판감소증후군(SFTS)|경남|산길,양호,2024,3,중증열성혈소판감소증후군(SFTS),경남,16,3228380,0.4956,50.00,18.52,산길,Mountain road,10743,0.00,2024,exact_year,30,2,https://pdfs.semanticscholar.org/6342/0fd8726773d7041a1f582d676c4b8f8a3ac9.pdf,질병 60% + 환경별 진드기점수 40%로 계산
2024|중증열성혈소판감소증후군(SFTS)|경남|잡목림,양호,2024,3,중증열성혈소판감소증후군(SFTS),경남,16,3228380,0.4956,50.00,18.52,잡목림,Copse/Woodland,13826,16.79,2024,exact_year,36.716,2,https://pdfs.semanticscholar.org/6342/0fd8726773d7041a1f582d676c4b8f8a3ac9.pdf,질병 60% + 환경별 진드기점수 40%로 계산
2024|중증열성혈소판감소증후군(SFTS)|경남|초지,나쁨,2024,3,중증열성혈소판감소증후군(SFTS),경남,16,3228380,0.4956,50.00,18.52,초지,Grassland,29104,100.00,2024,exact_year,70,4,https://pdfs.semanticscholar.org/6342/0fd8726773d7041a1f582d676c4b8f8a3ac9.pdf,질병 60% + 환경별 진드기점수 40%로 계산
2024|중증열성혈소판감소증후군(SFTS)|제주|무덤,양호,2024,3,중증열성혈소판감소증후군(SFTS),제주,9,670368,1.3425,28.12,33.33,무덤,Grave,18251,40.89,2024,exact_year,33.228,2,https://pdfs.semanticscholar.org/6342/0fd8726773d7041a1f582d676c4b8f8a3ac9.pdf,질병 60% + 환경별 진드기점수 40%로 계산
2024|중증열성혈소판감소증후군(SFTS)|제주|산길,좋음,2024,3,중증열성혈소판감소증후군(SFTS),제주,9,670368,1.3425,28.12,33.33,산길,Mountain road,10743,0.00,2024,exact_year,16.872,1,https://pdfs.semanticscholar.org/6342/0fd8726773d7041a1f582d676c4b8f8a3ac9.pdf,질병 60% + 환경별 진드기점수 40%로 계산
2024|중증열성혈소판감소증후군(SFTS)|제주|잡목림,좋음,2024,3,중증열성혈소판감소증후군(SFTS),제주,9,670368,1.3425,28.12,33.33,잡목림,Copse/Woodland,13826,16.79,2024,exact_year,23.588,1,https://pdfs.semanticscholar.org/6342/0fd8726773d7041a1f582d676c4b8f8a3ac9.pdf,질병 60% + 환경별 진드기점수 40%로 계산
2024|중증열성혈소판감소증후군(SFTS)|제주|초지,보통,2024,3,중증열성혈소판감소증후군(SFTS),제주,9,670368,1.3425,28.12,33.33,초지,Grassland,29104,100.00,2024,exact_year,56.872,3,https://pdfs.semanticscholar.org/6342/0fd8726773d7041a1f582d676c4b8f8a3ac9.pdf,질병 60% + 환경별 진드기점수 40%로 계산
2024|중증열성혈소판감소증후군(SFTS)|세종|무덤,좋음,2024,3,중증열성혈소판감소증후군(SFTS),세종,0,390685,0.0000,0.00,11.11,무덤,Grave,18251,40.89,2024,exact_year,16.356,1,https://pdfs.semanticscholar.org/6342/0fd8726773d7041a1f582d676c4b8f8a3ac9.pdf,질병 60% + 환경별 진드기점수 40%로 계산
2024|중증열성혈소판감소증후군(SFTS)|세종|산길,매우 좋음,2024,3,중증열성혈소판감소증후군(SFTS),세종,0,390685,0.0000,0.00,11.11,산길,Mountain road,10743,0.00,2024,exact_year,0,0,https://pdfs.semanticscholar.org/6342/0fd8726773d7041a1f582d676c4b8f8a3ac9.pdf,질병 60% + 환경별 진드기점수 40%로 계산
2024|중증열성혈소판감소증후군(SFTS)|세종|잡목림,매우 좋음,2024,3,중증열성혈소판감소증후군(SFTS),세종,0,390685,0.0000,0.00,11.11,잡목림,Copse/Woodland,13826,16.79,2024,exact_year,6.716,0,https://pdfs.semanticscholar.org/6342/0fd8726773d7041a1f582d676c4b8f8a3ac9.pdf,질병 60% + 환경별 진드기점수 40%로 계산
2024|중증열성혈소판감소증후군(SFTS)|세종|초지,양호,2024,3,중증열성혈소판감소증후군(SFTS),세종,0,390685,0.0000,0.00,11.11,초지,Grassland,29104,100.00,2024,exact_year,40,2,https://pdfs.semanticscholar.org/6342/0fd8726773d7041a1f582d676c4b8f8a3ac9.pdf,질병 60% + 환경별 진드기점수 40%로 계산
2024|라임병|서울|무덤,매우 나쁨,2024,3,라임병,서울,8,9331828,0.0857,100.00,25.00,무덤,Grave,18251,40.89,2024,exact_year,76.356,5,https://pdfs.semanticscholar.org/6342/0fd8726773d7041a1f582d676c4b8f8a3ac9.pdf,질병 60% + 환경별 진드기점수 40%로 계산
2024|라임병|서울|산길,나쁨,2024,3,라임병,서울,8,9331828,0.0857,100.00,25.00,산길,Mountain road,10743,0.00,2024,exact_year,60,4,https://pdfs.semanticscholar.org/6342/0fd8726773d7041a1f582d676c4b8f8a3ac9.pdf,질병 60% + 환경별 진드기점수 40%로 계산
2024|라임병|서울|잡목림,나쁨,2024,3,라임병,서울,8,9331828,0.0857,100.00,25.00,잡목림,Copse/Woodland,13826,16.79,2024,exact_year,66.716,4,https://pdfs.semanticscholar.org/6342/0fd8726773d7041a1f582d676c4b8f8a3ac9.pdf,질병 60% + 환경별 진드기점수 40%로 계산
2024|라임병|서울|초지,최악,2024,3,라임병,서울,8,9331828,0.0857,100.00,25.00,초지,Grassland,29104,100.00,2024,exact_year,100,6,https://pdfs.semanticscholar.org/6342/0fd8726773d7041a1f582d676c4b8f8a3ac9.pdf,질병 60% + 환경별 진드기점수 40%로 계산
2024|라임병|부산|무덤,좋음,2024,3,라임병,부산,0,3266598,0.0000,0.00,29.17,무덤,Grave,18251,40.89,2024,exact_year,16.356,1,https://pdfs.semanticscholar.org/6342/0fd8726773d7041a1f582d676c4b8f8a3ac9.pdf,질병 60% + 환경별 진드기점수 40%로 계산
2024|라임병|부산|산길,매우 좋음,2024,3,라임병,부산,0,3266598,0.0000,0.00,29.17,산길,Mountain road,10743,0.00,2024,exact_year,0,0,https://pdfs.semanticscholar.org/6342/0fd8726773d7041a1f582d676c4b8f8a3ac9.pdf,질병 60% + 환경별 진드기점수 40%로 계산
2024|라임병|부산|잡목림,매우 좋음,2024,3,라임병,부산,0,3266598,0.0000,0.00,29.17,잡목림,Copse/Woodland,13826,16.79,2024,exact_year,6.716,0,https://pdfs.semanticscholar.org/6342/0fd8726773d7041a1f582d676c4b8f8a3ac9.pdf,질병 60% + 환경별 진드기점수 40%로 계산
2024|라임병|부산|초지,양호,2024,3,라임병,부산,0,3266598,0.0000,0.00,29.17,초지,Grassland,29104,100.00,2024,exact_year,40,2,https://pdfs.semanticscholar.org/6342/0fd8726773d7041a1f582d676c4b8f8a3ac9.pdf,질병 60% + 환경별 진드기점수 40%로 계산
2024|라임병|대구|무덤,좋음,2024,3,라임병,대구,1,2363629,0.0423,12.50,37.50,무덤,Grave,18251,40.89,2024,exact_year,23.856,1,https://pdfs.semanticscholar.org/6342/0fd8726773d7041a1f582d676c4b8f8a3ac9.pdf,질병 60% + 환경별 진드기점수 40%로 계산
2024|라임병|대구|산길,매우 좋음,2024,3,라임병,대구,1,2363629,0.0423,12.50,37.50,산길,Mountain road,10743,0.00,2024,exact_year,7.5,0,https://pdfs.semanticscholar.org/6342/0fd8726773d7041a1f582d676c4b8f8a3ac9.pdf,질병 60% + 환경별 진드기점수 40%로 계산
2024|라임병|대구|잡목림,매우 좋음,2024,3,라임병,대구,1,2363629,0.0423,12.50,37.50,잡목림,Copse/Woodland,13826,16.79,2024,exact_year,14.216,0,https://pdfs.semanticscholar.org/6342/0fd8726773d7041a1f582d676c4b8f8a3ac9.pdf,질병 60% + 환경별 진드기점수 40%로 계산
2024|라임병|대구|초지,보통,2024,3,라임병,대구,1,2363629,0.0423,12.50,37.50,초지,Grassland,29104,100.00,2024,exact_year,47.5,3,https://pdfs.semanticscholar.org/6342/0fd8726773d7041a1f582d676c4b8f8a3ac9.pdf,질병 60% + 환경별 진드기점수 40%로 계산
2024|라임병|인천|무덤,양호,2024,3,라임병,인천,2,3021010,0.0662,25.00,0.00,무덤,Grave,18251,40.89,2024,exact_year,31.356,2,https://pdfs.semanticscholar.org/6342/0fd8726773d7041a1f582d676c4b8f8a3ac9.pdf,질병 60% + 환경별 진드기점수 40%로 계산
2024|라임병|인천|산길,좋음,2024,3,라임병,인천,2,3021010,0.0662,25.00,0.00,산길,Mountain road,10743,0.00,2024,exact_year,15,1,https://pdfs.semanticscholar.org/6342/0fd8726773d7041a1f582d676c4b8f8a3ac9.pdf,질병 60% + 환경별 진드기점수 40%로 계산
2024|라임병|인천|잡목림,좋음,2024,3,라임병,인천,2,3021010,0.0662,25.00,0.00,잡목림,Copse/Woodland,13826,16.79,2024,exact_year,21.716,1,https://pdfs.semanticscholar.org/6342/0fd8726773d7041a1f582d676c4b8f8a3ac9.pdf,질병 60% + 환경별 진드기점수 40%로 계산
2024|라임병|인천|초지,보통,2024,3,라임병,인천,2,3021010,0.0662,25.00,0.00,초지,Grassland,29104,100.00,2024,exact_year,55,3,https://pdfs.semanticscholar.org/6342/0fd8726773d7041a1f582d676c4b8f8a3ac9.pdf,질병 60% + 환경별 진드기점수 40%로 계산
2024|라임병|광주|무덤,좋음,2024,3,라임병,광주,0,1408422,0.0000,0.00,33.33,무덤,Grave,18251,40.89,2024,exact_year,16.356,1,https://pdfs.semanticscholar.org/6342/0fd8726773d7041a1f582d676c4b8f8a3ac9.pdf,질병 60% + 환경별 진드기점수 40%로 계산
2024|라임병|광주|산길,매우 좋음,2024,3,라임병,광주,0,1408422,0.0000,0.00,33.33,산길,Mountain road,10743,0.00,2024,exact_year,0,0,https://pdfs.semanticscholar.org/6342/0fd8726773d7041a1f582d676c4b8f8a3ac9.pdf,질병 60% + 환경별 진드기점수 40%로 계산
2024|라임병|광주|잡목림,매우 좋음,2024,3,라임병,광주,0,1408422,0.0000,0.00,33.33,잡목림,Copse/Woodland,13826,16.79,2024,exact_year,6.716,0,https://pdfs.semanticscholar.org/6342/0fd8726773d7041a1f582d676c4b8f8a3ac9.pdf,질병 60% + 환경별 진드기점수 40%로 계산
2024|라임병|광주|초지,양호,2024,3,라임병,광주,0,1408422,0.0000,0.00,33.33,초지,Grassland,29104,100.00,2024,exact_year,40,2,https://pdfs.semanticscholar.org/6342/0fd8726773d7041a1f582d676c4b8f8a3ac9.pdf,질병 60% + 환경별 진드기점수 40%로 계산
2024|라임병|대전|무덤,좋음,2024,3,라임병,대전,0,1439157,0.0000,0.00,33.33,무덤,Grave,18251,40.89,2024,exact_year,16.356,1,https://pdfs.semanticscholar.org/6342/0fd8726773d7041a1f582d676c4b8f8a3ac9.pdf,질병 60% + 환경별 진드기점수 40%로 계산
2024|라임병|대전|산길,매우 좋음,2024,3,라임병,대전,0,1439157,0.0000,0.00,33.33,산길,Mountain road,10743,0.00,2024,exact_year,0,0,https://pdfs.semanticscholar.org/6342/0fd8726773d7041a1f582d676c4b8f8a3ac9.pdf,질병 60% + 환경별 진드기점수 40%로 계산
2024|라임병|대전|잡목림,매우 좋음,2024,3,라임병,대전,0,1439157,0.0000,0.00,33.33,잡목림,Copse/Woodland,13826,16.79,2024,exact_year,6.716,0,https://pdfs.semanticscholar.org/6342/0fd8726773d7041a1f582d676c4b8f8a3ac9.pdf,질병 60% + 환경별 진드기점수 40%로 계산
2024|라임병|대전|초지,양호,2024,3,라임병,대전,0,1439157,0.0000,0.00,33.33,초지,Grassland,29104,100.00,2024,exact_year,40,2,https://pdfs.semanticscholar.org/6342/0fd8726773d7041a1f582d676c4b8f8a3ac9.pdf,질병 60% + 환경별 진드기점수 40%로 계산
2024|라임병|울산|무덤,좋음,2024,3,라임병,울산,1,1098049,0.0911,12.50,37.50,무덤,Grave,18251,40.89,2024,exact_year,23.856,1,https://pdfs.semanticscholar.org/6342/0fd8726773d7041a1f582d676c4b8f8a3ac9.pdf,질병 60% + 환경별 진드기점수 40%로 계산
2024|라임병|울산|산길,매우 좋음,2024,3,라임병,울산,1,1098049,0.0911,12.50,37.50,산길,Mountain road,10743,0.00,2024,exact_year,7.5,0,https://pdfs.semanticscholar.org/6342/0fd8726773d7041a1f582d676c4b8f8a3ac9.pdf,질병 60% + 환경별 진드기점수 40%로 계산
2024|라임병|울산|잡목림,매우 좋음,2024,3,라임병,울산,1,1098049,0.0911,12.50,37.50,잡목림,Copse/Woodland,13826,16.79,2024,exact_year,14.216,0,https://pdfs.semanticscholar.org/6342/0fd8726773d7041a1f582d676c4b8f8a3ac9.pdf,질병 60% + 환경별 진드기점수 40%로 계산
2024|라임병|울산|초지,보통,2024,3,라임병,울산,1,1098049,0.0911,12.50,37.50,초지,Grassland,29104,100.00,2024,exact_year,47.5,3,https://pdfs.semanticscholar.org/6342/0fd8726773d7041a1f582d676c4b8f8a3ac9.pdf,질병 60% + 환경별 진드기점수 40%로 계산
2024|라임병|경기|무덤,나쁨,2024,3,라임병,경기,6,13694685,0.0438,75.00,25.00,무덤,Grave,18251,40.89,2024,exact_year,61.356,4,https://pdfs.semanticscholar.org/6342/0fd8726773d7041a1f582d676c4b8f8a3ac9.pdf,질병 60% + 환경별 진드기점수 40%로 계산
2024|라임병|경기|산길,보통,2024,3,라임병,경기,6,13694685,0.0438,75.00,25.00,산길,Mountain road,10743,0.00,2024,exact_year,45,3,https://pdfs.semanticscholar.org/6342/0fd8726773d7041a1f582d676c4b8f8a3ac9.pdf,질병 60% + 환경별 진드기점수 40%로 계산
2024|라임병|경기|잡목림,보통,2024,3,라임병,경기,6,13694685,0.0438,75.00,25.00,잡목림,Copse/Woodland,13826,16.79,2024,exact_year,51.716,3,https://pdfs.semanticscholar.org/6342/0fd8726773d7041a1f582d676c4b8f8a3ac9.pdf,질병 60% + 환경별 진드기점수 40%로 계산
2024|라임병|경기|초지,매우 나쁨,2024,3,라임병,경기,6,13694685,0.0438,75.00,25.00,초지,Grassland,29104,100.00,2024,exact_year,85,5,https://pdfs.semanticscholar.org/6342/0fd8726773d7041a1f582d676c4b8f8a3ac9.pdf,질병 60% + 환경별 진드기점수 40%로 계산
2024|라임병|강원|무덤,좋음,2024,3,라임병,강원,1,1517766,0.0659,12.50,37.50,무덤,Grave,18251,40.89,2024,exact_year,23.856,1,https://pdfs.semanticscholar.org/6342/0fd8726773d7041a1f582d676c4b8f8a3ac9.pdf,질병 60% + 환경별 진드기점수 40%로 계산
2024|라임병|강원|산길,매우 좋음,2024,3,라임병,강원,1,1517766,0.0659,12.50,37.50,산길,Mountain road,10743,0.00,2024,exact_year,7.5,0,https://pdfs.semanticscholar.org/6342/0fd8726773d7041a1f582d676c4b8f8a3ac9.pdf,질병 60% + 환경별 진드기점수 40%로 계산
2024|라임병|강원|잡목림,매우 좋음,2024,3,라임병,강원,1,1517766,0.0659,12.50,37.50,잡목림,Copse/Woodland,13826,16.79,2024,exact_year,14.216,0,https://pdfs.semanticscholar.org/6342/0fd8726773d7041a1f582d676c4b8f8a3ac9.pdf,질병 60% + 환경별 진드기점수 40%로 계산
2024|라임병|강원|초지,보통,2024,3,라임병,강원,1,1517766,0.0659,12.50,37.50,초지,Grassland,29104,100.00,2024,exact_year,47.5,3,https://pdfs.semanticscholar.org/6342/0fd8726773d7041a1f582d676c4b8f8a3ac9.pdf,질병 60% + 환경별 진드기점수 40%로 계산
2024|라임병|충북|무덤,양호,2024,3,라임병,충북,2,1591177,0.1257,25.00,33.33,무덤,Grave,18251,40.89,2024,exact_year,31.356,2,https://pdfs.semanticscholar.org/6342/0fd8726773d7041a1f582d676c4b8f8a3ac9.pdf,질병 60% + 환경별 진드기점수 40%로 계산
2024|라임병|충북|산길,좋음,2024,3,라임병,충북,2,1591177,0.1257,25.00,33.33,산길,Mountain road,10743,0.00,2024,exact_year,15,1,https://pdfs.semanticscholar.org/6342/0fd8726773d7041a1f582d676c4b8f8a3ac9.pdf,질병 60% + 환경별 진드기점수 40%로 계산
2024|라임병|충북|잡목림,좋음,2024,3,라임병,충북,2,1591177,0.1257,25.00,33.33,잡목림,Copse/Woodland,13826,16.79,2024,exact_year,21.716,1,https://pdfs.semanticscholar.org/6342/0fd8726773d7041a1f582d676c4b8f8a3ac9.pdf,질병 60% + 환경별 진드기점수 40%로 계산
2024|라임병|충북|초지,보통,2024,3,라임병,충북,2,1591177,0.1257,25.00,33.33,초지,Grassland,29104,100.00,2024,exact_year,55,3,https://pdfs.semanticscholar.org/6342/0fd8726773d7041a1f582d676c4b8f8a3ac9.pdf,질병 60% + 환경별 진드기점수 40%로 계산
2024|라임병|충남|무덤,양호,2024,3,라임병,충남,3,2136574,0.1404,37.50,0.00,무덤,Grave,18251,40.89,2024,exact_year,38.856,2,https://pdfs.semanticscholar.org/6342/0fd8726773d7041a1f582d676c4b8f8a3ac9.pdf,질병 60% + 환경별 진드기점수 40%로 계산
2024|라임병|충남|산길,좋음,2024,3,라임병,충남,3,2136574,0.1404,37.50,0.00,산길,Mountain road,10743,0.00,2024,exact_year,22.5,1,https://pdfs.semanticscholar.org/6342/0fd8726773d7041a1f582d676c4b8f8a3ac9.pdf,질병 60% + 환경별 진드기점수 40%로 계산
2024|라임병|충남|잡목림,양호,2024,3,라임병,충남,3,2136574,0.1404,37.50,0.00,잡목림,Copse/Woodland,13826,16.79,2024,exact_year,29.216,2,https://pdfs.semanticscholar.org/6342/0fd8726773d7041a1f582d676c4b8f8a3ac9.pdf,질병 60% + 환경별 진드기점수 40%로 계산
2024|라임병|충남|초지,나쁨,2024,3,라임병,충남,3,2136574,0.1404,37.50,0.00,초지,Grassland,29104,100.00,2024,exact_year,62.5,4,https://pdfs.semanticscholar.org/6342/0fd8726773d7041a1f582d676c4b8f8a3ac9.pdf,질병 60% + 환경별 진드기점수 40%로 계산
2024|라임병|전북|무덤,좋음,2024,3,라임병,전북,1,1738690,0.0575,12.50,37.50,무덤,Grave,18251,40.89,2024,exact_year,23.856,1,https://pdfs.semanticscholar.org/6342/0fd8726773d7041a1f582d676c4b8f8a3ac9.pdf,질병 60% + 환경별 진드기점수 40%로 계산
2024|라임병|전북|산길,매우 좋음,2024,3,라임병,전북,1,1738690,0.0575,12.50,37.50,산길,Mountain road,10743,0.00,2024,exact_year,7.5,0,https://pdfs.semanticscholar.org/6342/0fd8726773d7041a1f582d676c4b8f8a3ac9.pdf,질병 60% + 환경별 진드기점수 40%로 계산
2024|라임병|전북|잡목림,매우 좋음,2024,3,라임병,전북,1,1738690,0.0575,12.50,37.50,잡목림,Copse/Woodland,13826,16.79,2024,exact_year,14.216,0,https://pdfs.semanticscholar.org/6342/0fd8726773d7041a1f582d676c4b8f8a3ac9.pdf,질병 60% + 환경별 진드기점수 40%로 계산
2024|라임병|전북|초지,보통,2024,3,라임병,전북,1,1738690,0.0575,12.50,37.50,초지,Grassland,29104,100.00,2024,exact_year,47.5,3,https://pdfs.semanticscholar.org/6342/0fd8726773d7041a1f582d676c4b8f8a3ac9.pdf,질병 60% + 환경별 진드기점수 40%로 계산
2024|라임병|전남|무덤,양호,2024,3,라임병,전남,2,1788819,0.1118,25.00,41.67,무덤,Grave,18251,40.89,2024,exact_year,31.356,2,https://pdfs.semanticscholar.org/6342/0fd8726773d7041a1f582d676c4b8f8a3ac9.pdf,질병 60% + 환경별 진드기점수 40%로 계산
2024|라임병|전남|산길,좋음,2024,3,라임병,전남,2,1788819,0.1118,25.00,41.67,산길,Mountain road,10743,0.00,2024,exact_year,15,1,https://pdfs.semanticscholar.org/6342/0fd8726773d7041a1f582d676c4b8f8a3ac9.pdf,질병 60% + 환경별 진드기점수 40%로 계산
2024|라임병|전남|잡목림,좋음,2024,3,라임병,전남,2,1788819,0.1118,25.00,41.67,잡목림,Copse/Woodland,13826,16.79,2024,exact_year,21.716,1,https://pdfs.semanticscholar.org/6342/0fd8726773d7041a1f582d676c4b8f8a3ac9.pdf,질병 60% + 환경별 진드기점수 40%로 계산
2024|라임병|전남|초지,보통,2024,3,라임병,전남,2,1788819,0.1118,25.00,41.67,초지,Grassland,29104,100.00,2024,exact_year,55,3,https://pdfs.semanticscholar.org/6342/0fd8726773d7041a1f582d676c4b8f8a3ac9.pdf,질병 60% + 환경별 진드기점수 40%로 계산
2024|라임병|경북|무덤,양호,2024,3,라임병,경북,2,2531384,0.0790,25.00,37.50,무덤,Grave,18251,40.89,2024,exact_year,31.356,2,https://pdfs.semanticscholar.org/6342/0fd8726773d7041a1f582d676c4b8f8a3ac9.pdf,질병 60% + 환경별 진드기점수 40%로 계산
2024|라임병|경북|산길,좋음,2024,3,라임병,경북,2,2531384,0.0790,25.00,37.50,산길,Mountain road,10743,0.00,2024,exact_year,15,1,https://pdfs.semanticscholar.org/6342/0fd8726773d7041a1f582d676c4b8f8a3ac9.pdf,질병 60% + 환경별 진드기점수 40%로 계산
2024|라임병|경북|잡목림,좋음,2024,3,라임병,경북,2,2531384,0.0790,25.00,37.50,잡목림,Copse/Woodland,13826,16.79,2024,exact_year,21.716,1,https://pdfs.semanticscholar.org/6342/0fd8726773d7041a1f582d676c4b8f8a3ac9.pdf,질병 60% + 환경별 진드기점수 40%로 계산
2024|라임병|경북|초지,보통,2024,3,라임병,경북,2,2531384,0.0790,25.00,37.50,초지,Grassland,29104,100.00,2024,exact_year,55,3,https://pdfs.semanticscholar.org/6342/0fd8726773d7041a1f582d676c4b8f8a3ac9.pdf,질병 60% + 환경별 진드기점수 40%로 계산
2024|라임병|경남|무덤,보통,2024,3,라임병,경남,4,3228380,0.1239,50.00,41.67,무덤,Grave,18251,40.89,2024,exact_year,46.356,3,https://pdfs.semanticscholar.org/6342/0fd8726773d7041a1f582d676c4b8f8a3ac9.pdf,질병 60% + 환경별 진드기점수 40%로 계산
2024|라임병|경남|산길,양호,2024,3,라임병,경남,4,3228380,0.1239,50.00,41.67,산길,Mountain road,10743,0.00,2024,exact_year,30,2,https://pdfs.semanticscholar.org/6342/0fd8726773d7041a1f582d676c4b8f8a3ac9.pdf,질병 60% + 환경별 진드기점수 40%로 계산
2024|라임병|경남|잡목림,양호,2024,3,라임병,경남,4,3228380,0.1239,50.00,41.67,잡목림,Copse/Woodland,13826,16.79,2024,exact_year,36.716,2,https://pdfs.semanticscholar.org/6342/0fd8726773d7041a1f582d676c4b8f8a3ac9.pdf,질병 60% + 환경별 진드기점수 40%로 계산
2024|라임병|경남|초지,나쁨,2024,3,라임병,경남,4,3228380,0.1239,50.00,41.67,초지,Grassland,29104,100.00,2024,exact_year,70,4,https://pdfs.semanticscholar.org/6342/0fd8726773d7041a1f582d676c4b8f8a3ac9.pdf,질병 60% + 환경별 진드기점수 40%로 계산
2024|라임병|제주|무덤,좋음,2024,3,라임병,제주,1,670368,0.1492,12.50,37.50,무덤,Grave,18251,40.89,2024,exact_year,23.856,1,https://pdfs.semanticscholar.org/6342/0fd8726773d7041a1f582d676c4b8f8a3ac9.pdf,질병 60% + 환경별 진드기점수 40%로 계산
2024|라임병|제주|산길,매우 좋음,2024,3,라임병,제주,1,670368,0.1492,12.50,37.50,산길,Mountain road,10743,0.00,2024,exact_year,7.5,0,https://pdfs.semanticscholar.org/6342/0fd8726773d7041a1f582d676c4b8f8a3ac9.pdf,질병 60% + 환경별 진드기점수 40%로 계산
2024|라임병|제주|잡목림,매우 좋음,2024,3,라임병,제주,1,670368,0.1492,12.50,37.50,잡목림,Copse/Woodland,13826,16.79,2024,exact_year,14.216,0,https://pdfs.semanticscholar.org/6342/0fd8726773d7041a1f582d676c4b8f8a3ac9.pdf,질병 60% + 환경별 진드기점수 40%로 계산
2024|라임병|제주|초지,보통,2024,3,라임병,제주,1,670368,0.1492,12.50,37.50,초지,Grassland,29104,100.00,2024,exact_year,47.5,3,https://pdfs.semanticscholar.org/6342/0fd8726773d7041a1f582d676c4b8f8a3ac9.pdf,질병 60% + 환경별 진드기점수 40%로 계산
2024|라임병|세종|무덤,좋음,2024,3,라임병,세종,0,390685,0.0000,0.00,33.33,무덤,Grave,18251,40.89,2024,exact_year,16.356,1,https://pdfs.semanticscholar.org/6342/0fd8726773d7041a1f582d676c4b8f8a3ac9.pdf,질병 60% + 환경별 진드기점수 40%로 계산
2024|라임병|세종|산길,매우 좋음,2024,3,라임병,세종,0,390685,0.0000,0.00,33.33,산길,Mountain road,10743,0.00,2024,exact_year,0,0,https://pdfs.semanticscholar.org/6342/0fd8726773d7041a1f582d676c4b8f8a3ac9.pdf,질병 60% + 환경별 진드기점수 40%로 계산
2024|라임병|세종|잡목림,매우 좋음,2024,3,라임병,세종,0,390685,0.0000,0.00,33.33,잡목림,Copse/Woodland,13826,16.79,2024,exact_year,6.716,0,https://pdfs.semanticscholar.org/6342/0fd8726773d7041a1f582d676c4b8f8a3ac9.pdf,질병 60% + 환경별 진드기점수 40%로 계산
2024|라임병|세종|초지,양호,2024,3,라임병,세종,0,390685,0.0000,0.00,33.33,초지,Grassland,29104,100.00,2024,exact_year,40,2,https://pdfs.semanticscholar.org/6342/0fd8726773d7041a1f582d676c4b8f8a3ac9.pdf,질병 60% + 환경별 진드기점수 40%로 계산
2024|쯔쯔가무시증|서울|무덤,좋음,2024,3,쯔쯔가무시증,서울,160,9331828,1.7146,12.19,82.40,무덤,Grave,18251,40.89,2024,exact_year,23.67,1,https://pdfs.semanticscholar.org/6342/0fd8726773d7041a1f582d676c4b8f8a3ac9.pdf,질병 60% + 환경별 진드기점수 40%로 계산
2024|쯔쯔가무시증|서울|산길,매우 좋음,2024,3,쯔쯔가무시증,서울,160,9331828,1.7146,12.19,82.40,산길,Mountain road,10743,0.00,2024,exact_year,7.314,0,https://pdfs.semanticscholar.org/6342/0fd8726773d7041a1f582d676c4b8f8a3ac9.pdf,질병 60% + 환경별 진드기점수 40%로 계산
2024|쯔쯔가무시증|서울|잡목림,매우 좋음,2024,3,쯔쯔가무시증,서울,160,9331828,1.7146,12.19,82.40,잡목림,Copse/Woodland,13826,16.79,2024,exact_year,14.03,0,https://pdfs.semanticscholar.org/6342/0fd8726773d7041a1f582d676c4b8f8a3ac9.pdf,질병 60% + 환경별 진드기점수 40%로 계산
2024|쯔쯔가무시증|서울|초지,보통,2024,3,쯔쯔가무시증,서울,160,9331828,1.7146,12.19,82.40,초지,Grassland,29104,100.00,2024,exact_year,47.314,3,https://pdfs.semanticscholar.org/6342/0fd8726773d7041a1f582d676c4b8f8a3ac9.pdf,질병 60% + 환경별 진드기점수 40%로 계산
2024|쯔쯔가무시증|부산|무덤,양호,2024,3,쯔쯔가무시증,부산,433,3266598,13.2554,36.48,100.00,무덤,Grave,18251,40.89,2024,exact_year,38.244,2,https://pdfs.semanticscholar.org/6342/0fd8726773d7041a1f582d676c4b8f8a3ac9.pdf,질병 60% + 환경별 진드기점수 40%로 계산
2024|쯔쯔가무시증|부산|산길,좋음,2024,3,쯔쯔가무시증,부산,433,3266598,13.2554,36.48,100.00,산길,Mountain road,10743,0.00,2024,exact_year,21.888,1,https://pdfs.semanticscholar.org/6342/0fd8726773d7041a1f582d676c4b8f8a3ac9.pdf,질병 60% + 환경별 진드기점수 40%로 계산
2024|쯔쯔가무시증|부산|잡목림,양호,2024,3,쯔쯔가무시증,부산,433,3266598,13.2554,36.48,100.00,잡목림,Copse/Woodland,13826,16.79,2024,exact_year,28.604,2,https://pdfs.semanticscholar.org/6342/0fd8726773d7041a1f582d676c4b8f8a3ac9.pdf,질병 60% + 환경별 진드기점수 40%로 계산
2024|쯔쯔가무시증|부산|초지,나쁨,2024,3,쯔쯔가무시증,부산,433,3266598,13.2554,36.48,100.00,초지,Grassland,29104,100.00,2024,exact_year,61.888,4,https://pdfs.semanticscholar.org/6342/0fd8726773d7041a1f582d676c4b8f8a3ac9.pdf,질병 60% + 환경별 진드기점수 40%로 계산
2024|쯔쯔가무시증|대구|무덤,좋음,2024,3,쯔쯔가무시증,대구,130,2363629,5.5000,9.52,80.58,무덤,Grave,18251,40.89,2024,exact_year,22.068,1,https://pdfs.semanticscholar.org/6342/0fd8726773d7041a1f582d676c4b8f8a3ac9.pdf,질병 60% + 환경별 진드기점수 40%로 계산
2024|쯔쯔가무시증|대구|산길,매우 좋음,2024,3,쯔쯔가무시증,대구,130,2363629,5.5000,9.52,80.58,산길,Mountain road,10743,0.00,2024,exact_year,5.712,0,https://pdfs.semanticscholar.org/6342/0fd8726773d7041a1f582d676c4b8f8a3ac9.pdf,질병 60% + 환경별 진드기점수 40%로 계산
2024|쯔쯔가무시증|대구|잡목림,매우 좋음,2024,3,쯔쯔가무시증,대구,130,2363629,5.5000,9.52,80.58,잡목림,Copse/Woodland,13826,16.79,2024,exact_year,12.428,0,https://pdfs.semanticscholar.org/6342/0fd8726773d7041a1f582d676c4b8f8a3ac9.pdf,질병 60% + 환경별 진드기점수 40%로 계산
2024|쯔쯔가무시증|대구|초지,보통,2024,3,쯔쯔가무시증,대구,130,2363629,5.5000,9.52,80.58,초지,Grassland,29104,100.00,2024,exact_year,45.712,3,https://pdfs.semanticscholar.org/6342/0fd8726773d7041a1f582d676c4b8f8a3ac9.pdf,질병 60% + 환경별 진드기점수 40%로 계산
2024|쯔쯔가무시증|인천|무덤,좋음,2024,3,쯔쯔가무시증,인천,66,3021010,2.1847,3.83,80.10,무덤,Grave,18251,40.89,2024,exact_year,18.654,1,https://pdfs.semanticscholar.org/6342/0fd8726773d7041a1f582d676c4b8f8a3ac9.pdf,질병 60% + 환경별 진드기점수 40%로 계산
2024|쯔쯔가무시증|인천|산길,매우 좋음,2024,3,쯔쯔가무시증,인천,66,3021010,2.1847,3.83,80.10,산길,Mountain road,10743,0.00,2024,exact_year,2.298,0,https://pdfs.semanticscholar.org/6342/0fd8726773d7041a1f582d676c4b8f8a3ac9.pdf,질병 60% + 환경별 진드기점수 40%로 계산
2024|쯔쯔가무시증|인천|잡목림,매우 좋음,2024,3,쯔쯔가무시증,인천,66,3021010,2.1847,3.83,80.10,잡목림,Copse/Woodland,13826,16.79,2024,exact_year,9.014,0,https://pdfs.semanticscholar.org/6342/0fd8726773d7041a1f582d676c4b8f8a3ac9.pdf,질병 60% + 환경별 진드기점수 40%로 계산
2024|쯔쯔가무시증|인천|초지,양호,2024,3,쯔쯔가무시증,인천,66,3021010,2.1847,3.83,80.10,초지,Grassland,29104,100.00,2024,exact_year,42.298,2,https://pdfs.semanticscholar.org/6342/0fd8726773d7041a1f582d676c4b8f8a3ac9.pdf,질병 60% + 환경별 진드기점수 40%로 계산
2024|쯔쯔가무시증|광주|무덤,좋음,2024,3,쯔쯔가무시증,광주,219,1408422,15.5493,17.44,86.17,무덤,Grave,18251,40.89,2024,exact_year,26.82,1,https://pdfs.semanticscholar.org/6342/0fd8726773d7041a1f582d676c4b8f8a3ac9.pdf,질병 60% + 환경별 진드기점수 40%로 계산
2024|쯔쯔가무시증|광주|산길,매우 좋음,2024,3,쯔쯔가무시증,광주,219,1408422,15.5493,17.44,86.17,산길,Mountain road,10743,0.00,2024,exact_year,10.464,0,https://pdfs.semanticscholar.org/6342/0fd8726773d7041a1f582d676c4b8f8a3ac9.pdf,질병 60% + 환경별 진드기점수 40%로 계산
2024|쯔쯔가무시증|광주|잡목림,좋음,2024,3,쯔쯔가무시증,광주,219,1408422,15.5493,17.44,86.17,잡목림,Copse/Woodland,13826,16.79,2024,exact_year,17.18,1,https://pdfs.semanticscholar.org/6342/0fd8726773d7041a1f582d676c4b8f8a3ac9.pdf,질병 60% + 환경별 진드기점수 40%로 계산
2024|쯔쯔가무시증|광주|초지,보통,2024,3,쯔쯔가무시증,광주,219,1408422,15.5493,17.44,86.17,초지,Grassland,29104,100.00,2024,exact_year,50.464,3,https://pdfs.semanticscholar.org/6342/0fd8726773d7041a1f582d676c4b8f8a3ac9.pdf,질병 60% + 환경별 진드기점수 40%로 계산
2024|쯔쯔가무시증|대전|무덤,좋음,2024,3,쯔쯔가무시증,대전,162,1439157,11.2566,12.37,83.50,무덤,Grave,18251,40.89,2024,exact_year,23.778,1,https://pdfs.semanticscholar.org/6342/0fd8726773d7041a1f582d676c4b8f8a3ac9.pdf,질병 60% + 환경별 진드기점수 40%로 계산
2024|쯔쯔가무시증|대전|산길,매우 좋음,2024,3,쯔쯔가무시증,대전,162,1439157,11.2566,12.37,83.50,산길,Mountain road,10743,0.00,2024,exact_year,7.422,0,https://pdfs.semanticscholar.org/6342/0fd8726773d7041a1f582d676c4b8f8a3ac9.pdf,질병 60% + 환경별 진드기점수 40%로 계산
2024|쯔쯔가무시증|대전|잡목림,매우 좋음,2024,3,쯔쯔가무시증,대전,162,1439157,11.2566,12.37,83.50,잡목림,Copse/Woodland,13826,16.79,2024,exact_year,14.138,0,https://pdfs.semanticscholar.org/6342/0fd8726773d7041a1f582d676c4b8f8a3ac9.pdf,질병 60% + 환경별 진드기점수 40%로 계산
2024|쯔쯔가무시증|대전|초지,보통,2024,3,쯔쯔가무시증,대전,162,1439157,11.2566,12.37,83.50,초지,Grassland,29104,100.00,2024,exact_year,47.422,3,https://pdfs.semanticscholar.org/6342/0fd8726773d7041a1f582d676c4b8f8a3ac9.pdf,질병 60% + 환경별 진드기점수 40%로 계산
2024|쯔쯔가무시증|울산|무덤,양호,2024,3,쯔쯔가무시증,울산,291,1098049,26.5015,23.84,93.81,무덤,Grave,18251,40.89,2024,exact_year,30.66,2,https://pdfs.semanticscholar.org/6342/0fd8726773d7041a1f582d676c4b8f8a3ac9.pdf,질병 60% + 환경별 진드기점수 40%로 계산
2024|쯔쯔가무시증|울산|산길,좋음,2024,3,쯔쯔가무시증,울산,291,1098049,26.5015,23.84,93.81,산길,Mountain road,10743,0.00,2024,exact_year,14.304,1,https://pdfs.semanticscholar.org/6342/0fd8726773d7041a1f582d676c4b8f8a3ac9.pdf,질병 60% + 환경별 진드기점수 40%로 계산
2024|쯔쯔가무시증|울산|잡목림,좋음,2024,3,쯔쯔가무시증,울산,291,1098049,26.5015,23.84,93.81,잡목림,Copse/Woodland,13826,16.79,2024,exact_year,21.02,1,https://pdfs.semanticscholar.org/6342/0fd8726773d7041a1f582d676c4b8f8a3ac9.pdf,질병 60% + 환경별 진드기점수 40%로 계산
2024|쯔쯔가무시증|울산|초지,보통,2024,3,쯔쯔가무시증,울산,291,1098049,26.5015,23.84,93.81,초지,Grassland,29104,100.00,2024,exact_year,54.304,3,https://pdfs.semanticscholar.org/6342/0fd8726773d7041a1f582d676c4b8f8a3ac9.pdf,질병 60% + 환경별 진드기점수 40%로 계산
2024|쯔쯔가무시증|경기|무덤,양호,2024,3,쯔쯔가무시증,경기,452,13694685,3.3006,38.17,91.14,무덤,Grave,18251,40.89,2024,exact_year,39.258,2,https://pdfs.semanticscholar.org/6342/0fd8726773d7041a1f582d676c4b8f8a3ac9.pdf,질병 60% + 환경별 진드기점수 40%로 계산
2024|쯔쯔가무시증|경기|산길,좋음,2024,3,쯔쯔가무시증,경기,452,13694685,3.3006,38.17,91.14,산길,Mountain road,10743,0.00,2024,exact_year,22.902,1,https://pdfs.semanticscholar.org/6342/0fd8726773d7041a1f582d676c4b8f8a3ac9.pdf,질병 60% + 환경별 진드기점수 40%로 계산
2024|쯔쯔가무시증|경기|잡목림,양호,2024,3,쯔쯔가무시증,경기,452,13694685,3.3006,38.17,91.14,잡목림,Copse/Woodland,13826,16.79,2024,exact_year,29.618,2,https://pdfs.semanticscholar.org/6342/0fd8726773d7041a1f582d676c4b8f8a3ac9.pdf,질병 60% + 환경별 진드기점수 40%로 계산
2024|쯔쯔가무시증|경기|초지,나쁨,2024,3,쯔쯔가무시증,경기,452,13694685,3.3006,38.17,91.14,초지,Grassland,29104,100.00,2024,exact_year,62.902,4,https://pdfs.semanticscholar.org/6342/0fd8726773d7041a1f582d676c4b8f8a3ac9.pdf,질병 60% + 환경별 진드기점수 40%로 계산
2024|쯔쯔가무시증|강원|무덤,좋음,2024,3,쯔쯔가무시증,강원,23,1517766,1.5154,0.00,80.34,무덤,Grave,18251,40.89,2024,exact_year,16.356,1,https://pdfs.semanticscholar.org/6342/0fd8726773d7041a1f582d676c4b8f8a3ac9.pdf,질병 60% + 환경별 진드기점수 40%로 계산
2024|쯔쯔가무시증|강원|산길,매우 좋음,2024,3,쯔쯔가무시증,강원,23,1517766,1.5154,0.00,80.34,산길,Mountain road,10743,0.00,2024,exact_year,0,0,https://pdfs.semanticscholar.org/6342/0fd8726773d7041a1f582d676c4b8f8a3ac9.pdf,질병 60% + 환경별 진드기점수 40%로 계산
2024|쯔쯔가무시증|강원|잡목림,매우 좋음,2024,3,쯔쯔가무시증,강원,23,1517766,1.5154,0.00,80.34,잡목림,Copse/Woodland,13826,16.79,2024,exact_year,6.716,0,https://pdfs.semanticscholar.org/6342/0fd8726773d7041a1f582d676c4b8f8a3ac9.pdf,질병 60% + 환경별 진드기점수 40%로 계산
2024|쯔쯔가무시증|강원|초지,양호,2024,3,쯔쯔가무시증,강원,23,1517766,1.5154,0.00,80.34,초지,Grassland,29104,100.00,2024,exact_year,40,2,https://pdfs.semanticscholar.org/6342/0fd8726773d7041a1f582d676c4b8f8a3ac9.pdf,질병 60% + 환경별 진드기점수 40%로 계산
2024|쯔쯔가무시증|충북|무덤,좋음,2024,3,쯔쯔가무시증,충북,166,1591177,10.4325,12.72,85.68,무덤,Grave,18251,40.89,2024,exact_year,23.988,1,https://pdfs.semanticscholar.org/6342/0fd8726773d7041a1f582d676c4b8f8a3ac9.pdf,질병 60% + 환경별 진드기점수 40%로 계산
2024|쯔쯔가무시증|충북|산길,매우 좋음,2024,3,쯔쯔가무시증,충북,166,1591177,10.4325,12.72,85.68,산길,Mountain road,10743,0.00,2024,exact_year,7.632,0,https://pdfs.semanticscholar.org/6342/0fd8726773d7041a1f582d676c4b8f8a3ac9.pdf,질병 60% + 환경별 진드기점수 40%로 계산
2024|쯔쯔가무시증|충북|잡목림,좋음,2024,3,쯔쯔가무시증,충북,166,1591177,10.4325,12.72,85.68,잡목림,Copse/Woodland,13826,16.79,2024,exact_year,14.348,1,https://pdfs.semanticscholar.org/6342/0fd8726773d7041a1f582d676c4b8f8a3ac9.pdf,질병 60% + 환경별 진드기점수 40%로 계산
2024|쯔쯔가무시증|충북|초지,보통,2024,3,쯔쯔가무시증,충북,166,1591177,10.4325,12.72,85.68,초지,Grassland,29104,100.00,2024,exact_year,47.632,3,https://pdfs.semanticscholar.org/6342/0fd8726773d7041a1f582d676c4b8f8a3ac9.pdf,질병 60% + 환경별 진드기점수 40%로 계산
2024|쯔쯔가무시증|충남|무덤,나쁨,2024,3,쯔쯔가무시증,충남,805,2136574,37.6771,69.57,82.04,무덤,Grave,18251,40.89,2024,exact_year,58.098,4,https://pdfs.semanticscholar.org/6342/0fd8726773d7041a1f582d676c4b8f8a3ac9.pdf,질병 60% + 환경별 진드기점수 40%로 계산
2024|쯔쯔가무시증|충남|산길,양호,2024,3,쯔쯔가무시증,충남,805,2136574,37.6771,69.57,82.04,산길,Mountain road,10743,0.00,2024,exact_year,41.742,2,https://pdfs.semanticscholar.org/6342/0fd8726773d7041a1f582d676c4b8f8a3ac9.pdf,질병 60% + 환경별 진드기점수 40%로 계산
2024|쯔쯔가무시증|충남|잡목림,보통,2024,3,쯔쯔가무시증,충남,805,2136574,37.6771,69.57,82.04,잡목림,Copse/Woodland,13826,16.79,2024,exact_year,48.458,3,https://pdfs.semanticscholar.org/6342/0fd8726773d7041a1f582d676c4b8f8a3ac9.pdf,질병 60% + 환경별 진드기점수 40%로 계산
2024|쯔쯔가무시증|충남|초지,매우 나쁨,2024,3,쯔쯔가무시증,충남,805,2136574,37.6771,69.57,82.04,초지,Grassland,29104,100.00,2024,exact_year,81.742,5,https://pdfs.semanticscholar.org/6342/0fd8726773d7041a1f582d676c4b8f8a3ac9.pdf,질병 60% + 환경별 진드기점수 40%로 계산
2024|쯔쯔가무시증|전북|무덤,보통,2024,3,쯔쯔가무시증,전북,632,1738690,36.3492,54.18,68.33,무덤,Grave,18251,40.89,2024,exact_year,48.864,3,https://pdfs.semanticscholar.org/6342/0fd8726773d7041a1f582d676c4b8f8a3ac9.pdf,질병 60% + 환경별 진드기점수 40%로 계산
2024|쯔쯔가무시증|전북|산길,양호,2024,3,쯔쯔가무시증,전북,632,1738690,36.3492,54.18,68.33,산길,Mountain road,10743,0.00,2024,exact_year,32.508,2,https://pdfs.semanticscholar.org/6342/0fd8726773d7041a1f582d676c4b8f8a3ac9.pdf,질병 60% + 환경별 진드기점수 40%로 계산
2024|쯔쯔가무시증|전북|잡목림,양호,2024,3,쯔쯔가무시증,전북,632,1738690,36.3492,54.18,68.33,잡목림,Copse/Woodland,13826,16.79,2024,exact_year,39.224,2,https://pdfs.semanticscholar.org/6342/0fd8726773d7041a1f582d676c4b8f8a3ac9.pdf,질병 60% + 환경별 진드기점수 40%로 계산
2024|쯔쯔가무시증|전북|초지,매우 나쁨,2024,3,쯔쯔가무시증,전북,632,1738690,36.3492,54.18,68.33,초지,Grassland,29104,100.00,2024,exact_year,72.508,5,https://pdfs.semanticscholar.org/6342/0fd8726773d7041a1f582d676c4b8f8a3ac9.pdf,질병 60% + 환경별 진드기점수 40%로 계산
2024|쯔쯔가무시증|전남|무덤,매우 나쁨,2024,3,쯔쯔가무시증,전남,1080,1788819,60.3750,94.04,86.77,무덤,Grave,18251,40.89,2024,exact_year,72.78,5,https://pdfs.semanticscholar.org/6342/0fd8726773d7041a1f582d676c4b8f8a3ac9.pdf,질병 60% + 환경별 진드기점수 40%로 계산
2024|쯔쯔가무시증|전남|산길,보통,2024,3,쯔쯔가무시증,전남,1080,1788819,60.3750,94.04,86.77,산길,Mountain road,10743,0.00,2024,exact_year,56.424,3,https://pdfs.semanticscholar.org/6342/0fd8726773d7041a1f582d676c4b8f8a3ac9.pdf,질병 60% + 환경별 진드기점수 40%로 계산
2024|쯔쯔가무시증|전남|잡목림,나쁨,2024,3,쯔쯔가무시증,전남,1080,1788819,60.3750,94.04,86.77,잡목림,Copse/Woodland,13826,16.79,2024,exact_year,63.14,4,https://pdfs.semanticscholar.org/6342/0fd8726773d7041a1f582d676c4b8f8a3ac9.pdf,질병 60% + 환경별 진드기점수 40%로 계산
2024|쯔쯔가무시증|전남|초지,최악,2024,3,쯔쯔가무시증,전남,1080,1788819,60.3750,94.04,86.77,초지,Grassland,29104,100.00,2024,exact_year,96.424,6,https://pdfs.semanticscholar.org/6342/0fd8726773d7041a1f582d676c4b8f8a3ac9.pdf,질병 60% + 환경별 진드기점수 40%로 계산
2024|쯔쯔가무시증|경북|무덤,양호,2024,3,쯔쯔가무시증,경북,427,2531384,16.8682,35.94,87.62,무덤,Grave,18251,40.89,2024,exact_year,37.92,2,https://pdfs.semanticscholar.org/6342/0fd8726773d7041a1f582d676c4b8f8a3ac9.pdf,질병 60% + 환경별 진드기점수 40%로 계산
2024|쯔쯔가무시증|경북|산길,좋음,2024,3,쯔쯔가무시증,경북,427,2531384,16.8682,35.94,87.62,산길,Mountain road,10743,0.00,2024,exact_year,21.564,1,https://pdfs.semanticscholar.org/6342/0fd8726773d7041a1f582d676c4b8f8a3ac9.pdf,질병 60% + 환경별 진드기점수 40%로 계산
2024|쯔쯔가무시증|경북|잡목림,좋음,2024,3,쯔쯔가무시증,경북,427,2531384,16.8682,35.94,87.62,잡목림,Copse/Woodland,13826,16.79,2024,exact_year,28.28,1,https://pdfs.semanticscholar.org/6342/0fd8726773d7041a1f582d676c4b8f8a3ac9.pdf,질병 60% + 환경별 진드기점수 40%로 계산
2024|쯔쯔가무시증|경북|초지,나쁨,2024,3,쯔쯔가무시증,경북,427,2531384,16.8682,35.94,87.62,초지,Grassland,29104,100.00,2024,exact_year,61.564,4,https://pdfs.semanticscholar.org/6342/0fd8726773d7041a1f582d676c4b8f8a3ac9.pdf,질병 60% + 환경별 진드기점수 40%로 계산
2024|쯔쯔가무시증|경남|무덤,매우 나쁨,2024,3,쯔쯔가무시증,경남,1147,3228380,35.5287,100.00,87.26,무덤,Grave,18251,40.89,2024,exact_year,76.356,5,https://pdfs.semanticscholar.org/6342/0fd8726773d7041a1f582d676c4b8f8a3ac9.pdf,질병 60% + 환경별 진드기점수 40%로 계산
2024|쯔쯔가무시증|경남|산길,나쁨,2024,3,쯔쯔가무시증,경남,1147,3228380,35.5287,100.00,87.26,산길,Mountain road,10743,0.00,2024,exact_year,60,4,https://pdfs.semanticscholar.org/6342/0fd8726773d7041a1f582d676c4b8f8a3ac9.pdf,질병 60% + 환경별 진드기점수 40%로 계산
2024|쯔쯔가무시증|경남|잡목림,나쁨,2024,3,쯔쯔가무시증,경남,1147,3228380,35.5287,100.00,87.26,잡목림,Copse/Woodland,13826,16.79,2024,exact_year,66.716,4,https://pdfs.semanticscholar.org/6342/0fd8726773d7041a1f582d676c4b8f8a3ac9.pdf,질병 60% + 환경별 진드기점수 40%로 계산
2024|쯔쯔가무시증|경남|초지,최악,2024,3,쯔쯔가무시증,경남,1147,3228380,35.5287,100.00,87.26,초지,Grassland,29104,100.00,2024,exact_year,100,6,https://pdfs.semanticscholar.org/6342/0fd8726773d7041a1f582d676c4b8f8a3ac9.pdf,질병 60% + 환경별 진드기점수 40%로 계산
2024|쯔쯔가무시증|제주|무덤,좋음,2024,3,쯔쯔가무시증,제주,51,670368,7.6078,2.49,79.73,무덤,Grave,18251,40.89,2024,exact_year,17.85,1,https://pdfs.semanticscholar.org/6342/0fd8726773d7041a1f582d676c4b8f8a3ac9.pdf,질병 60% + 환경별 진드기점수 40%로 계산
2024|쯔쯔가무시증|제주|산길,매우 좋음,2024,3,쯔쯔가무시증,제주,51,670368,7.6078,2.49,79.73,산길,Mountain road,10743,0.00,2024,exact_year,1.494,0,https://pdfs.semanticscholar.org/6342/0fd8726773d7041a1f582d676c4b8f8a3ac9.pdf,질병 60% + 환경별 진드기점수 40%로 계산
2024|쯔쯔가무시증|제주|잡목림,매우 좋음,2024,3,쯔쯔가무시증,제주,51,670368,7.6078,2.49,79.73,잡목림,Copse/Woodland,13826,16.79,2024,exact_year,8.21,0,https://pdfs.semanticscholar.org/6342/0fd8726773d7041a1f582d676c4b8f8a3ac9.pdf,질병 60% + 환경별 진드기점수 40%로 계산
2024|쯔쯔가무시증|제주|초지,양호,2024,3,쯔쯔가무시증,제주,51,670368,7.6078,2.49,79.73,초지,Grassland,29104,100.00,2024,exact_year,41.494,2,https://pdfs.semanticscholar.org/6342/0fd8726773d7041a1f582d676c4b8f8a3ac9.pdf,질병 60% + 환경별 진드기점수 40%로 계산
2024|쯔쯔가무시증|세종|무덤,좋음,2024,3,쯔쯔가무시증,세종,24,390685,6.1431,0.09,77.55,무덤,Grave,18251,40.89,2024,exact_year,16.41,1,https://pdfs.semanticscholar.org/6342/0fd8726773d7041a1f582d676c4b8f8a3ac9.pdf,질병 60% + 환경별 진드기점수 40%로 계산
2024|쯔쯔가무시증|세종|산길,매우 좋음,2024,3,쯔쯔가무시증,세종,24,390685,6.1431,0.09,77.55,산길,Mountain road,10743,0.00,2024,exact_year,0.054,0,https://pdfs.semanticscholar.org/6342/0fd8726773d7041a1f582d676c4b8f8a3ac9.pdf,질병 60% + 환경별 진드기점수 40%로 계산
2024|쯔쯔가무시증|세종|잡목림,매우 좋음,2024,3,쯔쯔가무시증,세종,24,390685,6.1431,0.09,77.55,잡목림,Copse/Woodland,13826,16.79,2024,exact_year,6.77,0,https://pdfs.semanticscholar.org/6342/0fd8726773d7041a1f582d676c4b8f8a3ac9.pdf,질병 60% + 환경별 진드기점수 40%로 계산
2024|쯔쯔가무시증|세종|초지,양호,2024,3,쯔쯔가무시증,세종,24,390685,6.1431,0.09,77.55,초지,Grassland,29104,100.00,2024,exact_year,40.054,2,https://pdfs.semanticscholar.org/6342/0fd8726773d7041a1f582d676c4b8f8a3ac9.pdf,질병 60% + 환경별 진드기점수 40%로 계산
2025|중증열성혈소판감소증후군(SFTS)|서울|무덤,양호,2025,3,중증열성혈소판감소증후군(SFTS),서울,14,9299548,0.1505,29.55,44.44,무덤,Grave,18251,40.89,2024,latest_available_proxy,34.086,2,https://pdfs.semanticscholar.org/6342/0fd8726773d7041a1f582d676c4b8f8a3ac9.pdf,질병 60% + 환경별 진드기점수 40%로 계산; 2025년 환경자료 없음: 2024년 환경별 tick_score 대체 사용
2025|중증열성혈소판감소증후군(SFTS)|서울|산길,좋음,2025,3,중증열성혈소판감소증후군(SFTS),서울,14,9299548,0.1505,29.55,44.44,산길,Mountain road,10743,0.00,2024,latest_available_proxy,17.73,1,https://pdfs.semanticscholar.org/6342/0fd8726773d7041a1f582d676c4b8f8a3ac9.pdf,질병 60% + 환경별 진드기점수 40%로 계산; 2025년 환경자료 없음: 2024년 환경별 tick_score 대체 사용
2025|중증열성혈소판감소증후군(SFTS)|서울|잡목림,좋음,2025,3,중증열성혈소판감소증후군(SFTS),서울,14,9299548,0.1505,29.55,44.44,잡목림,Copse/Woodland,13826,16.79,2024,latest_available_proxy,24.446,1,https://pdfs.semanticscholar.org/6342/0fd8726773d7041a1f582d676c4b8f8a3ac9.pdf,질병 60% + 환경별 진드기점수 40%로 계산; 2025년 환경자료 없음: 2024년 환경별 tick_score 대체 사용
2025|중증열성혈소판감소증후군(SFTS)|서울|초지,나쁨,2025,3,중증열성혈소판감소증후군(SFTS),서울,14,9299548,0.1505,29.55,44.44,초지,Grassland,29104,100.00,2024,latest_available_proxy,57.73,4,https://pdfs.semanticscholar.org/6342/0fd8726773d7041a1f582d676c4b8f8a3ac9.pdf,질병 60% + 환경별 진드기점수 40%로 계산; 2025년 환경자료 없음: 2024년 환경별 tick_score 대체 사용
2025|중증열성혈소판감소증후군(SFTS)|부산|무덤,좋음,2025,3,중증열성혈소판감소증후군(SFTS),부산,8,3241600,0.2468,15.91,51.85,무덤,Grave,18251,40.89,2024,latest_available_proxy,25.902,1,https://pdfs.semanticscholar.org/6342/0fd8726773d7041a1f582d676c4b8f8a3ac9.pdf,질병 60% + 환경별 진드기점수 40%로 계산; 2025년 환경자료 없음: 2024년 환경별 tick_score 대체 사용
2025|중증열성혈소판감소증후군(SFTS)|부산|산길,매우 좋음,2025,3,중증열성혈소판감소증후군(SFTS),부산,8,3241600,0.2468,15.91,51.85,산길,Mountain road,10743,0.00,2024,latest_available_proxy,9.546,0,https://pdfs.semanticscholar.org/6342/0fd8726773d7041a1f582d676c4b8f8a3ac9.pdf,질병 60% + 환경별 진드기점수 40%로 계산; 2025년 환경자료 없음: 2024년 환경별 tick_score 대체 사용
2025|중증열성혈소판감소증후군(SFTS)|부산|잡목림,좋음,2025,3,중증열성혈소판감소증후군(SFTS),부산,8,3241600,0.2468,15.91,51.85,잡목림,Copse/Woodland,13826,16.79,2024,latest_available_proxy,16.262,1,https://pdfs.semanticscholar.org/6342/0fd8726773d7041a1f582d676c4b8f8a3ac9.pdf,질병 60% + 환경별 진드기점수 40%로 계산; 2025년 환경자료 없음: 2024년 환경별 tick_score 대체 사용
2025|중증열성혈소판감소증후군(SFTS)|부산|초지,보통,2025,3,중증열성혈소판감소증후군(SFTS),부산,8,3241600,0.2468,15.91,51.85,초지,Grassland,29104,100.00,2024,latest_available_proxy,49.546,3,https://pdfs.semanticscholar.org/6342/0fd8726773d7041a1f582d676c4b8f8a3ac9.pdf,질병 60% + 환경별 진드기점수 40%로 계산; 2025년 환경자료 없음: 2024년 환경별 tick_score 대체 사용
2025|중증열성혈소판감소증후군(SFTS)|대구|무덤,양호,2025,3,중증열성혈소판감소증후군(SFTS),대구,17,2353032,0.7225,36.36,66.67,무덤,Grave,18251,40.89,2024,latest_available_proxy,38.172,2,https://pdfs.semanticscholar.org/6342/0fd8726773d7041a1f582d676c4b8f8a3ac9.pdf,질병 60% + 환경별 진드기점수 40%로 계산; 2025년 환경자료 없음: 2024년 환경별 tick_score 대체 사용
2025|중증열성혈소판감소증후군(SFTS)|대구|산길,좋음,2025,3,중증열성혈소판감소증후군(SFTS),대구,17,2353032,0.7225,36.36,66.67,산길,Mountain road,10743,0.00,2024,latest_available_proxy,21.816,1,https://pdfs.semanticscholar.org/6342/0fd8726773d7041a1f582d676c4b8f8a3ac9.pdf,질병 60% + 환경별 진드기점수 40%로 계산; 2025년 환경자료 없음: 2024년 환경별 tick_score 대체 사용
2025|중증열성혈소판감소증후군(SFTS)|대구|잡목림,좋음,2025,3,중증열성혈소판감소증후군(SFTS),대구,17,2353032,0.7225,36.36,66.67,잡목림,Copse/Woodland,13826,16.79,2024,latest_available_proxy,28.532,1,https://pdfs.semanticscholar.org/6342/0fd8726773d7041a1f582d676c4b8f8a3ac9.pdf,질병 60% + 환경별 진드기점수 40%로 계산; 2025년 환경자료 없음: 2024년 환경별 tick_score 대체 사용
2025|중증열성혈소판감소증후군(SFTS)|대구|초지,나쁨,2025,3,중증열성혈소판감소증후군(SFTS),대구,17,2353032,0.7225,36.36,66.67,초지,Grassland,29104,100.00,2024,latest_available_proxy,61.816,4,https://pdfs.semanticscholar.org/6342/0fd8726773d7041a1f582d676c4b8f8a3ac9.pdf,질병 60% + 환경별 진드기점수 40%로 계산; 2025년 환경자료 없음: 2024년 환경별 tick_score 대체 사용
2025|중증열성혈소판감소증후군(SFTS)|인천|무덤,좋음,2025,3,중증열성혈소판감소증후군(SFTS),인천,3,3051961,0.0983,4.55,25.93,무덤,Grave,18251,40.89,2024,latest_available_proxy,19.086,1,https://pdfs.semanticscholar.org/6342/0fd8726773d7041a1f582d676c4b8f8a3ac9.pdf,질병 60% + 환경별 진드기점수 40%로 계산; 2025년 환경자료 없음: 2024년 환경별 tick_score 대체 사용
2025|중증열성혈소판감소증후군(SFTS)|인천|산길,매우 좋음,2025,3,중증열성혈소판감소증후군(SFTS),인천,3,3051961,0.0983,4.55,25.93,산길,Mountain road,10743,0.00,2024,latest_available_proxy,2.73,0,https://pdfs.semanticscholar.org/6342/0fd8726773d7041a1f582d676c4b8f8a3ac9.pdf,질병 60% + 환경별 진드기점수 40%로 계산; 2025년 환경자료 없음: 2024년 환경별 tick_score 대체 사용
2025|중증열성혈소판감소증후군(SFTS)|인천|잡목림,매우 좋음,2025,3,중증열성혈소판감소증후군(SFTS),인천,3,3051961,0.0983,4.55,25.93,잡목림,Copse/Woodland,13826,16.79,2024,latest_available_proxy,9.446,0,https://pdfs.semanticscholar.org/6342/0fd8726773d7041a1f582d676c4b8f8a3ac9.pdf,질병 60% + 환경별 진드기점수 40%로 계산; 2025년 환경자료 없음: 2024년 환경별 tick_score 대체 사용
2025|중증열성혈소판감소증후군(SFTS)|인천|초지,양호,2025,3,중증열성혈소판감소증후군(SFTS),인천,3,3051961,0.0983,4.55,25.93,초지,Grassland,29104,100.00,2024,latest_available_proxy,42.73,2,https://pdfs.semanticscholar.org/6342/0fd8726773d7041a1f582d676c4b8f8a3ac9.pdf,질병 60% + 환경별 진드기점수 40%로 계산; 2025년 환경자료 없음: 2024년 환경별 tick_score 대체 사용
2025|중증열성혈소판감소증후군(SFTS)|광주|무덤,좋음,2025,3,중증열성혈소판감소증후군(SFTS),광주,3,1392013,0.2155,4.55,25.93,무덤,Grave,18251,40.89,2024,latest_available_proxy,19.086,1,https://pdfs.semanticscholar.org/6342/0fd8726773d7041a1f582d676c4b8f8a3ac9.pdf,질병 60% + 환경별 진드기점수 40%로 계산; 2025년 환경자료 없음: 2024년 환경별 tick_score 대체 사용
2025|중증열성혈소판감소증후군(SFTS)|광주|산길,매우 좋음,2025,3,중증열성혈소판감소증후군(SFTS),광주,3,1392013,0.2155,4.55,25.93,산길,Mountain road,10743,0.00,2024,latest_available_proxy,2.73,0,https://pdfs.semanticscholar.org/6342/0fd8726773d7041a1f582d676c4b8f8a3ac9.pdf,질병 60% + 환경별 진드기점수 40%로 계산; 2025년 환경자료 없음: 2024년 환경별 tick_score 대체 사용
2025|중증열성혈소판감소증후군(SFTS)|광주|잡목림,매우 좋음,2025,3,중증열성혈소판감소증후군(SFTS),광주,3,1392013,0.2155,4.55,25.93,잡목림,Copse/Woodland,13826,16.79,2024,latest_available_proxy,9.446,0,https://pdfs.semanticscholar.org/6342/0fd8726773d7041a1f582d676c4b8f8a3ac9.pdf,질병 60% + 환경별 진드기점수 40%로 계산; 2025년 환경자료 없음: 2024년 환경별 tick_score 대체 사용
2025|중증열성혈소판감소증후군(SFTS)|광주|초지,양호,2025,3,중증열성혈소판감소증후군(SFTS),광주,3,1392013,0.2155,4.55,25.93,초지,Grassland,29104,100.00,2024,latest_available_proxy,42.73,2,https://pdfs.semanticscholar.org/6342/0fd8726773d7041a1f582d676c4b8f8a3ac9.pdf,질병 60% + 환경별 진드기점수 40%로 계산; 2025년 환경자료 없음: 2024년 환경별 tick_score 대체 사용
2025|중증열성혈소판감소증후군(SFTS)|대전|무덤,좋음,2025,3,중증열성혈소판감소증후군(SFTS),대전,7,1440729,0.4859,13.64,48.15,무덤,Grave,18251,40.89,2024,latest_available_proxy,24.54,1,https://pdfs.semanticscholar.org/6342/0fd8726773d7041a1f582d676c4b8f8a3ac9.pdf,질병 60% + 환경별 진드기점수 40%로 계산; 2025년 환경자료 없음: 2024년 환경별 tick_score 대체 사용
2025|중증열성혈소판감소증후군(SFTS)|대전|산길,매우 좋음,2025,3,중증열성혈소판감소증후군(SFTS),대전,7,1440729,0.4859,13.64,48.15,산길,Mountain road,10743,0.00,2024,latest_available_proxy,8.184,0,https://pdfs.semanticscholar.org/6342/0fd8726773d7041a1f582d676c4b8f8a3ac9.pdf,질병 60% + 환경별 진드기점수 40%로 계산; 2025년 환경자료 없음: 2024년 환경별 tick_score 대체 사용
2025|중증열성혈소판감소증후군(SFTS)|대전|잡목림,좋음,2025,3,중증열성혈소판감소증후군(SFTS),대전,7,1440729,0.4859,13.64,48.15,잡목림,Copse/Woodland,13826,16.79,2024,latest_available_proxy,14.9,1,https://pdfs.semanticscholar.org/6342/0fd8726773d7041a1f582d676c4b8f8a3ac9.pdf,질병 60% + 환경별 진드기점수 40%로 계산; 2025년 환경자료 없음: 2024년 환경별 tick_score 대체 사용
2025|중증열성혈소판감소증후군(SFTS)|대전|초지,보통,2025,3,중증열성혈소판감소증후군(SFTS),대전,7,1440729,0.4859,13.64,48.15,초지,Grassland,29104,100.00,2024,latest_available_proxy,48.184,3,https://pdfs.semanticscholar.org/6342/0fd8726773d7041a1f582d676c4b8f8a3ac9.pdf,질병 60% + 환경별 진드기점수 40%로 계산; 2025년 환경자료 없음: 2024년 환경별 tick_score 대체 사용
2025|중증열성혈소판감소증후군(SFTS)|울산|무덤,좋음,2025,3,중증열성혈소판감소증후군(SFTS),울산,8,1091948,0.7326,15.91,44.44,무덤,Grave,18251,40.89,2024,latest_available_proxy,25.902,1,https://pdfs.semanticscholar.org/6342/0fd8726773d7041a1f582d676c4b8f8a3ac9.pdf,질병 60% + 환경별 진드기점수 40%로 계산; 2025년 환경자료 없음: 2024년 환경별 tick_score 대체 사용
2025|중증열성혈소판감소증후군(SFTS)|울산|산길,매우 좋음,2025,3,중증열성혈소판감소증후군(SFTS),울산,8,1091948,0.7326,15.91,44.44,산길,Mountain road,10743,0.00,2024,latest_available_proxy,9.546,0,https://pdfs.semanticscholar.org/6342/0fd8726773d7041a1f582d676c4b8f8a3ac9.pdf,질병 60% + 환경별 진드기점수 40%로 계산; 2025년 환경자료 없음: 2024년 환경별 tick_score 대체 사용
2025|중증열성혈소판감소증후군(SFTS)|울산|잡목림,좋음,2025,3,중증열성혈소판감소증후군(SFTS),울산,8,1091948,0.7326,15.91,44.44,잡목림,Copse/Woodland,13826,16.79,2024,latest_available_proxy,16.262,1,https://pdfs.semanticscholar.org/6342/0fd8726773d7041a1f582d676c4b8f8a3ac9.pdf,질병 60% + 환경별 진드기점수 40%로 계산; 2025년 환경자료 없음: 2024년 환경별 tick_score 대체 사용
2025|중증열성혈소판감소증후군(SFTS)|울산|초지,보통,2025,3,중증열성혈소판감소증후군(SFTS),울산,8,1091948,0.7326,15.91,44.44,초지,Grassland,29104,100.00,2024,latest_available_proxy,49.546,3,https://pdfs.semanticscholar.org/6342/0fd8726773d7041a1f582d676c4b8f8a3ac9.pdf,질병 60% + 환경별 진드기점수 40%로 계산; 2025년 환경자료 없음: 2024년 환경별 tick_score 대체 사용
2025|중증열성혈소판감소증후군(SFTS)|경기|무덤,매우 나쁨,2025,3,중증열성혈소판감소증후군(SFTS),경기,42,13730135,0.3059,93.18,81.48,무덤,Grave,18251,40.89,2024,latest_available_proxy,72.264,5,https://pdfs.semanticscholar.org/6342/0fd8726773d7041a1f582d676c4b8f8a3ac9.pdf,질병 60% + 환경별 진드기점수 40%로 계산; 2025년 환경자료 없음: 2024년 환경별 tick_score 대체 사용
2025|중증열성혈소판감소증후군(SFTS)|경기|산길,보통,2025,3,중증열성혈소판감소증후군(SFTS),경기,42,13730135,0.3059,93.18,81.48,산길,Mountain road,10743,0.00,2024,latest_available_proxy,55.908,3,https://pdfs.semanticscholar.org/6342/0fd8726773d7041a1f582d676c4b8f8a3ac9.pdf,질병 60% + 환경별 진드기점수 40%로 계산; 2025년 환경자료 없음: 2024년 환경별 tick_score 대체 사용
2025|중증열성혈소판감소증후군(SFTS)|경기|잡목림,나쁨,2025,3,중증열성혈소판감소증후군(SFTS),경기,42,13730135,0.3059,93.18,81.48,잡목림,Copse/Woodland,13826,16.79,2024,latest_available_proxy,62.624,4,https://pdfs.semanticscholar.org/6342/0fd8726773d7041a1f582d676c4b8f8a3ac9.pdf,질병 60% + 환경별 진드기점수 40%로 계산; 2025년 환경자료 없음: 2024년 환경별 tick_score 대체 사용
2025|중증열성혈소판감소증후군(SFTS)|경기|초지,최악,2025,3,중증열성혈소판감소증후군(SFTS),경기,42,13730135,0.3059,93.18,81.48,초지,Grassland,29104,100.00,2024,latest_available_proxy,95.908,6,https://pdfs.semanticscholar.org/6342/0fd8726773d7041a1f582d676c4b8f8a3ac9.pdf,질병 60% + 환경별 진드기점수 40%로 계산; 2025년 환경자료 없음: 2024년 환경별 tick_score 대체 사용
2025|중증열성혈소판감소증후군(SFTS)|강원|무덤,나쁨,2025,3,중증열성혈소판감소증후군(SFTS),강원,31,1508500,2.0550,68.18,25.93,무덤,Grave,18251,40.89,2024,latest_available_proxy,57.264,4,https://pdfs.semanticscholar.org/6342/0fd8726773d7041a1f582d676c4b8f8a3ac9.pdf,질병 60% + 환경별 진드기점수 40%로 계산; 2025년 환경자료 없음: 2024년 환경별 tick_score 대체 사용
2025|중증열성혈소판감소증후군(SFTS)|강원|산길,양호,2025,3,중증열성혈소판감소증후군(SFTS),강원,31,1508500,2.0550,68.18,25.93,산길,Mountain road,10743,0.00,2024,latest_available_proxy,40.908,2,https://pdfs.semanticscholar.org/6342/0fd8726773d7041a1f582d676c4b8f8a3ac9.pdf,질병 60% + 환경별 진드기점수 40%로 계산; 2025년 환경자료 없음: 2024년 환경별 tick_score 대체 사용
2025|중증열성혈소판감소증후군(SFTS)|강원|잡목림,보통,2025,3,중증열성혈소판감소증후군(SFTS),강원,31,1508500,2.0550,68.18,25.93,잡목림,Copse/Woodland,13826,16.79,2024,latest_available_proxy,47.624,3,https://pdfs.semanticscholar.org/6342/0fd8726773d7041a1f582d676c4b8f8a3ac9.pdf,질병 60% + 환경별 진드기점수 40%로 계산; 2025년 환경자료 없음: 2024년 환경별 tick_score 대체 사용
2025|중증열성혈소판감소증후군(SFTS)|강원|초지,매우 나쁨,2025,3,중증열성혈소판감소증후군(SFTS),강원,31,1508500,2.0550,68.18,25.93,초지,Grassland,29104,100.00,2024,latest_available_proxy,80.908,5,https://pdfs.semanticscholar.org/6342/0fd8726773d7041a1f582d676c4b8f8a3ac9.pdf,질병 60% + 환경별 진드기점수 40%로 계산; 2025년 환경자료 없음: 2024년 환경별 tick_score 대체 사용
2025|중증열성혈소판감소증후군(SFTS)|충북|무덤,양호,2025,3,중증열성혈소판감소증후군(SFTS),충북,13,1596502,0.8143,27.27,66.67,무덤,Grave,18251,40.89,2024,latest_available_proxy,32.718,2,https://pdfs.semanticscholar.org/6342/0fd8726773d7041a1f582d676c4b8f8a3ac9.pdf,질병 60% + 환경별 진드기점수 40%로 계산; 2025년 환경자료 없음: 2024년 환경별 tick_score 대체 사용
2025|중증열성혈소판감소증후군(SFTS)|충북|산길,좋음,2025,3,중증열성혈소판감소증후군(SFTS),충북,13,1596502,0.8143,27.27,66.67,산길,Mountain road,10743,0.00,2024,latest_available_proxy,16.362,1,https://pdfs.semanticscholar.org/6342/0fd8726773d7041a1f582d676c4b8f8a3ac9.pdf,질병 60% + 환경별 진드기점수 40%로 계산; 2025년 환경자료 없음: 2024년 환경별 tick_score 대체 사용
2025|중증열성혈소판감소증후군(SFTS)|충북|잡목림,좋음,2025,3,중증열성혈소판감소증후군(SFTS),충북,13,1596502,0.8143,27.27,66.67,잡목림,Copse/Woodland,13826,16.79,2024,latest_available_proxy,23.078,1,https://pdfs.semanticscholar.org/6342/0fd8726773d7041a1f582d676c4b8f8a3ac9.pdf,질병 60% + 환경별 진드기점수 40%로 계산; 2025년 환경자료 없음: 2024년 환경별 tick_score 대체 사용
2025|중증열성혈소판감소증후군(SFTS)|충북|초지,보통,2025,3,중증열성혈소판감소증후군(SFTS),충북,13,1596502,0.8143,27.27,66.67,초지,Grassland,29104,100.00,2024,latest_available_proxy,56.362,3,https://pdfs.semanticscholar.org/6342/0fd8726773d7041a1f582d676c4b8f8a3ac9.pdf,질병 60% + 환경별 진드기점수 40%로 계산; 2025년 환경자료 없음: 2024년 환경별 tick_score 대체 사용
2025|중증열성혈소판감소증후군(SFTS)|충남|무덤,양호,2025,3,중증열성혈소판감소증후군(SFTS),충남,15,2136753,0.7020,31.82,59.26,무덤,Grave,18251,40.89,2024,latest_available_proxy,35.448,2,https://pdfs.semanticscholar.org/6342/0fd8726773d7041a1f582d676c4b8f8a3ac9.pdf,질병 60% + 환경별 진드기점수 40%로 계산; 2025년 환경자료 없음: 2024년 환경별 tick_score 대체 사용
2025|중증열성혈소판감소증후군(SFTS)|충남|산길,좋음,2025,3,중증열성혈소판감소증후군(SFTS),충남,15,2136753,0.7020,31.82,59.26,산길,Mountain road,10743,0.00,2024,latest_available_proxy,19.092,1,https://pdfs.semanticscholar.org/6342/0fd8726773d7041a1f582d676c4b8f8a3ac9.pdf,질병 60% + 환경별 진드기점수 40%로 계산; 2025년 환경자료 없음: 2024년 환경별 tick_score 대체 사용
2025|중증열성혈소판감소증후군(SFTS)|충남|잡목림,좋음,2025,3,중증열성혈소판감소증후군(SFTS),충남,15,2136753,0.7020,31.82,59.26,잡목림,Copse/Woodland,13826,16.79,2024,latest_available_proxy,25.808,1,https://pdfs.semanticscholar.org/6342/0fd8726773d7041a1f582d676c4b8f8a3ac9.pdf,질병 60% + 환경별 진드기점수 40%로 계산; 2025년 환경자료 없음: 2024년 환경별 tick_score 대체 사용
2025|중증열성혈소판감소증후군(SFTS)|충남|초지,나쁨,2025,3,중증열성혈소판감소증후군(SFTS),충남,15,2136753,0.7020,31.82,59.26,초지,Grassland,29104,100.00,2024,latest_available_proxy,59.092,4,https://pdfs.semanticscholar.org/6342/0fd8726773d7041a1f582d676c4b8f8a3ac9.pdf,질병 60% + 환경별 진드기점수 40%로 계산; 2025년 환경자료 없음: 2024년 환경별 tick_score 대체 사용
2025|중증열성혈소판감소증후군(SFTS)|전북|무덤,양호,2025,3,중증열성혈소판감소증후군(SFTS),전북,20,1724856,1.1595,43.18,74.07,무덤,Grave,18251,40.89,2024,latest_available_proxy,42.264,2,https://pdfs.semanticscholar.org/6342/0fd8726773d7041a1f582d676c4b8f8a3ac9.pdf,질병 60% + 환경별 진드기점수 40%로 계산; 2025년 환경자료 없음: 2024년 환경별 tick_score 대체 사용
2025|중증열성혈소판감소증후군(SFTS)|전북|산길,좋음,2025,3,중증열성혈소판감소증후군(SFTS),전북,20,1724856,1.1595,43.18,74.07,산길,Mountain road,10743,0.00,2024,latest_available_proxy,25.908,1,https://pdfs.semanticscholar.org/6342/0fd8726773d7041a1f582d676c4b8f8a3ac9.pdf,질병 60% + 환경별 진드기점수 40%로 계산; 2025년 환경자료 없음: 2024년 환경별 tick_score 대체 사용
2025|중증열성혈소판감소증후군(SFTS)|전북|잡목림,양호,2025,3,중증열성혈소판감소증후군(SFTS),전북,20,1724856,1.1595,43.18,74.07,잡목림,Copse/Woodland,13826,16.79,2024,latest_available_proxy,32.624,2,https://pdfs.semanticscholar.org/6342/0fd8726773d7041a1f582d676c4b8f8a3ac9.pdf,질병 60% + 환경별 진드기점수 40%로 계산; 2025년 환경자료 없음: 2024년 환경별 tick_score 대체 사용
2025|중증열성혈소판감소증후군(SFTS)|전북|초지,나쁨,2025,3,중증열성혈소판감소증후군(SFTS),전북,20,1724856,1.1595,43.18,74.07,초지,Grassland,29104,100.00,2024,latest_available_proxy,65.908,4,https://pdfs.semanticscholar.org/6342/0fd8726773d7041a1f582d676c4b8f8a3ac9.pdf,질병 60% + 환경별 진드기점수 40%로 계산; 2025년 환경자료 없음: 2024년 환경별 tick_score 대체 사용
2025|중증열성혈소판감소증후군(SFTS)|전남|무덤,좋음,2025,3,중증열성혈소판감소증후군(SFTS),전남,9,1779135,0.5059,18.18,33.33,무덤,Grave,18251,40.89,2024,latest_available_proxy,27.264,1,https://pdfs.semanticscholar.org/6342/0fd8726773d7041a1f582d676c4b8f8a3ac9.pdf,질병 60% + 환경별 진드기점수 40%로 계산; 2025년 환경자료 없음: 2024년 환경별 tick_score 대체 사용
2025|중증열성혈소판감소증후군(SFTS)|전남|산길,매우 좋음,2025,3,중증열성혈소판감소증후군(SFTS),전남,9,1779135,0.5059,18.18,33.33,산길,Mountain road,10743,0.00,2024,latest_available_proxy,10.908,0,https://pdfs.semanticscholar.org/6342/0fd8726773d7041a1f582d676c4b8f8a3ac9.pdf,질병 60% + 환경별 진드기점수 40%로 계산; 2025년 환경자료 없음: 2024년 환경별 tick_score 대체 사용
2025|중증열성혈소판감소증후군(SFTS)|전남|잡목림,좋음,2025,3,중증열성혈소판감소증후군(SFTS),전남,9,1779135,0.5059,18.18,33.33,잡목림,Copse/Woodland,13826,16.79,2024,latest_available_proxy,17.624,1,https://pdfs.semanticscholar.org/6342/0fd8726773d7041a1f582d676c4b8f8a3ac9.pdf,질병 60% + 환경별 진드기점수 40%로 계산; 2025년 환경자료 없음: 2024년 환경별 tick_score 대체 사용
2025|중증열성혈소판감소증후군(SFTS)|전남|초지,보통,2025,3,중증열성혈소판감소증후군(SFTS),전남,9,1779135,0.5059,18.18,33.33,초지,Grassland,29104,100.00,2024,latest_available_proxy,50.908,3,https://pdfs.semanticscholar.org/6342/0fd8726773d7041a1f582d676c4b8f8a3ac9.pdf,질병 60% + 환경별 진드기점수 40%로 계산; 2025년 환경자료 없음: 2024년 환경별 tick_score 대체 사용
2025|중증열성혈소판감소증후군(SFTS)|경북|무덤,매우 나쁨,2025,3,중증열성혈소판감소증후군(SFTS),경북,45,2506526,1.7953,100.00,100.00,무덤,Grave,18251,40.89,2024,latest_available_proxy,76.356,5,https://pdfs.semanticscholar.org/6342/0fd8726773d7041a1f582d676c4b8f8a3ac9.pdf,질병 60% + 환경별 진드기점수 40%로 계산; 2025년 환경자료 없음: 2024년 환경별 tick_score 대체 사용
2025|중증열성혈소판감소증후군(SFTS)|경북|산길,나쁨,2025,3,중증열성혈소판감소증후군(SFTS),경북,45,2506526,1.7953,100.00,100.00,산길,Mountain road,10743,0.00,2024,latest_available_proxy,60,4,https://pdfs.semanticscholar.org/6342/0fd8726773d7041a1f582d676c4b8f8a3ac9.pdf,질병 60% + 환경별 진드기점수 40%로 계산; 2025년 환경자료 없음: 2024년 환경별 tick_score 대체 사용
2025|중증열성혈소판감소증후군(SFTS)|경북|잡목림,나쁨,2025,3,중증열성혈소판감소증후군(SFTS),경북,45,2506526,1.7953,100.00,100.00,잡목림,Copse/Woodland,13826,16.79,2024,latest_available_proxy,66.716,4,https://pdfs.semanticscholar.org/6342/0fd8726773d7041a1f582d676c4b8f8a3ac9.pdf,질병 60% + 환경별 진드기점수 40%로 계산; 2025년 환경자료 없음: 2024년 환경별 tick_score 대체 사용
2025|중증열성혈소판감소증후군(SFTS)|경북|초지,최악,2025,3,중증열성혈소판감소증후군(SFTS),경북,45,2506526,1.7953,100.00,100.00,초지,Grassland,29104,100.00,2024,latest_available_proxy,100,6,https://pdfs.semanticscholar.org/6342/0fd8726773d7041a1f582d676c4b8f8a3ac9.pdf,질병 60% + 환경별 진드기점수 40%로 계산; 2025년 환경자료 없음: 2024년 환경별 tick_score 대체 사용
2025|중증열성혈소판감소증후군(SFTS)|경남|무덤,보통,2025,3,중증열성혈소판감소증후군(SFTS),경남,28,3207383,0.8730,61.36,74.07,무덤,Grave,18251,40.89,2024,latest_available_proxy,53.172,3,https://pdfs.semanticscholar.org/6342/0fd8726773d7041a1f582d676c4b8f8a3ac9.pdf,질병 60% + 환경별 진드기점수 40%로 계산; 2025년 환경자료 없음: 2024년 환경별 tick_score 대체 사용
2025|중증열성혈소판감소증후군(SFTS)|경남|산길,양호,2025,3,중증열성혈소판감소증후군(SFTS),경남,28,3207383,0.8730,61.36,74.07,산길,Mountain road,10743,0.00,2024,latest_available_proxy,36.816,2,https://pdfs.semanticscholar.org/6342/0fd8726773d7041a1f582d676c4b8f8a3ac9.pdf,질병 60% + 환경별 진드기점수 40%로 계산; 2025년 환경자료 없음: 2024년 환경별 tick_score 대체 사용
2025|중증열성혈소판감소증후군(SFTS)|경남|잡목림,보통,2025,3,중증열성혈소판감소증후군(SFTS),경남,28,3207383,0.8730,61.36,74.07,잡목림,Copse/Woodland,13826,16.79,2024,latest_available_proxy,43.532,3,https://pdfs.semanticscholar.org/6342/0fd8726773d7041a1f582d676c4b8f8a3ac9.pdf,질병 60% + 환경별 진드기점수 40%로 계산; 2025년 환경자료 없음: 2024년 환경별 tick_score 대체 사용
2025|중증열성혈소판감소증후군(SFTS)|경남|초지,매우 나쁨,2025,3,중증열성혈소판감소증후군(SFTS),경남,28,3207383,0.8730,61.36,74.07,초지,Grassland,29104,100.00,2024,latest_available_proxy,76.816,5,https://pdfs.semanticscholar.org/6342/0fd8726773d7041a1f582d676c4b8f8a3ac9.pdf,질병 60% + 환경별 진드기점수 40%로 계산; 2025년 환경자료 없음: 2024년 환경별 tick_score 대체 사용
2025|중증열성혈소판감소증후군(SFTS)|제주|무덤,양호,2025,3,중증열성혈소판감소증후군(SFTS),제주,16,664792,2.4068,34.09,55.56,무덤,Grave,18251,40.89,2024,latest_available_proxy,36.81,2,https://pdfs.semanticscholar.org/6342/0fd8726773d7041a1f582d676c4b8f8a3ac9.pdf,질병 60% + 환경별 진드기점수 40%로 계산; 2025년 환경자료 없음: 2024년 환경별 tick_score 대체 사용
2025|중증열성혈소판감소증후군(SFTS)|제주|산길,좋음,2025,3,중증열성혈소판감소증후군(SFTS),제주,16,664792,2.4068,34.09,55.56,산길,Mountain road,10743,0.00,2024,latest_available_proxy,20.454,1,https://pdfs.semanticscholar.org/6342/0fd8726773d7041a1f582d676c4b8f8a3ac9.pdf,질병 60% + 환경별 진드기점수 40%로 계산; 2025년 환경자료 없음: 2024년 환경별 tick_score 대체 사용
2025|중증열성혈소판감소증후군(SFTS)|제주|잡목림,좋음,2025,3,중증열성혈소판감소증후군(SFTS),제주,16,664792,2.4068,34.09,55.56,잡목림,Copse/Woodland,13826,16.79,2024,latest_available_proxy,27.17,1,https://pdfs.semanticscholar.org/6342/0fd8726773d7041a1f582d676c4b8f8a3ac9.pdf,질병 60% + 환경별 진드기점수 40%로 계산; 2025년 환경자료 없음: 2024년 환경별 tick_score 대체 사용
2025|중증열성혈소판감소증후군(SFTS)|제주|초지,나쁨,2025,3,중증열성혈소판감소증후군(SFTS),제주,16,664792,2.4068,34.09,55.56,초지,Grassland,29104,100.00,2024,latest_available_proxy,60.454,4,https://pdfs.semanticscholar.org/6342/0fd8726773d7041a1f582d676c4b8f8a3ac9.pdf,질병 60% + 환경별 진드기점수 40%로 계산; 2025년 환경자료 없음: 2024년 환경별 tick_score 대체 사용
2025|중증열성혈소판감소증후군(SFTS)|세종|무덤,좋음,2025,3,중증열성혈소판감소증후군(SFTS),세종,1,391965,0.2551,0.00,33.33,무덤,Grave,18251,40.89,2024,latest_available_proxy,16.356,1,https://pdfs.semanticscholar.org/6342/0fd8726773d7041a1f582d676c4b8f8a3ac9.pdf,질병 60% + 환경별 진드기점수 40%로 계산; 2025년 환경자료 없음: 2024년 환경별 tick_score 대체 사용
2025|중증열성혈소판감소증후군(SFTS)|세종|산길,매우 좋음,2025,3,중증열성혈소판감소증후군(SFTS),세종,1,391965,0.2551,0.00,33.33,산길,Mountain road,10743,0.00,2024,latest_available_proxy,0,0,https://pdfs.semanticscholar.org/6342/0fd8726773d7041a1f582d676c4b8f8a3ac9.pdf,질병 60% + 환경별 진드기점수 40%로 계산; 2025년 환경자료 없음: 2024년 환경별 tick_score 대체 사용
2025|중증열성혈소판감소증후군(SFTS)|세종|잡목림,매우 좋음,2025,3,중증열성혈소판감소증후군(SFTS),세종,1,391965,0.2551,0.00,33.33,잡목림,Copse/Woodland,13826,16.79,2024,latest_available_proxy,6.716,0,https://pdfs.semanticscholar.org/6342/0fd8726773d7041a1f582d676c4b8f8a3ac9.pdf,질병 60% + 환경별 진드기점수 40%로 계산; 2025년 환경자료 없음: 2024년 환경별 tick_score 대체 사용
2025|중증열성혈소판감소증후군(SFTS)|세종|초지,양호,2025,3,중증열성혈소판감소증후군(SFTS),세종,1,391965,0.2551,0.00,33.33,초지,Grassland,29104,100.00,2024,latest_available_proxy,40,2,https://pdfs.semanticscholar.org/6342/0fd8726773d7041a1f582d676c4b8f8a3ac9.pdf,질병 60% + 환경별 진드기점수 40%로 계산; 2025년 환경자료 없음: 2024년 환경별 tick_score 대체 사용
2025|라임병|서울|무덤,양호,2025,3,라임병,서울,5,9299548,0.0538,22.73,20.83,무덤,Grave,18251,40.89,2024,latest_available_proxy,29.994,2,https://pdfs.semanticscholar.org/6342/0fd8726773d7041a1f582d676c4b8f8a3ac9.pdf,질병 60% + 환경별 진드기점수 40%로 계산; 2025년 환경자료 없음: 2024년 환경별 tick_score 대체 사용
2025|라임병|서울|산길,매우 좋음,2025,3,라임병,서울,5,9299548,0.0538,22.73,20.83,산길,Mountain road,10743,0.00,2024,latest_available_proxy,13.638,0,https://pdfs.semanticscholar.org/6342/0fd8726773d7041a1f582d676c4b8f8a3ac9.pdf,질병 60% + 환경별 진드기점수 40%로 계산; 2025년 환경자료 없음: 2024년 환경별 tick_score 대체 사용
2025|라임병|서울|잡목림,좋음,2025,3,라임병,서울,5,9299548,0.0538,22.73,20.83,잡목림,Copse/Woodland,13826,16.79,2024,latest_available_proxy,20.354,1,https://pdfs.semanticscholar.org/6342/0fd8726773d7041a1f582d676c4b8f8a3ac9.pdf,질병 60% + 환경별 진드기점수 40%로 계산; 2025년 환경자료 없음: 2024년 환경별 tick_score 대체 사용
2025|라임병|서울|초지,보통,2025,3,라임병,서울,5,9299548,0.0538,22.73,20.83,초지,Grassland,29104,100.00,2024,latest_available_proxy,53.638,3,https://pdfs.semanticscholar.org/6342/0fd8726773d7041a1f582d676c4b8f8a3ac9.pdf,질병 60% + 환경별 진드기점수 40%로 계산; 2025년 환경자료 없음: 2024년 환경별 tick_score 대체 사용
2025|라임병|부산|무덤,좋음,2025,3,라임병,부산,1,3241600,0.0308,4.55,37.50,무덤,Grave,18251,40.89,2024,latest_available_proxy,19.086,1,https://pdfs.semanticscholar.org/6342/0fd8726773d7041a1f582d676c4b8f8a3ac9.pdf,질병 60% + 환경별 진드기점수 40%로 계산; 2025년 환경자료 없음: 2024년 환경별 tick_score 대체 사용
2025|라임병|부산|산길,매우 좋음,2025,3,라임병,부산,1,3241600,0.0308,4.55,37.50,산길,Mountain road,10743,0.00,2024,latest_available_proxy,2.73,0,https://pdfs.semanticscholar.org/6342/0fd8726773d7041a1f582d676c4b8f8a3ac9.pdf,질병 60% + 환경별 진드기점수 40%로 계산; 2025년 환경자료 없음: 2024년 환경별 tick_score 대체 사용
2025|라임병|부산|잡목림,매우 좋음,2025,3,라임병,부산,1,3241600,0.0308,4.55,37.50,잡목림,Copse/Woodland,13826,16.79,2024,latest_available_proxy,9.446,0,https://pdfs.semanticscholar.org/6342/0fd8726773d7041a1f582d676c4b8f8a3ac9.pdf,질병 60% + 환경별 진드기점수 40%로 계산; 2025년 환경자료 없음: 2024년 환경별 tick_score 대체 사용
2025|라임병|부산|초지,양호,2025,3,라임병,부산,1,3241600,0.0308,4.55,37.50,초지,Grassland,29104,100.00,2024,latest_available_proxy,42.73,2,https://pdfs.semanticscholar.org/6342/0fd8726773d7041a1f582d676c4b8f8a3ac9.pdf,질병 60% + 환경별 진드기점수 40%로 계산; 2025년 환경자료 없음: 2024년 환경별 tick_score 대체 사용
2025|라임병|대구|무덤,좋음,2025,3,라임병,대구,0,2353032,0.0000,0.00,29.17,무덤,Grave,18251,40.89,2024,latest_available_proxy,16.356,1,https://pdfs.semanticscholar.org/6342/0fd8726773d7041a1f582d676c4b8f8a3ac9.pdf,질병 60% + 환경별 진드기점수 40%로 계산; 2025년 환경자료 없음: 2024년 환경별 tick_score 대체 사용
2025|라임병|대구|산길,매우 좋음,2025,3,라임병,대구,0,2353032,0.0000,0.00,29.17,산길,Mountain road,10743,0.00,2024,latest_available_proxy,0,0,https://pdfs.semanticscholar.org/6342/0fd8726773d7041a1f582d676c4b8f8a3ac9.pdf,질병 60% + 환경별 진드기점수 40%로 계산; 2025년 환경자료 없음: 2024년 환경별 tick_score 대체 사용
2025|라임병|대구|잡목림,매우 좋음,2025,3,라임병,대구,0,2353032,0.0000,0.00,29.17,잡목림,Copse/Woodland,13826,16.79,2024,latest_available_proxy,6.716,0,https://pdfs.semanticscholar.org/6342/0fd8726773d7041a1f582d676c4b8f8a3ac9.pdf,질병 60% + 환경별 진드기점수 40%로 계산; 2025년 환경자료 없음: 2024년 환경별 tick_score 대체 사용
2025|라임병|대구|초지,양호,2025,3,라임병,대구,0,2353032,0.0000,0.00,29.17,초지,Grassland,29104,100.00,2024,latest_available_proxy,40,2,https://pdfs.semanticscholar.org/6342/0fd8726773d7041a1f582d676c4b8f8a3ac9.pdf,질병 60% + 환경별 진드기점수 40%로 계산; 2025년 환경자료 없음: 2024년 환경별 tick_score 대체 사용
2025|라임병|인천|무덤,좋음,2025,3,라임병,인천,0,3051961,0.0000,0.00,25.00,무덤,Grave,18251,40.89,2024,latest_available_proxy,16.356,1,https://pdfs.semanticscholar.org/6342/0fd8726773d7041a1f582d676c4b8f8a3ac9.pdf,질병 60% + 환경별 진드기점수 40%로 계산; 2025년 환경자료 없음: 2024년 환경별 tick_score 대체 사용
2025|라임병|인천|산길,매우 좋음,2025,3,라임병,인천,0,3051961,0.0000,0.00,25.00,산길,Mountain road,10743,0.00,2024,latest_available_proxy,0,0,https://pdfs.semanticscholar.org/6342/0fd8726773d7041a1f582d676c4b8f8a3ac9.pdf,질병 60% + 환경별 진드기점수 40%로 계산; 2025년 환경자료 없음: 2024년 환경별 tick_score 대체 사용
2025|라임병|인천|잡목림,매우 좋음,2025,3,라임병,인천,0,3051961,0.0000,0.00,25.00,잡목림,Copse/Woodland,13826,16.79,2024,latest_available_proxy,6.716,0,https://pdfs.semanticscholar.org/6342/0fd8726773d7041a1f582d676c4b8f8a3ac9.pdf,질병 60% + 환경별 진드기점수 40%로 계산; 2025년 환경자료 없음: 2024년 환경별 tick_score 대체 사용
2025|라임병|인천|초지,양호,2025,3,라임병,인천,0,3051961,0.0000,0.00,25.00,초지,Grassland,29104,100.00,2024,latest_available_proxy,40,2,https://pdfs.semanticscholar.org/6342/0fd8726773d7041a1f582d676c4b8f8a3ac9.pdf,질병 60% + 환경별 진드기점수 40%로 계산; 2025년 환경자료 없음: 2024년 환경별 tick_score 대체 사용
2025|라임병|광주|무덤,좋음,2025,3,라임병,광주,0,1392013,0.0000,0.00,33.33,무덤,Grave,18251,40.89,2024,latest_available_proxy,16.356,1,https://pdfs.semanticscholar.org/6342/0fd8726773d7041a1f582d676c4b8f8a3ac9.pdf,질병 60% + 환경별 진드기점수 40%로 계산; 2025년 환경자료 없음: 2024년 환경별 tick_score 대체 사용
2025|라임병|광주|산길,매우 좋음,2025,3,라임병,광주,0,1392013,0.0000,0.00,33.33,산길,Mountain road,10743,0.00,2024,latest_available_proxy,0,0,https://pdfs.semanticscholar.org/6342/0fd8726773d7041a1f582d676c4b8f8a3ac9.pdf,질병 60% + 환경별 진드기점수 40%로 계산; 2025년 환경자료 없음: 2024년 환경별 tick_score 대체 사용
2025|라임병|광주|잡목림,매우 좋음,2025,3,라임병,광주,0,1392013,0.0000,0.00,33.33,잡목림,Copse/Woodland,13826,16.79,2024,latest_available_proxy,6.716,0,https://pdfs.semanticscholar.org/6342/0fd8726773d7041a1f582d676c4b8f8a3ac9.pdf,질병 60% + 환경별 진드기점수 40%로 계산; 2025년 환경자료 없음: 2024년 환경별 tick_score 대체 사용
2025|라임병|광주|초지,양호,2025,3,라임병,광주,0,1392013,0.0000,0.00,33.33,초지,Grassland,29104,100.00,2024,latest_available_proxy,40,2,https://pdfs.semanticscholar.org/6342/0fd8726773d7041a1f582d676c4b8f8a3ac9.pdf,질병 60% + 환경별 진드기점수 40%로 계산; 2025년 환경자료 없음: 2024년 환경별 tick_score 대체 사용
2025|라임병|대전|무덤,좋음,2025,3,라임병,대전,1,1440729,0.0694,4.55,37.50,무덤,Grave,18251,40.89,2024,latest_available_proxy,19.086,1,https://pdfs.semanticscholar.org/6342/0fd8726773d7041a1f582d676c4b8f8a3ac9.pdf,질병 60% + 환경별 진드기점수 40%로 계산; 2025년 환경자료 없음: 2024년 환경별 tick_score 대체 사용
2025|라임병|대전|산길,매우 좋음,2025,3,라임병,대전,1,1440729,0.0694,4.55,37.50,산길,Mountain road,10743,0.00,2024,latest_available_proxy,2.73,0,https://pdfs.semanticscholar.org/6342/0fd8726773d7041a1f582d676c4b8f8a3ac9.pdf,질병 60% + 환경별 진드기점수 40%로 계산; 2025년 환경자료 없음: 2024년 환경별 tick_score 대체 사용
2025|라임병|대전|잡목림,매우 좋음,2025,3,라임병,대전,1,1440729,0.0694,4.55,37.50,잡목림,Copse/Woodland,13826,16.79,2024,latest_available_proxy,9.446,0,https://pdfs.semanticscholar.org/6342/0fd8726773d7041a1f582d676c4b8f8a3ac9.pdf,질병 60% + 환경별 진드기점수 40%로 계산; 2025년 환경자료 없음: 2024년 환경별 tick_score 대체 사용
2025|라임병|대전|초지,양호,2025,3,라임병,대전,1,1440729,0.0694,4.55,37.50,초지,Grassland,29104,100.00,2024,latest_available_proxy,42.73,2,https://pdfs.semanticscholar.org/6342/0fd8726773d7041a1f582d676c4b8f8a3ac9.pdf,질병 60% + 환경별 진드기점수 40%로 계산; 2025년 환경자료 없음: 2024년 환경별 tick_score 대체 사용
2025|라임병|울산|무덤,좋음,2025,3,라임병,울산,0,1091948,0.0000,0.00,29.17,무덤,Grave,18251,40.89,2024,latest_available_proxy,16.356,1,https://pdfs.semanticscholar.org/6342/0fd8726773d7041a1f582d676c4b8f8a3ac9.pdf,질병 60% + 환경별 진드기점수 40%로 계산; 2025년 환경자료 없음: 2024년 환경별 tick_score 대체 사용
2025|라임병|울산|산길,매우 좋음,2025,3,라임병,울산,0,1091948,0.0000,0.00,29.17,산길,Mountain road,10743,0.00,2024,latest_available_proxy,0,0,https://pdfs.semanticscholar.org/6342/0fd8726773d7041a1f582d676c4b8f8a3ac9.pdf,질병 60% + 환경별 진드기점수 40%로 계산; 2025년 환경자료 없음: 2024년 환경별 tick_score 대체 사용
2025|라임병|울산|잡목림,매우 좋음,2025,3,라임병,울산,0,1091948,0.0000,0.00,29.17,잡목림,Copse/Woodland,13826,16.79,2024,latest_available_proxy,6.716,0,https://pdfs.semanticscholar.org/6342/0fd8726773d7041a1f582d676c4b8f8a3ac9.pdf,질병 60% + 환경별 진드기점수 40%로 계산; 2025년 환경자료 없음: 2024년 환경별 tick_score 대체 사용
2025|라임병|울산|초지,양호,2025,3,라임병,울산,0,1091948,0.0000,0.00,29.17,초지,Grassland,29104,100.00,2024,latest_available_proxy,40,2,https://pdfs.semanticscholar.org/6342/0fd8726773d7041a1f582d676c4b8f8a3ac9.pdf,질병 60% + 환경별 진드기점수 40%로 계산; 2025년 환경자료 없음: 2024년 환경별 tick_score 대체 사용
2025|라임병|경기|무덤,매우 나쁨,2025,3,라임병,경기,22,13730135,0.1602,100.00,100.00,무덤,Grave,18251,40.89,2024,latest_available_proxy,76.356,5,https://pdfs.semanticscholar.org/6342/0fd8726773d7041a1f582d676c4b8f8a3ac9.pdf,질병 60% + 환경별 진드기점수 40%로 계산; 2025년 환경자료 없음: 2024년 환경별 tick_score 대체 사용
2025|라임병|경기|산길,나쁨,2025,3,라임병,경기,22,13730135,0.1602,100.00,100.00,산길,Mountain road,10743,0.00,2024,latest_available_proxy,60,4,https://pdfs.semanticscholar.org/6342/0fd8726773d7041a1f582d676c4b8f8a3ac9.pdf,질병 60% + 환경별 진드기점수 40%로 계산; 2025년 환경자료 없음: 2024년 환경별 tick_score 대체 사용
2025|라임병|경기|잡목림,나쁨,2025,3,라임병,경기,22,13730135,0.1602,100.00,100.00,잡목림,Copse/Woodland,13826,16.79,2024,latest_available_proxy,66.716,4,https://pdfs.semanticscholar.org/6342/0fd8726773d7041a1f582d676c4b8f8a3ac9.pdf,질병 60% + 환경별 진드기점수 40%로 계산; 2025년 환경자료 없음: 2024년 환경별 tick_score 대체 사용
2025|라임병|경기|초지,최악,2025,3,라임병,경기,22,13730135,0.1602,100.00,100.00,초지,Grassland,29104,100.00,2024,latest_available_proxy,100,6,https://pdfs.semanticscholar.org/6342/0fd8726773d7041a1f582d676c4b8f8a3ac9.pdf,질병 60% + 환경별 진드기점수 40%로 계산; 2025년 환경자료 없음: 2024년 환경별 tick_score 대체 사용
2025|라임병|강원|무덤,좋음,2025,3,라임병,강원,0,1508500,0.0000,0.00,29.17,무덤,Grave,18251,40.89,2024,latest_available_proxy,16.356,1,https://pdfs.semanticscholar.org/6342/0fd8726773d7041a1f582d676c4b8f8a3ac9.pdf,질병 60% + 환경별 진드기점수 40%로 계산; 2025년 환경자료 없음: 2024년 환경별 tick_score 대체 사용
2025|라임병|강원|산길,매우 좋음,2025,3,라임병,강원,0,1508500,0.0000,0.00,29.17,산길,Mountain road,10743,0.00,2024,latest_available_proxy,0,0,https://pdfs.semanticscholar.org/6342/0fd8726773d7041a1f582d676c4b8f8a3ac9.pdf,질병 60% + 환경별 진드기점수 40%로 계산; 2025년 환경자료 없음: 2024년 환경별 tick_score 대체 사용
2025|라임병|강원|잡목림,매우 좋음,2025,3,라임병,강원,0,1508500,0.0000,0.00,29.17,잡목림,Copse/Woodland,13826,16.79,2024,latest_available_proxy,6.716,0,https://pdfs.semanticscholar.org/6342/0fd8726773d7041a1f582d676c4b8f8a3ac9.pdf,질병 60% + 환경별 진드기점수 40%로 계산; 2025년 환경자료 없음: 2024년 환경별 tick_score 대체 사용
2025|라임병|강원|초지,양호,2025,3,라임병,강원,0,1508500,0.0000,0.00,29.17,초지,Grassland,29104,100.00,2024,latest_available_proxy,40,2,https://pdfs.semanticscholar.org/6342/0fd8726773d7041a1f582d676c4b8f8a3ac9.pdf,질병 60% + 환경별 진드기점수 40%로 계산; 2025년 환경자료 없음: 2024년 환경별 tick_score 대체 사용
2025|라임병|충북|무덤,좋음,2025,3,라임병,충북,3,1596502,0.1879,13.64,37.50,무덤,Grave,18251,40.89,2024,latest_available_proxy,24.54,1,https://pdfs.semanticscholar.org/6342/0fd8726773d7041a1f582d676c4b8f8a3ac9.pdf,질병 60% + 환경별 진드기점수 40%로 계산; 2025년 환경자료 없음: 2024년 환경별 tick_score 대체 사용
2025|라임병|충북|산길,매우 좋음,2025,3,라임병,충북,3,1596502,0.1879,13.64,37.50,산길,Mountain road,10743,0.00,2024,latest_available_proxy,8.184,0,https://pdfs.semanticscholar.org/6342/0fd8726773d7041a1f582d676c4b8f8a3ac9.pdf,질병 60% + 환경별 진드기점수 40%로 계산; 2025년 환경자료 없음: 2024년 환경별 tick_score 대체 사용
2025|라임병|충북|잡목림,좋음,2025,3,라임병,충북,3,1596502,0.1879,13.64,37.50,잡목림,Copse/Woodland,13826,16.79,2024,latest_available_proxy,14.9,1,https://pdfs.semanticscholar.org/6342/0fd8726773d7041a1f582d676c4b8f8a3ac9.pdf,질병 60% + 환경별 진드기점수 40%로 계산; 2025년 환경자료 없음: 2024년 환경별 tick_score 대체 사용
2025|라임병|충북|초지,보통,2025,3,라임병,충북,3,1596502,0.1879,13.64,37.50,초지,Grassland,29104,100.00,2024,latest_available_proxy,48.184,3,https://pdfs.semanticscholar.org/6342/0fd8726773d7041a1f582d676c4b8f8a3ac9.pdf,질병 60% + 환경별 진드기점수 40%로 계산; 2025년 환경자료 없음: 2024년 환경별 tick_score 대체 사용
2025|라임병|충남|무덤,좋음,2025,3,라임병,충남,2,2136753,0.0936,9.09,29.17,무덤,Grave,18251,40.89,2024,latest_available_proxy,21.81,1,https://pdfs.semanticscholar.org/6342/0fd8726773d7041a1f582d676c4b8f8a3ac9.pdf,질병 60% + 환경별 진드기점수 40%로 계산; 2025년 환경자료 없음: 2024년 환경별 tick_score 대체 사용
2025|라임병|충남|산길,매우 좋음,2025,3,라임병,충남,2,2136753,0.0936,9.09,29.17,산길,Mountain road,10743,0.00,2024,latest_available_proxy,5.454,0,https://pdfs.semanticscholar.org/6342/0fd8726773d7041a1f582d676c4b8f8a3ac9.pdf,질병 60% + 환경별 진드기점수 40%로 계산; 2025년 환경자료 없음: 2024년 환경별 tick_score 대체 사용
2025|라임병|충남|잡목림,매우 좋음,2025,3,라임병,충남,2,2136753,0.0936,9.09,29.17,잡목림,Copse/Woodland,13826,16.79,2024,latest_available_proxy,12.17,0,https://pdfs.semanticscholar.org/6342/0fd8726773d7041a1f582d676c4b8f8a3ac9.pdf,질병 60% + 환경별 진드기점수 40%로 계산; 2025년 환경자료 없음: 2024년 환경별 tick_score 대체 사용
2025|라임병|충남|초지,보통,2025,3,라임병,충남,2,2136753,0.0936,9.09,29.17,초지,Grassland,29104,100.00,2024,latest_available_proxy,45.454,3,https://pdfs.semanticscholar.org/6342/0fd8726773d7041a1f582d676c4b8f8a3ac9.pdf,질병 60% + 환경별 진드기점수 40%로 계산; 2025년 환경자료 없음: 2024년 환경별 tick_score 대체 사용
2025|라임병|전북|무덤,좋음,2025,3,라임병,전북,1,1724856,0.0580,4.55,33.33,무덤,Grave,18251,40.89,2024,latest_available_proxy,19.086,1,https://pdfs.semanticscholar.org/6342/0fd8726773d7041a1f582d676c4b8f8a3ac9.pdf,질병 60% + 환경별 진드기점수 40%로 계산; 2025년 환경자료 없음: 2024년 환경별 tick_score 대체 사용
2025|라임병|전북|산길,매우 좋음,2025,3,라임병,전북,1,1724856,0.0580,4.55,33.33,산길,Mountain road,10743,0.00,2024,latest_available_proxy,2.73,0,https://pdfs.semanticscholar.org/6342/0fd8726773d7041a1f582d676c4b8f8a3ac9.pdf,질병 60% + 환경별 진드기점수 40%로 계산; 2025년 환경자료 없음: 2024년 환경별 tick_score 대체 사용
2025|라임병|전북|잡목림,매우 좋음,2025,3,라임병,전북,1,1724856,0.0580,4.55,33.33,잡목림,Copse/Woodland,13826,16.79,2024,latest_available_proxy,9.446,0,https://pdfs.semanticscholar.org/6342/0fd8726773d7041a1f582d676c4b8f8a3ac9.pdf,질병 60% + 환경별 진드기점수 40%로 계산; 2025년 환경자료 없음: 2024년 환경별 tick_score 대체 사용
2025|라임병|전북|초지,양호,2025,3,라임병,전북,1,1724856,0.0580,4.55,33.33,초지,Grassland,29104,100.00,2024,latest_available_proxy,42.73,2,https://pdfs.semanticscholar.org/6342/0fd8726773d7041a1f582d676c4b8f8a3ac9.pdf,질병 60% + 환경별 진드기점수 40%로 계산; 2025년 환경자료 없음: 2024년 환경별 tick_score 대체 사용
2025|라임병|전남|무덤,좋음,2025,3,라임병,전남,1,1779135,0.0562,4.55,29.17,무덤,Grave,18251,40.89,2024,latest_available_proxy,19.086,1,https://pdfs.semanticscholar.org/6342/0fd8726773d7041a1f582d676c4b8f8a3ac9.pdf,질병 60% + 환경별 진드기점수 40%로 계산; 2025년 환경자료 없음: 2024년 환경별 tick_score 대체 사용
2025|라임병|전남|산길,매우 좋음,2025,3,라임병,전남,1,1779135,0.0562,4.55,29.17,산길,Mountain road,10743,0.00,2024,latest_available_proxy,2.73,0,https://pdfs.semanticscholar.org/6342/0fd8726773d7041a1f582d676c4b8f8a3ac9.pdf,질병 60% + 환경별 진드기점수 40%로 계산; 2025년 환경자료 없음: 2024년 환경별 tick_score 대체 사용
2025|라임병|전남|잡목림,매우 좋음,2025,3,라임병,전남,1,1779135,0.0562,4.55,29.17,잡목림,Copse/Woodland,13826,16.79,2024,latest_available_proxy,9.446,0,https://pdfs.semanticscholar.org/6342/0fd8726773d7041a1f582d676c4b8f8a3ac9.pdf,질병 60% + 환경별 진드기점수 40%로 계산; 2025년 환경자료 없음: 2024년 환경별 tick_score 대체 사용
2025|라임병|전남|초지,양호,2025,3,라임병,전남,1,1779135,0.0562,4.55,29.17,초지,Grassland,29104,100.00,2024,latest_available_proxy,42.73,2,https://pdfs.semanticscholar.org/6342/0fd8726773d7041a1f582d676c4b8f8a3ac9.pdf,질병 60% + 환경별 진드기점수 40%로 계산; 2025년 환경자료 없음: 2024년 환경별 tick_score 대체 사용
2025|라임병|경북|무덤,좋음,2025,3,라임병,경북,0,2506526,0.0000,0.00,25.00,무덤,Grave,18251,40.89,2024,latest_available_proxy,16.356,1,https://pdfs.semanticscholar.org/6342/0fd8726773d7041a1f582d676c4b8f8a3ac9.pdf,질병 60% + 환경별 진드기점수 40%로 계산; 2025년 환경자료 없음: 2024년 환경별 tick_score 대체 사용
2025|라임병|경북|산길,매우 좋음,2025,3,라임병,경북,0,2506526,0.0000,0.00,25.00,산길,Mountain road,10743,0.00,2024,latest_available_proxy,0,0,https://pdfs.semanticscholar.org/6342/0fd8726773d7041a1f582d676c4b8f8a3ac9.pdf,질병 60% + 환경별 진드기점수 40%로 계산; 2025년 환경자료 없음: 2024년 환경별 tick_score 대체 사용
2025|라임병|경북|잡목림,매우 좋음,2025,3,라임병,경북,0,2506526,0.0000,0.00,25.00,잡목림,Copse/Woodland,13826,16.79,2024,latest_available_proxy,6.716,0,https://pdfs.semanticscholar.org/6342/0fd8726773d7041a1f582d676c4b8f8a3ac9.pdf,질병 60% + 환경별 진드기점수 40%로 계산; 2025년 환경자료 없음: 2024년 환경별 tick_score 대체 사용
2025|라임병|경북|초지,양호,2025,3,라임병,경북,0,2506526,0.0000,0.00,25.00,초지,Grassland,29104,100.00,2024,latest_available_proxy,40,2,https://pdfs.semanticscholar.org/6342/0fd8726773d7041a1f582d676c4b8f8a3ac9.pdf,질병 60% + 환경별 진드기점수 40%로 계산; 2025년 환경자료 없음: 2024년 환경별 tick_score 대체 사용
2025|라임병|경남|무덤,좋음,2025,3,라임병,경남,3,3207383,0.0935,13.64,29.17,무덤,Grave,18251,40.89,2024,latest_available_proxy,24.54,1,https://pdfs.semanticscholar.org/6342/0fd8726773d7041a1f582d676c4b8f8a3ac9.pdf,질병 60% + 환경별 진드기점수 40%로 계산; 2025년 환경자료 없음: 2024년 환경별 tick_score 대체 사용
2025|라임병|경남|산길,매우 좋음,2025,3,라임병,경남,3,3207383,0.0935,13.64,29.17,산길,Mountain road,10743,0.00,2024,latest_available_proxy,8.184,0,https://pdfs.semanticscholar.org/6342/0fd8726773d7041a1f582d676c4b8f8a3ac9.pdf,질병 60% + 환경별 진드기점수 40%로 계산; 2025년 환경자료 없음: 2024년 환경별 tick_score 대체 사용
2025|라임병|경남|잡목림,좋음,2025,3,라임병,경남,3,3207383,0.0935,13.64,29.17,잡목림,Copse/Woodland,13826,16.79,2024,latest_available_proxy,14.9,1,https://pdfs.semanticscholar.org/6342/0fd8726773d7041a1f582d676c4b8f8a3ac9.pdf,질병 60% + 환경별 진드기점수 40%로 계산; 2025년 환경자료 없음: 2024년 환경별 tick_score 대체 사용
2025|라임병|경남|초지,보통,2025,3,라임병,경남,3,3207383,0.0935,13.64,29.17,초지,Grassland,29104,100.00,2024,latest_available_proxy,48.184,3,https://pdfs.semanticscholar.org/6342/0fd8726773d7041a1f582d676c4b8f8a3ac9.pdf,질병 60% + 환경별 진드기점수 40%로 계산; 2025년 환경자료 없음: 2024년 환경별 tick_score 대체 사용
2025|라임병|제주|무덤,좋음,2025,3,라임병,제주,0,664792,0.0000,0.00,29.17,무덤,Grave,18251,40.89,2024,latest_available_proxy,16.356,1,https://pdfs.semanticscholar.org/6342/0fd8726773d7041a1f582d676c4b8f8a3ac9.pdf,질병 60% + 환경별 진드기점수 40%로 계산; 2025년 환경자료 없음: 2024년 환경별 tick_score 대체 사용
2025|라임병|제주|산길,매우 좋음,2025,3,라임병,제주,0,664792,0.0000,0.00,29.17,산길,Mountain road,10743,0.00,2024,latest_available_proxy,0,0,https://pdfs.semanticscholar.org/6342/0fd8726773d7041a1f582d676c4b8f8a3ac9.pdf,질병 60% + 환경별 진드기점수 40%로 계산; 2025년 환경자료 없음: 2024년 환경별 tick_score 대체 사용
2025|라임병|제주|잡목림,매우 좋음,2025,3,라임병,제주,0,664792,0.0000,0.00,29.17,잡목림,Copse/Woodland,13826,16.79,2024,latest_available_proxy,6.716,0,https://pdfs.semanticscholar.org/6342/0fd8726773d7041a1f582d676c4b8f8a3ac9.pdf,질병 60% + 환경별 진드기점수 40%로 계산; 2025년 환경자료 없음: 2024년 환경별 tick_score 대체 사용
2025|라임병|제주|초지,양호,2025,3,라임병,제주,0,664792,0.0000,0.00,29.17,초지,Grassland,29104,100.00,2024,latest_available_proxy,40,2,https://pdfs.semanticscholar.org/6342/0fd8726773d7041a1f582d676c4b8f8a3ac9.pdf,질병 60% + 환경별 진드기점수 40%로 계산; 2025년 환경자료 없음: 2024년 환경별 tick_score 대체 사용
2025|라임병|세종|무덤,좋음,2025,3,라임병,세종,0,391965,0.0000,0.00,33.33,무덤,Grave,18251,40.89,2024,latest_available_proxy,16.356,1,https://pdfs.semanticscholar.org/6342/0fd8726773d7041a1f582d676c4b8f8a3ac9.pdf,질병 60% + 환경별 진드기점수 40%로 계산; 2025년 환경자료 없음: 2024년 환경별 tick_score 대체 사용
2025|라임병|세종|산길,매우 좋음,2025,3,라임병,세종,0,391965,0.0000,0.00,33.33,산길,Mountain road,10743,0.00,2024,latest_available_proxy,0,0,https://pdfs.semanticscholar.org/6342/0fd8726773d7041a1f582d676c4b8f8a3ac9.pdf,질병 60% + 환경별 진드기점수 40%로 계산; 2025년 환경자료 없음: 2024년 환경별 tick_score 대체 사용
2025|라임병|세종|잡목림,매우 좋음,2025,3,라임병,세종,0,391965,0.0000,0.00,33.33,잡목림,Copse/Woodland,13826,16.79,2024,latest_available_proxy,6.716,0,https://pdfs.semanticscholar.org/6342/0fd8726773d7041a1f582d676c4b8f8a3ac9.pdf,질병 60% + 환경별 진드기점수 40%로 계산; 2025년 환경자료 없음: 2024년 환경별 tick_score 대체 사용
2025|라임병|세종|초지,양호,2025,3,라임병,세종,0,391965,0.0000,0.00,33.33,초지,Grassland,29104,100.00,2024,latest_available_proxy,40,2,https://pdfs.semanticscholar.org/6342/0fd8726773d7041a1f582d676c4b8f8a3ac9.pdf,질병 60% + 환경별 진드기점수 40%로 계산; 2025년 환경자료 없음: 2024년 환경별 tick_score 대체 사용
2025|쯔쯔가무시증|서울|무덤,좋음,2025,3,쯔쯔가무시증,서울,103,9299548,1.1076,14.33,73.06,무덤,Grave,18251,40.89,2024,latest_available_proxy,24.954,1,https://pdfs.semanticscholar.org/6342/0fd8726773d7041a1f582d676c4b8f8a3ac9.pdf,질병 60% + 환경별 진드기점수 40%로 계산; 2025년 환경자료 없음: 2024년 환경별 tick_score 대체 사용
2025|쯔쯔가무시증|서울|산길,매우 좋음,2025,3,쯔쯔가무시증,서울,103,9299548,1.1076,14.33,73.06,산길,Mountain road,10743,0.00,2024,latest_available_proxy,8.598,0,https://pdfs.semanticscholar.org/6342/0fd8726773d7041a1f582d676c4b8f8a3ac9.pdf,질병 60% + 환경별 진드기점수 40%로 계산; 2025년 환경자료 없음: 2024년 환경별 tick_score 대체 사용
2025|쯔쯔가무시증|서울|잡목림,좋음,2025,3,쯔쯔가무시증,서울,103,9299548,1.1076,14.33,73.06,잡목림,Copse/Woodland,13826,16.79,2024,latest_available_proxy,15.314,1,https://pdfs.semanticscholar.org/6342/0fd8726773d7041a1f582d676c4b8f8a3ac9.pdf,질병 60% + 환경별 진드기점수 40%로 계산; 2025년 환경자료 없음: 2024년 환경별 tick_score 대체 사용
2025|쯔쯔가무시증|서울|초지,보통,2025,3,쯔쯔가무시증,서울,103,9299548,1.1076,14.33,73.06,초지,Grassland,29104,100.00,2024,latest_available_proxy,48.598,3,https://pdfs.semanticscholar.org/6342/0fd8726773d7041a1f582d676c4b8f8a3ac9.pdf,질병 60% + 환경별 진드기점수 40%로 계산; 2025년 환경자료 없음: 2024년 환경별 tick_score 대체 사용
2025|쯔쯔가무시증|부산|무덤,양호,2025,3,쯔쯔가무시증,부산,188,3241600,5.7996,28.84,50.24,무덤,Grave,18251,40.89,2024,latest_available_proxy,33.66,2,https://pdfs.semanticscholar.org/6342/0fd8726773d7041a1f582d676c4b8f8a3ac9.pdf,질병 60% + 환경별 진드기점수 40%로 계산; 2025년 환경자료 없음: 2024년 환경별 tick_score 대체 사용
2025|쯔쯔가무시증|부산|산길,좋음,2025,3,쯔쯔가무시증,부산,188,3241600,5.7996,28.84,50.24,산길,Mountain road,10743,0.00,2024,latest_available_proxy,17.304,1,https://pdfs.semanticscholar.org/6342/0fd8726773d7041a1f582d676c4b8f8a3ac9.pdf,질병 60% + 환경별 진드기점수 40%로 계산; 2025년 환경자료 없음: 2024년 환경별 tick_score 대체 사용
2025|쯔쯔가무시증|부산|잡목림,좋음,2025,3,쯔쯔가무시증,부산,188,3241600,5.7996,28.84,50.24,잡목림,Copse/Woodland,13826,16.79,2024,latest_available_proxy,24.02,1,https://pdfs.semanticscholar.org/6342/0fd8726773d7041a1f582d676c4b8f8a3ac9.pdf,질병 60% + 환경별 진드기점수 40%로 계산; 2025년 환경자료 없음: 2024년 환경별 tick_score 대체 사용
2025|쯔쯔가무시증|부산|초지,나쁨,2025,3,쯔쯔가무시증,부산,188,3241600,5.7996,28.84,50.24,초지,Grassland,29104,100.00,2024,latest_available_proxy,57.304,4,https://pdfs.semanticscholar.org/6342/0fd8726773d7041a1f582d676c4b8f8a3ac9.pdf,질병 60% + 환경별 진드기점수 40%로 계산; 2025년 환경자료 없음: 2024년 환경별 tick_score 대체 사용
2025|쯔쯔가무시증|대구|무덤,좋음,2025,3,쯔쯔가무시증,대구,77,2353032,3.2724,9.90,73.54,무덤,Grave,18251,40.89,2024,latest_available_proxy,22.296,1,https://pdfs.semanticscholar.org/6342/0fd8726773d7041a1f582d676c4b8f8a3ac9.pdf,질병 60% + 환경별 진드기점수 40%로 계산; 2025년 환경자료 없음: 2024년 환경별 tick_score 대체 사용
2025|쯔쯔가무시증|대구|산길,매우 좋음,2025,3,쯔쯔가무시증,대구,77,2353032,3.2724,9.90,73.54,산길,Mountain road,10743,0.00,2024,latest_available_proxy,5.94,0,https://pdfs.semanticscholar.org/6342/0fd8726773d7041a1f582d676c4b8f8a3ac9.pdf,질병 60% + 환경별 진드기점수 40%로 계산; 2025년 환경자료 없음: 2024년 환경별 tick_score 대체 사용
2025|쯔쯔가무시증|대구|잡목림,매우 좋음,2025,3,쯔쯔가무시증,대구,77,2353032,3.2724,9.90,73.54,잡목림,Copse/Woodland,13826,16.79,2024,latest_available_proxy,12.656,0,https://pdfs.semanticscholar.org/6342/0fd8726773d7041a1f582d676c4b8f8a3ac9.pdf,질병 60% + 환경별 진드기점수 40%로 계산; 2025년 환경자료 없음: 2024년 환경별 tick_score 대체 사용
2025|쯔쯔가무시증|대구|초지,보통,2025,3,쯔쯔가무시증,대구,77,2353032,3.2724,9.90,73.54,초지,Grassland,29104,100.00,2024,latest_available_proxy,45.94,3,https://pdfs.semanticscholar.org/6342/0fd8726773d7041a1f582d676c4b8f8a3ac9.pdf,질병 60% + 환경별 진드기점수 40%로 계산; 2025년 환경자료 없음: 2024년 환경별 tick_score 대체 사용
2025|쯔쯔가무시증|인천|무덤,좋음,2025,3,쯔쯔가무시증,인천,56,3051961,1.8349,6.31,78.76,무덤,Grave,18251,40.89,2024,latest_available_proxy,20.142,1,https://pdfs.semanticscholar.org/6342/0fd8726773d7041a1f582d676c4b8f8a3ac9.pdf,질병 60% + 환경별 진드기점수 40%로 계산; 2025년 환경자료 없음: 2024년 환경별 tick_score 대체 사용
2025|쯔쯔가무시증|인천|산길,매우 좋음,2025,3,쯔쯔가무시증,인천,56,3051961,1.8349,6.31,78.76,산길,Mountain road,10743,0.00,2024,latest_available_proxy,3.786,0,https://pdfs.semanticscholar.org/6342/0fd8726773d7041a1f582d676c4b8f8a3ac9.pdf,질병 60% + 환경별 진드기점수 40%로 계산; 2025년 환경자료 없음: 2024년 환경별 tick_score 대체 사용
2025|쯔쯔가무시증|인천|잡목림,매우 좋음,2025,3,쯔쯔가무시증,인천,56,3051961,1.8349,6.31,78.76,잡목림,Copse/Woodland,13826,16.79,2024,latest_available_proxy,10.502,0,https://pdfs.semanticscholar.org/6342/0fd8726773d7041a1f582d676c4b8f8a3ac9.pdf,질병 60% + 환경별 진드기점수 40%로 계산; 2025년 환경자료 없음: 2024년 환경별 tick_score 대체 사용
2025|쯔쯔가무시증|인천|초지,보통,2025,3,쯔쯔가무시증,인천,56,3051961,1.8349,6.31,78.76,초지,Grassland,29104,100.00,2024,latest_available_proxy,43.786,3,https://pdfs.semanticscholar.org/6342/0fd8726773d7041a1f582d676c4b8f8a3ac9.pdf,질병 60% + 환경별 진드기점수 40%로 계산; 2025년 환경자료 없음: 2024년 환경별 tick_score 대체 사용
2025|쯔쯔가무시증|광주|무덤,좋음,2025,3,쯔쯔가무시증,광주,124,1392013,8.9080,17.92,68.45,무덤,Grave,18251,40.89,2024,latest_available_proxy,27.108,1,https://pdfs.semanticscholar.org/6342/0fd8726773d7041a1f582d676c4b8f8a3ac9.pdf,질병 60% + 환경별 진드기점수 40%로 계산; 2025년 환경자료 없음: 2024년 환경별 tick_score 대체 사용
2025|쯔쯔가무시증|광주|산길,매우 좋음,2025,3,쯔쯔가무시증,광주,124,1392013,8.9080,17.92,68.45,산길,Mountain road,10743,0.00,2024,latest_available_proxy,10.752,0,https://pdfs.semanticscholar.org/6342/0fd8726773d7041a1f582d676c4b8f8a3ac9.pdf,질병 60% + 환경별 진드기점수 40%로 계산; 2025년 환경자료 없음: 2024년 환경별 tick_score 대체 사용
2025|쯔쯔가무시증|광주|잡목림,좋음,2025,3,쯔쯔가무시증,광주,124,1392013,8.9080,17.92,68.45,잡목림,Copse/Woodland,13826,16.79,2024,latest_available_proxy,17.468,1,https://pdfs.semanticscholar.org/6342/0fd8726773d7041a1f582d676c4b8f8a3ac9.pdf,질병 60% + 환경별 진드기점수 40%로 계산; 2025년 환경자료 없음: 2024년 환경별 tick_score 대체 사용
2025|쯔쯔가무시증|광주|초지,보통,2025,3,쯔쯔가무시증,광주,124,1392013,8.9080,17.92,68.45,초지,Grassland,29104,100.00,2024,latest_available_proxy,50.752,3,https://pdfs.semanticscholar.org/6342/0fd8726773d7041a1f582d676c4b8f8a3ac9.pdf,질병 60% + 환경별 진드기점수 40%로 계산; 2025년 환경자료 없음: 2024년 환경별 tick_score 대체 사용
2025|쯔쯔가무시증|대전|무덤,좋음,2025,3,쯔쯔가무시증,대전,131,1440729,9.0926,19.11,76.21,무덤,Grave,18251,40.89,2024,latest_available_proxy,27.822,1,https://pdfs.semanticscholar.org/6342/0fd8726773d7041a1f582d676c4b8f8a3ac9.pdf,질병 60% + 환경별 진드기점수 40%로 계산; 2025년 환경자료 없음: 2024년 환경별 tick_score 대체 사용
2025|쯔쯔가무시증|대전|산길,매우 좋음,2025,3,쯔쯔가무시증,대전,131,1440729,9.0926,19.11,76.21,산길,Mountain road,10743,0.00,2024,latest_available_proxy,11.466,0,https://pdfs.semanticscholar.org/6342/0fd8726773d7041a1f582d676c4b8f8a3ac9.pdf,질병 60% + 환경별 진드기점수 40%로 계산; 2025년 환경자료 없음: 2024년 환경별 tick_score 대체 사용
2025|쯔쯔가무시증|대전|잡목림,좋음,2025,3,쯔쯔가무시증,대전,131,1440729,9.0926,19.11,76.21,잡목림,Copse/Woodland,13826,16.79,2024,latest_available_proxy,18.182,1,https://pdfs.semanticscholar.org/6342/0fd8726773d7041a1f582d676c4b8f8a3ac9.pdf,질병 60% + 환경별 진드기점수 40%로 계산; 2025년 환경자료 없음: 2024년 환경별 tick_score 대체 사용
2025|쯔쯔가무시증|대전|초지,보통,2025,3,쯔쯔가무시증,대전,131,1440729,9.0926,19.11,76.21,초지,Grassland,29104,100.00,2024,latest_available_proxy,51.466,3,https://pdfs.semanticscholar.org/6342/0fd8726773d7041a1f582d676c4b8f8a3ac9.pdf,질병 60% + 환경별 진드기점수 40%로 계산; 2025년 환경자료 없음: 2024년 환경별 tick_score 대체 사용
2025|쯔쯔가무시증|울산|무덤,좋음,2025,3,쯔쯔가무시증,울산,119,1091948,10.8980,17.06,59.10,무덤,Grave,18251,40.89,2024,latest_available_proxy,26.592,1,https://pdfs.semanticscholar.org/6342/0fd8726773d7041a1f582d676c4b8f8a3ac9.pdf,질병 60% + 환경별 진드기점수 40%로 계산; 2025년 환경자료 없음: 2024년 환경별 tick_score 대체 사용
2025|쯔쯔가무시증|울산|산길,매우 좋음,2025,3,쯔쯔가무시증,울산,119,1091948,10.8980,17.06,59.10,산길,Mountain road,10743,0.00,2024,latest_available_proxy,10.236,0,https://pdfs.semanticscholar.org/6342/0fd8726773d7041a1f582d676c4b8f8a3ac9.pdf,질병 60% + 환경별 진드기점수 40%로 계산; 2025년 환경자료 없음: 2024년 환경별 tick_score 대체 사용
2025|쯔쯔가무시증|울산|잡목림,좋음,2025,3,쯔쯔가무시증,울산,119,1091948,10.8980,17.06,59.10,잡목림,Copse/Woodland,13826,16.79,2024,latest_available_proxy,16.952,1,https://pdfs.semanticscholar.org/6342/0fd8726773d7041a1f582d676c4b8f8a3ac9.pdf,질병 60% + 환경별 진드기점수 40%로 계산; 2025년 환경자료 없음: 2024년 환경별 tick_score 대체 사용
2025|쯔쯔가무시증|울산|초지,보통,2025,3,쯔쯔가무시증,울산,119,1091948,10.8980,17.06,59.10,초지,Grassland,29104,100.00,2024,latest_available_proxy,50.236,3,https://pdfs.semanticscholar.org/6342/0fd8726773d7041a1f582d676c4b8f8a3ac9.pdf,질병 60% + 환경별 진드기점수 40%로 계산; 2025년 환경자료 없음: 2024년 환경별 tick_score 대체 사용
2025|쯔쯔가무시증|경기|무덤,보통,2025,3,쯔쯔가무시증,경기,330,13730135,2.4035,53.07,65.17,무덤,Grave,18251,40.89,2024,latest_available_proxy,48.198,3,https://pdfs.semanticscholar.org/6342/0fd8726773d7041a1f582d676c4b8f8a3ac9.pdf,질병 60% + 환경별 진드기점수 40%로 계산; 2025년 환경자료 없음: 2024년 환경별 tick_score 대체 사용
2025|쯔쯔가무시증|경기|산길,양호,2025,3,쯔쯔가무시증,경기,330,13730135,2.4035,53.07,65.17,산길,Mountain road,10743,0.00,2024,latest_available_proxy,31.842,2,https://pdfs.semanticscholar.org/6342/0fd8726773d7041a1f582d676c4b8f8a3ac9.pdf,질병 60% + 환경별 진드기점수 40%로 계산; 2025년 환경자료 없음: 2024년 환경별 tick_score 대체 사용
2025|쯔쯔가무시증|경기|잡목림,양호,2025,3,쯔쯔가무시증,경기,330,13730135,2.4035,53.07,65.17,잡목림,Copse/Woodland,13826,16.79,2024,latest_available_proxy,38.558,2,https://pdfs.semanticscholar.org/6342/0fd8726773d7041a1f582d676c4b8f8a3ac9.pdf,질병 60% + 환경별 진드기점수 40%로 계산; 2025년 환경자료 없음: 2024년 환경별 tick_score 대체 사용
2025|쯔쯔가무시증|경기|초지,매우 나쁨,2025,3,쯔쯔가무시증,경기,330,13730135,2.4035,53.07,65.17,초지,Grassland,29104,100.00,2024,latest_available_proxy,71.842,5,https://pdfs.semanticscholar.org/6342/0fd8726773d7041a1f582d676c4b8f8a3ac9.pdf,질병 60% + 환경별 진드기점수 40%로 계산; 2025년 환경자료 없음: 2024년 환경별 tick_score 대체 사용
2025|쯔쯔가무시증|강원|무덤,좋음,2025,3,쯔쯔가무시증,강원,19,1508500,1.2595,0.00,79.49,무덤,Grave,18251,40.89,2024,latest_available_proxy,16.356,1,https://pdfs.semanticscholar.org/6342/0fd8726773d7041a1f582d676c4b8f8a3ac9.pdf,질병 60% + 환경별 진드기점수 40%로 계산; 2025년 환경자료 없음: 2024년 환경별 tick_score 대체 사용
2025|쯔쯔가무시증|강원|산길,매우 좋음,2025,3,쯔쯔가무시증,강원,19,1508500,1.2595,0.00,79.49,산길,Mountain road,10743,0.00,2024,latest_available_proxy,0,0,https://pdfs.semanticscholar.org/6342/0fd8726773d7041a1f582d676c4b8f8a3ac9.pdf,질병 60% + 환경별 진드기점수 40%로 계산; 2025년 환경자료 없음: 2024년 환경별 tick_score 대체 사용
2025|쯔쯔가무시증|강원|잡목림,매우 좋음,2025,3,쯔쯔가무시증,강원,19,1508500,1.2595,0.00,79.49,잡목림,Copse/Woodland,13826,16.79,2024,latest_available_proxy,6.716,0,https://pdfs.semanticscholar.org/6342/0fd8726773d7041a1f582d676c4b8f8a3ac9.pdf,질병 60% + 환경별 진드기점수 40%로 계산; 2025년 환경자료 없음: 2024년 환경별 tick_score 대체 사용
2025|쯔쯔가무시증|강원|초지,양호,2025,3,쯔쯔가무시증,강원,19,1508500,1.2595,0.00,79.49,초지,Grassland,29104,100.00,2024,latest_available_proxy,40,2,https://pdfs.semanticscholar.org/6342/0fd8726773d7041a1f582d676c4b8f8a3ac9.pdf,질병 60% + 환경별 진드기점수 40%로 계산; 2025년 환경자료 없음: 2024년 환경별 tick_score 대체 사용
2025|쯔쯔가무시증|충북|무덤,좋음,2025,3,쯔쯔가무시증,충북,125,1596502,7.8296,18.09,75.00,무덤,Grave,18251,40.89,2024,latest_available_proxy,27.21,1,https://pdfs.semanticscholar.org/6342/0fd8726773d7041a1f582d676c4b8f8a3ac9.pdf,질병 60% + 환경별 진드기점수 40%로 계산; 2025년 환경자료 없음: 2024년 환경별 tick_score 대체 사용
2025|쯔쯔가무시증|충북|산길,매우 좋음,2025,3,쯔쯔가무시증,충북,125,1596502,7.8296,18.09,75.00,산길,Mountain road,10743,0.00,2024,latest_available_proxy,10.854,0,https://pdfs.semanticscholar.org/6342/0fd8726773d7041a1f582d676c4b8f8a3ac9.pdf,질병 60% + 환경별 진드기점수 40%로 계산; 2025년 환경자료 없음: 2024년 환경별 tick_score 대체 사용
2025|쯔쯔가무시증|충북|잡목림,좋음,2025,3,쯔쯔가무시증,충북,125,1596502,7.8296,18.09,75.00,잡목림,Copse/Woodland,13826,16.79,2024,latest_available_proxy,17.57,1,https://pdfs.semanticscholar.org/6342/0fd8726773d7041a1f582d676c4b8f8a3ac9.pdf,질병 60% + 환경별 진드기점수 40%로 계산; 2025년 환경자료 없음: 2024년 환경별 tick_score 대체 사용
2025|쯔쯔가무시증|충북|초지,보통,2025,3,쯔쯔가무시증,충북,125,1596502,7.8296,18.09,75.00,초지,Grassland,29104,100.00,2024,latest_available_proxy,50.854,3,https://pdfs.semanticscholar.org/6342/0fd8726773d7041a1f582d676c4b8f8a3ac9.pdf,질병 60% + 환경별 진드기점수 40%로 계산; 2025년 환경자료 없음: 2024년 환경별 tick_score 대체 사용
2025|쯔쯔가무시증|충남|무덤,매우 나쁨,2025,3,쯔쯔가무시증,충남,605,2136753,28.3140,100.00,55.70,무덤,Grave,18251,40.89,2024,latest_available_proxy,76.356,5,https://pdfs.semanticscholar.org/6342/0fd8726773d7041a1f582d676c4b8f8a3ac9.pdf,질병 60% + 환경별 진드기점수 40%로 계산; 2025년 환경자료 없음: 2024년 환경별 tick_score 대체 사용
2025|쯔쯔가무시증|충남|산길,나쁨,2025,3,쯔쯔가무시증,충남,605,2136753,28.3140,100.00,55.70,산길,Mountain road,10743,0.00,2024,latest_available_proxy,60,4,https://pdfs.semanticscholar.org/6342/0fd8726773d7041a1f582d676c4b8f8a3ac9.pdf,질병 60% + 환경별 진드기점수 40%로 계산; 2025년 환경자료 없음: 2024년 환경별 tick_score 대체 사용
2025|쯔쯔가무시증|충남|잡목림,나쁨,2025,3,쯔쯔가무시증,충남,605,2136753,28.3140,100.00,55.70,잡목림,Copse/Woodland,13826,16.79,2024,latest_available_proxy,66.716,4,https://pdfs.semanticscholar.org/6342/0fd8726773d7041a1f582d676c4b8f8a3ac9.pdf,질병 60% + 환경별 진드기점수 40%로 계산; 2025년 환경자료 없음: 2024년 환경별 tick_score 대체 사용
2025|쯔쯔가무시증|충남|초지,최악,2025,3,쯔쯔가무시증,충남,605,2136753,28.3140,100.00,55.70,초지,Grassland,29104,100.00,2024,latest_available_proxy,100,6,https://pdfs.semanticscholar.org/6342/0fd8726773d7041a1f582d676c4b8f8a3ac9.pdf,질병 60% + 환경별 진드기점수 40%로 계산; 2025년 환경자료 없음: 2024년 환경별 tick_score 대체 사용
2025|쯔쯔가무시증|전북|무덤,보통,2025,3,쯔쯔가무시증,전북,298,1724856,17.2768,47.61,39.44,무덤,Grave,18251,40.89,2024,latest_available_proxy,44.922,3,https://pdfs.semanticscholar.org/6342/0fd8726773d7041a1f582d676c4b8f8a3ac9.pdf,질병 60% + 환경별 진드기점수 40%로 계산; 2025년 환경자료 없음: 2024년 환경별 tick_score 대체 사용
2025|쯔쯔가무시증|전북|산길,좋음,2025,3,쯔쯔가무시증,전북,298,1724856,17.2768,47.61,39.44,산길,Mountain road,10743,0.00,2024,latest_available_proxy,28.566,1,https://pdfs.semanticscholar.org/6342/0fd8726773d7041a1f582d676c4b8f8a3ac9.pdf,질병 60% + 환경별 진드기점수 40%로 계산; 2025년 환경자료 없음: 2024년 환경별 tick_score 대체 사용
2025|쯔쯔가무시증|전북|잡목림,양호,2025,3,쯔쯔가무시증,전북,298,1724856,17.2768,47.61,39.44,잡목림,Copse/Woodland,13826,16.79,2024,latest_available_proxy,35.282,2,https://pdfs.semanticscholar.org/6342/0fd8726773d7041a1f582d676c4b8f8a3ac9.pdf,질병 60% + 환경별 진드기점수 40%로 계산; 2025년 환경자료 없음: 2024년 환경별 tick_score 대체 사용
2025|쯔쯔가무시증|전북|초지,나쁨,2025,3,쯔쯔가무시증,전북,298,1724856,17.2768,47.61,39.44,초지,Grassland,29104,100.00,2024,latest_available_proxy,68.566,4,https://pdfs.semanticscholar.org/6342/0fd8726773d7041a1f582d676c4b8f8a3ac9.pdf,질병 60% + 환경별 진드기점수 40%로 계산; 2025년 환경자료 없음: 2024년 환경별 tick_score 대체 사용
2025|쯔쯔가무시증|전남|무덤,나쁨,2025,3,쯔쯔가무시증,전남,421,1779135,23.6632,68.60,0.00,무덤,Grave,18251,40.89,2024,latest_available_proxy,57.516,4,https://pdfs.semanticscholar.org/6342/0fd8726773d7041a1f582d676c4b8f8a3ac9.pdf,질병 60% + 환경별 진드기점수 40%로 계산; 2025년 환경자료 없음: 2024년 환경별 tick_score 대체 사용
2025|쯔쯔가무시증|전남|산길,양호,2025,3,쯔쯔가무시증,전남,421,1779135,23.6632,68.60,0.00,산길,Mountain road,10743,0.00,2024,latest_available_proxy,41.16,2,https://pdfs.semanticscholar.org/6342/0fd8726773d7041a1f582d676c4b8f8a3ac9.pdf,질병 60% + 환경별 진드기점수 40%로 계산; 2025년 환경자료 없음: 2024년 환경별 tick_score 대체 사용
2025|쯔쯔가무시증|전남|잡목림,보통,2025,3,쯔쯔가무시증,전남,421,1779135,23.6632,68.60,0.00,잡목림,Copse/Woodland,13826,16.79,2024,latest_available_proxy,47.876,3,https://pdfs.semanticscholar.org/6342/0fd8726773d7041a1f582d676c4b8f8a3ac9.pdf,질병 60% + 환경별 진드기점수 40%로 계산; 2025년 환경자료 없음: 2024년 환경별 tick_score 대체 사용
2025|쯔쯔가무시증|전남|초지,매우 나쁨,2025,3,쯔쯔가무시증,전남,421,1779135,23.6632,68.60,0.00,초지,Grassland,29104,100.00,2024,latest_available_proxy,81.16,5,https://pdfs.semanticscholar.org/6342/0fd8726773d7041a1f582d676c4b8f8a3ac9.pdf,질병 60% + 환경별 진드기점수 40%로 계산; 2025년 환경자료 없음: 2024년 환경별 tick_score 대체 사용
2025|쯔쯔가무시증|경북|무덤,양호,2025,3,쯔쯔가무시증,경북,261,2506526,10.4128,41.30,59.83,무덤,Grave,18251,40.89,2024,latest_available_proxy,41.136,2,https://pdfs.semanticscholar.org/6342/0fd8726773d7041a1f582d676c4b8f8a3ac9.pdf,질병 60% + 환경별 진드기점수 40%로 계산; 2025년 환경자료 없음: 2024년 환경별 tick_score 대체 사용
2025|쯔쯔가무시증|경북|산길,좋음,2025,3,쯔쯔가무시증,경북,261,2506526,10.4128,41.30,59.83,산길,Mountain road,10743,0.00,2024,latest_available_proxy,24.78,1,https://pdfs.semanticscholar.org/6342/0fd8726773d7041a1f582d676c4b8f8a3ac9.pdf,질병 60% + 환경별 진드기점수 40%로 계산; 2025년 환경자료 없음: 2024년 환경별 tick_score 대체 사용
2025|쯔쯔가무시증|경북|잡목림,양호,2025,3,쯔쯔가무시증,경북,261,2506526,10.4128,41.30,59.83,잡목림,Copse/Woodland,13826,16.79,2024,latest_available_proxy,31.496,2,https://pdfs.semanticscholar.org/6342/0fd8726773d7041a1f582d676c4b8f8a3ac9.pdf,질병 60% + 환경별 진드기점수 40%로 계산; 2025년 환경자료 없음: 2024년 환경별 tick_score 대체 사용
2025|쯔쯔가무시증|경북|초지,나쁨,2025,3,쯔쯔가무시증,경북,261,2506526,10.4128,41.30,59.83,초지,Grassland,29104,100.00,2024,latest_available_proxy,64.78,4,https://pdfs.semanticscholar.org/6342/0fd8726773d7041a1f582d676c4b8f8a3ac9.pdf,질병 60% + 환경별 진드기점수 40%로 계산; 2025년 환경자료 없음: 2024년 환경별 tick_score 대체 사용
2025|쯔쯔가무시증|경남|무덤,나쁨,2025,3,쯔쯔가무시증,경남,505,3207383,15.7449,82.94,2.06,무덤,Grave,18251,40.89,2024,latest_available_proxy,66.12,4,https://pdfs.semanticscholar.org/6342/0fd8726773d7041a1f582d676c4b8f8a3ac9.pdf,질병 60% + 환경별 진드기점수 40%로 계산; 2025년 환경자료 없음: 2024년 환경별 tick_score 대체 사용
2025|쯔쯔가무시증|경남|산길,보통,2025,3,쯔쯔가무시증,경남,505,3207383,15.7449,82.94,2.06,산길,Mountain road,10743,0.00,2024,latest_available_proxy,49.764,3,https://pdfs.semanticscholar.org/6342/0fd8726773d7041a1f582d676c4b8f8a3ac9.pdf,질병 60% + 환경별 진드기점수 40%로 계산; 2025년 환경자료 없음: 2024년 환경별 tick_score 대체 사용
2025|쯔쯔가무시증|경남|잡목림,보통,2025,3,쯔쯔가무시증,경남,505,3207383,15.7449,82.94,2.06,잡목림,Copse/Woodland,13826,16.79,2024,latest_available_proxy,56.48,3,https://pdfs.semanticscholar.org/6342/0fd8726773d7041a1f582d676c4b8f8a3ac9.pdf,질병 60% + 환경별 진드기점수 40%로 계산; 2025년 환경자료 없음: 2024년 환경별 tick_score 대체 사용
2025|쯔쯔가무시증|경남|초지,최악,2025,3,쯔쯔가무시증,경남,505,3207383,15.7449,82.94,2.06,초지,Grassland,29104,100.00,2024,latest_available_proxy,89.764,6,https://pdfs.semanticscholar.org/6342/0fd8726773d7041a1f582d676c4b8f8a3ac9.pdf,질병 60% + 환경별 진드기점수 40%로 계산; 2025년 환경자료 없음: 2024년 환경별 tick_score 대체 사용
2025|쯔쯔가무시증|제주|무덤,좋음,2025,3,쯔쯔가무시증,제주,19,664792,2.8580,0.00,76.09,무덤,Grave,18251,40.89,2024,latest_available_proxy,16.356,1,https://pdfs.semanticscholar.org/6342/0fd8726773d7041a1f582d676c4b8f8a3ac9.pdf,질병 60% + 환경별 진드기점수 40%로 계산; 2025년 환경자료 없음: 2024년 환경별 tick_score 대체 사용
2025|쯔쯔가무시증|제주|산길,매우 좋음,2025,3,쯔쯔가무시증,제주,19,664792,2.8580,0.00,76.09,산길,Mountain road,10743,0.00,2024,latest_available_proxy,0,0,https://pdfs.semanticscholar.org/6342/0fd8726773d7041a1f582d676c4b8f8a3ac9.pdf,질병 60% + 환경별 진드기점수 40%로 계산; 2025년 환경자료 없음: 2024년 환경별 tick_score 대체 사용
2025|쯔쯔가무시증|제주|잡목림,매우 좋음,2025,3,쯔쯔가무시증,제주,19,664792,2.8580,0.00,76.09,잡목림,Copse/Woodland,13826,16.79,2024,latest_available_proxy,6.716,0,https://pdfs.semanticscholar.org/6342/0fd8726773d7041a1f582d676c4b8f8a3ac9.pdf,질병 60% + 환경별 진드기점수 40%로 계산; 2025년 환경자료 없음: 2024년 환경별 tick_score 대체 사용
2025|쯔쯔가무시증|제주|초지,양호,2025,3,쯔쯔가무시증,제주,19,664792,2.8580,0.00,76.09,초지,Grassland,29104,100.00,2024,latest_available_proxy,40,2,https://pdfs.semanticscholar.org/6342/0fd8726773d7041a1f582d676c4b8f8a3ac9.pdf,질병 60% + 환경별 진드기점수 40%로 계산; 2025년 환경자료 없음: 2024년 환경별 tick_score 대체 사용
2025|쯔쯔가무시증|세종|무덤,좋음,2025,3,쯔쯔가무시증,세종,25,391965,6.3781,1.02,80.10,무덤,Grave,18251,40.89,2024,latest_available_proxy,16.968,1,https://pdfs.semanticscholar.org/6342/0fd8726773d7041a1f582d676c4b8f8a3ac9.pdf,질병 60% + 환경별 진드기점수 40%로 계산; 2025년 환경자료 없음: 2024년 환경별 tick_score 대체 사용
2025|쯔쯔가무시증|세종|산길,매우 좋음,2025,3,쯔쯔가무시증,세종,25,391965,6.3781,1.02,80.10,산길,Mountain road,10743,0.00,2024,latest_available_proxy,0.612,0,https://pdfs.semanticscholar.org/6342/0fd8726773d7041a1f582d676c4b8f8a3ac9.pdf,질병 60% + 환경별 진드기점수 40%로 계산; 2025년 환경자료 없음: 2024년 환경별 tick_score 대체 사용
2025|쯔쯔가무시증|세종|잡목림,매우 좋음,2025,3,쯔쯔가무시증,세종,25,391965,6.3781,1.02,80.10,잡목림,Copse/Woodland,13826,16.79,2024,latest_available_proxy,7.328,0,https://pdfs.semanticscholar.org/6342/0fd8726773d7041a1f582d676c4b8f8a3ac9.pdf,질병 60% + 환경별 진드기점수 40%로 계산; 2025년 환경자료 없음: 2024년 환경별 tick_score 대체 사용
2025|쯔쯔가무시증|세종|초지,양호,2025,3,쯔쯔가무시증,세종,25,391965,6.3781,1.02,80.10,초지,Grassland,29104,100.00,2024,latest_available_proxy,40.612,2,https://pdfs.semanticscholar.org/6342/0fd8726773d7041a1f582d676c4b8f8a3ac9.pdf,질병 60% + 환경별 진드기점수 40%로 계산; 2025년 환경자료 없음: 2024년 환경별 tick_score 대체 사용
