시도교육청코드,시도교육청명,행정표준코드,학교명,학년도,주야과정명,학교과정명,수업공제일명,학사일자,행사명,행사내용,1학년행사여부,2학년행사여부,3학년행사여부,4학년행사여부,5학년행사여부,6학년행사여부,수정일자
I10,세종특별자치시교육청,9300212,가득초등학교,2025,,초등학교,공휴일,20250301,3·1절,,Y,Y,Y,Y,Y,Y,20260322
I10,세종특별자치시교육청,9300212,가득초등학교,2025,,초등학교,공휴일,20250303,대체공휴일,,Y,Y,Y,Y,Y,Y,20260322
I10,세종특별자치시교육청,9300212,가득초등학교,2025,,초등학교,해당없음,20250304,입학식,입학식,Y,N,N,N,N,N,20260322
I10,세종특별자치시교육청,9300212,가득초등학교,2025,,초등학교,해당없음,20250304,시업식,,N,Y,Y,Y,Y,Y,20260322
I10,세종특별자치시교육청,9300212,가득초등학교,2025,,초등학교,휴업일,20250308,토요휴업일,,Y,Y,Y,Y,Y,Y,20260322
I10,세종특별자치시교육청,9300212,가득초등학교,2025,,초등학교,휴업일,20250315,토요휴업일,,Y,Y,Y,Y,Y,Y,20260322
I10,세종특별자치시교육청,9300212,가득초등학교,2025,,초등학교,휴업일,20250322,토요휴업일,,Y,Y,Y,Y,Y,Y,20260322
I10,세종특별자치시교육청,9300212,가득초등학교,2025,,초등학교,휴업일,20250329,토요휴업일,,Y,Y,Y,Y,Y,Y,20260322
I10,세종특별자치시교육청,9300212,가득초등학교,2025,,초등학교,휴업일,20250405,토요휴업일,,Y,Y,Y,Y,Y,Y,20260322
I10,세종특별자치시교육청,9300212,가득초등학교,2025,,초등학교,휴업일,20250412,토요휴업일,,Y,Y,Y,Y,Y,Y,20260322
I10,세종특별자치시교육청,9300212,가득초등학교,2025,,초등학교,휴업일,20250419,토요휴업일,,Y,Y,Y,Y,Y,Y,20260322
I10,세종특별자치시교육청,9300212,가득초등학교,2025,,초등학교,휴업일,20250426,토요휴업일,,Y,Y,Y,Y,Y,Y,20260322
I10,세종특별자치시교육청,9300212,가득초등학교,2025,,초등학교,휴업일,20250501,개교기념일,,Y,Y,Y,Y,Y,Y,20260322
I10,세종특별자치시교육청,9300212,가득초등학교,2025,,초등학교,휴업일,20250502,재량휴업일,,Y,Y,Y,Y,Y,Y,20260322
I10,세종특별자치시교육청,9300212,가득초등학교,2025,,초등학교,휴업일,20250503,토요휴업일,,Y,Y,Y,Y,Y,Y,20260322
I10,세종특별자치시교육청,9300212,가득초등학교,2025,,초등학교,공휴일,20250505,석가탄신일,,Y,Y,Y,Y,Y,Y,20260322
I10,세종특별자치시교육청,9300212,가득초등학교,2025,,초등학교,공휴일,20250506,대체공휴일,,Y,Y,Y,Y,Y,Y,20260322
I10,세종특별자치시교육청,9300212,가득초등학교,2025,,초등학교,휴업일,20250510,토요휴업일,,Y,Y,Y,Y,Y,Y,20260322
I10,세종특별자치시교육청,9300212,가득초등학교,2025,,초등학교,휴업일,20250517,토요휴업일,,Y,Y,Y,Y,Y,Y,20260322
I10,세종특별자치시교육청,9300212,가득초등학교,2025,,초등학교,휴업일,20250524,토요휴업일,,Y,Y,Y,Y,Y,Y,20260322
I10,세종특별자치시교육청,9300212,가득초등학교,2025,,초등학교,휴업일,20250531,토요휴업일,,Y,Y,Y,Y,Y,Y,20260322
I10,세종특별자치시교육청,9300212,가득초등학교,2025,,초등학교,공휴일,20250603,대통령선거일,,Y,Y,Y,Y,Y,Y,20260322
I10,세종특별자치시교육청,9300212,가득초등학교,2025,,초등학교,공휴일,20250606,현충일,,Y,Y,Y,Y,Y,Y,20260322
I10,세종특별자치시교육청,9300212,가득초등학교,2025,,초등학교,휴업일,20250607,토요휴업일,,Y,Y,Y,Y,Y,Y,20260322
I10,세종특별자치시교육청,9300212,가득초등학교,2025,,초등학교,휴업일,20250614,토요휴업일,,Y,Y,Y,Y,Y,Y,20260322
I10,세종특별자치시교육청,9300212,가득초등학교,2025,,초등학교,휴업일,20250621,토요휴업일,,Y,Y,Y,Y,Y,Y,20260322
I10,세종특별자치시교육청,9300212,가득초등학교,2025,,초등학교,휴업일,20250628,토요휴업일,,Y,Y,Y,Y,Y,Y,20260322
I10,세종특별자치시교육청,9300212,가득초등학교,2025,,초등학교,휴업일,20250705,토요휴업일,,Y,Y,Y,Y,Y,Y,20260322
I10,세종특별자치시교육청,9300212,가득초등학교,2025,,초등학교,휴업일,20250712,토요휴업일,,Y,Y,Y,Y,Y,Y,20260322
I10,세종특별자치시교육청,9300212,가득초등학교,2025,,초등학교,휴업일,20250719,토요휴업일,,Y,Y,Y,Y,Y,Y,20260322
I10,세종특별자치시교육청,9300212,가득초등학교,2025,,초등학교,해당없음,20250723,여름방학식,,Y,Y,Y,Y,Y,Y,20260322
I10,세종특별자치시교육청,9300212,가득초등학교,2025,,초등학교,휴업일,20250724,여름방학,,Y,Y,Y,Y,Y,Y,20260322
I10,세종특별자치시교육청,9300212,가득초등학교,2025,,초등학교,휴업일,20250725,여름방학,,Y,Y,Y,Y,Y,Y,20260322
I10,세종특별자치시교육청,9300212,가득초등학교,2025,,초등학교,휴업일,20250726,여름방학,,Y,Y,Y,Y,Y,Y,20260322
I10,세종특별자치시교육청,9300212,가득초등학교,2025,,초등학교,휴업일,20250726,토요휴업일,,Y,Y,Y,Y,Y,Y,20260322
I10,세종특별자치시교육청,9300212,가득초등학교,2025,,초등학교,휴업일,20250727,여름방학,,Y,Y,Y,Y,Y,Y,20260322
I10,세종특별자치시교육청,9300212,가득초등학교,2025,,초등학교,휴업일,20250728,여름방학,,Y,Y,Y,Y,Y,Y,20260322
I10,세종특별자치시교육청,9300212,가득초등학교,2025,,초등학교,휴업일,20250729,여름방학,,Y,Y,Y,Y,Y,Y,20260322
I10,세종특별자치시교육청,9300212,가득초등학교,2025,,초등학교,휴업일,20250730,여름방학,,Y,Y,Y,Y,Y,Y,20260322
I10,세종특별자치시교육청,9300212,가득초등학교,2025,,초등학교,휴업일,20250731,여름방학,,Y,Y,Y,Y,Y,Y,20260322
I10,세종특별자치시교육청,9300212,가득초등학교,2025,,초등학교,휴업일,20250801,여름방학,,Y,Y,Y,Y,Y,Y,20260322
I10,세종특별자치시교육청,9300212,가득초등학교,2025,,초등학교,휴업일,20250802,여름방학,,Y,Y,Y,Y,Y,Y,20260322
I10,세종특별자치시교육청,9300212,가득초등학교,2025,,초등학교,휴업일,20250802,토요휴업일,,Y,Y,Y,Y,Y,Y,20260322
I10,세종특별자치시교육청,9300212,가득초등학교,2025,,초등학교,휴업일,20250803,여름방학,,Y,Y,Y,Y,Y,Y,20260322
I10,세종특별자치시교육청,9300212,가득초등학교,2025,,초등학교,휴업일,20250804,여름방학,,Y,Y,Y,Y,Y,Y,20260322
I10,세종특별자치시교육청,9300212,가득초등학교,2025,,초등학교,휴업일,20250805,여름방학,,Y,Y,Y,Y,Y,Y,20260322
I10,세종특별자치시교육청,9300212,가득초등학교,2025,,초등학교,휴업일,20250806,여름방학,,Y,Y,Y,Y,Y,Y,20260322
I10,세종특별자치시교육청,9300212,가득초등학교,2025,,초등학교,휴업일,20250807,여름방학,,Y,Y,Y,Y,Y,Y,20260322
I10,세종특별자치시교육청,9300212,가득초등학교,2025,,초등학교,휴업일,20250808,여름방학,,Y,Y,Y,Y,Y,Y,20260322
I10,세종특별자치시교육청,9300212,가득초등학교,2025,,초등학교,휴업일,20250809,여름방학,,Y,Y,Y,Y,Y,Y,20260322
I10,세종특별자치시교육청,9300212,가득초등학교,2025,,초등학교,휴업일,20250809,토요휴업일,,Y,Y,Y,Y,Y,Y,20260322
I10,세종특별자치시교육청,9300212,가득초등학교,2025,,초등학교,휴업일,20250810,여름방학,,Y,Y,Y,Y,Y,Y,20260322
I10,세종특별자치시교육청,9300212,가득초등학교,2025,,초등학교,휴업일,20250811,여름방학,,Y,Y,Y,Y,Y,Y,20260322
I10,세종특별자치시교육청,9300212,가득초등학교,2025,,초등학교,휴업일,20250812,여름방학,,Y,Y,Y,Y,Y,Y,20260322
I10,세종특별자치시교육청,9300212,가득초등학교,2025,,초등학교,휴업일,20250813,여름방학,,Y,Y,Y,Y,Y,Y,20260322
I10,세종특별자치시교육청,9300212,가득초등학교,2025,,초등학교,휴업일,20250814,여름방학,,Y,Y,Y,Y,Y,Y,20260322
I10,세종특별자치시교육청,9300212,가득초등학교,2025,,초등학교,휴업일,20250815,여름방학,,Y,Y,Y,Y,Y,Y,20260322
I10,세종특별자치시교육청,9300212,가득초등학교,2025,,초등학교,공휴일,20250815,광복절,,Y,Y,Y,Y,Y,Y,20260322
I10,세종특별자치시교육청,9300212,가득초등학교,2025,,초등학교,휴업일,20250816,여름방학,,Y,Y,Y,Y,Y,Y,20260322
I10,세종특별자치시교육청,9300212,가득초등학교,2025,,초등학교,휴업일,20250816,토요휴업일,,Y,Y,Y,Y,Y,Y,20260322
I10,세종특별자치시교육청,9300212,가득초등학교,2025,,초등학교,휴업일,20250817,여름방학,,Y,Y,Y,Y,Y,Y,20260322
I10,세종특별자치시교육청,9300212,가득초등학교,2025,,초등학교,휴업일,20250818,여름방학,,Y,Y,Y,Y,Y,Y,20260322
I10,세종특별자치시교육청,9300212,가득초등학교,2025,,초등학교,해당없음,20250819,개학식,,Y,Y,Y,Y,Y,Y,20260322
I10,세종특별자치시교육청,9300212,가득초등학교,2025,,초등학교,휴업일,20250823,토요휴업일,,Y,Y,Y,Y,Y,Y,20260322
I10,세종특별자치시교육청,9300212,가득초등학교,2025,,초등학교,휴업일,20250830,토요휴업일,,Y,Y,Y,Y,Y,Y,20260322
I10,세종특별자치시교육청,9300212,가득초등학교,2025,,초등학교,휴업일,20250906,토요휴업일,,Y,Y,Y,Y,Y,Y,20260322
I10,세종특별자치시교육청,9300212,가득초등학교,2025,,초등학교,휴업일,20250913,토요휴업일,,Y,Y,Y,Y,Y,Y,20260322
I10,세종특별자치시교육청,9300212,가득초등학교,2025,,초등학교,휴업일,20250920,토요휴업일,,Y,Y,Y,Y,Y,Y,20260322
I10,세종특별자치시교육청,9300212,가득초등학교,2025,,초등학교,휴업일,20250927,토요휴업일,,Y,Y,Y,Y,Y,Y,20260322
I10,세종특별자치시교육청,9300212,가득초등학교,2025,,초등학교,공휴일,20251003,개천절,,Y,Y,Y,Y,Y,Y,20260322
I10,세종특별자치시교육청,9300212,가득초등학교,2025,,초등학교,휴업일,20251004,토요휴업일,,Y,Y,Y,Y,Y,Y,20260322
I10,세종특별자치시교육청,9300212,가득초등학교,2025,,초등학교,공휴일,20251005,추석,,Y,Y,Y,Y,Y,Y,20260322
I10,세종특별자치시교육청,9300212,가득초등학교,2025,,초등학교,공휴일,20251006,추석,,Y,Y,Y,Y,Y,Y,20260322
I10,세종특별자치시교육청,9300212,가득초등학교,2025,,초등학교,공휴일,20251007,추석,,Y,Y,Y,Y,Y,Y,20260322
I10,세종특별자치시교육청,9300212,가득초등학교,2025,,초등학교,공휴일,20251008,대체공휴일,,Y,Y,Y,Y,Y,Y,20260322
I10,세종특별자치시교육청,9300212,가득초등학교,2025,,초등학교,공휴일,20251009,한글날,,Y,Y,Y,Y,Y,Y,20260322
I10,세종특별자치시교육청,9300212,가득초등학교,2025,,초등학교,휴업일,20251010,재량휴업일,,Y,Y,Y,Y,Y,Y,20260322
I10,세종특별자치시교육청,9300212,가득초등학교,2025,,초등학교,휴업일,20251011,토요휴업일,,Y,Y,Y,Y,Y,Y,20260322
I10,세종특별자치시교육청,9300212,가득초등학교,2025,,초등학교,휴업일,20251018,토요휴업일,,Y,Y,Y,Y,Y,Y,20260322
I10,세종특별자치시교육청,9300212,가득초등학교,2025,,초등학교,휴업일,20251025,토요휴업일,,Y,Y,Y,Y,Y,Y,20260322
I10,세종특별자치시교육청,9300212,가득초등학교,2025,,초등학교,휴업일,20251101,토요휴업일,,Y,Y,Y,Y,Y,Y,20260322
I10,세종특별자치시교육청,9300212,가득초등학교,2025,,초등학교,휴업일,20251108,토요휴업일,,Y,Y,Y,Y,Y,Y,20260322
I10,세종특별자치시교육청,9300212,가득초등학교,2025,,초등학교,휴업일,20251115,토요휴업일,,Y,Y,Y,Y,Y,Y,20260322
I10,세종특별자치시교육청,9300212,가득초등학교,2025,,초등학교,휴업일,20251122,토요휴업일,,Y,Y,Y,Y,Y,Y,20260322
I10,세종특별자치시교육청,9300212,가득초등학교,2025,,초등학교,휴업일,20251129,토요휴업일,,Y,Y,Y,Y,Y,Y,20260322
I10,세종특별자치시교육청,9300212,가득초등학교,2025,,초등학교,휴업일,20251206,토요휴업일,,Y,Y,Y,Y,Y,Y,20260322
I10,세종특별자치시교육청,9300212,가득초등학교,2025,,초등학교,휴업일,20251213,토요휴업일,,Y,Y,Y,Y,Y,Y,20260322
I10,세종특별자치시교육청,9300212,가득초등학교,2025,,초등학교,휴업일,20251220,토요휴업일,,Y,Y,Y,Y,Y,Y,20260322
I10,세종특별자치시교육청,9300212,가득초등학교,2025,,초등학교,공휴일,20251225,성탄절,,Y,Y,Y,Y,Y,Y,20260322
I10,세종특별자치시교육청,9300212,가득초등학교,2025,,초등학교,휴업일,20251227,토요휴업일,,Y,Y,Y,Y,Y,Y,20260322
I10,세종특별자치시교육청,9300212,가득초등학교,2025,,초등학교,공휴일,20260101,신정,,Y,Y,Y,Y,Y,Y,20260322
I10,세종특별자치시교육청,9300212,가득초등학교,2025,,초등학교,휴업일,20260103,토요휴업일,,Y,Y,Y,Y,Y,Y,20260322
I10,세종특별자치시교육청,9300212,가득초등학교,2025,,초등학교,해당없음,20260107,졸업식,,N,N,N,N,N,Y,20260322
I10,세종특별자치시교육청,9300212,가득초등학교,2025,,초등학교,해당없음,20260107,종업식,,Y,Y,Y,Y,Y,N,20260322
I10,세종특별자치시교육청,9300212,가득초등학교,2025,,초등학교,휴업일,20260108,겨울방학,,Y,Y,Y,Y,Y,Y,20260322
I10,세종특별자치시교육청,9300212,가득초등학교,2025,,초등학교,휴업일,20260109,겨울방학,,Y,Y,Y,Y,Y,Y,20260322
I10,세종특별자치시교육청,9300212,가득초등학교,2025,,초등학교,휴업일,20260110,겨울방학,,Y,Y,Y,Y,Y,Y,20260322
I10,세종특별자치시교육청,9300212,가득초등학교,2025,,초등학교,휴업일,20260110,토요휴업일,,Y,Y,Y,Y,Y,Y,20260322
I10,세종특별자치시교육청,9300212,가득초등학교,2025,,초등학교,휴업일,20260111,겨울방학,,Y,Y,Y,Y,Y,Y,20260322
I10,세종특별자치시교육청,9300212,가득초등학교,2025,,초등학교,휴업일,20260112,겨울방학,,Y,Y,Y,Y,Y,Y,20260322
I10,세종특별자치시교육청,9300212,가득초등학교,2025,,초등학교,휴업일,20260113,겨울방학,,Y,Y,Y,Y,Y,Y,20260322
I10,세종특별자치시교육청,9300212,가득초등학교,2025,,초등학교,휴업일,20260114,겨울방학,,Y,Y,Y,Y,Y,Y,20260322
I10,세종특별자치시교육청,9300212,가득초등학교,2025,,초등학교,휴업일,20260115,겨울방학,,Y,Y,Y,Y,Y,Y,20260322
I10,세종특별자치시교육청,9300212,가득초등학교,2025,,초등학교,휴업일,20260116,겨울방학,,Y,Y,Y,Y,Y,Y,20260322
I10,세종특별자치시교육청,9300212,가득초등학교,2025,,초등학교,휴업일,20260117,겨울방학,,Y,Y,Y,Y,Y,Y,20260322
I10,세종특별자치시교육청,9300212,가득초등학교,2025,,초등학교,휴업일,20260117,토요휴업일,,Y,Y,Y,Y,Y,Y,20260322
I10,세종특별자치시교육청,9300212,가득초등학교,2025,,초등학교,휴업일,20260118,겨울방학,,Y,Y,Y,Y,Y,Y,20260322
I10,세종특별자치시교육청,9300212,가득초등학교,2025,,초등학교,휴업일,20260119,겨울방학,,Y,Y,Y,Y,Y,Y,20260322
I10,세종특별자치시교육청,9300212,가득초등학교,2025,,초등학교,휴업일,20260120,겨울방학,,Y,Y,Y,Y,Y,Y,20260322
I10,세종특별자치시교육청,9300212,가득초등학교,2025,,초등학교,휴업일,20260121,겨울방학,,Y,Y,Y,Y,Y,Y,20260322
I10,세종특별자치시교육청,9300212,가득초등학교,2025,,초등학교,휴업일,20260122,겨울방학,,Y,Y,Y,Y,Y,Y,20260322
I10,세종특별자치시교육청,9300212,가득초등학교,2025,,초등학교,휴업일,20260123,겨울방학,,Y,Y,Y,Y,Y,Y,20260322
I10,세종특별자치시교육청,9300212,가득초등학교,2025,,초등학교,휴업일,20260124,겨울방학,,Y,Y,Y,Y,Y,Y,20260322
I10,세종특별자치시교육청,9300212,가득초등학교,2025,,초등학교,휴업일,20260124,토요휴업일,,Y,Y,Y,Y,Y,Y,20260322
I10,세종특별자치시교육청,9300212,가득초등학교,2025,,초등학교,휴업일,20260125,겨울방학,,Y,Y,Y,Y,Y,Y,20260322
I10,세종특별자치시교육청,9300212,가득초등학교,2025,,초등학교,휴업일,20260126,겨울방학,,Y,Y,Y,Y,Y,Y,20260322
I10,세종특별자치시교육청,9300212,가득초등학교,2025,,초등학교,휴업일,20260127,겨울방학,,Y,Y,Y,Y,Y,Y,20260322
I10,세종특별자치시교육청,9300212,가득초등학교,2025,,초등학교,휴업일,20260128,겨울방학,,Y,Y,Y,Y,Y,Y,20260322
I10,세종특별자치시교육청,9300212,가득초등학교,2025,,초등학교,휴업일,20260129,겨울방학,,Y,Y,Y,Y,Y,Y,20260322
I10,세종특별자치시교육청,9300212,가득초등학교,2025,,초등학교,휴업일,20260130,겨울방학,,Y,Y,Y,Y,Y,Y,20260322
I10,세종특별자치시교육청,9300212,가득초등학교,2025,,초등학교,휴업일,20260131,겨울방학,,Y,Y,Y,Y,Y,Y,20260322
I10,세종특별자치시교육청,9300212,가득초등학교,2025,,초등학교,휴업일,20260131,토요휴업일,,Y,Y,Y,Y,Y,Y,20260322
I10,세종특별자치시교육청,9300212,가득초등학교,2025,,초등학교,휴업일,20260201,겨울방학,,Y,Y,Y,Y,Y,Y,20260322
I10,세종특별자치시교육청,9300212,가득초등학교,2025,,초등학교,휴업일,20260202,겨울방학,,Y,Y,Y,Y,Y,Y,20260322
I10,세종특별자치시교육청,9300212,가득초등학교,2025,,초등학교,휴업일,20260203,겨울방학,,Y,Y,Y,Y,Y,Y,20260322
I10,세종특별자치시교육청,9300212,가득초등학교,2025,,초등학교,휴업일,20260204,겨울방학,,Y,Y,Y,Y,Y,Y,20260322
I10,세종특별자치시교육청,9300212,가득초등학교,2025,,초등학교,휴업일,20260205,겨울방학,,Y,Y,Y,Y,Y,Y,20260322
I10,세종특별자치시교육청,9300212,가득초등학교,2025,,초등학교,휴업일,20260206,겨울방학,,Y,Y,Y,Y,Y,Y,20260322
I10,세종특별자치시교육청,9300212,가득초등학교,2025,,초등학교,휴업일,20260207,겨울방학,,Y,Y,Y,Y,Y,Y,20260322
I10,세종특별자치시교육청,9300212,가득초등학교,2025,,초등학교,휴업일,20260207,토요휴업일,,Y,Y,Y,Y,Y,Y,20260322
I10,세종특별자치시교육청,9300212,가득초등학교,2025,,초등학교,휴업일,20260208,겨울방학,,Y,Y,Y,Y,Y,Y,20260322
I10,세종특별자치시교육청,9300212,가득초등학교,2025,,초등학교,휴업일,20260209,겨울방학,,Y,Y,Y,Y,Y,Y,20260322
I10,세종특별자치시교육청,9300212,가득초등학교,2025,,초등학교,휴업일,20260210,겨울방학,,Y,Y,Y,Y,Y,Y,20260322
I10,세종특별자치시교육청,9300212,가득초등학교,2025,,초등학교,휴업일,20260211,겨울방학,,Y,Y,Y,Y,Y,Y,20260322
I10,세종특별자치시교육청,9300212,가득초등학교,2025,,초등학교,휴업일,20260212,겨울방학,,Y,Y,Y,Y,Y,Y,20260322
I10,세종특별자치시교육청,9300212,가득초등학교,2025,,초등학교,휴업일,20260213,겨울방학,,Y,Y,Y,Y,Y,Y,20260322
I10,세종특별자치시교육청,9300212,가득초등학교,2025,,초등학교,휴업일,20260214,겨울방학,,Y,Y,Y,Y,Y,Y,20260322
I10,세종특별자치시교육청,9300212,가득초등학교,2025,,초등학교,휴업일,20260214,토요휴업일,,Y,Y,Y,Y,Y,Y,20260322
I10,세종특별자치시교육청,9300212,가득초등학교,2025,,초등학교,휴업일,20260215,겨울방학,,Y,Y,Y,Y,Y,Y,20260322
I10,세종특별자치시교육청,9300212,가득초등학교,2025,,초등학교,휴업일,20260216,겨울방학,,Y,Y,Y,Y,Y,Y,20260322
I10,세종특별자치시교육청,9300212,가득초등학교,2025,,초등학교,공휴일,20260216,설날,,Y,Y,Y,Y,Y,Y,20260322
I10,세종특별자치시교육청,9300212,가득초등학교,2025,,초등학교,휴업일,20260217,겨울방학,,Y,Y,Y,Y,Y,Y,20260322
I10,세종특별자치시교육청,9300212,가득초등학교,2025,,초등학교,공휴일,20260217,설날,,Y,Y,Y,Y,Y,Y,20260322
I10,세종특별자치시교육청,9300212,가득초등학교,2025,,초등학교,휴업일,20260218,겨울방학,,Y,Y,Y,Y,Y,Y,20260322
I10,세종특별자치시교육청,9300212,가득초등학교,2025,,초등학교,공휴일,20260218,설날,,Y,Y,Y,Y,Y,Y,20260322
I10,세종특별자치시교육청,9300212,가득초등학교,2025,,초등학교,휴업일,20260219,겨울방학,,Y,Y,Y,Y,Y,Y,20260322
I10,세종특별자치시교육청,9300212,가득초등학교,2025,,초등학교,휴업일,20260220,겨울방학,,Y,Y,Y,Y,Y,Y,20260322
I10,세종특별자치시교육청,9300212,가득초등학교,2025,,초등학교,휴업일,20260221,겨울방학,,Y,Y,Y,Y,Y,Y,20260322
I10,세종특별자치시교육청,9300212,가득초등학교,2025,,초등학교,휴업일,20260221,토요휴업일,,Y,Y,Y,Y,Y,Y,20260322
I10,세종특별자치시교육청,9300212,가득초등학교,2025,,초등학교,휴업일,20260222,겨울방학,,Y,Y,Y,Y,Y,Y,20260322
I10,세종특별자치시교육청,9300212,가득초등학교,2025,,초등학교,휴업일,20260223,겨울방학,,Y,Y,Y,Y,Y,Y,20260322
I10,세종특별자치시교육청,9300212,가득초등학교,2025,,초등학교,휴업일,20260224,겨울방학,,Y,Y,Y,Y,Y,Y,20260322
I10,세종특별자치시교육청,9300212,가득초등학교,2025,,초등학교,휴업일,20260225,겨울방학,,Y,Y,Y,Y,Y,Y,20260322
I10,세종특별자치시교육청,9300212,가득초등학교,2025,,초등학교,휴업일,20260226,겨울방학,,Y,Y,Y,Y,Y,Y,20260322
I10,세종특별자치시교육청,9300212,가득초등학교,2025,,초등학교,휴업일,20260227,겨울방학,,Y,Y,Y,Y,Y,Y,20260322
I10,세종특별자치시교육청,9300212,가득초등학교,2025,,초등학교,휴업일,20260228,겨울방학,,Y,Y,Y,Y,Y,Y,20260322
I10,세종특별자치시교육청,9300212,가득초등학교,2025,,초등학교,휴업일,20260228,토요휴업일,,Y,Y,Y,Y,Y,Y,20260322
I10,세종특별자치시교육청,9300212,가득초등학교,2026,,초등학교,공휴일,20260301,3·1절,,Y,Y,Y,Y,Y,Y,20260322
I10,세종특별자치시교육청,9300212,가득초등학교,2026,,초등학교,공휴일,20260302,대체공휴일,,Y,Y,Y,Y,Y,Y,20260322
I10,세종특별자치시교육청,9300212,가득초등학교,2026,,초등학교,해당없음,20260303,입학식,,Y,N,N,N,N,N,20260322
I10,세종특별자치시교육청,9300212,가득초등학교,2026,,초등학교,해당없음,20260303,시업식,,N,Y,Y,Y,Y,Y,20260322
I10,세종특별자치시교육청,9300212,가득초등학교,2026,,초등학교,휴업일,20260307,토요휴업일,,Y,Y,Y,Y,Y,Y,20260322
I10,세종특별자치시교육청,9300212,가득초등학교,2026,,초등학교,휴업일,20260314,토요휴업일,,Y,Y,Y,Y,Y,Y,20260322
I10,세종특별자치시교육청,9300212,가득초등학교,2026,,초등학교,휴업일,20260321,토요휴업일,,Y,Y,Y,Y,Y,Y,20260322
I10,세종특별자치시교육청,9300212,가득초등학교,2026,,초등학교,휴업일,20260328,토요휴업일,,Y,Y,Y,Y,Y,Y,20260322
I10,세종특별자치시교육청,9300212,가득초등학교,2026,,초등학교,휴업일,20260404,토요휴업일,,Y,Y,Y,Y,Y,Y,20260322
I10,세종특별자치시교육청,9300212,가득초등학교,2026,,초등학교,휴업일,20260411,토요휴업일,,Y,Y,Y,Y,Y,Y,20260322
I10,세종특별자치시교육청,9300212,가득초등학교,2026,,초등학교,휴업일,20260418,토요휴업일,,Y,Y,Y,Y,Y,Y,20260322
I10,세종특별자치시교육청,9300212,가득초등학교,2026,,초등학교,휴업일,20260425,토요휴업일,,Y,Y,Y,Y,Y,Y,20260322
I10,세종특별자치시교육청,9300212,가득초등학교,2026,,초등학교,휴업일,20260501,개교기념일,,Y,Y,Y,Y,Y,Y,20260322
I10,세종특별자치시교육청,9300212,가득초등학교,2026,,초등학교,휴업일,20260502,토요휴업일,,Y,Y,Y,Y,Y,Y,20260322
I10,세종특별자치시교육청,9300212,가득초등학교,2026,,초등학교,휴업일,20260504,재량휴업일,,Y,Y,Y,Y,Y,Y,20260322
I10,세종특별자치시교육청,9300212,가득초등학교,2026,,초등학교,공휴일,20260505,어린이날,,Y,Y,Y,Y,Y,Y,20260322
I10,세종특별자치시교육청,9300212,가득초등학교,2026,,초등학교,휴업일,20260509,토요휴업일,,Y,Y,Y,Y,Y,Y,20260322
I10,세종특별자치시교육청,9300212,가득초등학교,2026,,초등학교,휴업일,20260516,토요휴업일,,Y,Y,Y,Y,Y,Y,20260322
I10,세종특별자치시교육청,9300212,가득초등학교,2026,,초등학교,휴업일,20260523,토요휴업일,,Y,Y,Y,Y,Y,Y,20260322
I10,세종특별자치시교육청,9300212,가득초등학교,2026,,초등학교,공휴일,20260524,석가탄신일,,Y,Y,Y,Y,Y,Y,20260322
I10,세종특별자치시교육청,9300212,가득초등학교,2026,,초등학교,공휴일,20260525,대체공휴일,,Y,Y,Y,Y,Y,Y,20260322
I10,세종특별자치시교육청,9300212,가득초등학교,2026,,초등학교,휴업일,20260530,토요휴업일,,Y,Y,Y,Y,Y,Y,20260322
I10,세종특별자치시교육청,9300212,가득초등학교,2026,,초등학교,공휴일,20260603,지방선거일,,Y,Y,Y,Y,Y,Y,20260322
I10,세종특별자치시교육청,9300212,가득초등학교,2026,,초등학교,공휴일,20260606,현충일,,Y,Y,Y,Y,Y,Y,20260322
I10,세종특별자치시교육청,9300212,가득초등학교,2026,,초등학교,휴업일,20260613,토요휴업일,,Y,Y,Y,Y,Y,Y,20260322
I10,세종특별자치시교육청,9300212,가득초등학교,2026,,초등학교,휴업일,20260620,토요휴업일,,Y,Y,Y,Y,Y,Y,20260322
I10,세종특별자치시교육청,9300212,가득초등학교,2026,,초등학교,휴업일,20260627,토요휴업일,,Y,Y,Y,Y,Y,Y,20260322
I10,세종특별자치시교육청,9300212,가득초등학교,2026,,초등학교,휴업일,20260704,토요휴업일,,Y,Y,Y,Y,Y,Y,20260322
I10,세종특별자치시교육청,9300212,가득초등학교,2026,,초등학교,휴업일,20260711,토요휴업일,,Y,Y,Y,Y,Y,Y,20260322
I10,세종특별자치시교육청,9300212,가득초등학교,2026,,초등학교,공휴일,20260717,제헌절,,Y,Y,Y,Y,Y,Y,20260322
I10,세종특별자치시교육청,9300212,가득초등학교,2026,,초등학교,휴업일,20260718,토요휴업일,,Y,Y,Y,Y,Y,Y,20260322
I10,세종특별자치시교육청,9300212,가득초등학교,2026,,초등학교,해당없음,20260722,여름방학식,,Y,Y,Y,Y,Y,Y,20260322
I10,세종특별자치시교육청,9300212,가득초등학교,2026,,초등학교,휴업일,20260723,여름방학,,Y,Y,Y,Y,Y,Y,20260322
I10,세종특별자치시교육청,9300212,가득초등학교,2026,,초등학교,휴업일,20260724,여름방학,,Y,Y,Y,Y,Y,Y,20260322
I10,세종특별자치시교육청,9300212,가득초등학교,2026,,초등학교,휴업일,20260725,여름방학,,Y,Y,Y,Y,Y,Y,20260322
I10,세종특별자치시교육청,9300212,가득초등학교,2026,,초등학교,휴업일,20260725,토요휴업일,,Y,Y,Y,Y,Y,Y,20260322
I10,세종특별자치시교육청,9300212,가득초등학교,2026,,초등학교,휴업일,20260726,여름방학,,Y,Y,Y,Y,Y,Y,20260322
I10,세종특별자치시교육청,9300212,가득초등학교,2026,,초등학교,휴업일,20260727,여름방학,,Y,Y,Y,Y,Y,Y,20260322
I10,세종특별자치시교육청,9300212,가득초등학교,2026,,초등학교,휴업일,20260728,여름방학,,Y,Y,Y,Y,Y,Y,20260322
I10,세종특별자치시교육청,9300212,가득초등학교,2026,,초등학교,휴업일,20260729,여름방학,,Y,Y,Y,Y,Y,Y,20260322
I10,세종특별자치시교육청,9300212,가득초등학교,2026,,초등학교,휴업일,20260730,여름방학,,Y,Y,Y,Y,Y,Y,20260322
I10,세종특별자치시교육청,9300212,가득초등학교,2026,,초등학교,휴업일,20260731,여름방학,,Y,Y,Y,Y,Y,Y,20260322
I10,세종특별자치시교육청,9300212,가득초등학교,2026,,초등학교,휴업일,20260801,여름방학,,Y,Y,Y,Y,Y,Y,20260322
I10,세종특별자치시교육청,9300212,가득초등학교,2026,,초등학교,휴업일,20260801,토요휴업일,,Y,Y,Y,Y,Y,Y,20260322
I10,세종특별자치시교육청,9300212,가득초등학교,2026,,초등학교,휴업일,20260802,여름방학,,Y,Y,Y,Y,Y,Y,20260322
I10,세종특별자치시교육청,9300212,가득초등학교,2026,,초등학교,휴업일,20260803,여름방학,,Y,Y,Y,Y,Y,Y,20260322
I10,세종특별자치시교육청,9300212,가득초등학교,2026,,초등학교,휴업일,20260804,여름방학,,Y,Y,Y,Y,Y,Y,20260322
I10,세종특별자치시교육청,9300212,가득초등학교,2026,,초등학교,휴업일,20260805,여름방학,,Y,Y,Y,Y,Y,Y,20260322
I10,세종특별자치시교육청,9300212,가득초등학교,2026,,초등학교,휴업일,20260806,여름방학,,Y,Y,Y,Y,Y,Y,20260322
I10,세종특별자치시교육청,9300212,가득초등학교,2026,,초등학교,휴업일,20260807,여름방학,,Y,Y,Y,Y,Y,Y,20260322
I10,세종특별자치시교육청,9300212,가득초등학교,2026,,초등학교,휴업일,20260808,여름방학,,Y,Y,Y,Y,Y,Y,20260322
I10,세종특별자치시교육청,9300212,가득초등학교,2026,,초등학교,휴업일,20260808,토요휴업일,,Y,Y,Y,Y,Y,Y,20260322
I10,세종특별자치시교육청,9300212,가득초등학교,2026,,초등학교,휴업일,20260809,여름방학,,Y,Y,Y,Y,Y,Y,20260322
I10,세종특별자치시교육청,9300212,가득초등학교,2026,,초등학교,휴업일,20260810,여름방학,,Y,Y,Y,Y,Y,Y,20260322
I10,세종특별자치시교육청,9300212,가득초등학교,2026,,초등학교,휴업일,20260811,여름방학,,Y,Y,Y,Y,Y,Y,20260322
I10,세종특별자치시교육청,9300212,가득초등학교,2026,,초등학교,휴업일,20260812,여름방학,,Y,Y,Y,Y,Y,Y,20260322
I10,세종특별자치시교육청,9300212,가득초등학교,2026,,초등학교,휴업일,20260813,여름방학,,Y,Y,Y,Y,Y,Y,20260322
I10,세종특별자치시교육청,9300212,가득초등학교,2026,,초등학교,휴업일,20260814,여름방학,,Y,Y,Y,Y,Y,Y,20260322
I10,세종특별자치시교육청,9300212,가득초등학교,2026,,초등학교,휴업일,20260815,여름방학,,Y,Y,Y,Y,Y,Y,20260322
I10,세종특별자치시교육청,9300212,가득초등학교,2026,,초등학교,공휴일,20260815,광복절,,Y,Y,Y,Y,Y,Y,20260322
I10,세종특별자치시교육청,9300212,가득초등학교,2026,,초등학교,휴업일,20260816,여름방학,,Y,Y,Y,Y,Y,Y,20260322
I10,세종특별자치시교육청,9300212,가득초등학교,2026,,초등학교,휴업일,20260817,여름방학,,Y,Y,Y,Y,Y,Y,20260322
I10,세종특별자치시교육청,9300212,가득초등학교,2026,,초등학교,공휴일,20260817,대체공휴일,,Y,Y,Y,Y,Y,Y,20260322
I10,세종특별자치시교육청,9300212,가득초등학교,2026,,초등학교,휴업일,20260818,여름방학,,Y,Y,Y,Y,Y,Y,20260322
I10,세종특별자치시교육청,9300212,가득초등학교,2026,,초등학교,해당없음,20260819,개학식,,Y,Y,Y,Y,Y,Y,20260322
I10,세종특별자치시교육청,9300212,가득초등학교,2026,,초등학교,휴업일,20260822,토요휴업일,,Y,Y,Y,Y,Y,Y,20260322
I10,세종특별자치시교육청,9300212,가득초등학교,2026,,초등학교,휴업일,20260829,토요휴업일,,Y,Y,Y,Y,Y,Y,20260322
I10,세종특별자치시교육청,9300212,가득초등학교,2026,,초등학교,휴업일,20260905,토요휴업일,,Y,Y,Y,Y,Y,Y,20260322
I10,세종특별자치시교육청,9300212,가득초등학교,2026,,초등학교,휴업일,20260912,토요휴업일,,Y,Y,Y,Y,Y,Y,20260322
I10,세종특별자치시교육청,9300212,가득초등학교,2026,,초등학교,휴업일,20260919,토요휴업일,,Y,Y,Y,Y,Y,Y,20260322
I10,세종특별자치시교육청,9300212,가득초등학교,2026,,초등학교,공휴일,20260924,추석연휴,,Y,Y,Y,Y,Y,Y,20260322
I10,세종특별자치시교육청,9300212,가득초등학교,2026,,초등학교,공휴일,20260925,추석,,Y,Y,Y,Y,Y,Y,20260322
I10,세종특별자치시교육청,9300212,가득초등학교,2026,,초등학교,공휴일,20260926,추석연휴,,Y,Y,Y,Y,Y,Y,20260322
I10,세종특별자치시교육청,9300212,가득초등학교,2026,,초등학교,휴업일,20260926,토요휴업일,,Y,Y,Y,Y,Y,Y,20260322
I10,세종특별자치시교육청,9300212,가득초등학교,2026,,초등학교,공휴일,20261003,개천절,,Y,Y,Y,Y,Y,Y,20260322
I10,세종특별자치시교육청,9300212,가득초등학교,2026,,초등학교,공휴일,20261005,대체공휴일,,Y,Y,Y,Y,Y,Y,20260322
I10,세종특별자치시교육청,9300212,가득초등학교,2026,,초등학교,공휴일,20261009,한글날,,Y,Y,Y,Y,Y,Y,20260322
I10,세종특별자치시교육청,9300212,가득초등학교,2026,,초등학교,휴업일,20261010,토요휴업일,,Y,Y,Y,Y,Y,Y,20260322
I10,세종특별자치시교육청,9300212,가득초등학교,2026,,초등학교,휴업일,20261017,토요휴업일,,Y,Y,Y,Y,Y,Y,20260322
I10,세종특별자치시교육청,9300212,가득초등학교,2026,,초등학교,휴업일,20261024,토요휴업일,,Y,Y,Y,Y,Y,Y,20260322
I10,세종특별자치시교육청,9300212,가득초등학교,2026,,초등학교,휴업일,20261031,토요휴업일,,Y,Y,Y,Y,Y,Y,20260322
I10,세종특별자치시교육청,9300212,가득초등학교,2026,,초등학교,휴업일,20261107,토요휴업일,,Y,Y,Y,Y,Y,Y,20260322
I10,세종특별자치시교육청,9300212,가득초등학교,2026,,초등학교,휴업일,20261114,토요휴업일,,Y,Y,Y,Y,Y,Y,20260322
I10,세종특별자치시교육청,9300212,가득초등학교,2026,,초등학교,휴업일,20261121,토요휴업일,,Y,Y,Y,Y,Y,Y,20260322
I10,세종특별자치시교육청,9300212,가득초등학교,2026,,초등학교,휴업일,20261128,토요휴업일,,Y,Y,Y,Y,Y,Y,20260322
I10,세종특별자치시교육청,9300212,가득초등학교,2026,,초등학교,휴업일,20261205,토요휴업일,,Y,Y,Y,Y,Y,Y,20260322
I10,세종특별자치시교육청,9300212,가득초등학교,2026,,초등학교,휴업일,20261212,토요휴업일,,Y,Y,Y,Y,Y,Y,20260322
I10,세종특별자치시교육청,9300212,가득초등학교,2026,,초등학교,휴업일,20261219,토요휴업일,,Y,Y,Y,Y,Y,Y,20260322
I10,세종특별자치시교육청,9300212,가득초등학교,2026,,초등학교,공휴일,20261225,성탄절,,Y,Y,Y,Y,Y,Y,20260322
I10,세종특별자치시교육청,9300212,가득초등학교,2026,,초등학교,휴업일,20261226,토요휴업일,,Y,Y,Y,Y,Y,Y,20260322
I10,세종특별자치시교육청,9300212,가득초등학교,2026,,초등학교,공휴일,20270101,신정,,Y,Y,Y,Y,Y,Y,20260322
I10,세종특별자치시교육청,9300212,가득초등학교,2026,,초등학교,휴업일,20270102,토요휴업일,,Y,Y,Y,Y,Y,Y,20260322
I10,세종특별자치시교육청,9300212,가득초등학교,2026,,초등학교,해당없음,20270105,졸업식,,N,N,N,N,N,Y,20260322
I10,세종특별자치시교육청,9300212,가득초등학교,2026,,초등학교,해당없음,20270105,종업식,,Y,Y,Y,Y,Y,N,20260322
I10,세종특별자치시교육청,9300212,가득초등학교,2026,,초등학교,휴업일,20270106,겨울방학,,Y,Y,Y,Y,Y,Y,20260322
I10,세종특별자치시교육청,9300212,가득초등학교,2026,,초등학교,휴업일,20270107,겨울방학,,Y,Y,Y,Y,Y,Y,20260322
I10,세종특별자치시교육청,9300212,가득초등학교,2026,,초등학교,휴업일,20270108,겨울방학,,Y,Y,Y,Y,Y,Y,20260322
I10,세종특별자치시교육청,9300212,가득초등학교,2026,,초등학교,휴업일,20270109,겨울방학,,Y,Y,Y,Y,Y,Y,20260322
I10,세종특별자치시교육청,9300212,가득초등학교,2026,,초등학교,휴업일,20270109,토요휴업일,,Y,Y,Y,Y,Y,Y,20260322
I10,세종특별자치시교육청,9300212,가득초등학교,2026,,초등학교,휴업일,20270110,겨울방학,,Y,Y,Y,Y,Y,Y,20260322
I10,세종특별자치시교육청,9300212,가득초등학교,2026,,초등학교,휴업일,20270111,겨울방학,,Y,Y,Y,Y,Y,Y,20260322
I10,세종특별자치시교육청,9300212,가득초등학교,2026,,초등학교,휴업일,20270112,겨울방학,,Y,Y,Y,Y,Y,Y,20260322
I10,세종특별자치시교육청,9300212,가득초등학교,2026,,초등학교,휴업일,20270113,겨울방학,,Y,Y,Y,Y,Y,Y,20260322
I10,세종특별자치시교육청,9300212,가득초등학교,2026,,초등학교,휴업일,20270114,겨울방학,,Y,Y,Y,Y,Y,Y,20260322
I10,세종특별자치시교육청,9300212,가득초등학교,2026,,초등학교,휴업일,20270115,겨울방학,,Y,Y,Y,Y,Y,Y,20260322
I10,세종특별자치시교육청,9300212,가득초등학교,2026,,초등학교,휴업일,20270116,겨울방학,,Y,Y,Y,Y,Y,Y,20260322
I10,세종특별자치시교육청,9300212,가득초등학교,2026,,초등학교,휴업일,20270116,토요휴업일,,Y,Y,Y,Y,Y,Y,20260322
I10,세종특별자치시교육청,9300212,가득초등학교,2026,,초등학교,휴업일,20270117,겨울방학,,Y,Y,Y,Y,Y,Y,20260322
I10,세종특별자치시교육청,9300212,가득초등학교,2026,,초등학교,휴업일,20270118,겨울방학,,Y,Y,Y,Y,Y,Y,20260322
I10,세종특별자치시교육청,9300212,가득초등학교,2026,,초등학교,휴업일,20270119,겨울방학,,Y,Y,Y,Y,Y,Y,20260322
I10,세종특별자치시교육청,9300212,가득초등학교,2026,,초등학교,휴업일,20270120,겨울방학,,Y,Y,Y,Y,Y,Y,20260322
I10,세종특별자치시교육청,9300212,가득초등학교,2026,,초등학교,휴업일,20270121,겨울방학,,Y,Y,Y,Y,Y,Y,20260322
I10,세종특별자치시교육청,9300212,가득초등학교,2026,,초등학교,휴업일,20270122,겨울방학,,Y,Y,Y,Y,Y,Y,20260322
I10,세종특별자치시교육청,9300212,가득초등학교,2026,,초등학교,휴업일,20270123,겨울방학,,Y,Y,Y,Y,Y,Y,20260322
I10,세종특별자치시교육청,9300212,가득초등학교,2026,,초등학교,휴업일,20270123,토요휴업일,,Y,Y,Y,Y,Y,Y,20260322
I10,세종특별자치시교육청,9300212,가득초등학교,2026,,초등학교,휴업일,20270124,겨울방학,,Y,Y,Y,Y,Y,Y,20260322
I10,세종특별자치시교육청,9300212,가득초등학교,2026,,초등학교,휴업일,20270125,겨울방학,,Y,Y,Y,Y,Y,Y,20260322
I10,세종특별자치시교육청,9300212,가득초등학교,2026,,초등학교,휴업일,20270126,겨울방학,,Y,Y,Y,Y,Y,Y,20260322
I10,세종특별자치시교육청,9300212,가득초등학교,2026,,초등학교,휴업일,20270127,겨울방학,,Y,Y,Y,Y,Y,Y,20260322
I10,세종특별자치시교육청,9300212,가득초등학교,2026,,초등학교,휴업일,20270128,겨울방학,,Y,Y,Y,Y,Y,Y,20260322
I10,세종특별자치시교육청,9300212,가득초등학교,2026,,초등학교,휴업일,20270129,겨울방학,,Y,Y,Y,Y,Y,Y,20260322
I10,세종특별자치시교육청,9300212,가득초등학교,2026,,초등학교,휴업일,20270130,겨울방학,,Y,Y,Y,Y,Y,Y,20260322
I10,세종특별자치시교육청,9300212,가득초등학교,2026,,초등학교,휴업일,20270130,토요휴업일,,Y,Y,Y,Y,Y,Y,20260322
I10,세종특별자치시교육청,9300212,가득초등학교,2026,,초등학교,휴업일,20270131,겨울방학,,Y,Y,Y,Y,Y,Y,20260322
I10,세종특별자치시교육청,9300212,가득초등학교,2026,,초등학교,휴업일,20270201,겨울방학,,Y,Y,Y,Y,Y,Y,20260322
I10,세종특별자치시교육청,9300212,가득초등학교,2026,,초등학교,휴업일,20270202,겨울방학,,Y,Y,Y,Y,Y,Y,20260322
I10,세종특별자치시교육청,9300212,가득초등학교,2026,,초등학교,휴업일,20270203,겨울방학,,Y,Y,Y,Y,Y,Y,20260322
I10,세종특별자치시교육청,9300212,가득초등학교,2026,,초등학교,휴업일,20270204,겨울방학,,Y,Y,Y,Y,Y,Y,20260322
I10,세종특별자치시교육청,9300212,가득초등학교,2026,,초등학교,휴업일,20270205,겨울방학,,Y,Y,Y,Y,Y,Y,20260322
I10,세종특별자치시교육청,9300212,가득초등학교,2026,,초등학교,휴업일,20270206,겨울방학,,Y,Y,Y,Y,Y,Y,20260322
I10,세종특별자치시교육청,9300212,가득초등학교,2026,,초등학교,휴업일,20270206,토요휴업일,,Y,Y,Y,Y,Y,Y,20260322
I10,세종특별자치시교육청,9300212,가득초등학교,2026,,초등학교,휴업일,20270207,겨울방학,,Y,Y,Y,Y,Y,Y,20260322
I10,세종특별자치시교육청,9300212,가득초등학교,2026,,초등학교,공휴일,20270207,설날,,Y,Y,Y,Y,Y,Y,20260322
I10,세종특별자치시교육청,9300212,가득초등학교,2026,,초등학교,휴업일,20270208,겨울방학,,Y,Y,Y,Y,Y,Y,20260322
I10,세종특별자치시교육청,9300212,가득초등학교,2026,,초등학교,휴업일,20270209,겨울방학,,Y,Y,Y,Y,Y,Y,20260322
I10,세종특별자치시교육청,9300212,가득초등학교,2026,,초등학교,휴업일,20270210,겨울방학,,Y,Y,Y,Y,Y,Y,20260322
I10,세종특별자치시교육청,9300212,가득초등학교,2026,,초등학교,휴업일,20270211,겨울방학,,Y,Y,Y,Y,Y,Y,20260322
I10,세종특별자치시교육청,9300212,가득초등학교,2026,,초등학교,휴업일,20270212,겨울방학,,Y,Y,Y,Y,Y,Y,20260322
I10,세종특별자치시교육청,9300212,가득초등학교,2026,,초등학교,휴업일,20270213,겨울방학,,Y,Y,Y,Y,Y,Y,20260322
I10,세종특별자치시교육청,9300212,가득초등학교,2026,,초등학교,휴업일,20270213,토요휴업일,,Y,Y,Y,Y,Y,Y,20260322
I10,세종특별자치시교육청,9300212,가득초등학교,2026,,초등학교,휴업일,20270214,겨울방학,,Y,Y,Y,Y,Y,Y,20260322
I10,세종특별자치시교육청,9300212,가득초등학교,2026,,초등학교,휴업일,20270215,겨울방학,,Y,Y,Y,Y,Y,Y,20260322
I10,세종특별자치시교육청,9300212,가득초등학교,2026,,초등학교,휴업일,20270216,겨울방학,,Y,Y,Y,Y,Y,Y,20260322
I10,세종특별자치시교육청,9300212,가득초등학교,2026,,초등학교,휴업일,20270217,겨울방학,,Y,Y,Y,Y,Y,Y,20260322
I10,세종특별자치시교육청,9300212,가득초등학교,2026,,초등학교,휴업일,20270218,겨울방학,,Y,Y,Y,Y,Y,Y,20260322
I10,세종특별자치시교육청,9300212,가득초등학교,2026,,초등학교,휴업일,20270219,겨울방학,,Y,Y,Y,Y,Y,Y,20260322
I10,세종특별자치시교육청,9300212,가득초등학교,2026,,초등학교,휴업일,20270220,겨울방학,,Y,Y,Y,Y,Y,Y,20260322
I10,세종특별자치시교육청,9300212,가득초등학교,2026,,초등학교,휴업일,20270220,토요휴업일,,Y,Y,Y,Y,Y,Y,20260322
I10,세종특별자치시교육청,9300212,가득초등학교,2026,,초등학교,휴업일,20270221,겨울방학,,Y,Y,Y,Y,Y,Y,20260322
I10,세종특별자치시교육청,9300212,가득초등학교,2026,,초등학교,휴업일,20270222,겨울방학,,Y,Y,Y,Y,Y,Y,20260322
I10,세종특별자치시교육청,9300212,가득초등학교,2026,,초등학교,휴업일,20270223,겨울방학,,Y,Y,Y,Y,Y,Y,20260322
I10,세종특별자치시교육청,9300212,가득초등학교,2026,,초등학교,휴업일,20270224,겨울방학,,Y,Y,Y,Y,Y,Y,20260322
I10,세종특별자치시교육청,9300212,가득초등학교,2026,,초등학교,휴업일,20270225,겨울방학,,Y,Y,Y,Y,Y,Y,20260322
I10,세종특별자치시교육청,9300212,가득초등학교,2026,,초등학교,휴업일,20270226,겨울방학,,Y,Y,Y,Y,Y,Y,20260322
I10,세종특별자치시교육청,9300212,가득초등학교,2026,,초등학교,휴업일,20270227,겨울방학,,Y,Y,Y,Y,Y,Y,20260322
I10,세종특별자치시교육청,9300212,가득초등학교,2026,,초등학교,휴업일,20270227,토요휴업일,,Y,Y,Y,Y,Y,Y,20260322
I10,세종특별자치시교육청,9300212,가득초등학교,2026,,초등학교,휴업일,20270228,겨울방학,,Y,Y,Y,Y,Y,Y,20260322
I10,세종특별자치시교육청,9300187,가락초등학교,2025,,초등학교,공휴일,20250301,3·1절,,Y,Y,Y,Y,Y,Y,20260322
I10,세종특별자치시교육청,9300187,가락초등학교,2025,,초등학교,휴업일,20250301,토요휴업일,,Y,Y,Y,Y,Y,Y,20260322
I10,세종특별자치시교육청,9300187,가락초등학교,2025,,초등학교,공휴일,20250303,대체휴일,,Y,Y,Y,Y,Y,Y,20260322
I10,세종특별자치시교육청,9300187,가락초등학교,2025,,초등학교,공휴일,20250303,대체공휴일,,Y,Y,Y,Y,Y,Y,20260322
I10,세종특별자치시교육청,9300187,가락초등학교,2025,,초등학교,해당없음,20250304,시업식,,N,Y,Y,Y,Y,Y,20260322
I10,세종특별자치시교육청,9300187,가락초등학교,2025,,초등학교,해당없음,20250304,입학식,,Y,N,N,N,N,N,20260322
I10,세종특별자치시교육청,9300187,가락초등학교,2025,,초등학교,휴업일,20250308,토요휴업일,,Y,Y,Y,Y,Y,Y,20260322
I10,세종특별자치시교육청,9300187,가락초등학교,2025,,초등학교,해당없음,20250310,인성주간,,Y,Y,Y,Y,Y,Y,20260322
I10,세종특별자치시교육청,9300187,가락초등학교,2025,,초등학교,해당없음,20250311,학급임원선거,,Y,Y,Y,Y,Y,Y,20260322
I10,세종특별자치시교육청,9300187,가락초등학교,2025,,초등학교,해당없음,20250311,인성주간,,Y,Y,Y,Y,Y,Y,20260322
I10,세종특별자치시교육청,9300187,가락초등학교,2025,,초등학교,해당없음,20250312,인성주간,,Y,Y,Y,Y,Y,Y,20260322
I10,세종특별자치시교육청,9300187,가락초등학교,2025,,초등학교,해당없음,20250313,인성주간,,Y,Y,Y,Y,Y,Y,20260322
I10,세종특별자치시교육청,9300187,가락초등학교,2025,,초등학교,해당없음,20250314,인성주간,,Y,Y,Y,Y,Y,Y,20260322
I10,세종특별자치시교육청,9300187,가락초등학교,2025,,초등학교,휴업일,20250315,토요휴업일,,Y,Y,Y,Y,Y,Y,20260322
I10,세종특별자치시교육청,9300187,가락초등학교,2025,,초등학교,해당없음,20250319,교육과정 설명회,,Y,Y,Y,Y,Y,Y,20260322
I10,세종특별자치시교육청,9300187,가락초등학교,2025,,초등학교,휴업일,20250322,토요휴업일,,Y,Y,Y,Y,Y,Y,20260322
I10,세종특별자치시교육청,9300187,가락초등학교,2025,,초등학교,해당없음,20250324,학부모 상담주간,,Y,Y,Y,Y,Y,Y,20260322
I10,세종특별자치시교육청,9300187,가락초등학교,2025,,초등학교,해당없음,20250325,학부모 상담주간,,Y,Y,Y,Y,Y,Y,20260322
I10,세종특별자치시교육청,9300187,가락초등학교,2025,,초등학교,해당없음,20250326,학부모 상담주간,,Y,Y,Y,Y,Y,Y,20260322
I10,세종특별자치시교육청,9300187,가락초등학교,2025,,초등학교,해당없음,20250327,학부모 상담주간,,Y,Y,Y,Y,Y,Y,20260322
I10,세종특별자치시교육청,9300187,가락초등학교,2025,,초등학교,해당없음,20250328,학부모 상담주간,,Y,Y,Y,Y,Y,Y,20260322
I10,세종특별자치시교육청,9300187,가락초등학교,2025,,초등학교,휴업일,20250329,토요휴업일,,Y,Y,Y,Y,Y,Y,20260322
I10,세종특별자치시교육청,9300187,가락초등학교,2025,,초등학교,해당없음,20250331,학부모 상담주간,,Y,Y,Y,Y,Y,Y,20260322
I10,세종특별자치시교육청,9300187,가락초등학교,2025,,초등학교,해당없음,20250401,학부모 상담주간,,Y,Y,Y,Y,Y,Y,20260322
I10,세종특별자치시교육청,9300187,가락초등학교,2025,,초등학교,해당없음,20250402,학부모 상담주간,,Y,Y,Y,Y,Y,Y,20260322
I10,세종특별자치시교육청,9300187,가락초등학교,2025,,초등학교,해당없음,20250403,학부모 상담주간,,Y,Y,Y,Y,Y,Y,20260322
I10,세종특별자치시교육청,9300187,가락초등학교,2025,,초등학교,해당없음,20250404,학부모 상담주간,,Y,Y,Y,Y,Y,Y,20260322
I10,세종특별자치시교육청,9300187,가락초등학교,2025,,초등학교,휴업일,20250405,토요휴업일,,Y,Y,Y,Y,Y,Y,20260322
I10,세종특별자치시교육청,9300187,가락초등학교,2025,,초등학교,해당없음,20250407,과학주간,,Y,Y,Y,Y,Y,Y,20260322
I10,세종특별자치시교육청,9300187,가락초등학교,2025,,초등학교,해당없음,20250408,과학주간,,Y,Y,Y,Y,Y,Y,20260322
I10,세종특별자치시교육청,9300187,가락초등학교,2025,,초등학교,해당없음,20250409,과학주간,,Y,Y,Y,Y,Y,Y,20260322
I10,세종특별자치시교육청,9300187,가락초등학교,2025,,초등학교,해당없음,20250410,과학주간,,Y,Y,Y,Y,Y,Y,20260322
I10,세종특별자치시교육청,9300187,가락초등학교,2025,,초등학교,해당없음,20250411,과학주간,,Y,Y,Y,Y,Y,Y,20260322
I10,세종특별자치시교육청,9300187,가락초등학교,2025,,초등학교,휴업일,20250412,토요휴업일,,Y,Y,Y,Y,Y,Y,20260322
I10,세종특별자치시교육청,9300187,가락초등학교,2025,,초등학교,해당없음,20250414,동료장학 수업공개 주간,,Y,Y,Y,Y,Y,Y,20260322
I10,세종특별자치시교육청,9300187,가락초등학교,2025,,초등학교,해당없음,20250415,동료장학 수업공개 주간,,Y,Y,Y,Y,Y,Y,20260322
I10,세종특별자치시교육청,9300187,가락초등학교,2025,,초등학교,해당없음,20250416,동료장학 수업공개 주간,,Y,Y,Y,Y,Y,Y,20260322
I10,세종특별자치시교육청,9300187,가락초등학교,2025,,초등학교,해당없음,20250417,동료장학 수업공개 주간,,Y,Y,Y,Y,Y,Y,20260322
I10,세종특별자치시교육청,9300187,가락초등학교,2025,,초등학교,해당없음,20250418,동료장학 수업공개 주간,,Y,Y,Y,Y,Y,Y,20260322
I10,세종특별자치시교육청,9300187,가락초등학교,2025,,초등학교,휴업일,20250419,토요휴업일,,Y,Y,Y,Y,Y,Y,20260322
I10,세종특별자치시교육청,9300187,가락초등학교,2025,,초등학교,해당없음,20250421,장애이해교육주간,,Y,Y,Y,Y,Y,Y,20260322
I10,세종특별자치시교육청,9300187,가락초등학교,2025,,초등학교,해당없음,20250422,장애이해교육주간,,Y,Y,Y,Y,Y,Y,20260322
I10,세종특별자치시교육청,9300187,가락초등학교,2025,,초등학교,해당없음,20250423,장애이해교육주간,,Y,Y,Y,Y,Y,Y,20260322
I10,세종특별자치시교육청,9300187,가락초등학교,2025,,초등학교,해당없음,20250424,장애이해교육주간,,Y,Y,Y,Y,Y,Y,20260322
I10,세종특별자치시교육청,9300187,가락초등학교,2025,,초등학교,해당없음,20250425,장애이해교육주간,,Y,Y,Y,Y,Y,Y,20260322
I10,세종특별자치시교육청,9300187,가락초등학교,2025,,초등학교,휴업일,20250426,토요휴업일,,Y,Y,Y,Y,Y,Y,20260322
I10,세종특별자치시교육청,9300187,가락초등학교,2025,,초등학교,휴업일,20250501,학교장재량휴업,,Y,Y,Y,Y,Y,Y,20260322
I10,세종특별자치시교육청,9300187,가락초등학교,2025,,초등학교,휴업일,20250503,토요휴업일,,Y,Y,Y,Y,Y,Y,20260322
I10,세종특별자치시교육청,9300187,가락초등학교,2025,,초등학교,공휴일,20250505,석가탄신일,,Y,Y,Y,Y,Y,Y,20260322
I10,세종특별자치시교육청,9300187,가락초등학교,2025,,초등학교,공휴일,20250506,대체공휴일,,Y,Y,Y,Y,Y,Y,20260322
I10,세종특별자치시교육청,9300187,가락초등학교,2025,,초등학교,휴업일,20250510,토요휴업일,,Y,Y,Y,Y,Y,Y,20260322
I10,세종특별자치시교육청,9300187,가락초등학교,2025,,초등학교,해당없음,20250512,PAPS,,N,N,N,Y,Y,Y,20260322
I10,세종특별자치시교육청,9300187,가락초등학교,2025,,초등학교,해당없음,20250513,PAPS,,N,N,N,Y,Y,Y,20260322
I10,세종특별자치시교육청,9300187,가락초등학교,2025,,초등학교,해당없음,20250514,PAPS,,N,N,N,Y,Y,Y,20260322
I10,세종특별자치시교육청,9300187,가락초등학교,2025,,초등학교,해당없음,20250515,PAPS,,N,N,N,Y,Y,Y,20260322
I10,세종특별자치시교육청,9300187,가락초등학교,2025,,초등학교,해당없음,20250516,PAPS,,N,N,N,Y,Y,Y,20260322
I10,세종특별자치시교육청,9300187,가락초등학교,2025,,초등학교,휴업일,20250517,토요휴업일,,Y,Y,Y,Y,Y,Y,20260322
I10,세종특별자치시교육청,9300187,가락초등학교,2025,,초등학교,휴업일,20250524,토요휴업일,,Y,Y,Y,Y,Y,Y,20260322
I10,세종특별자치시교육청,9300187,가락초등학교,2025,,초등학교,휴업일,20250531,토요휴업일,,Y,Y,Y,Y,Y,Y,20260322
I10,세종특별자치시교육청,9300187,가락초등학교,2025,,초등학교,공휴일,20250603,대통령선거일,,Y,Y,Y,Y,Y,Y,20260322
I10,세종특별자치시교육청,9300187,가락초등학교,2025,,초등학교,공휴일,20250606,현충일,,Y,Y,Y,Y,Y,Y,20260322
I10,세종특별자치시교육청,9300187,가락초등학교,2025,,초등학교,휴업일,20250607,토요휴업일,,Y,Y,Y,Y,Y,Y,20260322
I10,세종특별자치시교육청,9300187,가락초등학교,2025,,초등학교,해당없음,20250609,사이버폭력예방주간,,Y,Y,Y,Y,Y,Y,20260322
I10,세종특별자치시교육청,9300187,가락초등학교,2025,,초등학교,해당없음,20250610,사이버폭력예방주간,,Y,Y,Y,Y,Y,Y,20260322
I10,세종특별자치시교육청,9300187,가락초등학교,2025,,초등학교,해당없음,20250611,사이버폭력예방주간,,Y,Y,Y,Y,Y,Y,20260322
I10,세종특별자치시교육청,9300187,가락초등학교,2025,,초등학교,해당없음,20250612,사이버폭력예방주간,,Y,Y,Y,Y,Y,Y,20260322
I10,세종특별자치시교육청,9300187,가락초등학교,2025,,초등학교,해당없음,20250613,사이버폭력예방주간,,Y,Y,Y,Y,Y,Y,20260322
I10,세종특별자치시교육청,9300187,가락초등학교,2025,,초등학교,휴업일,20250614,토요휴업일,,Y,Y,Y,Y,Y,Y,20260322
I10,세종특별자치시교육청,9300187,가락초등학교,2025,,초등학교,해당없음,20250616,독서주간,,Y,Y,Y,Y,Y,Y,20260322
I10,세종특별자치시교육청,9300187,가락초등학교,2025,,초등학교,해당없음,20250617,학부모공개수업,,Y,Y,Y,Y,Y,Y,20260322
I10,세종특별자치시교육청,9300187,가락초등학교,2025,,초등학교,해당없음,20250617,독서주간,,Y,Y,Y,Y,Y,Y,20260322
I10,세종특별자치시교육청,9300187,가락초등학교,2025,,초등학교,해당없음,20250618,독서주간,,Y,Y,Y,Y,Y,Y,20260322
I10,세종특별자치시교육청,9300187,가락초등학교,2025,,초등학교,해당없음,20250619,독서주간,,Y,Y,Y,Y,Y,Y,20260322
I10,세종특별자치시교육청,9300187,가락초등학교,2025,,초등학교,해당없음,20250620,독서주간,,Y,Y,Y,Y,Y,Y,20260322
I10,세종특별자치시교육청,9300187,가락초등학교,2025,,초등학교,휴업일,20250621,토요휴업일,,Y,Y,Y,Y,Y,Y,20260322
I10,세종특별자치시교육청,9300187,가락초등학교,2025,,초등학교,휴업일,20250628,토요휴업일,,Y,Y,Y,Y,Y,Y,20260322
I10,세종특별자치시교육청,9300187,가락초등학교,2025,,초등학교,해당없음,20250702,세종형 학교평가,,Y,Y,Y,Y,Y,Y,20260322
I10,세종특별자치시교육청,9300187,가락초등학교,2025,,초등학교,휴업일,20250705,토요휴업일,,Y,Y,Y,Y,Y,Y,20260322
I10,세종특별자치시교육청,9300187,가락초등학교,2025,,초등학교,휴업일,20250712,토요휴업일,,Y,Y,Y,Y,Y,Y,20260322
I10,세종특별자치시교육청,9300187,가락초등학교,2025,,초등학교,휴업일,20250719,토요휴업일,,Y,Y,Y,Y,Y,Y,20260322
I10,세종특별자치시교육청,9300187,가락초등학교,2025,,초등학교,해당없음,20250721,여름방학식,,Y,Y,Y,Y,Y,Y,20260322
I10,세종특별자치시교육청,9300187,가락초등학교,2025,,초등학교,휴업일,20250722,여름방학,,Y,Y,Y,Y,Y,Y,20260322
I10,세종특별자치시교육청,9300187,가락초등학교,2025,,초등학교,휴업일,20250723,여름방학,,Y,Y,Y,Y,Y,Y,20260322
I10,세종특별자치시교육청,9300187,가락초등학교,2025,,초등학교,휴업일,20250724,여름방학,,Y,Y,Y,Y,Y,Y,20260322
I10,세종특별자치시교육청,9300187,가락초등학교,2025,,초등학교,휴업일,20250725,여름방학,,Y,Y,Y,Y,Y,Y,20260322
I10,세종특별자치시교육청,9300187,가락초등학교,2025,,초등학교,휴업일,20250726,토요휴업일,,Y,Y,Y,Y,Y,Y,20260322
I10,세종특별자치시교육청,9300187,가락초등학교,2025,,초등학교,휴업일,20250727,여름방학,,Y,Y,Y,Y,Y,Y,20260322
I10,세종특별자치시교육청,9300187,가락초등학교,2025,,초등학교,휴업일,20250728,여름방학,,Y,Y,Y,Y,Y,Y,20260322
I10,세종특별자치시교육청,9300187,가락초등학교,2025,,초등학교,휴업일,20250729,여름방학,,Y,Y,Y,Y,Y,Y,20260322
I10,세종특별자치시교육청,9300187,가락초등학교,2025,,초등학교,휴업일,20250730,여름방학,,Y,Y,Y,Y,Y,Y,20260322
I10,세종특별자치시교육청,9300187,가락초등학교,2025,,초등학교,휴업일,20250731,여름방학,,Y,Y,Y,Y,Y,Y,20260322
I10,세종특별자치시교육청,9300187,가락초등학교,2025,,초등학교,휴업일,20250801,여름방학,,Y,Y,Y,Y,Y,Y,20260322
I10,세종특별자치시교육청,9300187,가락초등학교,2025,,초등학교,휴업일,20250802,여름방학,,Y,Y,Y,Y,Y,Y,20260322
I10,세종특별자치시교육청,9300187,가락초등학교,2025,,초등학교,휴업일,20250802,토요휴업일,,Y,Y,Y,Y,Y,Y,20260322
I10,세종특별자치시교육청,9300187,가락초등학교,2025,,초등학교,휴업일,20250803,여름방학,,Y,Y,Y,Y,Y,Y,20260322
I10,세종특별자치시교육청,9300187,가락초등학교,2025,,초등학교,휴업일,20250804,여름방학,,Y,Y,Y,Y,Y,Y,20260322
I10,세종특별자치시교육청,9300187,가락초등학교,2025,,초등학교,휴업일,20250805,여름방학,,Y,Y,Y,Y,Y,Y,20260322
I10,세종특별자치시교육청,9300187,가락초등학교,2025,,초등학교,휴업일,20250806,여름방학,,Y,Y,Y,Y,Y,Y,20260322
I10,세종특별자치시교육청,9300187,가락초등학교,2025,,초등학교,휴업일,20250807,여름방학,,Y,Y,Y,Y,Y,Y,20260322
I10,세종특별자치시교육청,9300187,가락초등학교,2025,,초등학교,휴업일,20250808,여름방학,,Y,Y,Y,Y,Y,Y,20260322
I10,세종특별자치시교육청,9300187,가락초등학교,2025,,초등학교,휴업일,20250809,여름방학,,Y,Y,Y,Y,Y,Y,20260322
I10,세종특별자치시교육청,9300187,가락초등학교,2025,,초등학교,휴업일,20250809,토요휴업일,,Y,Y,Y,Y,Y,Y,20260322
I10,세종특별자치시교육청,9300187,가락초등학교,2025,,초등학교,휴업일,20250810,여름방학,,Y,Y,Y,Y,Y,Y,20260322
I10,세종특별자치시교육청,9300187,가락초등학교,2025,,초등학교,휴업일,20250811,여름방학,,Y,Y,Y,Y,Y,Y,20260322
I10,세종특별자치시교육청,9300187,가락초등학교,2025,,초등학교,휴업일,20250812,여름방학,,Y,Y,Y,Y,Y,Y,20260322
I10,세종특별자치시교육청,9300187,가락초등학교,2025,,초등학교,휴업일,20250813,여름방학,,Y,Y,Y,Y,Y,Y,20260322
I10,세종특별자치시교육청,9300187,가락초등학교,2025,,초등학교,휴업일,20250814,여름방학,,Y,Y,Y,Y,Y,Y,20260322
I10,세종특별자치시교육청,9300187,가락초등학교,2025,,초등학교,휴업일,20250815,여름방학,,Y,Y,Y,Y,Y,Y,20260322
I10,세종특별자치시교육청,9300187,가락초등학교,2025,,초등학교,공휴일,20250815,광복절,,Y,Y,Y,Y,Y,Y,20260322
I10,세종특별자치시교육청,9300187,가락초등학교,2025,,초등학교,휴업일,20250816,여름방학,,Y,Y,Y,Y,Y,Y,20260322
I10,세종특별자치시교육청,9300187,가락초등학교,2025,,초등학교,휴업일,20250816,토요휴업일,,Y,Y,Y,Y,Y,Y,20260322
I10,세종특별자치시교육청,9300187,가락초등학교,2025,,초등학교,휴업일,20250817,여름방학,,Y,Y,Y,Y,Y,Y,20260322
I10,세종특별자치시교육청,9300187,가락초등학교,2025,,초등학교,해당없음,20250818,개학식,,Y,Y,Y,Y,Y,Y,20260322
I10,세종특별자치시교육청,9300187,가락초등학교,2025,,초등학교,해당없음,20250820,학급임원선거,,Y,Y,Y,Y,Y,Y,20260322
I10,세종특별자치시교육청,9300187,가락초등학교,2025,,초등학교,휴업일,20250823,토요휴업일,,Y,Y,Y,Y,Y,Y,20260322
I10,세종특별자치시교육청,9300187,가락초등학교,2025,,초등학교,해당없음,20250825,생명존중주간,,Y,Y,Y,Y,Y,Y,20260322
I10,세종특별자치시교육청,9300187,가락초등학교,2025,,초등학교,해당없음,20250826,생명존중주간,,Y,Y,Y,Y,Y,Y,20260322
I10,세종특별자치시교육청,9300187,가락초등학교,2025,,초등학교,해당없음,20250827,생명존중주간,,Y,Y,Y,Y,Y,Y,20260322
I10,세종특별자치시교육청,9300187,가락초등학교,2025,,초등학교,해당없음,20250828,생명존중주간,,Y,Y,Y,Y,Y,Y,20260322
I10,세종특별자치시교육청,9300187,가락초등학교,2025,,초등학교,해당없음,20250829,생명존중주간,,Y,Y,Y,Y,Y,Y,20260322
I10,세종특별자치시교육청,9300187,가락초등학교,2025,,초등학교,휴업일,20250830,토요휴업일,,Y,Y,Y,Y,Y,Y,20260322
I10,세종특별자치시교육청,9300187,가락초등학교,2025,,초등학교,휴업일,20250906,토요휴업일,,Y,Y,Y,Y,Y,Y,20260322
I10,세종특별자치시교육청,9300187,가락초등학교,2025,,초등학교,해당없음,20250908,인성주간,,Y,Y,Y,Y,Y,Y,20260322
I10,세종특별자치시교육청,9300187,가락초등학교,2025,,초등학교,해당없음,20250909,인성주간,,Y,Y,Y,Y,Y,Y,20260322
I10,세종특별자치시교육청,9300187,가락초등학교,2025,,초등학교,해당없음,20250910,인성주간,,Y,Y,Y,Y,Y,Y,20260322
I10,세종특별자치시교육청,9300187,가락초등학교,2025,,초등학교,해당없음,20250911,인성주간,,Y,Y,Y,Y,Y,Y,20260322
I10,세종특별자치시교육청,9300187,가락초등학교,2025,,초등학교,해당없음,20250912,인성주간,,Y,Y,Y,Y,Y,Y,20260322
I10,세종특별자치시교육청,9300187,가락초등학교,2025,,초등학교,휴업일,20250913,토요휴업일,,Y,Y,Y,Y,Y,Y,20260322
I10,세종특별자치시교육청,9300187,가락초등학교,2025,,초등학교,휴업일,20250920,토요휴업일,,Y,Y,Y,Y,Y,Y,20260322
I10,세종특별자치시교육청,9300187,가락초등학교,2025,,초등학교,휴업일,20250927,토요휴업일,,Y,Y,Y,Y,Y,Y,20260322
I10,세종특별자치시교육청,9300187,가락초등학교,2025,,초등학교,공휴일,20251003,개천절,,Y,Y,Y,Y,Y,Y,20260322
I10,세종특별자치시교육청,9300187,가락초등학교,2025,,초등학교,휴업일,20251004,토요휴업일,,Y,Y,Y,Y,Y,Y,20260322
I10,세종특별자치시교육청,9300187,가락초등학교,2025,,초등학교,공휴일,20251005,추석,,Y,Y,Y,Y,Y,Y,20260322
I10,세종특별자치시교육청,9300187,가락초등학교,2025,,초등학교,공휴일,20251006,추석,,Y,Y,Y,Y,Y,Y,20260322
I10,세종특별자치시교육청,9300187,가락초등학교,2025,,초등학교,공휴일,20251007,추석,,Y,Y,Y,Y,Y,Y,20260322
I10,세종특별자치시교육청,9300187,가락초등학교,2025,,초등학교,공휴일,20251008,대체공휴일,,Y,Y,Y,Y,Y,Y,20260322
I10,세종특별자치시교육청,9300187,가락초등학교,2025,,초등학교,공휴일,20251009,한글날,,Y,Y,Y,Y,Y,Y,20260322
I10,세종특별자치시교육청,9300187,가락초등학교,2025,,초등학교,휴업일,20251010,학교장재량휴업,,Y,Y,Y,Y,Y,Y,20260322
I10,세종특별자치시교육청,9300187,가락초등학교,2025,,초등학교,휴업일,20251011,토요휴업일,,Y,Y,Y,Y,Y,Y,20260322
I10,세종특별자치시교육청,9300187,가락초등학교,2025,,초등학교,해당없음,20251013,독서주간,,Y,Y,Y,Y,Y,Y,20260322
I10,세종특별자치시교육청,9300187,가락초등학교,2025,,초등학교,해당없음,20251014,독서주간,,Y,Y,Y,Y,Y,Y,20260322
I10,세종특별자치시교육청,9300187,가락초등학교,2025,,초등학교,해당없음,20251015,독서주간,,Y,Y,Y,Y,Y,Y,20260322
I10,세종특별자치시교육청,9300187,가락초등학교,2025,,초등학교,해당없음,20251016,독서주간,,Y,Y,Y,Y,Y,Y,20260322
I10,세종특별자치시교육청,9300187,가락초등학교,2025,,초등학교,해당없음,20251017,독서주간,,Y,Y,Y,Y,Y,Y,20260322
I10,세종특별자치시교육청,9300187,가락초등학교,2025,,초등학교,휴업일,20251018,토요휴업일,,Y,Y,Y,Y,Y,Y,20260322
I10,세종특별자치시교육청,9300187,가락초등학교,2025,,초등학교,휴업일,20251025,토요휴업일,,Y,Y,Y,Y,Y,Y,20260322
I10,세종특별자치시교육청,9300187,가락초등학교,2025,,초등학교,해당없음,20251029,가락예술제,,Y,Y,Y,Y,Y,Y,20260322
I10,세종특별자치시교육청,9300187,가락초등학교,2025,,초등학교,해당없음,20251030,가락예술제,,Y,Y,Y,Y,Y,Y,20260322
I10,세종특별자치시교육청,9300187,가락초등학교,2025,,초등학교,해당없음,20251031,가락예술제,,Y,Y,Y,Y,Y,Y,20260322
I10,세종특별자치시교육청,9300187,가락초등학교,2025,,초등학교,휴업일,20251101,토요휴업일,,Y,Y,Y,Y,Y,Y,20260322
I10,세종특별자치시교육청,9300187,가락초등학교,2025,,초등학교,해당없음,20251103,장애이해교육주간,,Y,Y,Y,Y,Y,Y,20260322
I10,세종특별자치시교육청,9300187,가락초등학교,2025,,초등학교,해당없음,20251104,장애이해교육주간,,Y,Y,Y,Y,Y,Y,20260322
I10,세종특별자치시교육청,9300187,가락초등학교,2025,,초등학교,해당없음,20251105,장애이해교육주간,,Y,Y,Y,Y,Y,Y,20260322
I10,세종특별자치시교육청,9300187,가락초등학교,2025,,초등학교,해당없음,20251106,장애이해교육주간,,Y,Y,Y,Y,Y,Y,20260322
I10,세종특별자치시교육청,9300187,가락초등학교,2025,,초등학교,해당없음,20251107,장애이해교육주간,,Y,Y,Y,Y,Y,Y,20260322
I10,세종특별자치시교육청,9300187,가락초등학교,2025,,초등학교,휴업일,20251108,토요휴업일,,Y,Y,Y,Y,Y,Y,20260322
I10,세종특별자치시교육청,9300187,가락초등학교,2025,,초등학교,휴업일,20251115,토요휴업일,,Y,Y,Y,Y,Y,Y,20260322
I10,세종특별자치시교육청,9300187,가락초등학교,2025,,초등학교,휴업일,20251122,토요휴업일,,Y,Y,Y,Y,Y,Y,20260322
I10,세종특별자치시교육청,9300187,가락초등학교,2025,,초등학교,휴업일,20251129,토요휴업일,,Y,Y,Y,Y,Y,Y,20260322
I10,세종특별자치시교육청,9300187,가락초등학교,2025,,초등학교,휴업일,20251206,토요휴업일,,Y,Y,Y,Y,Y,Y,20260322
I10,세종특별자치시교육청,9300187,가락초등학교,2025,,초등학교,해당없음,20251210,세종형 학교평가,,Y,Y,Y,Y,Y,Y,20260322
I10,세종특별자치시교육청,9300187,가락초등학교,2025,,초등학교,휴업일,20251213,토요휴업일,,Y,Y,Y,Y,Y,Y,20260322
I10,세종특별자치시교육청,9300187,가락초등학교,2025,,초등학교,휴업일,20251220,토요휴업일,,Y,Y,Y,Y,Y,Y,20260322
I10,세종특별자치시교육청,9300187,가락초등학교,2025,,초등학교,공휴일,20251225,성탄절,,Y,Y,Y,Y,Y,Y,20260322
I10,세종특별자치시교육청,9300187,가락초등학교,2025,,초등학교,휴업일,20251227,토요휴업일,,Y,Y,Y,Y,Y,Y,20260322
I10,세종특별자치시교육청,9300187,가락초등학교,2025,,초등학교,공휴일,20260101,신정,,Y,Y,Y,Y,Y,Y,20260322
I10,세종특별자치시교육청,9300187,가락초등학교,2025,,초등학교,휴업일,20260103,토요휴업일,,Y,Y,Y,Y,Y,Y,20260322
I10,세종특별자치시교육청,9300187,가락초등학교,2025,,초등학교,해당없음,20260107,졸업식,,N,N,N,N,N,Y,20260322
I10,세종특별자치시교육청,9300187,가락초등학교,2025,,초등학교,해당없음,20260107,종업식,,Y,Y,Y,Y,Y,N,20260322
I10,세종특별자치시교육청,9300187,가락초등학교,2025,,초등학교,휴업일,20260108,겨울방학,,Y,Y,Y,Y,Y,Y,20260322
I10,세종특별자치시교육청,9300187,가락초등학교,2025,,초등학교,휴업일,20260109,겨울방학,,Y,Y,Y,Y,Y,Y,20260322
I10,세종특별자치시교육청,9300187,가락초등학교,2025,,초등학교,휴업일,20260110,겨울방학,,Y,Y,Y,Y,Y,Y,20260322
I10,세종특별자치시교육청,9300187,가락초등학교,2025,,초등학교,휴업일,20260110,토요휴업일,,Y,Y,Y,Y,Y,Y,20260322
I10,세종특별자치시교육청,9300187,가락초등학교,2025,,초등학교,휴업일,20260111,겨울방학,,Y,Y,Y,Y,Y,Y,20260322
I10,세종특별자치시교육청,9300187,가락초등학교,2025,,초등학교,휴업일,20260112,겨울방학,,Y,Y,Y,Y,Y,Y,20260322
I10,세종특별자치시교육청,9300187,가락초등학교,2025,,초등학교,휴업일,20260113,겨울방학,,Y,Y,Y,Y,Y,Y,20260322
I10,세종특별자치시교육청,9300187,가락초등학교,2025,,초등학교,휴업일,20260114,겨울방학,,Y,Y,Y,Y,Y,Y,20260322
I10,세종특별자치시교육청,9300187,가락초등학교,2025,,초등학교,휴업일,20260115,겨울방학,,Y,Y,Y,Y,Y,Y,20260322
I10,세종특별자치시교육청,9300187,가락초등학교,2025,,초등학교,휴업일,20260116,겨울방학,,Y,Y,Y,Y,Y,Y,20260322
I10,세종특별자치시교육청,9300187,가락초등학교,2025,,초등학교,휴업일,20260117,겨울방학,,Y,Y,Y,Y,Y,Y,20260322
I10,세종특별자치시교육청,9300187,가락초등학교,2025,,초등학교,휴업일,20260117,토요휴업일,,Y,Y,Y,Y,Y,Y,20260322
I10,세종특별자치시교육청,9300187,가락초등학교,2025,,초등학교,휴업일,20260118,겨울방학,,Y,Y,Y,Y,Y,Y,20260322
I10,세종특별자치시교육청,9300187,가락초등학교,2025,,초등학교,휴업일,20260119,겨울방학,,Y,Y,Y,Y,Y,Y,20260322
I10,세종특별자치시교육청,9300187,가락초등학교,2025,,초등학교,휴업일,20260120,겨울방학,,Y,Y,Y,Y,Y,Y,20260322
I10,세종특별자치시교육청,9300187,가락초등학교,2025,,초등학교,휴업일,20260121,겨울방학,,Y,Y,Y,Y,Y,Y,20260322
I10,세종특별자치시교육청,9300187,가락초등학교,2025,,초등학교,휴업일,20260122,겨울방학,,Y,Y,Y,Y,Y,Y,20260322
I10,세종특별자치시교육청,9300187,가락초등학교,2025,,초등학교,휴업일,20260123,겨울방학,,Y,Y,Y,Y,Y,Y,20260322
I10,세종특별자치시교육청,9300187,가락초등학교,2025,,초등학교,휴업일,20260124,겨울방학,,Y,Y,Y,Y,Y,Y,20260322
I10,세종특별자치시교육청,9300187,가락초등학교,2025,,초등학교,휴업일,20260124,토요휴업일,,Y,Y,Y,Y,Y,Y,20260322
I10,세종특별자치시교육청,9300187,가락초등학교,2025,,초등학교,휴업일,20260125,겨울방학,,Y,Y,Y,Y,Y,Y,20260322
I10,세종특별자치시교육청,9300187,가락초등학교,2025,,초등학교,휴업일,20260126,겨울방학,,Y,Y,Y,Y,Y,Y,20260322
I10,세종특별자치시교육청,9300187,가락초등학교,2025,,초등학교,휴업일,20260127,겨울방학,,Y,Y,Y,Y,Y,Y,20260322
I10,세종특별자치시교육청,9300187,가락초등학교,2025,,초등학교,휴업일,20260128,겨울방학,,Y,Y,Y,Y,Y,Y,20260322
I10,세종특별자치시교육청,9300187,가락초등학교,2025,,초등학교,휴업일,20260129,겨울방학,,Y,Y,Y,Y,Y,Y,20260322
I10,세종특별자치시교육청,9300187,가락초등학교,2025,,초등학교,휴업일,20260130,겨울방학,,Y,Y,Y,Y,Y,Y,20260322
I10,세종특별자치시교육청,9300187,가락초등학교,2025,,초등학교,휴업일,20260131,겨울방학,,Y,Y,Y,Y,Y,Y,20260322
I10,세종특별자치시교육청,9300187,가락초등학교,2025,,초등학교,휴업일,20260131,토요휴업일,,Y,Y,Y,Y,Y,Y,20260322
I10,세종특별자치시교육청,9300187,가락초등학교,2025,,초등학교,휴업일,20260201,겨울방학,,Y,Y,Y,Y,Y,Y,20260322
I10,세종특별자치시교육청,9300187,가락초등학교,2025,,초등학교,휴업일,20260202,겨울방학,,Y,Y,Y,Y,Y,Y,20260322
I10,세종특별자치시교육청,9300187,가락초등학교,2025,,초등학교,휴업일,20260203,겨울방학,,Y,Y,Y,Y,Y,Y,20260322
I10,세종특별자치시교육청,9300187,가락초등학교,2025,,초등학교,휴업일,20260204,겨울방학,,Y,Y,Y,Y,Y,Y,20260322
I10,세종특별자치시교육청,9300187,가락초등학교,2025,,초등학교,휴업일,20260205,겨울방학,,Y,Y,Y,Y,Y,Y,20260322
I10,세종특별자치시교육청,9300187,가락초등학교,2025,,초등학교,휴업일,20260206,겨울방학,,Y,Y,Y,Y,Y,Y,20260322
I10,세종특별자치시교육청,9300187,가락초등학교,2025,,초등학교,휴업일,20260207,겨울방학,,Y,Y,Y,Y,Y,Y,20260322
I10,세종특별자치시교육청,9300187,가락초등학교,2025,,초등학교,휴업일,20260207,토요휴업일,,Y,Y,Y,Y,Y,Y,20260322
I10,세종특별자치시교육청,9300187,가락초등학교,2025,,초등학교,휴업일,20260208,겨울방학,,Y,Y,Y,Y,Y,Y,20260322
I10,세종특별자치시교육청,9300187,가락초등학교,2025,,초등학교,휴업일,20260209,겨울방학,,Y,Y,Y,Y,Y,Y,20260322
I10,세종특별자치시교육청,9300187,가락초등학교,2025,,초등학교,휴업일,20260210,겨울방학,,Y,Y,Y,Y,Y,Y,20260322
I10,세종특별자치시교육청,9300187,가락초등학교,2025,,초등학교,휴업일,20260211,겨울방학,,Y,Y,Y,Y,Y,Y,20260322
I10,세종특별자치시교육청,9300187,가락초등학교,2025,,초등학교,휴업일,20260212,겨울방학,,Y,Y,Y,Y,Y,Y,20260322
I10,세종특별자치시교육청,9300187,가락초등학교,2025,,초등학교,휴업일,20260213,겨울방학,,Y,Y,Y,Y,Y,Y,20260322
I10,세종특별자치시교육청,9300187,가락초등학교,2025,,초등학교,휴업일,20260214,겨울방학,,Y,Y,Y,Y,Y,Y,20260322
I10,세종특별자치시교육청,9300187,가락초등학교,2025,,초등학교,휴업일,20260214,토요휴업일,,Y,Y,Y,Y,Y,Y,20260322
I10,세종특별자치시교육청,9300187,가락초등학교,2025,,초등학교,휴업일,20260215,겨울방학,,Y,Y,Y,Y,Y,Y,20260322
I10,세종특별자치시교육청,9300187,가락초등학교,2025,,초등학교,휴업일,20260216,겨울방학,,Y,Y,Y,Y,Y,Y,20260322
I10,세종특별자치시교육청,9300187,가락초등학교,2025,,초등학교,공휴일,20260216,설날,,Y,Y,Y,Y,Y,Y,20260322
I10,세종특별자치시교육청,9300187,가락초등학교,2025,,초등학교,휴업일,20260217,겨울방학,,Y,Y,Y,Y,Y,Y,20260322
I10,세종특별자치시교육청,9300187,가락초등학교,2025,,초등학교,공휴일,20260217,설날,,Y,Y,Y,Y,Y,Y,20260322
I10,세종특별자치시교육청,9300187,가락초등학교,2025,,초등학교,휴업일,20260218,겨울방학,,Y,Y,Y,Y,Y,Y,20260322
I10,세종특별자치시교육청,9300187,가락초등학교,2025,,초등학교,공휴일,20260218,설날,,Y,Y,Y,Y,Y,Y,20260322
I10,세종특별자치시교육청,9300187,가락초등학교,2025,,초등학교,휴업일,20260219,겨울방학,,Y,Y,Y,Y,Y,Y,20260322
I10,세종특별자치시교육청,9300187,가락초등학교,2025,,초등학교,휴업일,20260220,겨울방학,,Y,Y,Y,Y,Y,Y,20260322
I10,세종특별자치시교육청,9300187,가락초등학교,2025,,초등학교,휴업일,20260221,겨울방학,,Y,Y,Y,Y,Y,Y,20260322
I10,세종특별자치시교육청,9300187,가락초등학교,2025,,초등학교,휴업일,20260221,토요휴업일,,Y,Y,Y,Y,Y,Y,20260322
I10,세종특별자치시교육청,9300187,가락초등학교,2025,,초등학교,휴업일,20260222,겨울방학,,Y,Y,Y,Y,Y,Y,20260322
I10,세종특별자치시교육청,9300187,가락초등학교,2025,,초등학교,휴업일,20260223,겨울방학,,Y,Y,Y,Y,Y,Y,20260322
I10,세종특별자치시교육청,9300187,가락초등학교,2025,,초등학교,휴업일,20260224,겨울방학,,Y,Y,Y,Y,Y,Y,20260322
I10,세종특별자치시교육청,9300187,가락초등학교,2025,,초등학교,휴업일,20260225,겨울방학,,Y,Y,Y,Y,Y,Y,20260322
I10,세종특별자치시교육청,9300187,가락초등학교,2025,,초등학교,휴업일,20260226,겨울방학,,Y,Y,Y,Y,Y,Y,20260322
I10,세종특별자치시교육청,9300187,가락초등학교,2025,,초등학교,휴업일,20260227,겨울방학,,Y,Y,Y,Y,Y,Y,20260322
I10,세종특별자치시교육청,9300187,가락초등학교,2025,,초등학교,휴업일,20260228,겨울방학,,Y,Y,Y,Y,Y,Y,20260322
I10,세종특별자치시교육청,9300187,가락초등학교,2025,,초등학교,휴업일,20260228,토요휴업일,,Y,Y,Y,Y,Y,Y,20260322
I10,세종특별자치시교육청,9300187,가락초등학교,2026,,초등학교,공휴일,20260301,3·1절,,Y,Y,Y,Y,Y,Y,20260322
I10,세종특별자치시교육청,9300187,가락초등학교,2026,,초등학교,공휴일,20260302,대체공휴일,,Y,Y,Y,Y,Y,Y,20260322
I10,세종특별자치시교육청,9300187,가락초등학교,2026,,초등학교,해당없음,20260303,시업식,,N,Y,Y,Y,Y,Y,20260322
I10,세종특별자치시교육청,9300187,가락초등학교,2026,,초등학교,해당없음,20260303,입학식,,Y,N,N,N,N,N,20260322
I10,세종특별자치시교육청,9300187,가락초등학교,2026,,초등학교,해당없음,20260303,인성주간,,Y,Y,Y,Y,Y,Y,20260322
I10,세종특별자치시교육청,9300187,가락초등학교,2026,,초등학교,해당없음,20260304,인성주간,,Y,Y,Y,Y,Y,Y,20260322
I10,세종특별자치시교육청,9300187,가락초등학교,2026,,초등학교,해당없음,20260305,인성주간,,Y,Y,Y,Y,Y,Y,20260322
I10,세종특별자치시교육청,9300187,가락초등학교,2026,,초등학교,해당없음,20260306,인성주간,,Y,Y,Y,Y,Y,Y,20260322
I10,세종특별자치시교육청,9300187,가락초등학교,2026,,초등학교,휴업일,20260307,토요휴업일,,Y,Y,Y,Y,Y,Y,20260322
I10,세종특별자치시교육청,9300187,가락초등학교,2026,,초등학교,해당없음,20260309,인성주간,,Y,Y,Y,Y,Y,Y,20260322
I10,세종특별자치시교육청,9300187,가락초등학교,2026,,초등학교,해당없음,20260309,진단주간,,Y,Y,Y,Y,Y,Y,20260322
I10,세종특별자치시교육청,9300187,가락초등학교,2026,,초등학교,해당없음,20260310,인성주간,,Y,Y,Y,Y,Y,Y,20260322
I10,세종특별자치시교육청,9300187,가락초등학교,2026,,초등학교,해당없음,20260310,진단주간,,Y,Y,Y,Y,Y,Y,20260322
I10,세종특별자치시교육청,9300187,가락초등학교,2026,,초등학교,해당없음,20260311,인성주간,,Y,Y,Y,Y,Y,Y,20260322
I10,세종특별자치시교육청,9300187,가락초등학교,2026,,초등학교,해당없음,20260311,진단주간,,Y,Y,Y,Y,Y,Y,20260322
I10,세종특별자치시교육청,9300187,가락초등학교,2026,,초등학교,해당없음,20260312,학급임원선거,,N,N,Y,Y,Y,Y,20260322
I10,세종특별자치시교육청,9300187,가락초등학교,2026,,초등학교,해당없음,20260312,인성주간,,Y,Y,Y,Y,Y,Y,20260322
I10,세종특별자치시교육청,9300187,가락초등학교,2026,,초등학교,해당없음,20260312,진단주간,,Y,Y,Y,Y,Y,Y,20260322
I10,세종특별자치시교육청,9300187,가락초등학교,2026,,초등학교,해당없음,20260313,인성주간,,Y,Y,Y,Y,Y,Y,20260322
I10,세종특별자치시교육청,9300187,가락초등학교,2026,,초등학교,해당없음,20260313,진단주간,,Y,Y,Y,Y,Y,Y,20260322
I10,세종특별자치시교육청,9300187,가락초등학교,2026,,초등학교,휴업일,20260314,토요휴업일,,Y,Y,Y,Y,Y,Y,20260322
I10,세종특별자치시교육청,9300187,가락초등학교,2026,,초등학교,해당없음,20260318,교육과정 설명회,,Y,Y,Y,Y,Y,Y,20260322
I10,세종특별자치시교육청,9300187,가락초등학교,2026,,초등학교,휴업일,20260321,토요휴업일,,Y,Y,Y,Y,Y,Y,20260322
I10,세종특별자치시교육청,9300187,가락초등학교,2026,,초등학교,해당없음,20260323,학부모 상담주간,,Y,Y,Y,Y,Y,Y,20260322
I10,세종특별자치시교육청,9300187,가락초등학교,2026,,초등학교,해당없음,20260324,학부모 상담주간,,Y,Y,Y,Y,Y,Y,20260322
I10,세종특별자치시교육청,9300187,가락초등학교,2026,,초등학교,해당없음,20260325,학부모 상담주간,,Y,Y,Y,Y,Y,Y,20260322
I10,세종특별자치시교육청,9300187,가락초등학교,2026,,초등학교,해당없음,20260326,학부모 상담주간,,Y,Y,Y,Y,Y,Y,20260322
I10,세종특별자치시교육청,9300187,가락초등학교,2026,,초등학교,해당없음,20260327,학부모 상담주간,,Y,Y,Y,Y,Y,Y,20260322
I10,세종특별자치시교육청,9300187,가락초등학교,2026,,초등학교,휴업일,20260328,토요휴업일,,Y,Y,Y,Y,Y,Y,20260322
I10,세종특별자치시교육청,9300187,가락초등학교,2026,,초등학교,해당없음,20260330,학부모 상담주간,,Y,Y,Y,Y,Y,Y,20260322
I10,세종특별자치시교육청,9300187,가락초등학교,2026,,초등학교,해당없음,20260331,학부모 상담주간,,Y,Y,Y,Y,Y,Y,20260322
I10,세종특별자치시교육청,9300187,가락초등학교,2026,,초등학교,해당없음,20260401,학부모 상담주간,,Y,Y,Y,Y,Y,Y,20260322
I10,세종특별자치시교육청,9300187,가락초등학교,2026,,초등학교,해당없음,20260402,학부모 상담주간,,Y,Y,Y,Y,Y,Y,20260322
I10,세종특별자치시교육청,9300187,가락초등학교,2026,,초등학교,해당없음,20260403,학부모 상담주간,,Y,Y,Y,Y,Y,Y,20260322
I10,세종특별자치시교육청,9300187,가락초등학교,2026,,초등학교,휴업일,20260404,토요휴업일,,Y,Y,Y,Y,Y,Y,20260322
I10,세종특별자치시교육청,9300187,가락초등학교,2026,,초등학교,해당없음,20260406,과학주간,,Y,Y,Y,Y,Y,Y,20260322
I10,세종특별자치시교육청,9300187,가락초등학교,2026,,초등학교,해당없음,20260407,과학주간,,Y,Y,Y,Y,Y,Y,20260322
I10,세종특별자치시교육청,9300187,가락초등학교,2026,,초등학교,해당없음,20260408,과학주간,,Y,Y,Y,Y,Y,Y,20260322
I10,세종특별자치시교육청,9300187,가락초등학교,2026,,초등학교,해당없음,20260409,과학주간,,Y,Y,Y,Y,Y,Y,20260322
I10,세종특별자치시교육청,9300187,가락초등학교,2026,,초등학교,해당없음,20260410,과학주간,,Y,Y,Y,Y,Y,Y,20260322
I10,세종특별자치시교육청,9300187,가락초등학교,2026,,초등학교,휴업일,20260411,토요휴업일,,Y,Y,Y,Y,Y,Y,20260322
I10,세종특별자치시교육청,9300187,가락초등학교,2026,,초등학교,휴업일,20260418,토요휴업일,,Y,Y,Y,Y,Y,Y,20260322
I10,세종특별자치시교육청,9300187,가락초등학교,2026,,초등학교,해당없음,20260420,체육대회주간,,Y,Y,Y,Y,Y,Y,20260322
I10,세종특별자치시교육청,9300187,가락초등학교,2026,,초등학교,해당없음,20260420,장애이해교육주간,,Y,Y,Y,Y,Y,Y,20260322
I10,세종특별자치시교육청,9300187,가락초등학교,2026,,초등학교,해당없음,20260421,체육대회주간,,Y,Y,Y,Y,Y,Y,20260322
I10,세종특별자치시교육청,9300187,가락초등학교,2026,,초등학교,해당없음,20260421,장애이해교육주간,,Y,Y,Y,Y,Y,Y,20260322
I10,세종특별자치시교육청,9300187,가락초등학교,2026,,초등학교,해당없음,20260422,체육대회주간,,Y,Y,Y,Y,Y,Y,20260322
I10,세종특별자치시교육청,9300187,가락초등학교,2026,,초등학교,해당없음,20260422,장애이해교육주간,,Y,Y,Y,Y,Y,Y,20260322
I10,세종특별자치시교육청,9300187,가락초등학교,2026,,초등학교,해당없음,20260423,체육대회주간,,Y,Y,Y,Y,Y,Y,20260322
I10,세종특별자치시교육청,9300187,가락초등학교,2026,,초등학교,해당없음,20260423,장애이해교육주간,,Y,Y,Y,Y,Y,Y,20260322
I10,세종특별자치시교육청,9300187,가락초등학교,2026,,초등학교,해당없음,20260424,체육대회주간,,Y,Y,Y,Y,Y,Y,20260322
I10,세종특별자치시교육청,9300187,가락초등학교,2026,,초등학교,해당없음,20260424,장애이해교육주간,,Y,Y,Y,Y,Y,Y,20260322
I10,세종특별자치시교육청,9300187,가락초등학교,2026,,초등학교,휴업일,20260425,토요휴업일,,Y,Y,Y,Y,Y,Y,20260322
I10,세종특별자치시교육청,9300187,가락초등학교,2026,,초등학교,공휴일,20260501,노동절,,Y,Y,Y,Y,Y,Y,20260322
I10,세종특별자치시교육청,9300187,가락초등학교,2026,,초등학교,휴업일,20260502,토요휴업일,,Y,Y,Y,Y,Y,Y,20260322
I10,세종특별자치시교육청,9300187,가락초등학교,2026,,초등학교,휴업일,20260504,학교장재량휴업일,,Y,Y,Y,Y,Y,Y,20260322
I10,세종특별자치시교육청,9300187,가락초등학교,2026,,초등학교,공휴일,20260505,어린이날,,Y,Y,Y,Y,Y,Y,20260322
I10,세종특별자치시교육청,9300187,가락초등학교,2026,,초등학교,휴업일,20260509,토요휴업일,,Y,Y,Y,Y,Y,Y,20260322
I10,세종특별자치시교육청,9300187,가락초등학교,2026,,초등학교,휴업일,20260516,토요휴업일,,Y,Y,Y,Y,Y,Y,20260322
I10,세종특별자치시교육청,9300187,가락초등학교,2026,,초등학교,휴업일,20260523,토요휴업일,,Y,Y,Y,Y,Y,Y,20260322
I10,세종특별자치시교육청,9300187,가락초등학교,2026,,초등학교,공휴일,20260524,석가탄신일,,Y,Y,Y,Y,Y,Y,20260322
I10,세종특별자치시교육청,9300187,가락초등학교,2026,,초등학교,공휴일,20260525,대체공휴일,,Y,Y,Y,Y,Y,Y,20260322
I10,세종특별자치시교육청,9300187,가락초등학교,2026,,초등학교,해당없음,20260526,나라사랑주간,,Y,Y,Y,Y,Y,Y,20260322
I10,세종특별자치시교육청,9300187,가락초등학교,2026,,초등학교,해당없음,20260527,나라사랑주간,,Y,Y,Y,Y,Y,Y,20260322
I10,세종특별자치시교육청,9300187,가락초등학교,2026,,초등학교,해당없음,20260528,나라사랑주간,,Y,Y,Y,Y,Y,Y,20260322
I10,세종특별자치시교육청,9300187,가락초등학교,2026,,초등학교,해당없음,20260529,나라사랑주간,,Y,Y,Y,Y,Y,Y,20260322
I10,세종특별자치시교육청,9300187,가락초등학교,2026,,초등학교,휴업일,20260530,토요휴업일,,Y,Y,Y,Y,Y,Y,20260322
I10,세종특별자치시교육청,9300187,가락초등학교,2026,,초등학교,공휴일,20260603,지방선거일,,Y,Y,Y,Y,Y,Y,20260322
I10,세종특별자치시교육청,9300187,가락초등학교,2026,,초등학교,공휴일,20260606,현충일,,Y,Y,Y,Y,Y,Y,20260322
I10,세종특별자치시교육청,9300187,가락초등학교,2026,,초등학교,해당없음,20260608,동료장학 수업공개 주간,,Y,Y,Y,Y,Y,Y,20260322
I10,세종특별자치시교육청,9300187,가락초등학교,2026,,초등학교,해당없음,20260608,사이버폭력예방주간,,Y,Y,Y,Y,Y,Y,20260322
I10,세종특별자치시교육청,9300187,가락초등학교,2026,,초등학교,해당없음,20260609,동료장학 수업공개 주간,,Y,Y,Y,Y,Y,Y,20260322
I10,세종특별자치시교육청,9300187,가락초등학교,2026,,초등학교,해당없음,20260609,사이버폭력예방주간,,Y,Y,Y,Y,Y,Y,20260322
I10,세종특별자치시교육청,9300187,가락초등학교,2026,,초등학교,해당없음,20260610,동료장학 수업공개 주간,,Y,Y,Y,Y,Y,Y,20260322
I10,세종특별자치시교육청,9300187,가락초등학교,2026,,초등학교,해당없음,20260610,사이버폭력예방주간,,Y,Y,Y,Y,Y,Y,20260322
I10,세종특별자치시교육청,9300187,가락초등학교,2026,,초등학교,해당없음,20260611,동료장학 수업공개 주간,,Y,Y,Y,Y,Y,Y,20260322
I10,세종특별자치시교육청,9300187,가락초등학교,2026,,초등학교,해당없음,20260611,사이버폭력예방주간,,Y,Y,Y,Y,Y,Y,20260322
I10,세종특별자치시교육청,9300187,가락초등학교,2026,,초등학교,해당없음,20260612,동료장학 수업공개 주간,,Y,Y,Y,Y,Y,Y,20260322
I10,세종특별자치시교육청,9300187,가락초등학교,2026,,초등학교,해당없음,20260612,사이버폭력예방주간,,Y,Y,Y,Y,Y,Y,20260322
I10,세종특별자치시교육청,9300187,가락초등학교,2026,,초등학교,휴업일,20260613,토요휴업일,,Y,Y,Y,Y,Y,Y,20260322
I10,세종특별자치시교육청,9300187,가락초등학교,2026,,초등학교,해당없음,20260615,동료장학 수업공개 주간,,Y,Y,Y,Y,Y,Y,20260322
I10,세종특별자치시교육청,9300187,가락초등학교,2026,,초등학교,해당없음,20260615,독서주간,,Y,Y,Y,Y,Y,Y,20260322
I10,세종특별자치시교육청,9300187,가락초등학교,2026,,초등학교,해당없음,20260616,동료장학 수업공개 주간,,Y,Y,Y,Y,Y,Y,20260322
I10,세종특별자치시교육청,9300187,가락초등학교,2026,,초등학교,해당없음,20260616,독서주간,,Y,Y,Y,Y,Y,Y,20260322
I10,세종특별자치시교육청,9300187,가락초등학교,2026,,초등학교,해당없음,20260617,동료장학 수업공개 주간,,Y,Y,Y,Y,Y,Y,20260322
I10,세종특별자치시교육청,9300187,가락초등학교,2026,,초등학교,해당없음,20260617,독서주간,,Y,Y,Y,Y,Y,Y,20260322
I10,세종특별자치시교육청,9300187,가락초등학교,2026,,초등학교,해당없음,20260618,동료장학 수업공개 주간,,Y,Y,Y,Y,Y,Y,20260322
I10,세종특별자치시교육청,9300187,가락초등학교,2026,,초등학교,해당없음,20260618,독서주간,,Y,Y,Y,Y,Y,Y,20260322
I10,세종특별자치시교육청,9300187,가락초등학교,2026,,초등학교,해당없음,20260619,동료장학 수업공개 주간,,Y,Y,Y,Y,Y,Y,20260322
I10,세종특별자치시교육청,9300187,가락초등학교,2026,,초등학교,해당없음,20260619,독서주간,,Y,Y,Y,Y,Y,Y,20260322
I10,세종특별자치시교육청,9300187,가락초등학교,2026,,초등학교,휴업일,20260620,토요휴업일,,Y,Y,Y,Y,Y,Y,20260322
I10,세종특별자치시교육청,9300187,가락초등학교,2026,,초등학교,해당없음,20260622,동료장학 수업공개 주간,,Y,Y,Y,Y,Y,Y,20260322
I10,세종특별자치시교육청,9300187,가락초등학교,2026,,초등학교,해당없음,20260623,동료장학 수업공개 주간,,Y,Y,Y,Y,Y,Y,20260322
I10,세종특별자치시교육청,9300187,가락초등학교,2026,,초등학교,해당없음,20260624,동료장학 수업공개 주간,,Y,Y,Y,Y,Y,Y,20260322
I10,세종특별자치시교육청,9300187,가락초등학교,2026,,초등학교,해당없음,20260625,동료장학 수업공개 주간,,Y,Y,Y,Y,Y,Y,20260322
I10,세종특별자치시교육청,9300187,가락초등학교,2026,,초등학교,해당없음,20260626,동료장학 수업공개 주간,,Y,Y,Y,Y,Y,Y,20260322
I10,세종특별자치시교육청,9300187,가락초등학교,2026,,초등학교,휴업일,20260627,토요휴업일,,Y,Y,Y,Y,Y,Y,20260322
I10,세종특별자치시교육청,9300187,가락초등학교,2026,,초등학교,해당없음,20260701,세종형 학교평가,,Y,Y,Y,Y,Y,Y,20260322
I10,세종특별자치시교육청,9300187,가락초등학교,2026,,초등학교,휴업일,20260704,토요휴업일,,Y,Y,Y,Y,Y,Y,20260322
I10,세종특별자치시교육청,9300187,가락초등학교,2026,,초등학교,휴업일,20260711,토요휴업일,,Y,Y,Y,Y,Y,Y,20260322
I10,세종특별자치시교육청,9300187,가락초등학교,2026,,초등학교,공휴일,20260717,제헌절,,Y,Y,Y,Y,Y,Y,20260322
I10,세종특별자치시교육청,9300187,가락초등학교,2026,,초등학교,휴업일,20260718,토요휴업일,,Y,Y,Y,Y,Y,Y,20260322
I10,세종특별자치시교육청,9300187,가락초등학교,2026,,초등학교,해당없음,20260721,여름 방학식,,Y,Y,Y,Y,Y,Y,20260322
I10,세종특별자치시교육청,9300187,가락초등학교,2026,,초등학교,휴업일,20260722,여름방학,,Y,Y,Y,Y,Y,Y,20260322
I10,세종특별자치시교육청,9300187,가락초등학교,2026,,초등학교,휴업일,20260723,여름방학,,Y,Y,Y,Y,Y,Y,20260322
I10,세종특별자치시교육청,9300187,가락초등학교,2026,,초등학교,휴업일,20260724,여름방학,,Y,Y,Y,Y,Y,Y,20260322
I10,세종특별자치시교육청,9300187,가락초등학교,2026,,초등학교,휴업일,20260725,토요휴업일,,Y,Y,Y,Y,Y,Y,20260322
I10,세종특별자치시교육청,9300187,가락초등학교,2026,,초등학교,휴업일,20260727,여름방학,,Y,Y,Y,Y,Y,Y,20260322
I10,세종특별자치시교육청,9300187,가락초등학교,2026,,초등학교,휴업일,20260728,여름방학,,Y,Y,Y,Y,Y,Y,20260322
I10,세종특별자치시교육청,9300187,가락초등학교,2026,,초등학교,휴업일,20260729,여름방학,,Y,Y,Y,Y,Y,Y,20260322
I10,세종특별자치시교육청,9300187,가락초등학교,2026,,초등학교,휴업일,20260730,여름방학,,Y,Y,Y,Y,Y,Y,20260322
I10,세종특별자치시교육청,9300187,가락초등학교,2026,,초등학교,휴업일,20260731,여름방학,,Y,Y,Y,Y,Y,Y,20260322
I10,세종특별자치시교육청,9300187,가락초등학교,2026,,초등학교,휴업일,20260801,토요휴업일,,Y,Y,Y,Y,Y,Y,20260322
I10,세종특별자치시교육청,9300187,가락초등학교,2026,,초등학교,휴업일,20260803,여름방학,,Y,Y,Y,Y,Y,Y,20260322
I10,세종특별자치시교육청,9300187,가락초등학교,2026,,초등학교,휴업일,20260804,여름방학,,Y,Y,Y,Y,Y,Y,20260322
I10,세종특별자치시교육청,9300187,가락초등학교,2026,,초등학교,휴업일,20260805,여름방학,,Y,Y,Y,Y,Y,Y,20260322
I10,세종특별자치시교육청,9300187,가락초등학교,2026,,초등학교,휴업일,20260806,여름방학,,Y,Y,Y,Y,Y,Y,20260322
I10,세종특별자치시교육청,9300187,가락초등학교,2026,,초등학교,휴업일,20260807,여름방학,,Y,Y,Y,Y,Y,Y,20260322
I10,세종특별자치시교육청,9300187,가락초등학교,2026,,초등학교,휴업일,20260808,토요휴업일,,Y,Y,Y,Y,Y,Y,20260322
I10,세종특별자치시교육청,9300187,가락초등학교,2026,,초등학교,휴업일,20260810,여름방학,,Y,Y,Y,Y,Y,Y,20260322
I10,세종특별자치시교육청,9300187,가락초등학교,2026,,초등학교,휴업일,20260811,여름방학,,Y,Y,Y,Y,Y,Y,20260322
I10,세종특별자치시교육청,9300187,가락초등학교,2026,,초등학교,휴업일,20260812,여름방학,,Y,Y,Y,Y,Y,Y,20260322
I10,세종특별자치시교육청,9300187,가락초등학교,2026,,초등학교,휴업일,20260813,여름방학,,Y,Y,Y,Y,Y,Y,20260322
I10,세종특별자치시교육청,9300187,가락초등학교,2026,,초등학교,휴업일,20260814,여름방학,,Y,Y,Y,Y,Y,Y,20260322
I10,세종특별자치시교육청,9300187,가락초등학교,2026,,초등학교,공휴일,20260815,광복절,,Y,Y,Y,Y,Y,Y,20260322
I10,세종특별자치시교육청,9300187,가락초등학교,2026,,초등학교,휴업일,20260817,여름방학,,Y,Y,Y,Y,Y,Y,20260322
I10,세종특별자치시교육청,9300187,가락초등학교,2026,,초등학교,공휴일,20260817,대체공휴일,,Y,Y,Y,Y,Y,Y,20260322
I10,세종특별자치시교육청,9300187,가락초등학교,2026,,초등학교,해당없음,20260820,학급임원선거,,N,N,Y,Y,Y,Y,20260322
I10,세종특별자치시교육청,9300187,가락초등학교,2026,,초등학교,휴업일,20260822,토요휴업일,,Y,Y,Y,Y,Y,Y,20260322
I10,세종특별자치시교육청,9300187,가락초등학교,2026,,초등학교,휴업일,20260829,토요휴업일,,Y,Y,Y,Y,Y,Y,20260322
I10,세종특별자치시교육청,9300187,가락초등학교,2026,,초등학교,휴업일,20260905,토요휴업일,,Y,Y,Y,Y,Y,Y,20260322
I10,세종특별자치시교육청,9300187,가락초등학교,2026,,초등학교,해당없음,20260907,인성주간,,Y,Y,Y,Y,Y,Y,20260322
I10,세종특별자치시교육청,9300187,가락초등학교,2026,,초등학교,해당없음,20260908,인성주간,,Y,Y,Y,Y,Y,Y,20260322
I10,세종특별자치시교육청,9300187,가락초등학교,2026,,초등학교,해당없음,20260909,인성주간,,Y,Y,Y,Y,Y,Y,20260322
I10,세종특별자치시교육청,9300187,가락초등학교,2026,,초등학교,해당없음,20260910,인성주간,,Y,Y,Y,Y,Y,Y,20260322
I10,세종특별자치시교육청,9300187,가락초등학교,2026,,초등학교,해당없음,20260911,인성주간,,Y,Y,Y,Y,Y,Y,20260322
I10,세종특별자치시교육청,9300187,가락초등학교,2026,,초등학교,휴업일,20260912,토요휴업일,,Y,Y,Y,Y,Y,Y,20260322
I10,세종특별자치시교육청,9300187,가락초등학교,2026,,초등학교,휴업일,20260919,토요휴업일,,Y,Y,Y,Y,Y,Y,20260322
I10,세종특별자치시교육청,9300187,가락초등학교,2026,,초등학교,공휴일,20260924,추석연휴,,Y,Y,Y,Y,Y,Y,20260322
I10,세종특별자치시교육청,9300187,가락초등학교,2026,,초등학교,공휴일,20260925,추석,,Y,Y,Y,Y,Y,Y,20260322
I10,세종특별자치시교육청,9300187,가락초등학교,2026,,초등학교,휴업일,20260926,토요휴업일,,Y,Y,Y,Y,Y,Y,20260322
I10,세종특별자치시교육청,9300187,가락초등학교,2026,,초등학교,공휴일,20261003,개천절,,Y,Y,Y,Y,Y,Y,20260322
I10,세종특별자치시교육청,9300187,가락초등학교,2026,,초등학교,공휴일,20261005,대체공휴일,,Y,Y,Y,Y,Y,Y,20260322
I10,세종특별자치시교육청,9300187,가락초등학교,2026,,초등학교,공휴일,20261009,한글날,,Y,Y,Y,Y,Y,Y,20260322
I10,세종특별자치시교육청,9300187,가락초등학교,2026,,초등학교,휴업일,20261010,토요휴업일,,Y,Y,Y,Y,Y,Y,20260322
I10,세종특별자치시교육청,9300187,가락초등학교,2026,,초등학교,해당없음,20261012,독서주간,,Y,Y,Y,Y,Y,Y,20260322
I10,세종특별자치시교육청,9300187,가락초등학교,2026,,초등학교,해당없음,20261013,독서주간,,Y,Y,Y,Y,Y,Y,20260322
I10,세종특별자치시교육청,9300187,가락초등학교,2026,,초등학교,해당없음,20261014,독서주간,,Y,Y,Y,Y,Y,Y,20260322
I10,세종특별자치시교육청,9300187,가락초등학교,2026,,초등학교,해당없음,20261015,독서주간,,Y,Y,Y,Y,Y,Y,20260322
I10,세종특별자치시교육청,9300187,가락초등학교,2026,,초등학교,해당없음,20261016,독서주간,,Y,Y,Y,Y,Y,Y,20260322
I10,세종특별자치시교육청,9300187,가락초등학교,2026,,초등학교,휴업일,20261017,토요휴업일,,Y,Y,Y,Y,Y,Y,20260322
I10,세종특별자치시교육청,9300187,가락초등학교,2026,,초등학교,해당없음,20261020,학부모공개수업,,Y,Y,Y,Y,Y,Y,20260322
I10,세종특별자치시교육청,9300187,가락초등학교,2026,,초등학교,해당없음,20261021,학부모공개수업,,Y,Y,Y,Y,Y,Y,20260322
I10,세종특별자치시교육청,9300187,가락초등학교,2026,,초등학교,해당없음,20261022,학부모공개수업,,Y,Y,Y,Y,Y,Y,20260322
I10,세종특별자치시교육청,9300187,가락초등학교,2026,,초등학교,휴업일,20261024,토요휴업일,,Y,Y,Y,Y,Y,Y,20260322
I10,세종특별자치시교육청,9300187,가락초등학교,2026,,초등학교,해당없음,20261026,꿈끼 탐색 주간,,Y,Y,Y,Y,Y,Y,20260322
I10,세종특별자치시교육청,9300187,가락초등학교,2026,,초등학교,해당없음,20261027,꿈끼 탐색 주간,,Y,Y,Y,Y,Y,Y,20260322
I10,세종특별자치시교육청,9300187,가락초등학교,2026,,초등학교,해당없음,20261028,꿈끼 탐색 주간,,Y,Y,Y,Y,Y,Y,20260322
I10,세종특별자치시교육청,9300187,가락초등학교,2026,,초등학교,해당없음,20261029,꿈끼 탐색 주간,,Y,Y,Y,Y,Y,Y,20260322
I10,세종특별자치시교육청,9300187,가락초등학교,2026,,초등학교,해당없음,20261030,꿈끼 탐색 주간,,Y,Y,Y,Y,Y,Y,20260322
I10,세종특별자치시교육청,9300187,가락초등학교,2026,,초등학교,휴업일,20261031,토요휴업일,,Y,Y,Y,Y,Y,Y,20260322
I10,세종특별자치시교육청,9300187,가락초등학교,2026,,초등학교,해당없음,20261102,장애이해교육주간,,Y,Y,Y,Y,Y,Y,20260322
I10,세종특별자치시교육청,9300187,가락초등학교,2026,,초등학교,해당없음,20261103,장애이해교육주간,,Y,Y,Y,Y,Y,Y,20260322
I10,세종특별자치시교육청,9300187,가락초등학교,2026,,초등학교,해당없음,20261104,장애이해교육주간,,Y,Y,Y,Y,Y,Y,20260322
I10,세종특별자치시교육청,9300187,가락초등학교,2026,,초등학교,해당없음,20261105,장애이해교육주간,,Y,Y,Y,Y,Y,Y,20260322
I10,세종특별자치시교육청,9300187,가락초등학교,2026,,초등학교,해당없음,20261106,장애이해교육주간,,Y,Y,Y,Y,Y,Y,20260322
I10,세종특별자치시교육청,9300187,가락초등학교,2026,,초등학교,휴업일,20261107,토요휴업일,,Y,Y,Y,Y,Y,Y,20260322
I10,세종특별자치시교육청,9300187,가락초등학교,2026,,초등학교,휴업일,20261114,토요휴업일,,Y,Y,Y,Y,Y,Y,20260322
I10,세종특별자치시교육청,9300187,가락초등학교,2026,,초등학교,휴업일,20261121,토요휴업일,,Y,Y,Y,Y,Y,Y,20260322
I10,세종특별자치시교육청,9300187,가락초등학교,2026,,초등학교,휴업일,20261128,토요휴업일,,Y,Y,Y,Y,Y,Y,20260322
I10,세종특별자치시교육청,9300187,가락초등학교,2026,,초등학교,해당없음,20261202,세종형 학교평가,,Y,Y,Y,Y,Y,Y,20260322
I10,세종특별자치시교육청,9300187,가락초등학교,2026,,초등학교,휴업일,20261205,토요휴업일,,Y,Y,Y,Y,Y,Y,20260322
I10,세종특별자치시교육청,9300187,가락초등학교,2026,,초등학교,휴업일,20261212,토요휴업일,,Y,Y,Y,Y,Y,Y,20260322
I10,세종특별자치시교육청,9300187,가락초등학교,2026,,초등학교,휴업일,20261219,토요휴업일,,Y,Y,Y,Y,Y,Y,20260322
I10,세종특별자치시교육청,9300187,가락초등학교,2026,,초등학교,공휴일,20261225,성탄절,,Y,Y,Y,Y,Y,Y,20260322
I10,세종특별자치시교육청,9300187,가락초등학교,2026,,초등학교,휴업일,20261226,토요휴업일,,Y,Y,Y,Y,Y,Y,20260322
I10,세종특별자치시교육청,9300187,가락초등학교,2026,,초등학교,공휴일,20270101,신정,,Y,Y,Y,Y,Y,Y,20260322
I10,세종특별자치시교육청,9300187,가락초등학교,2026,,초등학교,휴업일,20270102,토요휴업일,,Y,Y,Y,Y,Y,Y,20260322
I10,세종특별자치시교육청,9300187,가락초등학교,2026,,초등학교,해당없음,20270105,졸업식,,N,N,N,N,N,Y,20260322
I10,세종특별자치시교육청,9300187,가락초등학교,2026,,초등학교,해당없음,20270105,종업식,,Y,Y,Y,Y,Y,N,20260322
I10,세종특별자치시교육청,9300187,가락초등학교,2026,,초등학교,휴업일,20270106,겨울방학,,Y,Y,Y,Y,Y,Y,20260322
I10,세종특별자치시교육청,9300187,가락초등학교,2026,,초등학교,휴업일,20270107,겨울방학,,Y,Y,Y,Y,Y,Y,20260322
I10,세종특별자치시교육청,9300187,가락초등학교,2026,,초등학교,휴업일,20270108,겨울방학,,Y,Y,Y,Y,Y,Y,20260322
I10,세종특별자치시교육청,9300187,가락초등학교,2026,,초등학교,휴업일,20270109,토요휴업일,,Y,Y,Y,Y,Y,Y,20260322
I10,세종특별자치시교육청,9300187,가락초등학교,2026,,초등학교,휴업일,20270111,겨울방학,,Y,Y,Y,Y,Y,Y,20260322
I10,세종특별자치시교육청,9300187,가락초등학교,2026,,초등학교,휴업일,20270112,겨울방학,,Y,Y,Y,Y,Y,Y,20260322
I10,세종특별자치시교육청,9300187,가락초등학교,2026,,초등학교,휴업일,20270113,겨울방학,,Y,Y,Y,Y,Y,Y,20260322
I10,세종특별자치시교육청,9300187,가락초등학교,2026,,초등학교,휴업일,20270114,겨울방학,,Y,Y,Y,Y,Y,Y,20260322
I10,세종특별자치시교육청,9300187,가락초등학교,2026,,초등학교,휴업일,20270115,겨울방학,,Y,Y,Y,Y,Y,Y,20260322
I10,세종특별자치시교육청,9300187,가락초등학교,2026,,초등학교,휴업일,20270116,토요휴업일,,Y,Y,Y,Y,Y,Y,20260322
I10,세종특별자치시교육청,9300187,가락초등학교,2026,,초등학교,휴업일,20270118,겨울방학,,Y,Y,Y,Y,Y,Y,20260322
I10,세종특별자치시교육청,9300187,가락초등학교,2026,,초등학교,휴업일,20270119,겨울방학,,Y,Y,Y,Y,Y,Y,20260322
I10,세종특별자치시교육청,9300187,가락초등학교,2026,,초등학교,휴업일,20270120,겨울방학,,Y,Y,Y,Y,Y,Y,20260322
I10,세종특별자치시교육청,9300187,가락초등학교,2026,,초등학교,휴업일,20270121,겨울방학,,Y,Y,Y,Y,Y,Y,20260322
I10,세종특별자치시교육청,9300187,가락초등학교,2026,,초등학교,휴업일,20270122,겨울방학,,Y,Y,Y,Y,Y,Y,20260322
I10,세종특별자치시교육청,9300187,가락초등학교,2026,,초등학교,휴업일,20270123,토요휴업일,,Y,Y,Y,Y,Y,Y,20260322
I10,세종특별자치시교육청,9300187,가락초등학교,2026,,초등학교,휴업일,20270125,겨울방학,,Y,Y,Y,Y,Y,Y,20260322
I10,세종특별자치시교육청,9300187,가락초등학교,2026,,초등학교,휴업일,20270126,겨울방학,,Y,Y,Y,Y,Y,Y,20260322
I10,세종특별자치시교육청,9300187,가락초등학교,2026,,초등학교,휴업일,20270127,겨울방학,,Y,Y,Y,Y,Y,Y,20260322
I10,세종특별자치시교육청,9300187,가락초등학교,2026,,초등학교,휴업일,20270128,겨울방학,,Y,Y,Y,Y,Y,Y,20260322
I10,세종특별자치시교육청,9300187,가락초등학교,2026,,초등학교,휴업일,20270129,겨울방학,,Y,Y,Y,Y,Y,Y,20260322
I10,세종특별자치시교육청,9300187,가락초등학교,2026,,초등학교,휴업일,20270130,토요휴업일,,Y,Y,Y,Y,Y,Y,20260322
I10,세종특별자치시교육청,9300187,가락초등학교,2026,,초등학교,휴업일,20270201,겨울방학,,Y,Y,Y,Y,Y,Y,20260322
I10,세종특별자치시교육청,9300187,가락초등학교,2026,,초등학교,휴업일,20270202,겨울방학,,Y,Y,Y,Y,Y,Y,20260322
I10,세종특별자치시교육청,9300187,가락초등학교,2026,,초등학교,휴업일,20270203,겨울방학,,Y,Y,Y,Y,Y,Y,20260322
I10,세종특별자치시교육청,9300187,가락초등학교,2026,,초등학교,휴업일,20270204,겨울방학,,Y,Y,Y,Y,Y,Y,20260322
I10,세종특별자치시교육청,9300187,가락초등학교,2026,,초등학교,휴업일,20270205,겨울방학,,Y,Y,Y,Y,Y,Y,20260322
I10,세종특별자치시교육청,9300187,가락초등학교,2026,,초등학교,휴업일,20270206,토요휴업일,,Y,Y,Y,Y,Y,Y,20260322
I10,세종특별자치시교육청,9300187,가락초등학교,2026,,초등학교,공휴일,20270207,설날,,Y,Y,Y,Y,Y,Y,20260322
I10,세종특별자치시교육청,9300187,가락초등학교,2026,,초등학교,휴업일,20270208,겨울방학,,Y,Y,Y,Y,Y,Y,20260322
I10,세종특별자치시교육청,9300187,가락초등학교,2026,,초등학교,공휴일,20270208,설연휴,,Y,Y,Y,Y,Y,Y,20260322
I10,세종특별자치시교육청,9300187,가락초등학교,2026,,초등학교,휴업일,20270209,겨울방학,,Y,Y,Y,Y,Y,Y,20260322
I10,세종특별자치시교육청,9300187,가락초등학교,2026,,초등학교,공휴일,20270209,설연휴,,Y,Y,Y,Y,Y,Y,20260322
I10,세종특별자치시교육청,9300187,가락초등학교,2026,,초등학교,휴업일,20270210,겨울방학,,Y,Y,Y,Y,Y,Y,20260322
I10,세종특별자치시교육청,9300187,가락초등학교,2026,,초등학교,휴업일,20270211,겨울방학,,Y,Y,Y,Y,Y,Y,20260322
I10,세종특별자치시교육청,9300187,가락초등학교,2026,,초등학교,휴업일,20270212,겨울방학,,Y,Y,Y,Y,Y,Y,20260322
I10,세종특별자치시교육청,9300187,가락초등학교,2026,,초등학교,휴업일,20270213,토요휴업일,,Y,Y,Y,Y,Y,Y,20260322
I10,세종특별자치시교육청,9300187,가락초등학교,2026,,초등학교,휴업일,20270215,겨울방학,,Y,Y,Y,Y,Y,Y,20260322
I10,세종특별자치시교육청,9300187,가락초등학교,2026,,초등학교,휴업일,20270216,겨울방학,,Y,Y,Y,Y,Y,Y,20260322
I10,세종특별자치시교육청,9300187,가락초등학교,2026,,초등학교,휴업일,20270217,겨울방학,,Y,Y,Y,Y,Y,Y,20260322
I10,세종특별자치시교육청,9300187,가락초등학교,2026,,초등학교,휴업일,20270218,겨울방학,,Y,Y,Y,Y,Y,Y,20260322
I10,세종특별자치시교육청,9300187,가락초등학교,2026,,초등학교,휴업일,20270219,겨울방학,,Y,Y,Y,Y,Y,Y,20260322
I10,세종특별자치시교육청,9300187,가락초등학교,2026,,초등학교,휴업일,20270220,토요휴업일,,Y,Y,Y,Y,Y,Y,20260322
I10,세종특별자치시교육청,9300187,가락초등학교,2026,,초등학교,휴업일,20270222,겨울방학,,Y,Y,Y,Y,Y,Y,20260322
I10,세종특별자치시교육청,9300187,가락초등학교,2026,,초등학교,휴업일,20270223,겨울방학,,Y,Y,Y,Y,Y,Y,20260322
I10,세종특별자치시교육청,9300187,가락초등학교,2026,,초등학교,휴업일,20270224,겨울방학,,Y,Y,Y,Y,Y,Y,20260322
I10,세종특별자치시교육청,9300187,가락초등학교,2026,,초등학교,휴업일,20270225,겨울방학,,Y,Y,Y,Y,Y,Y,20260322
I10,세종특별자치시교육청,9300187,가락초등학교,2026,,초등학교,휴업일,20270226,겨울방학,,Y,Y,Y,Y,Y,Y,20260322
I10,세종특별자치시교육청,9300187,가락초등학교,2026,,초등학교,휴업일,20270227,토요휴업일,,Y,Y,Y,Y,Y,Y,20260322
I10,세종특별자치시교육청,9300037,감성초등학교,2025,,초등학교,공휴일,20250301,3·1절,,Y,Y,Y,Y,Y,Y,20260322
I10,세종특별자치시교육청,9300037,감성초등학교,2025,,초등학교,공휴일,20250303,대체공휴일,,Y,Y,Y,Y,Y,Y,20260322
I10,세종특별자치시교육청,9300037,감성초등학교,2025,,초등학교,해당없음,20250304,시업식,,N,Y,Y,Y,Y,Y,20260322
I10,세종특별자치시교육청,9300037,감성초등학교,2025,,초등학교,해당없음,20250304,입학식,,Y,N,N,N,N,N,20260322
I10,세종특별자치시교육청,9300037,감성초등학교,2025,,초등학교,휴업일,20250308,토요휴업일,,Y,Y,Y,Y,Y,Y,20260322
I10,세종특별자치시교육청,9300037,감성초등학교,2025,,초등학교,휴업일,20250315,토요휴업일,,Y,Y,Y,Y,Y,Y,20260322
I10,세종특별자치시교육청,9300037,감성초등학교,2025,,초등학교,휴업일,20250322,토요휴업일,,Y,Y,Y,Y,Y,Y,20260322
I10,세종특별자치시교육청,9300037,감성초등학교,2025,,초등학교,휴업일,20250329,토요휴업일,,Y,Y,Y,Y,Y,Y,20260322
I10,세종특별자치시교육청,9300037,감성초등학교,2025,,초등학교,휴업일,20250405,토요휴업일,,Y,Y,Y,Y,Y,Y,20260322
I10,세종특별자치시교육청,9300037,감성초등학교,2025,,초등학교,휴업일,20250412,토요휴업일,,Y,Y,Y,Y,Y,Y,20260322
I10,세종특별자치시교육청,9300037,감성초등학교,2025,,초등학교,휴업일,20250419,토요휴업일,,Y,Y,Y,Y,Y,Y,20260322
I10,세종특별자치시교육청,9300037,감성초등학교,2025,,초등학교,휴업일,20250426,토요휴업일,,Y,Y,Y,Y,Y,Y,20260322
I10,세종특별자치시교육청,9300037,감성초등학교,2025,,초등학교,휴업일,20250501,학교장재량휴업일,,Y,Y,Y,Y,Y,Y,20260322
I10,세종특별자치시교육청,9300037,감성초등학교,2025,,초등학교,휴업일,20250503,토요휴업일,,Y,Y,Y,Y,Y,Y,20260322
I10,세종특별자치시교육청,9300037,감성초등학교,2025,,초등학교,공휴일,20250505,석가탄신일,,Y,Y,Y,Y,Y,Y,20260322
I10,세종특별자치시교육청,9300037,감성초등학교,2025,,초등학교,공휴일,20250506,대체공휴일,,Y,Y,Y,Y,Y,Y,20260322
I10,세종특별자치시교육청,9300037,감성초등학교,2025,,초등학교,휴업일,20250510,토요휴업일,,Y,Y,Y,Y,Y,Y,20260322
I10,세종특별자치시교육청,9300037,감성초등학교,2025,,초등학교,휴업일,20250517,토요휴업일,,Y,Y,Y,Y,Y,Y,20260322
I10,세종특별자치시교육청,9300037,감성초등학교,2025,,초등학교,휴업일,20250524,토요휴업일,,Y,Y,Y,Y,Y,Y,20260322
I10,세종특별자치시교육청,9300037,감성초등학교,2025,,초등학교,휴업일,20250531,토요휴업일,,Y,Y,Y,Y,Y,Y,20260322
I10,세종특별자치시교육청,9300037,감성초등학교,2025,,초등학교,공휴일,20250603,대통령선거일,,Y,Y,Y,Y,Y,Y,20260322
I10,세종특별자치시교육청,9300037,감성초등학교,2025,,초등학교,공휴일,20250606,현충일,,Y,Y,Y,Y,Y,Y,20260322
I10,세종특별자치시교육청,9300037,감성초등학교,2025,,초등학교,휴업일,20250607,토요휴업일,,Y,Y,Y,Y,Y,Y,20260322
I10,세종특별자치시교육청,9300037,감성초등학교,2025,,초등학교,휴업일,20250614,토요휴업일,,Y,Y,Y,Y,Y,Y,20260322
I10,세종특별자치시교육청,9300037,감성초등학교,2025,,초등학교,휴업일,20250621,토요휴업일,,Y,Y,Y,Y,Y,Y,20260322
I10,세종특별자치시교육청,9300037,감성초등학교,2025,,초등학교,휴업일,20250628,토요휴업일,,Y,Y,Y,Y,Y,Y,20260322
I10,세종특별자치시교육청,9300037,감성초등학교,2025,,초등학교,휴업일,20250705,토요휴업일,,Y,Y,Y,Y,Y,Y,20260322
I10,세종특별자치시교육청,9300037,감성초등학교,2025,,초등학교,휴업일,20250712,토요휴업일,,Y,Y,Y,Y,Y,Y,20260322
I10,세종특별자치시교육청,9300037,감성초등학교,2025,,초등학교,휴업일,20250719,토요휴업일,,Y,Y,Y,Y,Y,Y,20260322
I10,세종특별자치시교육청,9300037,감성초등학교,2025,,초등학교,해당없음,20250723,여름방학식,,Y,Y,Y,Y,Y,Y,20260322
I10,세종특별자치시교육청,9300037,감성초등학교,2025,,초등학교,휴업일,20250724,여름방학,,Y,Y,Y,Y,Y,Y,20260322
I10,세종특별자치시교육청,9300037,감성초등학교,2025,,초등학교,휴업일,20250725,여름방학,,Y,Y,Y,Y,Y,Y,20260322
I10,세종특별자치시교육청,9300037,감성초등학교,2025,,초등학교,휴업일,20250726,여름방학,,Y,Y,Y,Y,Y,Y,20260322
I10,세종특별자치시교육청,9300037,감성초등학교,2025,,초등학교,휴업일,20250726,토요휴업일,,Y,Y,Y,Y,Y,Y,20260322
I10,세종특별자치시교육청,9300037,감성초등학교,2025,,초등학교,휴업일,20250727,여름방학,,Y,Y,Y,Y,Y,Y,20260322
I10,세종특별자치시교육청,9300037,감성초등학교,2025,,초등학교,휴업일,20250728,여름방학,,Y,Y,Y,Y,Y,Y,20260322
I10,세종특별자치시교육청,9300037,감성초등학교,2025,,초등학교,휴업일,20250729,여름방학,,Y,Y,Y,Y,Y,Y,20260322
I10,세종특별자치시교육청,9300037,감성초등학교,2025,,초등학교,휴업일,20250730,여름방학,,Y,Y,Y,Y,Y,Y,20260322
I10,세종특별자치시교육청,9300037,감성초등학교,2025,,초등학교,휴업일,20250731,여름방학,,Y,Y,Y,Y,Y,Y,20260322
I10,세종특별자치시교육청,9300037,감성초등학교,2025,,초등학교,휴업일,20250801,여름방학,,Y,Y,Y,Y,Y,Y,20260322
I10,세종특별자치시교육청,9300037,감성초등학교,2025,,초등학교,휴업일,20250802,여름방학,,Y,Y,Y,Y,Y,Y,20260322
I10,세종특별자치시교육청,9300037,감성초등학교,2025,,초등학교,휴업일,20250802,토요휴업일,,Y,Y,Y,Y,Y,Y,20260322
I10,세종특별자치시교육청,9300037,감성초등학교,2025,,초등학교,휴업일,20250803,여름방학,,Y,Y,Y,Y,Y,Y,20260322
I10,세종특별자치시교육청,9300037,감성초등학교,2025,,초등학교,휴업일,20250804,여름방학,,Y,Y,Y,Y,Y,Y,20260322
I10,세종특별자치시교육청,9300037,감성초등학교,2025,,초등학교,휴업일,20250805,여름방학,,Y,Y,Y,Y,Y,Y,20260322
I10,세종특별자치시교육청,9300037,감성초등학교,2025,,초등학교,휴업일,20250806,여름방학,,Y,Y,Y,Y,Y,Y,20260322
I10,세종특별자치시교육청,9300037,감성초등학교,2025,,초등학교,휴업일,20250807,여름방학,,Y,Y,Y,Y,Y,Y,20260322
I10,세종특별자치시교육청,9300037,감성초등학교,2025,,초등학교,휴업일,20250808,여름방학,,Y,Y,Y,Y,Y,Y,20260322
I10,세종특별자치시교육청,9300037,감성초등학교,2025,,초등학교,휴업일,20250809,여름방학,,Y,Y,Y,Y,Y,Y,20260322
I10,세종특별자치시교육청,9300037,감성초등학교,2025,,초등학교,휴업일,20250809,토요휴업일,,Y,Y,Y,Y,Y,Y,20260322
I10,세종특별자치시교육청,9300037,감성초등학교,2025,,초등학교,휴업일,20250810,여름방학,,Y,Y,Y,Y,Y,Y,20260322
I10,세종특별자치시교육청,9300037,감성초등학교,2025,,초등학교,휴업일,20250811,여름방학,,Y,Y,Y,Y,Y,Y,20260322
I10,세종특별자치시교육청,9300037,감성초등학교,2025,,초등학교,휴업일,20250812,여름방학,,Y,Y,Y,Y,Y,Y,20260322
I10,세종특별자치시교육청,9300037,감성초등학교,2025,,초등학교,휴업일,20250813,여름방학,,Y,Y,Y,Y,Y,Y,20260322
I10,세종특별자치시교육청,9300037,감성초등학교,2025,,초등학교,휴업일,20250814,여름방학,,Y,Y,Y,Y,Y,Y,20260322
I10,세종특별자치시교육청,9300037,감성초등학교,2025,,초등학교,휴업일,20250815,여름방학,,Y,Y,Y,Y,Y,Y,20260322
I10,세종특별자치시교육청,9300037,감성초등학교,2025,,초등학교,공휴일,20250815,광복절,,Y,Y,Y,Y,Y,Y,20260322
I10,세종특별자치시교육청,9300037,감성초등학교,2025,,초등학교,휴업일,20250816,여름방학,,Y,Y,Y,Y,Y,Y,20260322
I10,세종특별자치시교육청,9300037,감성초등학교,2025,,초등학교,휴업일,20250816,토요휴업일,,Y,Y,Y,Y,Y,Y,20260322
I10,세종특별자치시교육청,9300037,감성초등학교,2025,,초등학교,휴업일,20250817,여름방학,,Y,Y,Y,Y,Y,Y,20260322
I10,세종특별자치시교육청,9300037,감성초등학교,2025,,초등학교,휴업일,20250818,여름방학,,Y,Y,Y,Y,Y,Y,20260322
I10,세종특별자치시교육청,9300037,감성초등학교,2025,,초등학교,휴업일,20250819,여름방학,,Y,Y,Y,Y,Y,Y,20260322
I10,세종특별자치시교육청,9300037,감성초등학교,2025,,초등학교,해당없음,20250820,여름개학식,,Y,Y,Y,Y,Y,Y,20260322
I10,세종특별자치시교육청,9300037,감성초등학교,2025,,초등학교,휴업일,20250823,토요휴업일,,Y,Y,Y,Y,Y,Y,20260322
I10,세종특별자치시교육청,9300037,감성초등학교,2025,,초등학교,휴업일,20250830,토요휴업일,,Y,Y,Y,Y,Y,Y,20260322
I10,세종특별자치시교육청,9300037,감성초등학교,2025,,초등학교,휴업일,20250906,토요휴업일,,Y,Y,Y,Y,Y,Y,20260322
I10,세종특별자치시교육청,9300037,감성초등학교,2025,,초등학교,휴업일,20250913,토요휴업일,,Y,Y,Y,Y,Y,Y,20260322
I10,세종특별자치시교육청,9300037,감성초등학교,2025,,초등학교,휴업일,20250920,토요휴업일,,Y,Y,Y,Y,Y,Y,20260322
I10,세종특별자치시교육청,9300037,감성초등학교,2025,,초등학교,휴업일,20250927,토요휴업일,,Y,Y,Y,Y,Y,Y,20260322
I10,세종특별자치시교육청,9300037,감성초등학교,2025,,초등학교,공휴일,20251003,개천절,,Y,Y,Y,Y,Y,Y,20260322
I10,세종특별자치시교육청,9300037,감성초등학교,2025,,초등학교,휴업일,20251004,토요휴업일,,Y,Y,Y,Y,Y,Y,20260322
I10,세종특별자치시교육청,9300037,감성초등학교,2025,,초등학교,공휴일,20251005,추석,,Y,Y,Y,Y,Y,Y,20260322
I10,세종특별자치시교육청,9300037,감성초등학교,2025,,초등학교,공휴일,20251006,추석,,Y,Y,Y,Y,Y,Y,20260322
I10,세종특별자치시교육청,9300037,감성초등학교,2025,,초등학교,공휴일,20251007,추석,,Y,Y,Y,Y,Y,Y,20260322
I10,세종특별자치시교육청,9300037,감성초등학교,2025,,초등학교,공휴일,20251008,대체공휴일,,Y,Y,Y,Y,Y,Y,20260322
I10,세종특별자치시교육청,9300037,감성초등학교,2025,,초등학교,공휴일,20251009,한글날,,Y,Y,Y,Y,Y,Y,20260322
I10,세종특별자치시교육청,9300037,감성초등학교,2025,,초등학교,휴업일,20251010,학교장재량휴업일,,Y,Y,Y,Y,Y,Y,20260322
I10,세종특별자치시교육청,9300037,감성초등학교,2025,,초등학교,휴업일,20251011,토요휴업일,,Y,Y,Y,Y,Y,Y,20260322
I10,세종특별자치시교육청,9300037,감성초등학교,2025,,초등학교,휴업일,20251018,토요휴업일,,Y,Y,Y,Y,Y,Y,20260322
I10,세종특별자치시교육청,9300037,감성초등학교,2025,,초등학교,휴업일,20251025,토요휴업일,,Y,Y,Y,Y,Y,Y,20260322
I10,세종특별자치시교육청,9300037,감성초등학교,2025,,초등학교,휴업일,20251101,토요휴업일,,Y,Y,Y,Y,Y,Y,20260322
I10,세종특별자치시교육청,9300037,감성초등학교,2025,,초등학교,휴업일,20251108,토요휴업일,,Y,Y,Y,Y,Y,Y,20260322
I10,세종특별자치시교육청,9300037,감성초등학교,2025,,초등학교,휴업일,20251115,토요휴업일,,Y,Y,Y,Y,Y,Y,20260322
I10,세종특별자치시교육청,9300037,감성초등학교,2025,,초등학교,휴업일,20251122,토요휴업일,,Y,Y,Y,Y,Y,Y,20260322
I10,세종특별자치시교육청,9300037,감성초등학교,2025,,초등학교,휴업일,20251129,토요휴업일,,Y,Y,Y,Y,Y,Y,20260322
I10,세종특별자치시교육청,9300037,감성초등학교,2025,,초등학교,휴업일,20251206,토요휴업일,,Y,Y,Y,Y,Y,Y,20260322
I10,세종특별자치시교육청,9300037,감성초등학교,2025,,초등학교,휴업일,20251213,토요휴업일,,Y,Y,Y,Y,Y,Y,20260322
I10,세종특별자치시교육청,9300037,감성초등학교,2025,,초등학교,휴업일,20251220,토요휴업일,,Y,Y,Y,Y,Y,Y,20260322
I10,세종특별자치시교육청,9300037,감성초등학교,2025,,초등학교,공휴일,20251225,성탄절,,Y,Y,Y,Y,Y,Y,20260322
I10,세종특별자치시교육청,9300037,감성초등학교,2025,,초등학교,휴업일,20251227,토요휴업일,,Y,Y,Y,Y,Y,Y,20260322
I10,세종특별자치시교육청,9300037,감성초등학교,2025,,초등학교,공휴일,20260101,신정,,Y,Y,Y,Y,Y,Y,20260322
I10,세종특별자치시교육청,9300037,감성초등학교,2025,,초등학교,휴업일,20260103,토요휴업일,,Y,Y,Y,Y,Y,Y,20260322
I10,세종특별자치시교육청,9300037,감성초등학교,2025,,초등학교,해당없음,20260107,종업식,,Y,Y,Y,Y,Y,N,20260322
I10,세종특별자치시교육청,9300037,감성초등학교,2025,,초등학교,해당없음,20260107,졸업식,,N,N,N,N,N,Y,20260322
I10,세종특별자치시교육청,9300037,감성초등학교,2025,,초등학교,휴업일,20260108,겨울방학,,Y,Y,Y,Y,Y,Y,20260322
I10,세종특별자치시교육청,9300037,감성초등학교,2025,,초등학교,휴업일,20260109,겨울방학,,Y,Y,Y,Y,Y,Y,20260322
I10,세종특별자치시교육청,9300037,감성초등학교,2025,,초등학교,휴업일,20260110,겨울방학,,Y,Y,Y,Y,Y,Y,20260322
I10,세종특별자치시교육청,9300037,감성초등학교,2025,,초등학교,휴업일,20260110,토요휴업일,,Y,Y,Y,Y,Y,Y,20260322
I10,세종특별자치시교육청,9300037,감성초등학교,2025,,초등학교,휴업일,20260111,겨울방학,,Y,Y,Y,Y,Y,Y,20260322
I10,세종특별자치시교육청,9300037,감성초등학교,2025,,초등학교,휴업일,20260112,겨울방학,,Y,Y,Y,Y,Y,Y,20260322
I10,세종특별자치시교육청,9300037,감성초등학교,2025,,초등학교,휴업일,20260113,겨울방학,,Y,Y,Y,Y,Y,Y,20260322
I10,세종특별자치시교육청,9300037,감성초등학교,2025,,초등학교,휴업일,20260114,겨울방학,,Y,Y,Y,Y,Y,Y,20260322
I10,세종특별자치시교육청,9300037,감성초등학교,2025,,초등학교,휴업일,20260115,겨울방학,,Y,Y,Y,Y,Y,Y,20260322
I10,세종특별자치시교육청,9300037,감성초등학교,2025,,초등학교,휴업일,20260116,겨울방학,,Y,Y,Y,Y,Y,Y,20260322
I10,세종특별자치시교육청,9300037,감성초등학교,2025,,초등학교,휴업일,20260117,겨울방학,,Y,Y,Y,Y,Y,Y,20260322
I10,세종특별자치시교육청,9300037,감성초등학교,2025,,초등학교,휴업일,20260117,토요휴업일,,Y,Y,Y,Y,Y,Y,20260322
I10,세종특별자치시교육청,9300037,감성초등학교,2025,,초등학교,휴업일,20260118,겨울방학,,Y,Y,Y,Y,Y,Y,20260322
I10,세종특별자치시교육청,9300037,감성초등학교,2025,,초등학교,휴업일,20260119,겨울방학,,Y,Y,Y,Y,Y,Y,20260322
I10,세종특별자치시교육청,9300037,감성초등학교,2025,,초등학교,휴업일,20260120,겨울방학,,Y,Y,Y,Y,Y,Y,20260322
I10,세종특별자치시교육청,9300037,감성초등학교,2025,,초등학교,휴업일,20260121,겨울방학,,Y,Y,Y,Y,Y,Y,20260322
I10,세종특별자치시교육청,9300037,감성초등학교,2025,,초등학교,휴업일,20260122,겨울방학,,Y,Y,Y,Y,Y,Y,20260322
I10,세종특별자치시교육청,9300037,감성초등학교,2025,,초등학교,휴업일,20260123,겨울방학,,Y,Y,Y,Y,Y,Y,20260322
I10,세종특별자치시교육청,9300037,감성초등학교,2025,,초등학교,휴업일,20260124,겨울방학,,Y,Y,Y,Y,Y,Y,20260322
I10,세종특별자치시교육청,9300037,감성초등학교,2025,,초등학교,휴업일,20260124,토요휴업일,,Y,Y,Y,Y,Y,Y,20260322
I10,세종특별자치시교육청,9300037,감성초등학교,2025,,초등학교,휴업일,20260125,겨울방학,,Y,Y,Y,Y,Y,Y,20260322
I10,세종특별자치시교육청,9300037,감성초등학교,2025,,초등학교,휴업일,20260126,겨울방학,,Y,Y,Y,Y,Y,Y,20260322
I10,세종특별자치시교육청,9300037,감성초등학교,2025,,초등학교,휴업일,20260127,겨울방학,,Y,Y,Y,Y,Y,Y,20260322
I10,세종특별자치시교육청,9300037,감성초등학교,2025,,초등학교,휴업일,20260128,겨울방학,,Y,Y,Y,Y,Y,Y,20260322
I10,세종특별자치시교육청,9300037,감성초등학교,2025,,초등학교,휴업일,20260129,겨울방학,,Y,Y,Y,Y,Y,Y,20260322
I10,세종특별자치시교육청,9300037,감성초등학교,2025,,초등학교,휴업일,20260130,겨울방학,,Y,Y,Y,Y,Y,Y,20260322
I10,세종특별자치시교육청,9300037,감성초등학교,2025,,초등학교,휴업일,20260131,겨울방학,,Y,Y,Y,Y,Y,Y,20260322
I10,세종특별자치시교육청,9300037,감성초등학교,2025,,초등학교,휴업일,20260131,토요휴업일,,Y,Y,Y,Y,Y,Y,20260322
I10,세종특별자치시교육청,9300037,감성초등학교,2025,,초등학교,휴업일,20260201,겨울방학,,Y,Y,Y,Y,Y,Y,20260322
I10,세종특별자치시교육청,9300037,감성초등학교,2025,,초등학교,휴업일,20260202,겨울방학,,Y,Y,Y,Y,Y,Y,20260322
I10,세종특별자치시교육청,9300037,감성초등학교,2025,,초등학교,휴업일,20260203,겨울방학,,Y,Y,Y,Y,Y,Y,20260322
I10,세종특별자치시교육청,9300037,감성초등학교,2025,,초등학교,휴업일,20260204,겨울방학,,Y,Y,Y,Y,Y,Y,20260322
I10,세종특별자치시교육청,9300037,감성초등학교,2025,,초등학교,휴업일,20260205,겨울방학,,Y,Y,Y,Y,Y,Y,20260322
I10,세종특별자치시교육청,9300037,감성초등학교,2025,,초등학교,휴업일,20260206,겨울방학,,Y,Y,Y,Y,Y,Y,20260322
I10,세종특별자치시교육청,9300037,감성초등학교,2025,,초등학교,휴업일,20260207,겨울방학,,Y,Y,Y,Y,Y,Y,20260322
I10,세종특별자치시교육청,9300037,감성초등학교,2025,,초등학교,휴업일,20260207,토요휴업일,,Y,Y,Y,Y,Y,Y,20260322
I10,세종특별자치시교육청,9300037,감성초등학교,2025,,초등학교,휴업일,20260208,겨울방학,,Y,Y,Y,Y,Y,Y,20260322
I10,세종특별자치시교육청,9300037,감성초등학교,2025,,초등학교,휴업일,20260209,겨울방학,,Y,Y,Y,Y,Y,Y,20260322
I10,세종특별자치시교육청,9300037,감성초등학교,2025,,초등학교,휴업일,20260210,겨울방학,,Y,Y,Y,Y,Y,Y,20260322
I10,세종특별자치시교육청,9300037,감성초등학교,2025,,초등학교,휴업일,20260211,겨울방학,,Y,Y,Y,Y,Y,Y,20260322
I10,세종특별자치시교육청,9300037,감성초등학교,2025,,초등학교,휴업일,20260212,겨울방학,,Y,Y,Y,Y,Y,Y,20260322
I10,세종특별자치시교육청,9300037,감성초등학교,2025,,초등학교,휴업일,20260213,겨울방학,,Y,Y,Y,Y,Y,Y,20260322
I10,세종특별자치시교육청,9300037,감성초등학교,2025,,초등학교,휴업일,20260214,겨울방학,,Y,Y,Y,Y,Y,Y,20260322
I10,세종특별자치시교육청,9300037,감성초등학교,2025,,초등학교,휴업일,20260214,토요휴업일,,Y,Y,Y,Y,Y,Y,20260322
I10,세종특별자치시교육청,9300037,감성초등학교,2025,,초등학교,휴업일,20260215,겨울방학,,Y,Y,Y,Y,Y,Y,20260322
I10,세종특별자치시교육청,9300037,감성초등학교,2025,,초등학교,휴업일,20260216,겨울방학,,Y,Y,Y,Y,Y,Y,20260322
I10,세종특별자치시교육청,9300037,감성초등학교,2025,,초등학교,공휴일,20260216,설날,,Y,Y,Y,Y,Y,Y,20260322
I10,세종특별자치시교육청,9300037,감성초등학교,2025,,초등학교,휴업일,20260217,겨울방학,,Y,Y,Y,Y,Y,Y,20260322
I10,세종특별자치시교육청,9300037,감성초등학교,2025,,초등학교,공휴일,20260217,설날,,Y,Y,Y,Y,Y,Y,20260322
I10,세종특별자치시교육청,9300037,감성초등학교,2025,,초등학교,휴업일,20260218,겨울방학,,Y,Y,Y,Y,Y,Y,20260322
I10,세종특별자치시교육청,9300037,감성초등학교,2025,,초등학교,공휴일,20260218,설날,,Y,Y,Y,Y,Y,Y,20260322
I10,세종특별자치시교육청,9300037,감성초등학교,2025,,초등학교,휴업일,20260219,겨울방학,,Y,Y,Y,Y,Y,Y,20260322
I10,세종특별자치시교육청,9300037,감성초등학교,2025,,초등학교,휴업일,20260220,겨울방학,,Y,Y,Y,Y,Y,Y,20260322
I10,세종특별자치시교육청,9300037,감성초등학교,2025,,초등학교,휴업일,20260221,겨울방학,,Y,Y,Y,Y,Y,Y,20260322
I10,세종특별자치시교육청,9300037,감성초등학교,2025,,초등학교,휴업일,20260221,토요휴업일,,Y,Y,Y,Y,Y,Y,20260322
I10,세종특별자치시교육청,9300037,감성초등학교,2025,,초등학교,휴업일,20260222,겨울방학,,Y,Y,Y,Y,Y,Y,20260322
I10,세종특별자치시교육청,9300037,감성초등학교,2025,,초등학교,휴업일,20260223,겨울방학,,Y,Y,Y,Y,Y,Y,20260322
I10,세종특별자치시교육청,9300037,감성초등학교,2025,,초등학교,휴업일,20260224,겨울방학,,Y,Y,Y,Y,Y,Y,20260322
I10,세종특별자치시교육청,9300037,감성초등학교,2025,,초등학교,휴업일,20260225,겨울방학,,Y,Y,Y,Y,Y,Y,20260322
I10,세종특별자치시교육청,9300037,감성초등학교,2025,,초등학교,휴업일,20260226,겨울방학,,Y,Y,Y,Y,Y,Y,20260322
I10,세종특별자치시교육청,9300037,감성초등학교,2025,,초등학교,휴업일,20260227,겨울방학,,Y,Y,Y,Y,Y,Y,20260322
I10,세종특별자치시교육청,9300037,감성초등학교,2025,,초등학교,휴업일,20260228,겨울방학,,Y,Y,Y,Y,Y,Y,20260322
I10,세종특별자치시교육청,9300037,감성초등학교,2025,,초등학교,휴업일,20260228,토요휴업일,,Y,Y,Y,Y,Y,Y,20260322
I10,세종특별자치시교육청,9300037,감성초등학교,2026,,초등학교,공휴일,20260301,3·1절,,Y,Y,Y,Y,Y,Y,20260322
I10,세종특별자치시교육청,9300037,감성초등학교,2026,,초등학교,공휴일,20260302,대체공휴일,,Y,Y,Y,Y,Y,Y,20260322
I10,세종특별자치시교육청,9300037,감성초등학교,2026,,초등학교,해당없음,20260303,입학식,,Y,N,N,N,N,N,20260322
I10,세종특별자치시교육청,9300037,감성초등학교,2026,,초등학교,휴업일,20260307,토요휴업일,,Y,Y,Y,Y,Y,Y,20260322
I10,세종특별자치시교육청,9300037,감성초등학교,2026,,초등학교,휴업일,20260314,토요휴업일,,Y,Y,Y,Y,Y,Y,20260322
I10,세종특별자치시교육청,9300037,감성초등학교,2026,,초등학교,휴업일,20260321,토요휴업일,,Y,Y,Y,Y,Y,Y,20260322
I10,세종특별자치시교육청,9300037,감성초등학교,2026,,초등학교,휴업일,20260328,토요휴업일,,Y,Y,Y,Y,Y,Y,20260322
I10,세종특별자치시교육청,9300037,감성초등학교,2026,,초등학교,휴업일,20260404,토요휴업일,,Y,Y,Y,Y,Y,Y,20260322
I10,세종특별자치시교육청,9300037,감성초등학교,2026,,초등학교,휴업일,20260411,토요휴업일,,Y,Y,Y,Y,Y,Y,20260322
I10,세종특별자치시교육청,9300037,감성초등학교,2026,,초등학교,휴업일,20260418,토요휴업일,,Y,Y,Y,Y,Y,Y,20260322
I10,세종특별자치시교육청,9300037,감성초등학교,2026,,초등학교,휴업일,20260425,토요휴업일,,Y,Y,Y,Y,Y,Y,20260322
I10,세종특별자치시교육청,9300037,감성초등학교,2026,,초등학교,휴업일,20260501,학교장재량휴업일,,Y,Y,Y,Y,Y,Y,20260322
I10,세종특별자치시교육청,9300037,감성초등학교,2026,,초등학교,휴업일,20260502,토요휴업일,,Y,Y,Y,Y,Y,Y,20260322
I10,세종특별자치시교육청,9300037,감성초등학교,2026,,초등학교,휴업일,20260504,학교장재량휴업일,,Y,Y,Y,Y,Y,Y,20260322
I10,세종특별자치시교육청,9300037,감성초등학교,2026,,초등학교,공휴일,20260505,어린이날,,Y,Y,Y,Y,Y,Y,20260322
I10,세종특별자치시교육청,9300037,감성초등학교,2026,,초등학교,휴업일,20260509,토요휴업일,,Y,Y,Y,Y,Y,Y,20260322
I10,세종특별자치시교육청,9300037,감성초등학교,2026,,초등학교,휴업일,20260516,토요휴업일,,Y,Y,Y,Y,Y,Y,20260322
I10,세종특별자치시교육청,9300037,감성초등학교,2026,,초등학교,휴업일,20260523,토요휴업일,,Y,Y,Y,Y,Y,Y,20260322
I10,세종특별자치시교육청,9300037,감성초등학교,2026,,초등학교,공휴일,20260524,석가탄신일,,Y,Y,Y,Y,Y,Y,20260322
I10,세종특별자치시교육청,9300037,감성초등학교,2026,,초등학교,공휴일,20260525,대체공휴일,,Y,Y,Y,Y,Y,Y,20260322
I10,세종특별자치시교육청,9300037,감성초등학교,2026,,초등학교,휴업일,20260530,토요휴업일,,Y,Y,Y,Y,Y,Y,20260322
I10,세종특별자치시교육청,9300037,감성초등학교,2026,,초등학교,공휴일,20260603,전국 지방 선거일,,Y,Y,Y,Y,Y,Y,20260322
I10,세종특별자치시교육청,9300037,감성초등학교,2026,,초등학교,공휴일,20260606,현충일,,Y,Y,Y,Y,Y,Y,20260322
I10,세종특별자치시교육청,9300037,감성초등학교,2026,,초등학교,휴업일,20260613,토요휴업일,,Y,Y,Y,Y,Y,Y,20260322
I10,세종특별자치시교육청,9300037,감성초등학교,2026,,초등학교,휴업일,20260620,토요휴업일,,Y,Y,Y,Y,Y,Y,20260322
I10,세종특별자치시교육청,9300037,감성초등학교,2026,,초등학교,휴업일,20260627,토요휴업일,,Y,Y,Y,Y,Y,Y,20260322
I10,세종특별자치시교육청,9300037,감성초등학교,2026,,초등학교,휴업일,20260704,토요휴업일,,Y,Y,Y,Y,Y,Y,20260322
I10,세종특별자치시교육청,9300037,감성초등학교,2026,,초등학교,휴업일,20260711,토요휴업일,,Y,Y,Y,Y,Y,Y,20260322
I10,세종특별자치시교육청,9300037,감성초등학교,2026,,초등학교,공휴일,20260717,제헌절,,Y,Y,Y,Y,Y,Y,20260322
I10,세종특별자치시교육청,9300037,감성초등학교,2026,,초등학교,휴업일,20260718,토요휴업일,,Y,Y,Y,Y,Y,Y,20260322
I10,세종특별자치시교육청,9300037,감성초등학교,2026,,초등학교,해당없음,20260721,여름방학식,,Y,Y,Y,Y,Y,Y,20260322
I10,세종특별자치시교육청,9300037,감성초등학교,2026,,초등학교,휴업일,20260722,여름방학,,Y,Y,Y,Y,Y,Y,20260322
I10,세종특별자치시교육청,9300037,감성초등학교,2026,,초등학교,휴업일,20260723,여름방학,,Y,Y,Y,Y,Y,Y,20260322
I10,세종특별자치시교육청,9300037,감성초등학교,2026,,초등학교,휴업일,20260724,여름방학,,Y,Y,Y,Y,Y,Y,20260322
I10,세종특별자치시교육청,9300037,감성초등학교,2026,,초등학교,휴업일,20260725,여름방학,,Y,Y,Y,Y,Y,Y,20260322
I10,세종특별자치시교육청,9300037,감성초등학교,2026,,초등학교,휴업일,20260725,토요휴업일,,Y,Y,Y,Y,Y,Y,20260322
I10,세종특별자치시교육청,9300037,감성초등학교,2026,,초등학교,휴업일,20260726,여름방학,,Y,Y,Y,Y,Y,Y,20260322
I10,세종특별자치시교육청,9300037,감성초등학교,2026,,초등학교,휴업일,20260727,여름방학,,Y,Y,Y,Y,Y,Y,20260322
I10,세종특별자치시교육청,9300037,감성초등학교,2026,,초등학교,휴업일,20260728,여름방학,,Y,Y,Y,Y,Y,Y,20260322
I10,세종특별자치시교육청,9300037,감성초등학교,2026,,초등학교,휴업일,20260729,여름방학,,Y,Y,Y,Y,Y,Y,20260322
I10,세종특별자치시교육청,9300037,감성초등학교,2026,,초등학교,휴업일,20260730,여름방학,,Y,Y,Y,Y,Y,Y,20260322
I10,세종특별자치시교육청,9300037,감성초등학교,2026,,초등학교,휴업일,20260731,여름방학,,Y,Y,Y,Y,Y,Y,20260322
I10,세종특별자치시교육청,9300037,감성초등학교,2026,,초등학교,휴업일,20260801,여름방학,,Y,Y,Y,Y,Y,Y,20260322
I10,세종특별자치시교육청,9300037,감성초등학교,2026,,초등학교,휴업일,20260801,토요휴업일,,Y,Y,Y,Y,Y,Y,20260322
I10,세종특별자치시교육청,9300037,감성초등학교,2026,,초등학교,휴업일,20260802,여름방학,,Y,Y,Y,Y,Y,Y,20260322
I10,세종특별자치시교육청,9300037,감성초등학교,2026,,초등학교,휴업일,20260803,여름방학,,Y,Y,Y,Y,Y,Y,20260322
I10,세종특별자치시교육청,9300037,감성초등학교,2026,,초등학교,휴업일,20260804,여름방학,,Y,Y,Y,Y,Y,Y,20260322
I10,세종특별자치시교육청,9300037,감성초등학교,2026,,초등학교,휴업일,20260805,여름방학,,Y,Y,Y,Y,Y,Y,20260322
I10,세종특별자치시교육청,9300037,감성초등학교,2026,,초등학교,휴업일,20260806,여름방학,,Y,Y,Y,Y,Y,Y,20260322
I10,세종특별자치시교육청,9300037,감성초등학교,2026,,초등학교,휴업일,20260807,여름방학,,Y,Y,Y,Y,Y,Y,20260322
I10,세종특별자치시교육청,9300037,감성초등학교,2026,,초등학교,휴업일,20260808,여름방학,,Y,Y,Y,Y,Y,Y,20260322
I10,세종특별자치시교육청,9300037,감성초등학교,2026,,초등학교,휴업일,20260808,토요휴업일,,Y,Y,Y,Y,Y,Y,20260322
I10,세종특별자치시교육청,9300037,감성초등학교,2026,,초등학교,휴업일,20260809,여름방학,,Y,Y,Y,Y,Y,Y,20260322
I10,세종특별자치시교육청,9300037,감성초등학교,2026,,초등학교,휴업일,20260810,여름방학,,Y,Y,Y,Y,Y,Y,20260322
I10,세종특별자치시교육청,9300037,감성초등학교,2026,,초등학교,휴업일,20260811,여름방학,,Y,Y,Y,Y,Y,Y,20260322
I10,세종특별자치시교육청,9300037,감성초등학교,2026,,초등학교,휴업일,20260812,여름방학,,Y,Y,Y,Y,Y,Y,20260322
I10,세종특별자치시교육청,9300037,감성초등학교,2026,,초등학교,휴업일,20260813,여름방학,,Y,Y,Y,Y,Y,Y,20260322
I10,세종특별자치시교육청,9300037,감성초등학교,2026,,초등학교,휴업일,20260814,여름방학,,Y,Y,Y,Y,Y,Y,20260322
I10,세종특별자치시교육청,9300037,감성초등학교,2026,,초등학교,휴업일,20260815,여름방학,,Y,Y,Y,Y,Y,Y,20260322
I10,세종특별자치시교육청,9300037,감성초등학교,2026,,초등학교,공휴일,20260815,광복절,,Y,Y,Y,Y,Y,Y,20260322
I10,세종특별자치시교육청,9300037,감성초등학교,2026,,초등학교,휴업일,20260816,여름방학,,Y,Y,Y,Y,Y,Y,20260322
I10,세종특별자치시교육청,9300037,감성초등학교,2026,,초등학교,휴업일,20260817,여름방학,,Y,Y,Y,Y,Y,Y,20260322
I10,세종특별자치시교육청,9300037,감성초등학교,2026,,초등학교,공휴일,20260817,대체공휴일,,Y,Y,Y,Y,Y,Y,20260322
I10,세종특별자치시교육청,9300037,감성초등학교,2026,,초등학교,해당없음,20260818,여름개학식,,Y,Y,Y,Y,Y,Y,20260322
I10,세종특별자치시교육청,9300037,감성초등학교,2026,,초등학교,휴업일,20260822,토요휴업일,,Y,Y,Y,Y,Y,Y,20260322
I10,세종특별자치시교육청,9300037,감성초등학교,2026,,초등학교,휴업일,20260829,토요휴업일,,Y,Y,Y,Y,Y,Y,20260322
I10,세종특별자치시교육청,9300037,감성초등학교,2026,,초등학교,휴업일,20260905,토요휴업일,,Y,Y,Y,Y,Y,Y,20260322
I10,세종특별자치시교육청,9300037,감성초등학교,2026,,초등학교,휴업일,20260912,토요휴업일,,Y,Y,Y,Y,Y,Y,20260322
﻿I10,세종특별자치시교육청,9300037,감성초등학교,2026,,초등학교,휴업일,20260919,토요휴업일,,Y,Y,Y,Y,Y,Y,20260322
I10,세종특별자치시교육청,9300037,감성초등학교,2026,,초등학교,공휴일,20260924,추석연휴,,Y,Y,Y,Y,Y,Y,20260322
I10,세종특별자치시교육청,9300037,감성초등학교,2026,,초등학교,공휴일,20260925,추석,,Y,Y,Y,Y,Y,Y,20260322
I10,세종특별자치시교육청,9300037,감성초등학교,2026,,초등학교,공휴일,20260926,추석연휴,,Y,Y,Y,Y,Y,Y,20260322
I10,세종특별자치시교육청,9300037,감성초등학교,2026,,초등학교,휴업일,20260926,토요휴업일,,Y,Y,Y,Y,Y,Y,20260322
I10,세종특별자치시교육청,9300037,감성초등학교,2026,,초등학교,공휴일,20261003,개천절,,Y,Y,Y,Y,Y,Y,20260322
I10,세종특별자치시교육청,9300037,감성초등학교,2026,,초등학교,공휴일,20261005,대체공휴일,,Y,Y,Y,Y,Y,Y,20260322
I10,세종특별자치시교육청,9300037,감성초등학교,2026,,초등학교,공휴일,20261009,한글날,,Y,Y,Y,Y,Y,Y,20260322
I10,세종특별자치시교육청,9300037,감성초등학교,2026,,초등학교,휴업일,20261010,토요휴업일,,Y,Y,Y,Y,Y,Y,20260322
I10,세종특별자치시교육청,9300037,감성초등학교,2026,,초등학교,휴업일,20261017,토요휴업일,,Y,Y,Y,Y,Y,Y,20260322
I10,세종특별자치시교육청,9300037,감성초등학교,2026,,초등학교,휴업일,20261024,토요휴업일,,Y,Y,Y,Y,Y,Y,20260322
I10,세종특별자치시교육청,9300037,감성초등학교,2026,,초등학교,휴업일,20261031,토요휴업일,,Y,Y,Y,Y,Y,Y,20260322
I10,세종특별자치시교육청,9300037,감성초등학교,2026,,초등학교,휴업일,20261107,토요휴업일,,Y,Y,Y,Y,Y,Y,20260322
I10,세종특별자치시교육청,9300037,감성초등학교,2026,,초등학교,휴업일,20261114,토요휴업일,,Y,Y,Y,Y,Y,Y,20260322
I10,세종특별자치시교육청,9300037,감성초등학교,2026,,초등학교,휴업일,20261121,토요휴업일,,Y,Y,Y,Y,Y,Y,20260322
I10,세종특별자치시교육청,9300037,감성초등학교,2026,,초등학교,휴업일,20261128,토요휴업일,,Y,Y,Y,Y,Y,Y,20260322
I10,세종특별자치시교육청,9300037,감성초등학교,2026,,초등학교,휴업일,20261205,토요휴업일,,Y,Y,Y,Y,Y,Y,20260322
I10,세종특별자치시교육청,9300037,감성초등학교,2026,,초등학교,휴업일,20261212,토요휴업일,,Y,Y,Y,Y,Y,Y,20260322
I10,세종특별자치시교육청,9300037,감성초등학교,2026,,초등학교,휴업일,20261219,토요휴업일,,Y,Y,Y,Y,Y,Y,20260322
I10,세종특별자치시교육청,9300037,감성초등학교,2026,,초등학교,공휴일,20261225,성탄절,,Y,Y,Y,Y,Y,Y,20260322
I10,세종특별자치시교육청,9300037,감성초등학교,2026,,초등학교,휴업일,20261226,토요휴업일,,Y,Y,Y,Y,Y,Y,20260322
I10,세종특별자치시교육청,9300037,감성초등학교,2026,,초등학교,공휴일,20270101,신정,,Y,Y,Y,Y,Y,Y,20260322
I10,세종특별자치시교육청,9300037,감성초등학교,2026,,초등학교,휴업일,20270102,토요휴업일,,Y,Y,Y,Y,Y,Y,20260322
I10,세종특별자치시교육청,9300037,감성초등학교,2026,,초등학교,해당없음,20270105,종업식,,Y,Y,Y,Y,Y,N,20260322
I10,세종특별자치시교육청,9300037,감성초등학교,2026,,초등학교,해당없음,20270105,졸업식,,N,N,N,N,N,Y,20260322
I10,세종특별자치시교육청,9300037,감성초등학교,2026,,초등학교,휴업일,20270106,겨울방학,,Y,Y,Y,Y,Y,Y,20260322
I10,세종특별자치시교육청,9300037,감성초등학교,2026,,초등학교,휴업일,20270107,겨울방학,,Y,Y,Y,Y,Y,Y,20260322
I10,세종특별자치시교육청,9300037,감성초등학교,2026,,초등학교,휴업일,20270108,겨울방학,,Y,Y,Y,Y,Y,Y,20260322
I10,세종특별자치시교육청,9300037,감성초등학교,2026,,초등학교,휴업일,20270109,겨울방학,,Y,Y,Y,Y,Y,Y,20260322
I10,세종특별자치시교육청,9300037,감성초등학교,2026,,초등학교,휴업일,20270109,토요휴업일,,Y,Y,Y,Y,Y,Y,20260322
I10,세종특별자치시교육청,9300037,감성초등학교,2026,,초등학교,휴업일,20270110,겨울방학,,Y,Y,Y,Y,Y,Y,20260322
I10,세종특별자치시교육청,9300037,감성초등학교,2026,,초등학교,휴업일,20270111,겨울방학,,Y,Y,Y,Y,Y,Y,20260322
I10,세종특별자치시교육청,9300037,감성초등학교,2026,,초등학교,휴업일,20270112,겨울방학,,Y,Y,Y,Y,Y,Y,20260322
I10,세종특별자치시교육청,9300037,감성초등학교,2026,,초등학교,휴업일,20270113,겨울방학,,Y,Y,Y,Y,Y,Y,20260322
I10,세종특별자치시교육청,9300037,감성초등학교,2026,,초등학교,휴업일,20270114,겨울방학,,Y,Y,Y,Y,Y,Y,20260322
I10,세종특별자치시교육청,9300037,감성초등학교,2026,,초등학교,휴업일,20270115,겨울방학,,Y,Y,Y,Y,Y,Y,20260322
I10,세종특별자치시교육청,9300037,감성초등학교,2026,,초등학교,휴업일,20270116,겨울방학,,Y,Y,Y,Y,Y,Y,20260322
I10,세종특별자치시교육청,9300037,감성초등학교,2026,,초등학교,휴업일,20270116,토요휴업일,,Y,Y,Y,Y,Y,Y,20260322
I10,세종특별자치시교육청,9300037,감성초등학교,2026,,초등학교,휴업일,20270117,겨울방학,,Y,Y,Y,Y,Y,Y,20260322
I10,세종특별자치시교육청,9300037,감성초등학교,2026,,초등학교,휴업일,20270118,겨울방학,,Y,Y,Y,Y,Y,Y,20260322
I10,세종특별자치시교육청,9300037,감성초등학교,2026,,초등학교,휴업일,20270119,겨울방학,,Y,Y,Y,Y,Y,Y,20260322
I10,세종특별자치시교육청,9300037,감성초등학교,2026,,초등학교,휴업일,20270120,겨울방학,,Y,Y,Y,Y,Y,Y,20260322
I10,세종특별자치시교육청,9300037,감성초등학교,2026,,초등학교,휴업일,20270121,겨울방학,,Y,Y,Y,Y,Y,Y,20260322
I10,세종특별자치시교육청,9300037,감성초등학교,2026,,초등학교,휴업일,20270122,겨울방학,,Y,Y,Y,Y,Y,Y,20260322
I10,세종특별자치시교육청,9300037,감성초등학교,2026,,초등학교,휴업일,20270123,겨울방학,,Y,Y,Y,Y,Y,Y,20260322
I10,세종특별자치시교육청,9300037,감성초등학교,2026,,초등학교,휴업일,20270123,토요휴업일,,Y,Y,Y,Y,Y,Y,20260322
I10,세종특별자치시교육청,9300037,감성초등학교,2026,,초등학교,휴업일,20270124,겨울방학,,Y,Y,Y,Y,Y,Y,20260322
I10,세종특별자치시교육청,9300037,감성초등학교,2026,,초등학교,휴업일,20270125,겨울방학,,Y,Y,Y,Y,Y,Y,20260322
I10,세종특별자치시교육청,9300037,감성초등학교,2026,,초등학교,휴업일,20270126,겨울방학,,Y,Y,Y,Y,Y,Y,20260322
I10,세종특별자치시교육청,9300037,감성초등학교,2026,,초등학교,휴업일,20270127,겨울방학,,Y,Y,Y,Y,Y,Y,20260322
I10,세종특별자치시교육청,9300037,감성초등학교,2026,,초등학교,휴업일,20270128,겨울방학,,Y,Y,Y,Y,Y,Y,20260322
I10,세종특별자치시교육청,9300037,감성초등학교,2026,,초등학교,휴업일,20270129,겨울방학,,Y,Y,Y,Y,Y,Y,20260322
I10,세종특별자치시교육청,9300037,감성초등학교,2026,,초등학교,휴업일,20270130,겨울방학,,Y,Y,Y,Y,Y,Y,20260322
I10,세종특별자치시교육청,9300037,감성초등학교,2026,,초등학교,휴업일,20270130,토요휴업일,,Y,Y,Y,Y,Y,Y,20260322
I10,세종특별자치시교육청,9300037,감성초등학교,2026,,초등학교,휴업일,20270131,겨울방학,,Y,Y,Y,Y,Y,Y,20260322
I10,세종특별자치시교육청,9300037,감성초등학교,2026,,초등학교,휴업일,20270201,겨울방학,,Y,Y,Y,Y,Y,Y,20260322
I10,세종특별자치시교육청,9300037,감성초등학교,2026,,초등학교,휴업일,20270202,겨울방학,,Y,Y,Y,Y,Y,Y,20260322
I10,세종특별자치시교육청,9300037,감성초등학교,2026,,초등학교,휴업일,20270203,겨울방학,,Y,Y,Y,Y,Y,Y,20260322
I10,세종특별자치시교육청,9300037,감성초등학교,2026,,초등학교,휴업일,20270204,겨울방학,,Y,Y,Y,Y,Y,Y,20260322
I10,세종특별자치시교육청,9300037,감성초등학교,2026,,초등학교,휴업일,20270205,겨울방학,,Y,Y,Y,Y,Y,Y,20260322
I10,세종특별자치시교육청,9300037,감성초등학교,2026,,초등학교,휴업일,20270206,겨울방학,,Y,Y,Y,Y,Y,Y,20260322
I10,세종특별자치시교육청,9300037,감성초등학교,2026,,초등학교,휴업일,20270206,토요휴업일,,Y,Y,Y,Y,Y,Y,20260322
I10,세종특별자치시교육청,9300037,감성초등학교,2026,,초등학교,휴업일,20270207,겨울방학,,Y,Y,Y,Y,Y,Y,20260322
I10,세종특별자치시교육청,9300037,감성초등학교,2026,,초등학교,공휴일,20270207,설날,,Y,Y,Y,Y,Y,Y,20260322
I10,세종특별자치시교육청,9300037,감성초등학교,2026,,초등학교,휴업일,20270208,겨울방학,,Y,Y,Y,Y,Y,Y,20260322
I10,세종특별자치시교육청,9300037,감성초등학교,2026,,초등학교,휴업일,20270209,겨울방학,,Y,Y,Y,Y,Y,Y,20260322
I10,세종특별자치시교육청,9300037,감성초등학교,2026,,초등학교,휴업일,20270210,겨울방학,,Y,Y,Y,Y,Y,Y,20260322
I10,세종특별자치시교육청,9300037,감성초등학교,2026,,초등학교,휴업일,20270211,겨울방학,,Y,Y,Y,Y,Y,Y,20260322
I10,세종특별자치시교육청,9300037,감성초등학교,2026,,초등학교,휴업일,20270212,겨울방학,,Y,Y,Y,Y,Y,Y,20260322
I10,세종특별자치시교육청,9300037,감성초등학교,2026,,초등학교,휴업일,20270213,겨울방학,,Y,Y,Y,Y,Y,Y,20260322
I10,세종특별자치시교육청,9300037,감성초등학교,2026,,초등학교,휴업일,20270213,토요휴업일,,Y,Y,Y,Y,Y,Y,20260322
I10,세종특별자치시교육청,9300037,감성초등학교,2026,,초등학교,휴업일,20270214,겨울방학,,Y,Y,Y,Y,Y,Y,20260322
I10,세종특별자치시교육청,9300037,감성초등학교,2026,,초등학교,휴업일,20270215,겨울방학,,Y,Y,Y,Y,Y,Y,20260322
I10,세종특별자치시교육청,9300037,감성초등학교,2026,,초등학교,휴업일,20270216,겨울방학,,Y,Y,Y,Y,Y,Y,20260322
I10,세종특별자치시교육청,9300037,감성초등학교,2026,,초등학교,휴업일,20270217,겨울방학,,Y,Y,Y,Y,Y,Y,20260322
I10,세종특별자치시교육청,9300037,감성초등학교,2026,,초등학교,휴업일,20270218,겨울방학,,Y,Y,Y,Y,Y,Y,20260322
I10,세종특별자치시교육청,9300037,감성초등학교,2026,,초등학교,휴업일,20270219,겨울방학,,Y,Y,Y,Y,Y,Y,20260322
I10,세종특별자치시교육청,9300037,감성초등학교,2026,,초등학교,휴업일,20270220,겨울방학,,Y,Y,Y,Y,Y,Y,20260322
I10,세종특별자치시교육청,9300037,감성초등학교,2026,,초등학교,휴업일,20270220,토요휴업일,,Y,Y,Y,Y,Y,Y,20260322
I10,세종특별자치시교육청,9300037,감성초등학교,2026,,초등학교,휴업일,20270221,겨울방학,,Y,Y,Y,Y,Y,Y,20260322
I10,세종특별자치시교육청,9300037,감성초등학교,2026,,초등학교,휴업일,20270222,겨울방학,,Y,Y,Y,Y,Y,Y,20260322
I10,세종특별자치시교육청,9300037,감성초등학교,2026,,초등학교,휴업일,20270223,겨울방학,,Y,Y,Y,Y,Y,Y,20260322
I10,세종특별자치시교육청,9300037,감성초등학교,2026,,초등학교,휴업일,20270224,겨울방학,,Y,Y,Y,Y,Y,Y,20260322
I10,세종특별자치시교육청,9300037,감성초등학교,2026,,초등학교,휴업일,20270225,겨울방학,,Y,Y,Y,Y,Y,Y,20260322
I10,세종특별자치시교육청,9300037,감성초등학교,2026,,초등학교,휴업일,20270226,겨울방학,,Y,Y,Y,Y,Y,Y,20260322
I10,세종특별자치시교육청,9300037,감성초등학교,2026,,초등학교,휴업일,20270227,겨울방학,,Y,Y,Y,Y,Y,Y,20260322
I10,세종특별자치시교육청,9300037,감성초등학교,2026,,초등학교,휴업일,20270227,토요휴업일,,Y,Y,Y,Y,Y,Y,20260322
I10,세종특별자치시교육청,9300037,감성초등학교,2026,,초등학교,휴업일,20270228,겨울방학,,Y,Y,Y,Y,Y,Y,20260322
I10,세종특별자치시교육청,9300178,고운고등학교,2025,주간,고등학교,공휴일,20250301,3·1절,,Y,Y,Y,*,*,*,20260322
I10,세종특별자치시교육청,9300178,고운고등학교,2025,주간,고등학교,공휴일,20250303,대체공휴일,대체공휴일,Y,Y,Y,*,*,*,20260322
I10,세종특별자치시교육청,9300178,고운고등학교,2025,주간,고등학교,해당없음,20250304,입학식,입학식,Y,N,N,*,*,*,20260322
I10,세종특별자치시교육청,9300178,고운고등학교,2025,주간,고등학교,해당없음,20250304,개학식,개학식,N,Y,Y,*,*,*,20260322
I10,세종특별자치시교육청,9300178,고운고등학교,2025,주간,고등학교,휴업일,20250308,토요휴업일,,Y,Y,Y,*,*,*,20260322
I10,세종특별자치시교육청,9300178,고운고등학교,2025,주간,고등학교,휴업일,20250315,토요휴업일,,Y,Y,Y,*,*,*,20260322
I10,세종특별자치시교육청,9300178,고운고등학교,2025,주간,고등학교,휴업일,20250322,토요휴업일,,Y,Y,Y,*,*,*,20260322
I10,세종특별자치시교육청,9300178,고운고등학교,2025,주간,고등학교,해당없음,20250326,전국연합학력평가,전국연합학력평가,Y,Y,Y,*,*,*,20260322
I10,세종특별자치시교육청,9300178,고운고등학교,2025,주간,고등학교,해당없음,20250327,학부모교육과정설명회,학부모교육과정설명회,Y,Y,Y,*,*,*,20260322
I10,세종특별자치시교육청,9300178,고운고등학교,2025,주간,고등학교,휴업일,20250329,토요휴업일,,Y,Y,Y,*,*,*,20260322
I10,세종특별자치시교육청,9300178,고운고등학교,2025,주간,고등학교,휴업일,20250405,토요휴업일,,Y,Y,Y,*,*,*,20260322
I10,세종특별자치시교육청,9300178,고운고등학교,2025,주간,고등학교,휴업일,20250412,토요휴업일,,Y,Y,Y,*,*,*,20260322
I10,세종특별자치시교육청,9300178,고운고등학교,2025,주간,고등학교,휴업일,20250419,토요휴업일,,Y,Y,Y,*,*,*,20260322
I10,세종특별자치시교육청,9300178,고운고등학교,2025,주간,고등학교,휴업일,20250426,토요휴업일,,Y,Y,Y,*,*,*,20260322
I10,세종특별자치시교육청,9300178,고운고등학교,2025,주간,고등학교,해당없음,20250429,1회고사,1회고사(1일차),Y,Y,Y,*,*,*,20260322
I10,세종특별자치시교육청,9300178,고운고등학교,2025,주간,고등학교,해당없음,20250430,1회고사,1회고사(2일차),Y,Y,Y,*,*,*,20260322
I10,세종특별자치시교육청,9300178,고운고등학교,2025,주간,고등학교,해당없음,20250501,1회고사,1회고사(3일차),Y,Y,Y,*,*,*,20260322
I10,세종특별자치시교육청,9300178,고운고등학교,2025,주간,고등학교,해당없음,20250502,1회고사,1회고사(4일차),Y,Y,Y,*,*,*,20260322
I10,세종특별자치시교육청,9300178,고운고등학교,2025,주간,고등학교,휴업일,20250503,토요휴업일,,Y,Y,Y,*,*,*,20260322
I10,세종특별자치시교육청,9300178,고운고등학교,2025,주간,고등학교,공휴일,20250505,어린이날,어린이날,Y,Y,Y,*,*,*,20260322
I10,세종특별자치시교육청,9300178,고운고등학교,2025,주간,고등학교,공휴일,20250506,석가탄신일,,Y,Y,Y,*,*,*,20260322
I10,세종특별자치시교육청,9300178,고운고등학교,2025,주간,고등학교,공휴일,20250506,대체공휴일,,Y,Y,Y,*,*,*,20260322
I10,세종특별자치시교육청,9300178,고운고등학교,2025,주간,고등학교,해당없음,20250508,고3 전국연합,고3 전국연합학력평가,N,N,Y,*,*,*,20260322
I10,세종특별자치시교육청,9300178,고운고등학교,2025,주간,고등학교,휴업일,20250510,토요휴업일,,Y,Y,Y,*,*,*,20260322
I10,세종특별자치시교육청,9300178,고운고등학교,2025,주간,고등학교,해당없음,20250516,체육대회,체육대회,Y,Y,N,*,*,*,20260322
I10,세종특별자치시교육청,9300178,고운고등학교,2025,주간,고등학교,해당없음,20250516,졸업앨범촬영,졸업앨범촬영,N,N,Y,*,*,*,20260322
I10,세종특별자치시교육청,9300178,고운고등학교,2025,주간,고등학교,휴업일,20250517,토요휴업일,,Y,Y,Y,*,*,*,20260322
I10,세종특별자치시교육청,9300178,고운고등학교,2025,주간,고등학교,해당없음,20250521,수학여행,수학여행(1일차),N,Y,N,*,*,*,20260322
I10,세종특별자치시교육청,9300178,고운고등학교,2025,주간,고등학교,해당없음,20250522,현장체험학습,현장체험학습(1학년),Y,N,N,*,*,*,20260322
I10,세종특별자치시교육청,9300178,고운고등학교,2025,주간,고등학교,해당없음,20250522,수학여행,수학여행(2일차),N,Y,N,*,*,*,20260322
I10,세종특별자치시교육청,9300178,고운고등학교,2025,주간,고등학교,해당없음,20250523,수학여행,수학여행(3일차),N,Y,N,*,*,*,20260322
I10,세종특별자치시교육청,9300178,고운고등학교,2025,주간,고등학교,휴업일,20250524,토요휴업일,,Y,Y,Y,*,*,*,20260322
I10,세종특별자치시교육청,9300178,고운고등학교,2025,주간,고등학교,휴업일,20250531,토요휴업일,,Y,Y,Y,*,*,*,20260322
I10,세종특별자치시교육청,9300178,고운고등학교,2025,주간,고등학교,공휴일,20250603,대통령 선거,대통령 선거,Y,Y,Y,*,*,*,20260322
I10,세종특별자치시교육청,9300178,고운고등학교,2025,주간,고등학교,해당없음,20250605,전국연합학력평가,,Y,Y,N,*,*,*,20260322
I10,세종특별자치시교육청,9300178,고운고등학교,2025,주간,고등학교,해당없음,20250605,고3 수능모의평가,,N,N,Y,*,*,*,20260322
I10,세종특별자치시교육청,9300178,고운고등학교,2025,주간,고등학교,공휴일,20250606,현충일,현충일,Y,Y,Y,*,*,*,20260322
I10,세종특별자치시교육청,9300178,고운고등학교,2025,주간,고등학교,휴업일,20250607,토요휴업일,,Y,Y,Y,*,*,*,20260322
I10,세종특별자치시교육청,9300178,고운고등학교,2025,주간,고등학교,휴업일,20250614,토요휴업일,,Y,Y,Y,*,*,*,20260322
I10,세종특별자치시교육청,9300178,고운고등학교,2025,주간,고등학교,휴업일,20250621,토요휴업일,,Y,Y,Y,*,*,*,20260322
I10,세종특별자치시교육청,9300178,고운고등학교,2025,주간,고등학교,휴업일,20250628,토요휴업일,,Y,Y,Y,*,*,*,20260322
I10,세종특별자치시교육청,9300178,고운고등학교,2025,주간,고등학교,해당없음,20250630,2회고사,2회고사(1일차),Y,Y,Y,*,*,*,20260322
I10,세종특별자치시교육청,9300178,고운고등학교,2025,주간,고등학교,해당없음,20250701,2회고사,2회고사(2일차),Y,Y,Y,*,*,*,20260322
I10,세종특별자치시교육청,9300178,고운고등학교,2025,주간,고등학교,해당없음,20250702,2회고사,2회고사(3일차),Y,Y,Y,*,*,*,20260322
I10,세종특별자치시교육청,9300178,고운고등학교,2025,주간,고등학교,해당없음,20250703,2회고사,2회고사(4일차),Y,Y,Y,*,*,*,20260322
I10,세종특별자치시교육청,9300178,고운고등학교,2025,주간,고등학교,해당없음,20250704,2회고사,2회고사(5일차),Y,Y,Y,*,*,*,20260322
I10,세종특별자치시교육청,9300178,고운고등학교,2025,주간,고등학교,휴업일,20250705,토요휴업일,,Y,Y,Y,*,*,*,20260322
I10,세종특별자치시교육청,9300178,고운고등학교,2025,주간,고등학교,해당없음,20250710,고3 전국연합,고3 전국연합,N,N,Y,*,*,*,20260322
I10,세종특별자치시교육청,9300178,고운고등학교,2025,주간,고등학교,휴업일,20250712,토요휴업일,,Y,Y,Y,*,*,*,20260322
I10,세종특별자치시교육청,9300178,고운고등학교,2025,주간,고등학교,해당없음,20250718,여름방학식,여름방학식,Y,Y,Y,*,*,*,20260322
I10,세종특별자치시교육청,9300178,고운고등학교,2025,주간,고등학교,휴업일,20250719,토요휴업일,,Y,Y,Y,*,*,*,20260322
I10,세종특별자치시교육청,9300178,고운고등학교,2025,주간,고등학교,휴업일,20250721,여름방학,여름방학,Y,Y,Y,*,*,*,20260322
I10,세종특별자치시교육청,9300178,고운고등학교,2025,주간,고등학교,휴업일,20250722,여름방학,여름방학,Y,Y,Y,*,*,*,20260322
I10,세종특별자치시교육청,9300178,고운고등학교,2025,주간,고등학교,휴업일,20250723,여름방학,여름방학,Y,Y,Y,*,*,*,20260322
I10,세종특별자치시교육청,9300178,고운고등학교,2025,주간,고등학교,휴업일,20250724,여름방학,여름방학,Y,Y,Y,*,*,*,20260322
I10,세종특별자치시교육청,9300178,고운고등학교,2025,주간,고등학교,휴업일,20250725,여름방학,여름방학,Y,Y,Y,*,*,*,20260322
I10,세종특별자치시교육청,9300178,고운고등학교,2025,주간,고등학교,휴업일,20250726,토요휴업일,,Y,Y,Y,*,*,*,20260322
I10,세종특별자치시교육청,9300178,고운고등학교,2025,주간,고등학교,휴업일,20250728,겨울방학,여름방학,Y,Y,Y,*,*,*,20260322
I10,세종특별자치시교육청,9300178,고운고등학교,2025,주간,고등학교,휴업일,20250729,여름방학,여름방학,Y,Y,Y,*,*,*,20260322
I10,세종특별자치시교육청,9300178,고운고등학교,2025,주간,고등학교,휴업일,20250730,여름방학,여름방학,Y,Y,Y,*,*,*,20260322
I10,세종특별자치시교육청,9300178,고운고등학교,2025,주간,고등학교,휴업일,20250731,여름방학,여름방학,Y,Y,Y,*,*,*,20260322
I10,세종특별자치시교육청,9300178,고운고등학교,2025,주간,고등학교,휴업일,20250801,여름방학,여름방학,Y,Y,Y,*,*,*,20260322
I10,세종특별자치시교육청,9300178,고운고등학교,2025,주간,고등학교,휴업일,20250802,토요휴업일,,Y,Y,Y,*,*,*,20260322
I10,세종특별자치시교육청,9300178,고운고등학교,2025,주간,고등학교,휴업일,20250804,여름방학,여름방학,Y,Y,Y,*,*,*,20260322
I10,세종특별자치시교육청,9300178,고운고등학교,2025,주간,고등학교,휴업일,20250805,여름방학,여름방학,Y,Y,Y,*,*,*,20260322
I10,세종특별자치시교육청,9300178,고운고등학교,2025,주간,고등학교,휴업일,20250806,여름방학,여름방학,Y,Y,Y,*,*,*,20260322
I10,세종특별자치시교육청,9300178,고운고등학교,2025,주간,고등학교,휴업일,20250807,여름방학,여름방학,Y,Y,Y,*,*,*,20260322
I10,세종특별자치시교육청,9300178,고운고등학교,2025,주간,고등학교,휴업일,20250808,여름방학,여름방학,Y,Y,Y,*,*,*,20260322
I10,세종특별자치시교육청,9300178,고운고등학교,2025,주간,고등학교,휴업일,20250809,토요휴업일,,Y,Y,Y,*,*,*,20260322
I10,세종특별자치시교육청,9300178,고운고등학교,2025,주간,고등학교,휴업일,20250811,여름방학,여름방학,Y,Y,Y,*,*,*,20260322
I10,세종특별자치시교육청,9300178,고운고등학교,2025,주간,고등학교,휴업일,20250812,여름방학,여름방학,Y,Y,Y,*,*,*,20260322
I10,세종특별자치시교육청,9300178,고운고등학교,2025,주간,고등학교,해당없음,20250813,개학식,개학식,Y,Y,Y,*,*,*,20260322
I10,세종특별자치시교육청,9300178,고운고등학교,2025,주간,고등학교,공휴일,20250815,광복절,광복절,Y,Y,Y,*,*,*,20260322
I10,세종특별자치시교육청,9300178,고운고등학교,2025,주간,고등학교,휴업일,20250816,토요휴업일,,Y,Y,Y,*,*,*,20260322
I10,세종특별자치시교육청,9300178,고운고등학교,2025,주간,고등학교,휴업일,20250823,토요휴업일,,Y,Y,Y,*,*,*,20260322
I10,세종특별자치시교육청,9300178,고운고등학교,2025,주간,고등학교,휴업일,20250830,토요휴업일,,Y,Y,Y,*,*,*,20260322
I10,세종특별자치시교육청,9300178,고운고등학교,2025,주간,고등학교,해당없음,20250903,전국연합학력평가,,Y,Y,N,*,*,*,20260322
I10,세종특별자치시교육청,9300178,고운고등학교,2025,주간,고등학교,해당없음,20250903,고3 수능모의평가,고3 수능모의평가,N,N,Y,*,*,*,20260322
I10,세종특별자치시교육청,9300178,고운고등학교,2025,주간,고등학교,휴업일,20250906,토요휴업일,,Y,Y,Y,*,*,*,20260322
I10,세종특별자치시교육청,9300178,고운고등학교,2025,주간,고등학교,휴업일,20250913,토요휴업일,,Y,Y,Y,*,*,*,20260322
I10,세종특별자치시교육청,9300178,고운고등학교,2025,주간,고등학교,휴업일,20250920,토요휴업일,,Y,Y,Y,*,*,*,20260322
I10,세종특별자치시교육청,9300178,고운고등학교,2025,주간,고등학교,휴업일,20250927,토요휴업일,,Y,Y,Y,*,*,*,20260322
I10,세종특별자치시교육청,9300178,고운고등학교,2025,주간,고등학교,해당없음,20250929,1회고사,1회고사,Y,Y,Y,*,*,*,20260322
I10,세종특별자치시교육청,9300178,고운고등학교,2025,주간,고등학교,해당없음,20250930,1회고사,1회고사,Y,Y,Y,*,*,*,20260322
I10,세종특별자치시교육청,9300178,고운고등학교,2025,주간,고등학교,해당없음,20251001,1회고사,1회고사,Y,Y,Y,*,*,*,20260322
I10,세종특별자치시교육청,9300178,고운고등학교,2025,주간,고등학교,해당없음,20251002,1회고사,1회고사,Y,Y,Y,*,*,*,20260322
I10,세종특별자치시교육청,9300178,고운고등학교,2025,주간,고등학교,공휴일,20251003,개천절,,Y,Y,Y,*,*,*,20260322
I10,세종특별자치시교육청,9300178,고운고등학교,2025,주간,고등학교,휴업일,20251004,토요휴업일,,Y,Y,Y,*,*,*,20260322
I10,세종특별자치시교육청,9300178,고운고등학교,2025,주간,고등학교,공휴일,20251005,추석,,Y,Y,Y,*,*,*,20260322
I10,세종특별자치시교육청,9300178,고운고등학교,2025,주간,고등학교,공휴일,20251006,추석,,Y,Y,Y,*,*,*,20260322
I10,세종특별자치시교육청,9300178,고운고등학교,2025,주간,고등학교,공휴일,20251007,추석,,Y,Y,Y,*,*,*,20260322
I10,세종특별자치시교육청,9300178,고운고등학교,2025,주간,고등학교,공휴일,20251008,대체공휴일,,Y,Y,Y,*,*,*,20260322
I10,세종특별자치시교육청,9300178,고운고등학교,2025,주간,고등학교,공휴일,20251009,한글날,,Y,Y,Y,*,*,*,20260322
I10,세종특별자치시교육청,9300178,고운고등학교,2025,주간,고등학교,휴업일,20251010,재량휴업일,,Y,Y,Y,*,*,*,20260322
I10,세종특별자치시교육청,9300178,고운고등학교,2025,주간,고등학교,휴업일,20251011,토요휴업일,,Y,Y,Y,*,*,*,20260322
I10,세종특별자치시교육청,9300178,고운고등학교,2025,주간,고등학교,해당없음,20251014,전국연합학력평가,전국연합학력평가,Y,Y,Y,*,*,*,20260322
I10,세종특별자치시교육청,9300178,고운고등학교,2025,주간,고등학교,휴업일,20251018,토요휴업일,,Y,Y,Y,*,*,*,20260322
I10,세종특별자치시교육청,9300178,고운고등학교,2025,주간,고등학교,휴업일,20251025,토요휴업일,,Y,Y,Y,*,*,*,20260322
I10,세종특별자치시교육청,9300178,고운고등학교,2025,주간,고등학교,휴업일,20251101,토요휴업일,,Y,Y,Y,*,*,*,20260322
I10,세종특별자치시교육청,9300178,고운고등학교,2025,주간,고등학교,휴업일,20251108,토요휴업일,,Y,Y,Y,*,*,*,20260322
I10,세종특별자치시교육청,9300178,고운고등학교,2025,주간,고등학교,휴업일,20251113,재량휴업일,,Y,Y,Y,*,*,*,20260322
I10,세종특별자치시교육청,9300178,고운고등학교,2025,주간,고등학교,휴업일,20251113,대학수학능력시험,,Y,Y,Y,*,*,*,20260322
I10,세종특별자치시교육청,9300178,고운고등학교,2025,주간,고등학교,휴업일,20251115,토요휴업일,,Y,Y,Y,*,*,*,20260322
I10,세종특별자치시교육청,9300178,고운고등학교,2025,주간,고등학교,휴업일,20251122,토요휴업일,,Y,Y,Y,*,*,*,20260322
I10,세종특별자치시교육청,9300178,고운고등학교,2025,주간,고등학교,휴업일,20251129,토요휴업일,,Y,Y,Y,*,*,*,20260322
I10,세종특별자치시교육청,9300178,고운고등학교,2025,주간,고등학교,휴업일,20251206,토요휴업일,,Y,Y,Y,*,*,*,20260322
I10,세종특별자치시교육청,9300178,고운고등학교,2025,주간,고등학교,해당없음,20251208,2회고사,2회고사,Y,Y,N,*,*,*,20260322
I10,세종특별자치시교육청,9300178,고운고등학교,2025,주간,고등학교,해당없음,20251209,2회고사,2회고사,Y,Y,N,*,*,*,20260322
I10,세종특별자치시교육청,9300178,고운고등학교,2025,주간,고등학교,해당없음,20251210,2회고사,2회고사,Y,Y,N,*,*,*,20260322
I10,세종특별자치시교육청,9300178,고운고등학교,2025,주간,고등학교,해당없음,20251211,2회고사,2회고사,Y,Y,Y,*,*,*,20260322
I10,세종특별자치시교육청,9300178,고운고등학교,2025,주간,고등학교,해당없음,20251212,2회고사,2회고사,Y,Y,N,*,*,*,20260322
I10,세종특별자치시교육청,9300178,고운고등학교,2025,주간,고등학교,휴업일,20251213,토요휴업일,,Y,Y,Y,*,*,*,20260322
I10,세종특별자치시교육청,9300178,고운고등학교,2025,주간,고등학교,휴업일,20251220,토요휴업일,,Y,Y,Y,*,*,*,20260322
I10,세종특별자치시교육청,9300178,고운고등학교,2025,주간,고등학교,해당없음,20251223,고운누리축제,고운누리축제,Y,Y,Y,*,*,*,20260322
I10,세종특별자치시교육청,9300178,고운고등학교,2025,주간,고등학교,공휴일,20251225,성탄절,,Y,Y,Y,*,*,*,20260322
I10,세종특별자치시교육청,9300178,고운고등학교,2025,주간,고등학교,휴업일,20251227,토요휴업일,,Y,Y,Y,*,*,*,20260322
I10,세종특별자치시교육청,9300178,고운고등학교,2025,주간,고등학교,해당없음,20251230,겨울방학식,겨울방학식,Y,Y,Y,*,*,*,20260322
I10,세종특별자치시교육청,9300178,고운고등학교,2025,주간,고등학교,휴업일,20251231,겨울방학,,Y,Y,Y,*,*,*,20260322
I10,세종특별자치시교육청,9300178,고운고등학교,2025,주간,고등학교,공휴일,20260101,신정,,Y,Y,Y,*,*,*,20260322
I10,세종특별자치시교육청,9300178,고운고등학교,2025,주간,고등학교,휴업일,20260102,겨울방학,,Y,Y,Y,*,*,*,20260322
I10,세종특별자치시교육청,9300178,고운고등학교,2025,주간,고등학교,휴업일,20260103,토요휴업일,,Y,Y,Y,*,*,*,20260322
I10,세종특별자치시교육청,9300178,고운고등학교,2025,주간,고등학교,휴업일,20260105,겨울방학,,Y,Y,Y,*,*,*,20260322
I10,세종특별자치시교육청,9300178,고운고등학교,2025,주간,고등학교,휴업일,20260106,겨울방학,,Y,Y,Y,*,*,*,20260322
I10,세종특별자치시교육청,9300178,고운고등학교,2025,주간,고등학교,휴업일,20260107,겨울방학,,Y,Y,Y,*,*,*,20260322
I10,세종특별자치시교육청,9300178,고운고등학교,2025,주간,고등학교,휴업일,20260108,겨울방학,,Y,Y,Y,*,*,*,20260322
I10,세종특별자치시교육청,9300178,고운고등학교,2025,주간,고등학교,휴업일,20260109,겨울방학,,Y,Y,Y,*,*,*,20260322
I10,세종특별자치시교육청,9300178,고운고등학교,2025,주간,고등학교,휴업일,20260110,토요휴업일,,Y,Y,Y,*,*,*,20260322
I10,세종특별자치시교육청,9300178,고운고등학교,2025,주간,고등학교,휴업일,20260112,겨울방학,,Y,Y,Y,*,*,*,20260322
I10,세종특별자치시교육청,9300178,고운고등학교,2025,주간,고등학교,휴업일,20260113,겨울방학,,Y,Y,Y,*,*,*,20260322
I10,세종특별자치시교육청,9300178,고운고등학교,2025,주간,고등학교,휴업일,20260114,겨울방학,,Y,Y,Y,*,*,*,20260322
I10,세종특별자치시교육청,9300178,고운고등학교,2025,주간,고등학교,휴업일,20260115,겨울방학,,Y,Y,Y,*,*,*,20260322
I10,세종특별자치시교육청,9300178,고운고등학교,2025,주간,고등학교,휴업일,20260116,겨울방학,,Y,Y,Y,*,*,*,20260322
I10,세종특별자치시교육청,9300178,고운고등학교,2025,주간,고등학교,휴업일,20260117,토요휴업일,,Y,Y,Y,*,*,*,20260322
I10,세종특별자치시교육청,9300178,고운고등학교,2025,주간,고등학교,휴업일,20260119,겨울방학,,Y,Y,Y,*,*,*,20260322
I10,세종특별자치시교육청,9300178,고운고등학교,2025,주간,고등학교,휴업일,20260120,겨울방학,,Y,Y,Y,*,*,*,20260322
I10,세종특별자치시교육청,9300178,고운고등학교,2025,주간,고등학교,휴업일,20260121,겨울방학,,Y,Y,Y,*,*,*,20260322
I10,세종특별자치시교육청,9300178,고운고등학교,2025,주간,고등학교,휴업일,20260122,겨울방학,,Y,Y,Y,*,*,*,20260322
I10,세종특별자치시교육청,9300178,고운고등학교,2025,주간,고등학교,휴업일,20260123,겨울방학,,Y,Y,Y,*,*,*,20260322
I10,세종특별자치시교육청,9300178,고운고등학교,2025,주간,고등학교,휴업일,20260124,토요휴업일,,Y,Y,Y,*,*,*,20260322
I10,세종특별자치시교육청,9300178,고운고등학교,2025,주간,고등학교,해당없음,20260126,개학식,,Y,Y,Y,*,*,*,20260322
I10,세종특별자치시교육청,9300178,고운고등학교,2025,주간,고등학교,해당없음,20260129,졸업식,,N,N,Y,*,*,*,20260322
I10,세종특별자치시교육청,9300178,고운고등학교,2025,주간,고등학교,해당없음,20260129,고1.2 종업식,,Y,Y,N,*,*,*,20260322
I10,세종특별자치시교육청,9300178,고운고등학교,2025,주간,고등학교,휴업일,20260130,겨울방학,,Y,Y,Y,*,*,*,20260322
I10,세종특별자치시교육청,9300178,고운고등학교,2025,주간,고등학교,휴업일,20260131,토요휴업일,,Y,Y,Y,*,*,*,20260322
I10,세종특별자치시교육청,9300178,고운고등학교,2025,주간,고등학교,휴업일,20260202,겨울방학,,Y,Y,Y,*,*,*,20260322
I10,세종특별자치시교육청,9300178,고운고등학교,2025,주간,고등학교,휴업일,20260203,겨울방학,,Y,Y,Y,*,*,*,20260322
I10,세종특별자치시교육청,9300178,고운고등학교,2025,주간,고등학교,휴업일,20260204,겨울방학,,Y,Y,Y,*,*,*,20260322
I10,세종특별자치시교육청,9300178,고운고등학교,2025,주간,고등학교,휴업일,20260205,겨울방학,,Y,Y,Y,*,*,*,20260322
I10,세종특별자치시교육청,9300178,고운고등학교,2025,주간,고등학교,휴업일,20260206,겨울방학,,Y,Y,Y,*,*,*,20260322
I10,세종특별자치시교육청,9300178,고운고등학교,2025,주간,고등학교,휴업일,20260207,토요휴업일,,Y,Y,Y,*,*,*,20260322
I10,세종특별자치시교육청,9300178,고운고등학교,2025,주간,고등학교,휴업일,20260209,겨울방학,,Y,Y,Y,*,*,*,20260322
I10,세종특별자치시교육청,9300178,고운고등학교,2025,주간,고등학교,휴업일,20260210,겨울방학,,Y,Y,Y,*,*,*,20260322
I10,세종특별자치시교육청,9300178,고운고등학교,2025,주간,고등학교,휴업일,20260211,겨울방학,,Y,Y,Y,*,*,*,20260322
I10,세종특별자치시교육청,9300178,고운고등학교,2025,주간,고등학교,휴업일,20260212,겨울방학,,Y,Y,Y,*,*,*,20260322
I10,세종특별자치시교육청,9300178,고운고등학교,2025,주간,고등학교,휴업일,20260213,겨울방학,,Y,Y,Y,*,*,*,20260322
I10,세종특별자치시교육청,9300178,고운고등학교,2025,주간,고등학교,휴업일,20260214,토요휴업일,,Y,Y,Y,*,*,*,20260322
I10,세종특별자치시교육청,9300178,고운고등학교,2025,주간,고등학교,공휴일,20260216,설날,,Y,Y,Y,*,*,*,20260322
I10,세종특별자치시교육청,9300178,고운고등학교,2025,주간,고등학교,공휴일,20260217,설날,,Y,Y,Y,*,*,*,20260322
I10,세종특별자치시교육청,9300178,고운고등학교,2025,주간,고등학교,공휴일,20260218,설날,,Y,Y,Y,*,*,*,20260322
I10,세종특별자치시교육청,9300178,고운고등학교,2025,주간,고등학교,휴업일,20260219,겨울방학,,Y,Y,Y,*,*,*,20260322
I10,세종특별자치시교육청,9300178,고운고등학교,2025,주간,고등학교,휴업일,20260220,겨울방학,,Y,Y,Y,*,*,*,20260322
I10,세종특별자치시교육청,9300178,고운고등학교,2025,주간,고등학교,휴업일,20260221,토요휴업일,,Y,Y,Y,*,*,*,20260322
I10,세종특별자치시교육청,9300178,고운고등학교,2025,주간,고등학교,휴업일,20260223,겨울방학,,Y,Y,Y,*,*,*,20260322
I10,세종특별자치시교육청,9300178,고운고등학교,2025,주간,고등학교,휴업일,20260224,겨울방학,,Y,Y,Y,*,*,*,20260322
I10,세종특별자치시교육청,9300178,고운고등학교,2025,주간,고등학교,휴업일,20260225,겨울방학,,Y,Y,Y,*,*,*,20260322
I10,세종특별자치시교육청,9300178,고운고등학교,2025,주간,고등학교,휴업일,20260226,겨울방학,,Y,Y,Y,*,*,*,20260322
I10,세종특별자치시교육청,9300178,고운고등학교,2025,주간,고등학교,휴업일,20260227,겨울방학,,Y,Y,Y,*,*,*,20260322
I10,세종특별자치시교육청,9300178,고운고등학교,2025,주간,고등학교,휴업일,20260228,토요휴업일,,Y,Y,Y,*,*,*,20260322
I10,세종특별자치시교육청,9300178,고운고등학교,2026,주간,고등학교,공휴일,20260301,3·1절,,Y,Y,Y,*,*,*,20260322
I10,세종특별자치시교육청,9300178,고운고등학교,2026,주간,고등학교,공휴일,20260302,대체공휴일,,Y,Y,Y,*,*,*,20260322
I10,세종특별자치시교육청,9300178,고운고등학교,2026,주간,고등학교,휴업일,20260307,토요휴업일,,Y,Y,Y,*,*,*,20260322
I10,세종특별자치시교육청,9300178,고운고등학교,2026,주간,고등학교,휴업일,20260314,토요휴업일,,Y,Y,Y,*,*,*,20260322
I10,세종특별자치시교육청,9300178,고운고등학교,2026,주간,고등학교,휴업일,20260321,토요휴업일,,Y,Y,Y,*,*,*,20260322
I10,세종특별자치시교육청,9300178,고운고등학교,2026,주간,고등학교,해당없음,20260324,전국연합학력평가,,Y,Y,Y,*,*,*,20260322
I10,세종특별자치시교육청,9300178,고운고등학교,2026,주간,고등학교,휴업일,20260328,토요휴업일,,Y,Y,Y,*,*,*,20260322
I10,세종특별자치시교육청,9300178,고운고등학교,2026,주간,고등학교,휴업일,20260404,토요휴업일,,Y,Y,Y,*,*,*,20260322
I10,세종특별자치시교육청,9300178,고운고등학교,2026,주간,고등학교,휴업일,20260411,토요휴업일,,Y,Y,Y,*,*,*,20260322
I10,세종특별자치시교육청,9300178,고운고등학교,2026,주간,고등학교,휴업일,20260418,토요휴업일,,Y,Y,Y,*,*,*,20260322
I10,세종특별자치시교육청,9300178,고운고등학교,2026,주간,고등학교,휴업일,20260425,토요휴업일,,Y,Y,Y,*,*,*,20260322
I10,세종특별자치시교육청,9300178,고운고등학교,2026,주간,고등학교,휴업일,20260501,재량휴업일,,Y,Y,Y,*,*,*,20260322
I10,세종특별자치시교육청,9300178,고운고등학교,2026,주간,고등학교,휴업일,20260502,토요휴업일,,Y,Y,Y,*,*,*,20260322
I10,세종특별자치시교육청,9300178,고운고등학교,2026,주간,고등학교,휴업일,20260504,재량휴업일,,Y,Y,Y,*,*,*,20260322
I10,세종특별자치시교육청,9300178,고운고등학교,2026,주간,고등학교,공휴일,20260505,어린이날,,Y,Y,Y,*,*,*,20260322
I10,세종특별자치시교육청,9300178,고운고등학교,2026,주간,고등학교,휴업일,20260509,토요휴업일,,Y,Y,Y,*,*,*,20260322
I10,세종특별자치시교육청,9300178,고운고등학교,2026,주간,고등학교,휴업일,20260516,토요휴업일,,Y,Y,Y,*,*,*,20260322
I10,세종특별자치시교육청,9300178,고운고등학교,2026,주간,고등학교,휴업일,20260523,토요휴업일,,Y,Y,Y,*,*,*,20260322
I10,세종특별자치시교육청,9300178,고운고등학교,2026,주간,고등학교,공휴일,20260524,석가탄신일,,Y,Y,Y,*,*,*,20260322
I10,세종특별자치시교육청,9300178,고운고등학교,2026,주간,고등학교,공휴일,20260525,대체공휴일,,Y,Y,Y,*,*,*,20260322
I10,세종특별자치시교육청,9300178,고운고등학교,2026,주간,고등학교,휴업일,20260530,토요휴업일,,Y,Y,Y,*,*,*,20260322
I10,세종특별자치시교육청,9300178,고운고등학교,2026,주간,고등학교,공휴일,20260606,현충일,,Y,Y,Y,*,*,*,20260322
I10,세종특별자치시교육청,9300178,고운고등학교,2026,주간,고등학교,휴업일,20260613,토요휴업일,,Y,Y,Y,*,*,*,20260322
I10,세종특별자치시교육청,9300178,고운고등학교,2026,주간,고등학교,휴업일,20260620,토요휴업일,,Y,Y,Y,*,*,*,20260322
I10,세종특별자치시교육청,9300178,고운고등학교,2026,주간,고등학교,휴업일,20260627,토요휴업일,,Y,Y,Y,*,*,*,20260322
I10,세종특별자치시교육청,9300178,고운고등학교,2026,주간,고등학교,휴업일,20260704,토요휴업일,,Y,Y,Y,*,*,*,20260322
I10,세종특별자치시교육청,9300178,고운고등학교,2026,주간,고등학교,휴업일,20260711,토요휴업일,,Y,Y,Y,*,*,*,20260322
I10,세종특별자치시교육청,9300178,고운고등학교,2026,주간,고등학교,공휴일,20260717,제헌절,,Y,Y,Y,*,*,*,20260322
I10,세종특별자치시교육청,9300178,고운고등학교,2026,주간,고등학교,휴업일,20260718,토요휴업일,,Y,Y,Y,*,*,*,20260322
I10,세종특별자치시교육청,9300178,고운고등학교,2026,주간,고등학교,휴업일,20260725,토요휴업일,,Y,Y,Y,*,*,*,20260322
I10,세종특별자치시교육청,9300178,고운고등학교,2026,주간,고등학교,휴업일,20260801,토요휴업일,,Y,Y,Y,*,*,*,20260322
I10,세종특별자치시교육청,9300178,고운고등학교,2026,주간,고등학교,휴업일,20260808,토요휴업일,,Y,Y,Y,*,*,*,20260322
I10,세종특별자치시교육청,9300178,고운고등학교,2026,주간,고등학교,공휴일,20260815,광복절,,Y,Y,Y,*,*,*,20260322
I10,세종특별자치시교육청,9300178,고운고등학교,2026,주간,고등학교,공휴일,20260817,대체공휴일,,Y,Y,Y,*,*,*,20260322
I10,세종특별자치시교육청,9300178,고운고등학교,2026,주간,고등학교,휴업일,20260822,토요휴업일,,Y,Y,Y,*,*,*,20260322
I10,세종특별자치시교육청,9300178,고운고등학교,2026,주간,고등학교,휴업일,20260829,토요휴업일,,Y,Y,Y,*,*,*,20260322
I10,세종특별자치시교육청,9300178,고운고등학교,2026,주간,고등학교,휴업일,20260905,토요휴업일,,Y,Y,Y,*,*,*,20260322
I10,세종특별자치시교육청,9300178,고운고등학교,2026,주간,고등학교,휴업일,20260912,토요휴업일,,Y,Y,Y,*,*,*,20260322
I10,세종특별자치시교육청,9300178,고운고등학교,2026,주간,고등학교,휴업일,20260919,토요휴업일,,Y,Y,Y,*,*,*,20260322
I10,세종특별자치시교육청,9300178,고운고등학교,2026,주간,고등학교,공휴일,20260924,추석,,Y,Y,Y,*,*,*,20260322
I10,세종특별자치시교육청,9300178,고운고등학교,2026,주간,고등학교,공휴일,20260925,추석,,Y,Y,Y,*,*,*,20260322
I10,세종특별자치시교육청,9300178,고운고등학교,2026,주간,고등학교,공휴일,20260926,추석,,Y,Y,Y,*,*,*,20260322
I10,세종특별자치시교육청,9300178,고운고등학교,2026,주간,고등학교,공휴일,20261003,개천절,,Y,Y,Y,*,*,*,20260322
I10,세종특별자치시교육청,9300178,고운고등학교,2026,주간,고등학교,공휴일,20261005,대체공휴일,,Y,Y,Y,*,*,*,20260322
I10,세종특별자치시교육청,9300178,고운고등학교,2026,주간,고등학교,공휴일,20261009,한글날,,Y,Y,Y,*,*,*,20260322
I10,세종특별자치시교육청,9300178,고운고등학교,2026,주간,고등학교,휴업일,20261010,토요휴업일,,Y,Y,Y,*,*,*,20260322
I10,세종특별자치시교육청,9300178,고운고등학교,2026,주간,고등학교,휴업일,20261017,토요휴업일,,Y,Y,Y,*,*,*,20260322
I10,세종특별자치시교육청,9300178,고운고등학교,2026,주간,고등학교,휴업일,20261024,토요휴업일,,Y,Y,Y,*,*,*,20260322
I10,세종특별자치시교육청,9300178,고운고등학교,2026,주간,고등학교,휴업일,20261031,토요휴업일,,Y,Y,Y,*,*,*,20260322
I10,세종특별자치시교육청,9300178,고운고등학교,2026,주간,고등학교,휴업일,20261107,토요휴업일,,Y,Y,Y,*,*,*,20260322
I10,세종특별자치시교육청,9300178,고운고등학교,2026,주간,고등학교,휴업일,20261114,토요휴업일,,Y,Y,Y,*,*,*,20260322
I10,세종특별자치시교육청,9300178,고운고등학교,2026,주간,고등학교,휴업일,20261121,토요휴업일,,Y,Y,Y,*,*,*,20260322
I10,세종특별자치시교육청,9300178,고운고등학교,2026,주간,고등학교,휴업일,20261128,토요휴업일,,Y,Y,Y,*,*,*,20260322
I10,세종특별자치시교육청,9300178,고운고등학교,2026,주간,고등학교,휴업일,20261205,토요휴업일,,Y,Y,Y,*,*,*,20260322
I10,세종특별자치시교육청,9300178,고운고등학교,2026,주간,고등학교,휴업일,20261212,토요휴업일,,Y,Y,Y,*,*,*,20260322
I10,세종특별자치시교육청,9300178,고운고등학교,2026,주간,고등학교,휴업일,20261219,토요휴업일,,Y,Y,Y,*,*,*,20260322
I10,세종특별자치시교육청,9300178,고운고등학교,2026,주간,고등학교,공휴일,20261225,성탄절,,Y,Y,Y,*,*,*,20260322
I10,세종특별자치시교육청,9300178,고운고등학교,2026,주간,고등학교,휴업일,20261226,토요휴업일,,Y,Y,Y,*,*,*,20260322
I10,세종특별자치시교육청,9300178,고운고등학교,2026,주간,고등학교,공휴일,20270101,신정,,Y,Y,Y,*,*,*,20260322
I10,세종특별자치시교육청,9300178,고운고등학교,2026,주간,고등학교,휴업일,20270102,토요휴업일,,Y,Y,Y,*,*,*,20260322
I10,세종특별자치시교육청,9300178,고운고등학교,2026,주간,고등학교,휴업일,20270109,토요휴업일,,Y,Y,Y,*,*,*,20260322
I10,세종특별자치시교육청,9300178,고운고등학교,2026,주간,고등학교,휴업일,20270116,토요휴업일,,Y,Y,Y,*,*,*,20260322
I10,세종특별자치시교육청,9300178,고운고등학교,2026,주간,고등학교,휴업일,20270123,토요휴업일,,Y,Y,Y,*,*,*,20260322
I10,세종특별자치시교육청,9300178,고운고등학교,2026,주간,고등학교,휴업일,20270130,토요휴업일,,Y,Y,Y,*,*,*,20260322
I10,세종특별자치시교육청,9300178,고운고등학교,2026,주간,고등학교,공휴일,20270206,설날,,Y,Y,Y,*,*,*,20260322
I10,세종특별자치시교육청,9300178,고운고등학교,2026,주간,고등학교,공휴일,20270207,설날,,Y,Y,Y,*,*,*,20260322
I10,세종특별자치시교육청,9300178,고운고등학교,2026,주간,고등학교,공휴일,20270208,설날,,Y,Y,Y,*,*,*,20260322
I10,세종특별자치시교육청,9300178,고운고등학교,2026,주간,고등학교,공휴일,20270209,대체공휴일,,Y,Y,Y,*,*,*,20260322
I10,세종특별자치시교육청,9300178,고운고등학교,2026,주간,고등학교,휴업일,20270213,토요휴업일,,Y,Y,Y,*,*,*,20260322
I10,세종특별자치시교육청,9300178,고운고등학교,2026,주간,고등학교,휴업일,20270220,토요휴업일,,Y,Y,Y,*,*,*,20260322
I10,세종특별자치시교육청,9300178,고운고등학교,2026,주간,고등학교,휴업일,20270227,토요휴업일,,Y,Y,Y,*,*,*,20260322
I10,세종특별자치시교육청,9300174,고운중학교,2025,주간,중학교,공휴일,20250301,3·1절,,Y,Y,Y,*,*,*,20260322
I10,세종특별자치시교육청,9300174,고운중학교,2025,주간,중학교,공휴일,20250303,대체공휴일,,Y,Y,Y,*,*,*,20260322
I10,세종특별자치시교육청,9300174,고운중학교,2025,주간,중학교,해당없음,20250304,입학식,,Y,N,N,*,*,*,20260322
I10,세종특별자치시교육청,9300174,고운중학교,2025,주간,중학교,해당없음,20250304,개학식,,N,Y,Y,*,*,*,20260322
I10,세종특별자치시교육청,9300174,고운중학교,2025,주간,중학교,휴업일,20250308,토요휴업일,,Y,Y,Y,*,*,*,20260322
I10,세종특별자치시교육청,9300174,고운중학교,2025,주간,중학교,해당없음,20250314,기초학력진단검사,,Y,Y,Y,*,*,*,20260322
I10,세종특별자치시교육청,9300174,고운중학교,2025,주간,중학교,휴업일,20250315,토요휴업일,,Y,Y,Y,*,*,*,20260322
I10,세종특별자치시교육청,9300174,고운중학교,2025,주간,중학교,휴업일,20250322,토요휴업일,,Y,Y,Y,*,*,*,20260322
I10,세종특별자치시교육청,9300174,고운중학교,2025,주간,중학교,해당없음,20250324,담임상담주간,,Y,Y,Y,*,*,*,20260322
I10,세종특별자치시교육청,9300174,고운중학교,2025,주간,중학교,해당없음,20250325,담임상담주간,,Y,Y,Y,*,*,*,20260322
I10,세종특별자치시교육청,9300174,고운중학교,2025,주간,중학교,해당없음,20250326,담임상담주간,,Y,Y,Y,*,*,*,20260322
I10,세종특별자치시교육청,9300174,고운중학교,2025,주간,중학교,해당없음,20250327,학교교육과정설명회,,Y,Y,Y,*,*,*,20260322
I10,세종특별자치시교육청,9300174,고운중학교,2025,주간,중학교,해당없음,20250327,담임상담주간,,Y,Y,Y,*,*,*,20260322
I10,세종특별자치시교육청,9300174,고운중학교,2025,주간,중학교,해당없음,20250328,담임상담주간,,Y,Y,Y,*,*,*,20260322
I10,세종특별자치시교육청,9300174,고운중학교,2025,주간,중학교,휴업일,20250329,토요휴업일,,Y,Y,Y,*,*,*,20260322
I10,세종특별자치시교육청,9300174,고운중학교,2025,주간,중학교,해당없음,20250404,과학의 날 행사,,Y,Y,Y,*,*,*,20260322
I10,세종특별자치시교육청,9300174,고운중학교,2025,주간,중학교,휴업일,20250405,토요휴업일,,Y,Y,Y,*,*,*,20260322
I10,세종특별자치시교육청,9300174,고운중학교,2025,주간,중학교,휴업일,20250412,토요휴업일,,Y,Y,Y,*,*,*,20260322
I10,세종특별자치시교육청,9300174,고운중학교,2025,주간,중학교,휴업일,20250419,토요휴업일,,Y,Y,Y,*,*,*,20260322
I10,세종특별자치시교육청,9300174,고운중학교,2025,주간,중학교,해당없음,20250424,1학기 1회고사(전학년),,Y,Y,Y,*,*,*,20260322
I10,세종특별자치시교육청,9300174,고운중학교,2025,주간,중학교,해당없음,20250425,1학기 1회고사(전학년),,Y,Y,Y,*,*,*,20260322
I10,세종특별자치시교육청,9300174,고운중학교,2025,주간,중학교,휴업일,20250426,토요휴업일,,Y,Y,Y,*,*,*,20260322
I10,세종특별자치시교육청,9300174,고운중학교,2025,주간,중학교,휴업일,20250501,재량휴업일,,Y,Y,Y,*,*,*,20260322
I10,세종특별자치시교육청,9300174,고운중학교,2025,주간,중학교,휴업일,20250503,토요휴업일,,Y,Y,Y,*,*,*,20260322
I10,세종특별자치시교육청,9300174,고운중학교,2025,주간,중학교,공휴일,20250505,어린이날,,Y,Y,Y,*,*,*,20260322
I10,세종특별자치시교육청,9300174,고운중학교,2025,주간,중학교,공휴일,20250506,대체공휴일,,Y,Y,Y,*,*,*,20260322
I10,세종특별자치시교육청,9300174,고운중학교,2025,주간,중학교,휴업일,20250510,토요휴업일,,Y,Y,Y,*,*,*,20260322
I10,세종특별자치시교육청,9300174,고운중학교,2025,주간,중학교,휴업일,20250517,토요휴업일,,Y,Y,Y,*,*,*,20260322
I10,세종특별자치시교육청,9300174,고운중학교,2025,주간,중학교,해당없음,20250521,1학년 수련활동,,Y,N,N,*,*,*,20260322
I10,세종특별자치시교육청,9300174,고운중학교,2025,주간,중학교,해당없음,20250521,2학년 수학여행,,N,Y,N,*,*,*,20260322
I10,세종특별자치시교육청,9300174,고운중학교,2025,주간,중학교,해당없음,20250522,1학년 수련활동,,Y,N,N,*,*,*,20260322
I10,세종특별자치시교육청,9300174,고운중학교,2025,주간,중학교,해당없음,20250522,2학년 수학여행,,N,Y,N,*,*,*,20260322
I10,세종특별자치시교육청,9300174,고운중학교,2025,주간,중학교,해당없음,20250522,3학년 현장체험활동,,N,N,Y,*,*,*,20260322
I10,세종특별자치시교육청,9300174,고운중학교,2025,주간,중학교,해당없음,20250523,1학년 수련활동,,Y,N,N,*,*,*,20260322
I10,세종특별자치시교육청,9300174,고운중학교,2025,주간,중학교,해당없음,20250523,2학년 수학여행,,N,Y,N,*,*,*,20260322
I10,세종특별자치시교육청,9300174,고운중학교,2025,주간,중학교,휴업일,20250524,토요휴업일,,Y,Y,Y,*,*,*,20260322
I10,세종특별자치시교육청,9300174,고운중학교,2025,주간,중학교,휴업일,20250531,토요휴업일,,Y,Y,Y,*,*,*,20260322
I10,세종특별자치시교육청,9300174,고운중학교,2025,주간,중학교,공휴일,20250603,대통령 선거일,,Y,Y,Y,*,*,*,20260322
I10,세종특별자치시교육청,9300174,고운중학교,2025,주간,중학교,공휴일,20250606,현충일,,Y,Y,Y,*,*,*,20260322
I10,세종특별자치시교육청,9300174,고운중학교,2025,주간,중학교,휴업일,20250607,토요휴업일,,Y,Y,Y,*,*,*,20260322
I10,세종특별자치시교육청,9300174,고운중학교,2025,주간,중학교,휴업일,20250614,토요휴업일,,Y,Y,Y,*,*,*,20260322
I10,세종특별자치시교육청,9300174,고운중학교,2025,주간,중학교,휴업일,20250621,토요휴업일,,Y,Y,Y,*,*,*,20260322
I10,세종특별자치시교육청,9300174,고운중학교,2025,주간,중학교,휴업일,20250628,토요휴업일,,Y,Y,Y,*,*,*,20260322
I10,세종특별자치시교육청,9300174,고운중학교,2025,주간,중학교,해당없음,20250630,1학기 2회고사(전학년),,Y,Y,Y,*,*,*,20260322
I10,세종특별자치시교육청,9300174,고운중학교,2025,주간,중학교,해당없음,20250701,1학기 2회고사(전학년),,Y,Y,Y,*,*,*,20260322
I10,세종특별자치시교육청,9300174,고운중학교,2025,주간,중학교,해당없음,20250702,1학기 2회고사(전학년),,Y,Y,Y,*,*,*,20260322
I10,세종특별자치시교육청,9300174,고운중학교,2025,주간,중학교,휴업일,20250705,토요휴업일,,Y,Y,Y,*,*,*,20260322
I10,세종특별자치시교육청,9300174,고운중학교,2025,주간,중학교,해당없음,20250707,꿈끼탐색주간,,Y,Y,Y,*,*,*,20260322
I10,세종특별자치시교육청,9300174,고운중학교,2025,주간,중학교,해당없음,20250708,꿈끼탐색주간,,Y,Y,Y,*,*,*,20260322
I10,세종특별자치시교육청,9300174,고운중학교,2025,주간,중학교,해당없음,20250709,꿈끼탐색주간,,Y,Y,Y,*,*,*,20260322
I10,세종특별자치시교육청,9300174,고운중학교,2025,주간,중학교,해당없음,20250710,꿈끼탐색주간,,Y,Y,Y,*,*,*,20260322
I10,세종특별자치시교육청,9300174,고운중학교,2025,주간,중학교,해당없음,20250711,꿈끼탐색주간,,Y,Y,Y,*,*,*,20260322
I10,세종특별자치시교육청,9300174,고운중학교,2025,주간,중학교,해당없음,20250712,꿈끼탐색주간,,Y,Y,Y,*,*,*,20260322
I10,세종특별자치시교육청,9300174,고운중학교,2025,주간,중학교,휴업일,20250712,토요휴업일,,Y,Y,Y,*,*,*,20260322
I10,세종특별자치시교육청,9300174,고운중학교,2025,주간,중학교,해당없음,20250714,꿈끼탐색주간,,Y,Y,Y,*,*,*,20260322
I10,세종특별자치시교육청,9300174,고운중학교,2025,주간,중학교,해당없음,20250715,꿈끼탐색주간,,Y,Y,Y,*,*,*,20260322
I10,세종특별자치시교육청,9300174,고운중학교,2025,주간,중학교,해당없음,20250716,꿈끼탐색주간,,Y,Y,Y,*,*,*,20260322
I10,세종특별자치시교육청,9300174,고운중학교,2025,주간,중학교,해당없음,20250717,꿈끼탐색주간,,Y,Y,Y,*,*,*,20260322
I10,세종특별자치시교육청,9300174,고운중학교,2025,주간,중학교,해당없음,20250718,여름방학식,,Y,Y,Y,*,*,*,20260322
I10,세종특별자치시교육청,9300174,고운중학교,2025,주간,중학교,해당없음,20250718,꿈끼탐색주간,,Y,Y,Y,*,*,*,20260322
I10,세종특별자치시교육청,9300174,고운중학교,2025,주간,중학교,휴업일,20250719,토요휴업일,,Y,Y,Y,*,*,*,20260322
I10,세종특별자치시교육청,9300174,고운중학교,2025,주간,중학교,공휴일,20250721,여름방학,,Y,Y,Y,*,*,*,20260322
I10,세종특별자치시교육청,9300174,고운중학교,2025,주간,중학교,공휴일,20250722,여름방학,,Y,Y,Y,*,*,*,20260322
I10,세종특별자치시교육청,9300174,고운중학교,2025,주간,중학교,공휴일,20250723,여름방학,,Y,Y,Y,*,*,*,20260322
I10,세종특별자치시교육청,9300174,고운중학교,2025,주간,중학교,공휴일,20250724,여름방학,,Y,Y,Y,*,*,*,20260322
I10,세종특별자치시교육청,9300174,고운중학교,2025,주간,중학교,공휴일,20250725,여름방학,,Y,Y,Y,*,*,*,20260322
I10,세종특별자치시교육청,9300174,고운중학교,2025,주간,중학교,공휴일,20250726,여름방학,,Y,Y,Y,*,*,*,20260322
I10,세종특별자치시교육청,9300174,고운중학교,2025,주간,중학교,휴업일,20250726,토요휴업일,,Y,Y,Y,*,*,*,20260322
I10,세종특별자치시교육청,9300174,고운중학교,2025,주간,중학교,공휴일,20250727,여름방학,,Y,Y,Y,*,*,*,20260322
I10,세종특별자치시교육청,9300174,고운중학교,2025,주간,중학교,공휴일,20250728,여름방학,,Y,Y,Y,*,*,*,20260322
I10,세종특별자치시교육청,9300174,고운중학교,2025,주간,중학교,공휴일,20250729,여름방학,,Y,Y,Y,*,*,*,20260322
I10,세종특별자치시교육청,9300174,고운중학교,2025,주간,중학교,공휴일,20250730,여름방학,,Y,Y,Y,*,*,*,20260322
I10,세종특별자치시교육청,9300174,고운중학교,2025,주간,중학교,공휴일,20250731,여름방학,,Y,Y,Y,*,*,*,20260322
I10,세종특별자치시교육청,9300174,고운중학교,2025,주간,중학교,공휴일,20250801,여름방학,,Y,Y,Y,*,*,*,20260322
I10,세종특별자치시교육청,9300174,고운중학교,2025,주간,중학교,공휴일,20250802,여름방학,,Y,Y,Y,*,*,*,20260322
I10,세종특별자치시교육청,9300174,고운중학교,2025,주간,중학교,휴업일,20250802,토요휴업일,,Y,Y,Y,*,*,*,20260322
I10,세종특별자치시교육청,9300174,고운중학교,2025,주간,중학교,공휴일,20250803,여름방학,,Y,Y,Y,*,*,*,20260322
I10,세종특별자치시교육청,9300174,고운중학교,2025,주간,중학교,공휴일,20250804,여름방학,,Y,Y,Y,*,*,*,20260322
I10,세종특별자치시교육청,9300174,고운중학교,2025,주간,중학교,공휴일,20250805,여름방학,,Y,Y,Y,*,*,*,20260322
I10,세종특별자치시교육청,9300174,고운중학교,2025,주간,중학교,공휴일,20250806,여름방학,,Y,Y,Y,*,*,*,20260322
I10,세종특별자치시교육청,9300174,고운중학교,2025,주간,중학교,공휴일,20250807,여름방학,,Y,Y,Y,*,*,*,20260322
I10,세종특별자치시교육청,9300174,고운중학교,2025,주간,중학교,공휴일,20250808,여름방학,,Y,Y,Y,*,*,*,20260322
I10,세종특별자치시교육청,9300174,고운중학교,2025,주간,중학교,휴업일,20250809,토요휴업일,,Y,Y,Y,*,*,*,20260322
I10,세종특별자치시교육청,9300174,고운중학교,2025,주간,중학교,공휴일,20250809,여름방학,,Y,Y,Y,*,*,*,20260322
I10,세종특별자치시교육청,9300174,고운중학교,2025,주간,중학교,공휴일,20250810,여름방학,,Y,Y,Y,*,*,*,20260322
I10,세종특별자치시교육청,9300174,고운중학교,2025,주간,중학교,공휴일,20250811,여름방학,,Y,Y,Y,*,*,*,20260322
I10,세종특별자치시교육청,9300174,고운중학교,2025,주간,중학교,공휴일,20250812,여름방학,,Y,Y,Y,*,*,*,20260322
I10,세종특별자치시교육청,9300174,고운중학교,2025,주간,중학교,공휴일,20250815,광복절,,Y,Y,Y,*,*,*,20260322
I10,세종특별자치시교육청,9300174,고운중학교,2025,주간,중학교,휴업일,20250816,토요휴업일,,Y,Y,Y,*,*,*,20260322
I10,세종특별자치시교육청,9300174,고운중학교,2025,주간,중학교,휴업일,20250823,토요휴업일,,Y,Y,Y,*,*,*,20260322
I10,세종특별자치시교육청,9300174,고운중학교,2025,주간,중학교,휴업일,20250830,토요휴업일,,Y,Y,Y,*,*,*,20260322
I10,세종특별자치시교육청,9300174,고운중학교,2025,주간,중학교,해당없음,20250901,담임상담주간,,Y,Y,Y,*,*,*,20260322
I10,세종특별자치시교육청,9300174,고운중학교,2025,주간,중학교,해당없음,20250902,담임상담주간,,Y,Y,Y,*,*,*,20260322
I10,세종특별자치시교육청,9300174,고운중학교,2025,주간,중학교,해당없음,20250903,담임상담주간,,Y,Y,Y,*,*,*,20260322
I10,세종특별자치시교육청,9300174,고운중학교,2025,주간,중학교,해당없음,20250904,담임상담주간,,Y,Y,Y,*,*,*,20260322
I10,세종특별자치시교육청,9300174,고운중학교,2025,주간,중학교,해당없음,20250905,담임상담주간,,Y,Y,Y,*,*,*,20260322
I10,세종특별자치시교육청,9300174,고운중학교,2025,주간,중학교,휴업일,20250906,토요휴업일,,Y,Y,Y,*,*,*,20260322
I10,세종특별자치시교육청,9300174,고운중학교,2025,주간,중학교,해당없음,20250908,생명존중교육주간,,Y,Y,Y,*,*,*,20260322
I10,세종특별자치시교육청,9300174,고운중학교,2025,주간,중학교,해당없음,20250909,생명존중교육주간,,Y,Y,Y,*,*,*,20260322
I10,세종특별자치시교육청,9300174,고운중학교,2025,주간,중학교,해당없음,20250910,생명존중교육주간,,Y,Y,Y,*,*,*,20260322
I10,세종특별자치시교육청,9300174,고운중학교,2025,주간,중학교,해당없음,20250911,생명존중교육주간,,Y,Y,Y,*,*,*,20260322
I10,세종특별자치시교육청,9300174,고운중학교,2025,주간,중학교,해당없음,20250912,생명존중교육주간,,Y,Y,Y,*,*,*,20260322
I10,세종특별자치시교육청,9300174,고운중학교,2025,주간,중학교,휴업일,20250913,토요휴업일,,Y,Y,Y,*,*,*,20260322
I10,세종특별자치시교육청,9300174,고운중학교,2025,주간,중학교,휴업일,20250920,토요휴업일,,Y,Y,Y,*,*,*,20260322
I10,세종특별자치시교육청,9300174,고운중학교,2025,주간,중학교,휴업일,20250927,토요휴업일,,Y,Y,Y,*,*,*,20260322
I10,세종특별자치시교육청,9300174,고운중학교,2025,주간,중학교,해당없음,20250929,"2학기 1회고사(2,3학년)",,N,Y,Y,*,*,*,20260322
I10,세종특별자치시교육청,9300174,고운중학교,2025,주간,중학교,해당없음,20250930,"2학기 1회고사(2,3학년)",,N,Y,Y,*,*,*,20260322
I10,세종특별자치시교육청,9300174,고운중학교,2025,주간,중학교,공휴일,20251003,개천절,,Y,Y,Y,*,*,*,20260322
I10,세종특별자치시교육청,9300174,고운중학교,2025,주간,중학교,휴업일,20251004,토요휴업일,,Y,Y,Y,*,*,*,20260322
I10,세종특별자치시교육청,9300174,고운중학교,2025,주간,중학교,공휴일,20251005,추석,,Y,Y,Y,*,*,*,20260322
I10,세종특별자치시교육청,9300174,고운중학교,2025,주간,중학교,공휴일,20251006,추석,,Y,Y,Y,*,*,*,20260322
I10,세종특별자치시교육청,9300174,고운중학교,2025,주간,중학교,공휴일,20251007,추석,,Y,Y,Y,*,*,*,20260322
I10,세종특별자치시교육청,9300174,고운중학교,2025,주간,중학교,공휴일,20251008,대체공휴일,,Y,Y,Y,*,*,*,20260322
I10,세종특별자치시교육청,9300174,고운중학교,2025,주간,중학교,공휴일,20251009,한글날,,Y,Y,Y,*,*,*,20260322
I10,세종특별자치시교육청,9300174,고운중학교,2025,주간,중학교,휴업일,20251010,재량휴업일,,Y,Y,Y,*,*,*,20260322
I10,세종특별자치시교육청,9300174,고운중학교,2025,주간,중학교,휴업일,20251011,토요휴업일,,Y,Y,Y,*,*,*,20260322
I10,세종특별자치시교육청,9300174,고운중학교,2025,주간,중학교,해당없음,20251017,고운스포츠축제,,Y,Y,Y,*,*,*,20260322
I10,세종특별자치시교육청,9300174,고운중학교,2025,주간,중학교,휴업일,20251018,토요휴업일,,Y,Y,Y,*,*,*,20260322
I10,세종특별자치시교육청,9300174,고운중학교,2025,주간,중학교,휴업일,20251025,토요휴업일,,Y,Y,Y,*,*,*,20260322
I10,세종특별자치시교육청,9300174,고운중학교,2025,주간,중학교,휴업일,20251101,토요휴업일,,Y,Y,Y,*,*,*,20260322
I10,세종특별자치시교육청,9300174,고운중학교,2025,주간,중학교,휴업일,20251108,토요휴업일,,Y,Y,Y,*,*,*,20260322
I10,세종특별자치시교육청,9300174,고운중학교,2025,주간,중학교,해당없음,20251110,2학기 2회고사(3학년),,N,N,Y,*,*,*,20260322
I10,세종특별자치시교육청,9300174,고운중학교,2025,주간,중학교,해당없음,20251111,2학기 2회고사(3학년),,N,N,Y,*,*,*,20260322
I10,세종특별자치시교육청,9300174,고운중학교,2025,주간,중학교,해당없음,20251112,2학기 2회고사(3학년),,N,N,Y,*,*,*,20260322
I10,세종특별자치시교육청,9300174,고운중학교,2025,주간,중학교,휴업일,20251113,재량휴업(대학수학능력시험),,Y,Y,Y,*,*,*,20260322
I10,세종특별자치시교육청,9300174,고운중학교,2025,주간,중학교,휴업일,20251115,토요휴업일,,Y,Y,Y,*,*,*,20260322
I10,세종특별자치시교육청,9300174,고운중학교,2025,주간,중학교,휴업일,20251122,토요휴업일,,Y,Y,Y,*,*,*,20260322
I10,세종특별자치시교육청,9300174,고운중학교,2025,주간,중학교,휴업일,20251129,토요휴업일,,Y,Y,Y,*,*,*,20260322
I10,세종특별자치시교육청,9300174,고운중학교,2025,주간,중학교,휴업일,20251206,토요휴업일,,Y,Y,Y,*,*,*,20260322
I10,세종특별자치시교육청,9300174,고운중학교,2025,주간,중학교,휴업일,20251213,토요휴업일,,Y,Y,Y,*,*,*,20260322
I10,세종특별자치시교육청,9300174,고운중학교,2025,주간,중학교,해당없음,20251215,2학기 2회고사(2학년),,N,Y,N,*,*,*,20260322
I10,세종특별자치시교육청,9300174,고운중학교,2025,주간,중학교,해당없음,20251215,자유학기 진로체험(1학년),,Y,N,N,*,*,*,20260322
I10,세종특별자치시교육청,9300174,고운중학교,2025,주간,중학교,해당없음,20251216,2학기 2회고사(2학년),,N,Y,N,*,*,*,20260322
I10,세종특별자치시교육청,9300174,고운중학교,2025,주간,중학교,해당없음,20251216,자유학기 진로체험(1학년),,Y,N,N,*,*,*,20260322
I10,세종특별자치시교육청,9300174,고운중학교,2025,주간,중학교,해당없음,20251217,2학기 2회고사(2학년),,N,Y,N,*,*,*,20260322
I10,세종특별자치시교육청,9300174,고운중학교,2025,주간,중학교,해당없음,20251217,자유학기 진로체험(1학년),,Y,N,N,*,*,*,20260322
I10,세종특별자치시교육청,9300174,고운중학교,2025,주간,중학교,해당없음,20251218,꿈끼탐색주간,,Y,Y,Y,*,*,*,20260322
I10,세종특별자치시교육청,9300174,고운중학교,2025,주간,중학교,해당없음,20251219,꿈끼탐색주간,,Y,Y,Y,*,*,*,20260322
I10,세종특별자치시교육청,9300174,고운중학교,2025,주간,중학교,해당없음,20251220,꿈끼탐색주간,,Y,Y,Y,*,*,*,20260322
I10,세종특별자치시교육청,9300174,고운중학교,2025,주간,중학교,휴업일,20251220,토요휴업일,,Y,Y,Y,*,*,*,20260322
I10,세종특별자치시교육청,9300174,고운중학교,2025,주간,중학교,해당없음,20251222,꿈끼탐색주간,,Y,Y,Y,*,*,*,20260322
I10,세종특별자치시교육청,9300174,고운중학교,2025,주간,중학교,해당없음,20251223,꿈끼탐색주간,,Y,Y,Y,*,*,*,20260322
I10,세종특별자치시교육청,9300174,고운중학교,2025,주간,중학교,해당없음,20251224,꿈끼탐색주간,,Y,Y,Y,*,*,*,20260322
I10,세종특별자치시교육청,9300174,고운중학교,2025,주간,중학교,해당없음,20251225,꿈끼탐색주간,,Y,Y,Y,*,*,*,20260322
I10,세종특별자치시교육청,9300174,고운중학교,2025,주간,중학교,공휴일,20251225,성탄절,,Y,Y,Y,*,*,*,20260322
I10,세종특별자치시교육청,9300174,고운중학교,2025,주간,중학교,해당없음,20251226,꿈끼탐색주간,,Y,Y,Y,*,*,*,20260322
I10,세종특별자치시교육청,9300174,고운중학교,2025,주간,중학교,해당없음,20251227,꿈끼탐색주간,,Y,Y,Y,*,*,*,20260322
I10,세종특별자치시교육청,9300174,고운중학교,2025,주간,중학교,휴업일,20251227,토요휴업일,,Y,Y,Y,*,*,*,20260322
I10,세종특별자치시교육청,9300174,고운중학교,2025,주간,중학교,해당없음,20251229,꿈끼탐색주간,,Y,Y,Y,*,*,*,20260322
I10,세종특별자치시교육청,9300174,고운중학교,2025,주간,중학교,해당없음,20251230,꿈끼탐색주간,,Y,Y,Y,*,*,*,20260322
I10,세종특별자치시교육청,9300174,고운중학교,2025,주간,중학교,해당없음,20251231,학교문화축제,,Y,Y,Y,*,*,*,20260322
I10,세종특별자치시교육청,9300174,고운중학교,2025,주간,중학교,해당없음,20251231,꿈끼탐색주간,,Y,Y,Y,*,*,*,20260322
I10,세종특별자치시교육청,9300174,고운중학교,2025,주간,중학교,공휴일,20260101,신정,,Y,Y,Y,*,*,*,20260322
I10,세종특별자치시교육청,9300174,고운중학교,2025,주간,중학교,휴업일,20260103,토요휴업일,,Y,Y,Y,*,*,*,20260322
I10,세종특별자치시교육청,9300174,고운중학교,2025,주간,중학교,해당없음,20260107,졸업식,,N,N,Y,*,*,*,20260322
I10,세종특별자치시교육청,9300174,고운중학교,2025,주간,중학교,해당없음,20260107,종업식,,Y,Y,N,*,*,*,20260322
I10,세종특별자치시교육청,9300174,고운중학교,2025,주간,중학교,공휴일,20260108,학년말방학,,Y,Y,Y,*,*,*,20260322
I10,세종특별자치시교육청,9300174,고운중학교,2025,주간,중학교,공휴일,20260109,학년말방학,,Y,Y,Y,*,*,*,20260322
I10,세종특별자치시교육청,9300174,고운중학교,2025,주간,중학교,공휴일,20260110,학년말방학,,Y,Y,Y,*,*,*,20260322
I10,세종특별자치시교육청,9300174,고운중학교,2025,주간,중학교,휴업일,20260110,토요휴업일,,Y,Y,Y,*,*,*,20260322
I10,세종특별자치시교육청,9300174,고운중학교,2025,주간,중학교,공휴일,20260111,학년말방학,,Y,Y,Y,*,*,*,20260322
I10,세종특별자치시교육청,9300174,고운중학교,2025,주간,중학교,공휴일,20260112,학년말방학,,Y,Y,Y,*,*,*,20260322
I10,세종특별자치시교육청,9300174,고운중학교,2025,주간,중학교,공휴일,20260113,학년말방학,,Y,Y,Y,*,*,*,20260322
I10,세종특별자치시교육청,9300174,고운중학교,2025,주간,중학교,공휴일,20260114,학년말방학,,Y,Y,Y,*,*,*,20260322
I10,세종특별자치시교육청,9300174,고운중학교,2025,주간,중학교,공휴일,20260115,학년말방학,,Y,Y,Y,*,*,*,20260322
I10,세종특별자치시교육청,9300174,고운중학교,2025,주간,중학교,공휴일,20260116,학년말방학,,Y,Y,Y,*,*,*,20260322
I10,세종특별자치시교육청,9300174,고운중학교,2025,주간,중학교,공휴일,20260117,학년말방학,,Y,Y,Y,*,*,*,20260322
I10,세종특별자치시교육청,9300174,고운중학교,2025,주간,중학교,휴업일,20260117,토요휴업일,,Y,Y,Y,*,*,*,20260322
I10,세종특별자치시교육청,9300174,고운중학교,2025,주간,중학교,공휴일,20260118,학년말방학,,Y,Y,Y,*,*,*,20260322
I10,세종특별자치시교육청,9300174,고운중학교,2025,주간,중학교,공휴일,20260119,학년말방학,,Y,Y,Y,*,*,*,20260322
I10,세종특별자치시교육청,9300174,고운중학교,2025,주간,중학교,공휴일,20260120,학년말방학,,Y,Y,Y,*,*,*,20260322
I10,세종특별자치시교육청,9300174,고운중학교,2025,주간,중학교,공휴일,20260121,학년말방학,,Y,Y,Y,*,*,*,20260322
I10,세종특별자치시교육청,9300174,고운중학교,2025,주간,중학교,공휴일,20260122,학년말방학,,Y,Y,Y,*,*,*,20260322
I10,세종특별자치시교육청,9300174,고운중학교,2025,주간,중학교,공휴일,20260123,학년말방학,,Y,Y,Y,*,*,*,20260322
I10,세종특별자치시교육청,9300174,고운중학교,2025,주간,중학교,공휴일,20260124,학년말방학,,Y,Y,Y,*,*,*,20260322
I10,세종특별자치시교육청,9300174,고운중학교,2025,주간,중학교,휴업일,20260124,토요휴업일,,Y,Y,Y,*,*,*,20260322
I10,세종특별자치시교육청,9300174,고운중학교,2025,주간,중학교,공휴일,20260125,학년말방학,,Y,Y,Y,*,*,*,20260322
I10,세종특별자치시교육청,9300174,고운중학교,2025,주간,중학교,공휴일,20260126,학년말방학,,Y,Y,Y,*,*,*,20260322
I10,세종특별자치시교육청,9300174,고운중학교,2025,주간,중학교,공휴일,20260127,학년말방학,,Y,Y,Y,*,*,*,20260322
I10,세종특별자치시교육청,9300174,고운중학교,2025,주간,중학교,공휴일,20260128,학년말방학,,Y,Y,Y,*,*,*,20260322
I10,세종특별자치시교육청,9300174,고운중학교,2025,주간,중학교,공휴일,20260129,학년말방학,,Y,Y,Y,*,*,*,20260322
I10,세종특별자치시교육청,9300174,고운중학교,2025,주간,중학교,공휴일,20260130,학년말방학,,Y,Y,Y,*,*,*,20260322
I10,세종특별자치시교육청,9300174,고운중학교,2025,주간,중학교,공휴일,20260131,학년말방학,,Y,Y,Y,*,*,*,20260322
I10,세종특별자치시교육청,9300174,고운중학교,2025,주간,중학교,휴업일,20260131,토요휴업일,,Y,Y,Y,*,*,*,20260322
I10,세종특별자치시교육청,9300174,고운중학교,2025,주간,중학교,공휴일,20260201,학년말방학,,Y,Y,Y,*,*,*,20260322
I10,세종특별자치시교육청,9300174,고운중학교,2025,주간,중학교,공휴일,20260202,학년말방학,,Y,Y,Y,*,*,*,20260322
I10,세종특별자치시교육청,9300174,고운중학교,2025,주간,중학교,공휴일,20260203,학년말방학,,Y,Y,Y,*,*,*,20260322
I10,세종특별자치시교육청,9300174,고운중학교,2025,주간,중학교,공휴일,20260204,학년말방학,,Y,Y,Y,*,*,*,20260322
I10,세종특별자치시교육청,9300174,고운중학교,2025,주간,중학교,공휴일,20260205,학년말방학,,Y,Y,Y,*,*,*,20260322
I10,세종특별자치시교육청,9300174,고운중학교,2025,주간,중학교,공휴일,20260206,학년말방학,,Y,Y,Y,*,*,*,20260322
I10,세종특별자치시교육청,9300174,고운중학교,2025,주간,중학교,공휴일,20260207,학년말방학,,Y,Y,Y,*,*,*,20260322
I10,세종특별자치시교육청,9300174,고운중학교,2025,주간,중학교,휴업일,20260207,토요휴업일,,Y,Y,Y,*,*,*,20260322
I10,세종특별자치시교육청,9300174,고운중학교,2025,주간,중학교,공휴일,20260208,학년말방학,,Y,Y,Y,*,*,*,20260322
I10,세종특별자치시교육청,9300174,고운중학교,2025,주간,중학교,공휴일,20260209,학년말방학,,Y,Y,Y,*,*,*,20260322
I10,세종특별자치시교육청,9300174,고운중학교,2025,주간,중학교,공휴일,20260210,학년말방학,,Y,Y,Y,*,*,*,20260322
I10,세종특별자치시교육청,9300174,고운중학교,2025,주간,중학교,공휴일,20260211,학년말방학,,Y,Y,Y,*,*,*,20260322
I10,세종특별자치시교육청,9300174,고운중학교,2025,주간,중학교,공휴일,20260212,학년말방학,,Y,Y,Y,*,*,*,20260322
I10,세종특별자치시교육청,9300174,고운중학교,2025,주간,중학교,공휴일,20260213,학년말방학,,Y,Y,Y,*,*,*,20260322
I10,세종특별자치시교육청,9300174,고운중학교,2025,주간,중학교,공휴일,20260214,학년말방학,,Y,Y,Y,*,*,*,20260322
I10,세종특별자치시교육청,9300174,고운중학교,2025,주간,중학교,휴업일,20260214,토요휴업일,,Y,Y,Y,*,*,*,20260322
I10,세종특별자치시교육청,9300174,고운중학교,2025,주간,중학교,공휴일,20260215,학년말방학,,Y,Y,Y,*,*,*,20260322
I10,세종특별자치시교육청,9300174,고운중학교,2025,주간,중학교,공휴일,20260216,학년말방학,,Y,Y,Y,*,*,*,20260322
I10,세종특별자치시교육청,9300174,고운중학교,2025,주간,중학교,공휴일,20260216,설날,,Y,Y,Y,*,*,*,20260322
I10,세종특별자치시교육청,9300174,고운중학교,2025,주간,중학교,공휴일,20260217,학년말방학,,Y,Y,Y,*,*,*,20260322
I10,세종특별자치시교육청,9300174,고운중학교,2025,주간,중학교,공휴일,20260217,설날,,Y,Y,Y,*,*,*,20260322
I10,세종특별자치시교육청,9300174,고운중학교,2025,주간,중학교,공휴일,20260218,학년말방학,,Y,Y,Y,*,*,*,20260322
I10,세종특별자치시교육청,9300174,고운중학교,2025,주간,중학교,공휴일,20260218,설날,,Y,Y,Y,*,*,*,20260322
I10,세종특별자치시교육청,9300174,고운중학교,2025,주간,중학교,공휴일,20260219,학년말방학,,Y,Y,Y,*,*,*,20260322
I10,세종특별자치시교육청,9300174,고운중학교,2025,주간,중학교,공휴일,20260220,학년말방학,,Y,Y,Y,*,*,*,20260322
I10,세종특별자치시교육청,9300174,고운중학교,2025,주간,중학교,공휴일,20260221,학년말방학,,Y,Y,Y,*,*,*,20260322
I10,세종특별자치시교육청,9300174,고운중학교,2025,주간,중학교,휴업일,20260221,토요휴업일,,Y,Y,Y,*,*,*,20260322
I10,세종특별자치시교육청,9300174,고운중학교,2025,주간,중학교,공휴일,20260222,학년말방학,,Y,Y,Y,*,*,*,20260322
I10,세종특별자치시교육청,9300174,고운중학교,2025,주간,중학교,공휴일,20260223,학년말방학,,Y,Y,Y,*,*,*,20260322
I10,세종특별자치시교육청,9300174,고운중학교,2025,주간,중학교,공휴일,20260224,학년말방학,,Y,Y,Y,*,*,*,20260322
I10,세종특별자치시교육청,9300174,고운중학교,2025,주간,중학교,공휴일,20260225,학년말방학,,Y,Y,Y,*,*,*,20260322
I10,세종특별자치시교육청,9300174,고운중학교,2025,주간,중학교,공휴일,20260226,학년말방학,,Y,Y,Y,*,*,*,20260322
I10,세종특별자치시교육청,9300174,고운중학교,2025,주간,중학교,공휴일,20260227,학년말방학,,Y,Y,Y,*,*,*,20260322
I10,세종특별자치시교육청,9300174,고운중학교,2025,주간,중학교,공휴일,20260228,학년말방학,,Y,Y,Y,*,*,*,20260322
I10,세종특별자치시교육청,9300174,고운중학교,2025,주간,중학교,휴업일,20260228,토요휴업일,,Y,Y,Y,*,*,*,20260322
I10,세종특별자치시교육청,9300174,고운중학교,2026,주간,중학교,공휴일,20260301,3·1절,,Y,Y,Y,*,*,*,20260322
I10,세종특별자치시교육청,9300174,고운중학교,2026,주간,중학교,공휴일,20260302,대체공휴일,,Y,Y,Y,*,*,*,20260322
I10,세종특별자치시교육청,9300174,고운중학교,2026,주간,중학교,해당없음,20260303,입학식,,Y,N,N,*,*,*,20260322
I10,세종특별자치시교육청,9300174,고운중학교,2026,주간,중학교,해당없음,20260303,개학식,,N,Y,Y,*,*,*,20260322
I10,세종특별자치시교육청,9300174,고운중학교,2026,주간,중학교,휴업일,20260307,토요휴업일,,Y,Y,Y,*,*,*,20260322
I10,세종특별자치시교육청,9300174,고운중학교,2026,주간,중학교,해당없음,20260313,기초학력진단검사,,Y,Y,Y,*,*,*,20260322
I10,세종특별자치시교육청,9300174,고운중학교,2026,주간,중학교,휴업일,20260314,토요휴업일,,Y,Y,Y,*,*,*,20260322
I10,세종특별자치시교육청,9300174,고운중학교,2026,주간,중학교,휴업일,20260321,토요휴업일,,Y,Y,Y,*,*,*,20260322
I10,세종특별자치시교육청,9300174,고운중학교,2026,주간,중학교,해당없음,20260323,담임상담주간,1학기 상담주간,Y,Y,Y,*,*,*,20260322
I10,세종특별자치시교육청,9300174,고운중학교,2026,주간,중학교,해당없음,20260324,담임상담주간,1학기 상담주간,Y,Y,Y,*,*,*,20260322
I10,세종특별자치시교육청,9300174,고운중학교,2026,주간,중학교,해당없음,20260325,담임상담주간,1학기 상담주간,Y,Y,Y,*,*,*,20260322
I10,세종특별자치시교육청,9300174,고운중학교,2026,주간,중학교,해당없음,20260326,담임상담주간,1학기 상담주간,Y,Y,Y,*,*,*,20260322
I10,세종특별자치시교육청,9300174,고운중학교,2026,주간,중학교,해당없음,20260327,학교교육과정설명회,,Y,Y,Y,*,*,*,20260322
I10,세종특별자치시교육청,9300174,고운중학교,2026,주간,중학교,해당없음,20260327,담임상담주간,1학기 상담주간,Y,Y,Y,*,*,*,20260322
I10,세종특별자치시교육청,9300174,고운중학교,2026,주간,중학교,휴업일,20260328,토요휴업일,,Y,Y,Y,*,*,*,20260322
I10,세종특별자치시교육청,9300174,고운중학교,2026,주간,중학교,해당없음,20260403,과학의 날 행사,,Y,Y,Y,*,*,*,20260322
I10,세종특별자치시교육청,9300174,고운중학교,2026,주간,중학교,휴업일,20260404,토요휴업일,,Y,Y,Y,*,*,*,20260322
I10,세종특별자치시교육청,9300174,고운중학교,2026,주간,중학교,휴업일,20260411,토요휴업일,,Y,Y,Y,*,*,*,20260322
I10,세종특별자치시교육청,9300174,고운중학교,2026,주간,중학교,휴업일,20260418,토요휴업일,,Y,Y,Y,*,*,*,20260322
I10,세종특별자치시교육청,9300174,고운중학교,2026,주간,중학교,해당없음,20260420,1학년 수련활동,,Y,N,N,*,*,*,20260322
I10,세종특별자치시교육청,9300174,고운중학교,2026,주간,중학교,해당없음,20260420,2학년 수학여행,,N,Y,N,*,*,*,20260322
I10,세종특별자치시교육청,9300174,고운중학교,2026,주간,중학교,해당없음,20260421,1학년 수련활동,,Y,N,N,*,*,*,20260322
I10,세종특별자치시교육청,9300174,고운중학교,2026,주간,중학교,해당없음,20260421,2학년 수학여행,,N,Y,N,*,*,*,20260322
I10,세종특별자치시교육청,9300174,고운중학교,2026,주간,중학교,해당없음,20260421,3학년 현장체험활동,,N,N,Y,*,*,*,20260322
I10,세종특별자치시교육청,9300174,고운중학교,2026,주간,중학교,해당없음,20260422,1학년 수련활동,,Y,N,N,*,*,*,20260322
I10,세종특별자치시교육청,9300174,고운중학교,2026,주간,중학교,해당없음,20260422,2학년 수학여행,,N,Y,N,*,*,*,20260322
I10,세종특별자치시교육청,9300174,고운중학교,2026,주간,중학교,휴업일,20260425,토요휴업일,,Y,Y,Y,*,*,*,20260322
I10,세종특별자치시교육청,9300174,고운중학교,2026,주간,중학교,해당없음,20260428,1학기 1회고사(전학년),,Y,Y,Y,*,*,*,20260322
I10,세종특별자치시교육청,9300174,고운중학교,2026,주간,중학교,해당없음,20260429,1학기 1회고사(전학년),,Y,Y,Y,*,*,*,20260322
I10,세종특별자치시교육청,9300174,고운중학교,2026,주간,중학교,휴업일,20260501,재량휴업일,,Y,Y,Y,*,*,*,20260322
I10,세종특별자치시교육청,9300174,고운중학교,2026,주간,중학교,휴업일,20260502,토요휴업일,,Y,Y,Y,*,*,*,20260322
I10,세종특별자치시교육청,9300174,고운중학교,2026,주간,중학교,공휴일,20260505,어린이날,,Y,Y,Y,*,*,*,20260322
I10,세종특별자치시교육청,9300174,고운중학교,2026,주간,중학교,휴업일,20260509,토요휴업일,,Y,Y,Y,*,*,*,20260322
I10,세종특별자치시교육청,9300174,고운중학교,2026,주간,중학교,휴업일,20260516,토요휴업일,,Y,Y,Y,*,*,*,20260322
I10,세종특별자치시교육청,9300174,고운중학교,2026,주간,중학교,휴업일,20260523,토요휴업일,,Y,Y,Y,*,*,*,20260322
I10,세종특별자치시교육청,9300174,고운중학교,2026,주간,중학교,공휴일,20260524,석가탄신일,,Y,Y,Y,*,*,*,20260322
I10,세종특별자치시교육청,9300174,고운중학교,2026,주간,중학교,공휴일,20260525,대체공휴일,,Y,Y,Y,*,*,*,20260322
I10,세종특별자치시교육청,9300174,고운중학교,2026,주간,중학교,휴업일,20260530,토요휴업일,,Y,Y,Y,*,*,*,20260322
I10,세종특별자치시교육청,9300174,고운중학교,2026,주간,중학교,공휴일,20260603,지방선거일,,Y,Y,Y,*,*,*,20260322
I10,세종특별자치시교육청,9300174,고운중학교,2026,주간,중학교,공휴일,20260606,현충일,,Y,Y,Y,*,*,*,20260322
I10,세종특별자치시교육청,9300174,고운중학교,2026,주간,중학교,휴업일,20260613,토요휴업일,,Y,Y,Y,*,*,*,20260322
I10,세종특별자치시교육청,9300174,고운중학교,2026,주간,중학교,휴업일,20260620,토요휴업일,,Y,Y,Y,*,*,*,20260322
I10,세종특별자치시교육청,9300174,고운중학교,2026,주간,중학교,휴업일,20260627,토요휴업일,,Y,Y,Y,*,*,*,20260322
I10,세종특별자치시교육청,9300174,고운중학교,2026,주간,중학교,해당없음,20260629,1학기 2회고사(전학년),,Y,Y,Y,*,*,*,20260322
I10,세종특별자치시교육청,9300174,고운중학교,2026,주간,중학교,해당없음,20260630,1학기 2회고사(전학년),,Y,Y,Y,*,*,*,20260322
I10,세종특별자치시교육청,9300174,고운중학교,2026,주간,중학교,해당없음,20260701,1학기 2회고사(전학년),,Y,Y,Y,*,*,*,20260322
I10,세종특별자치시교육청,9300174,고운중학교,2026,주간,중학교,휴업일,20260704,토요휴업일,,Y,Y,Y,*,*,*,20260322
I10,세종특별자치시교육청,9300174,고운중학교,2026,주간,중학교,휴업일,20260711,토요휴업일,,Y,Y,Y,*,*,*,20260322
I10,세종특별자치시교육청,9300174,고운중학교,2026,주간,중학교,공휴일,20260717,제헌절,,Y,Y,Y,*,*,*,20260322
I10,세종특별자치시교육청,9300174,고운중학교,2026,주간,중학교,휴업일,20260718,토요휴업일,,Y,Y,Y,*,*,*,20260322
I10,세종특별자치시교육청,9300174,고운중학교,2026,주간,중학교,해당없음,20260720,여름방학식,,Y,Y,Y,*,*,*,20260322
I10,세종특별자치시교육청,9300174,고운중학교,2026,주간,중학교,공휴일,20260721,여름방학,,Y,Y,Y,*,*,*,20260322
I10,세종특별자치시교육청,9300174,고운중학교,2026,주간,중학교,공휴일,20260722,여름방학,,Y,Y,Y,*,*,*,20260322
I10,세종특별자치시교육청,9300174,고운중학교,2026,주간,중학교,공휴일,20260723,여름방학,,Y,Y,Y,*,*,*,20260322
I10,세종특별자치시교육청,9300174,고운중학교,2026,주간,중학교,공휴일,20260724,여름방학,,Y,Y,Y,*,*,*,20260322
I10,세종특별자치시교육청,9300174,고운중학교,2026,주간,중학교,공휴일,20260725,여름방학,,Y,Y,Y,*,*,*,20260322
I10,세종특별자치시교육청,9300174,고운중학교,2026,주간,중학교,휴업일,20260725,토요휴업일,,Y,Y,Y,*,*,*,20260322
I10,세종특별자치시교육청,9300174,고운중학교,2026,주간,중학교,공휴일,20260726,여름방학,,Y,Y,Y,*,*,*,20260322
I10,세종특별자치시교육청,9300174,고운중학교,2026,주간,중학교,공휴일,20260727,여름방학,,Y,Y,Y,*,*,*,20260322
I10,세종특별자치시교육청,9300174,고운중학교,2026,주간,중학교,공휴일,20260728,여름방학,,Y,Y,Y,*,*,*,20260322
I10,세종특별자치시교육청,9300174,고운중학교,2026,주간,중학교,공휴일,20260729,여름방학,,Y,Y,Y,*,*,*,20260322
I10,세종특별자치시교육청,9300174,고운중학교,2026,주간,중학교,공휴일,20260730,여름방학,,Y,Y,Y,*,*,*,20260322
I10,세종특별자치시교육청,9300174,고운중학교,2026,주간,중학교,공휴일,20260731,여름방학,,Y,Y,Y,*,*,*,20260322
I10,세종특별자치시교육청,9300174,고운중학교,2026,주간,중학교,공휴일,20260801,여름방학,,Y,Y,Y,*,*,*,20260322
I10,세종특별자치시교육청,9300174,고운중학교,2026,주간,중학교,휴업일,20260801,토요휴업일,,Y,Y,Y,*,*,*,20260322
I10,세종특별자치시교육청,9300174,고운중학교,2026,주간,중학교,공휴일,20260802,여름방학,,Y,Y,Y,*,*,*,20260322
I10,세종특별자치시교육청,9300174,고운중학교,2026,주간,중학교,공휴일,20260803,여름방학,,Y,Y,Y,*,*,*,20260322
I10,세종특별자치시교육청,9300174,고운중학교,2026,주간,중학교,공휴일,20260804,여름방학,,Y,Y,Y,*,*,*,20260322
I10,세종특별자치시교육청,9300174,고운중학교,2026,주간,중학교,공휴일,20260805,여름방학,,Y,Y,Y,*,*,*,20260322
I10,세종특별자치시교육청,9300174,고운중학교,2026,주간,중학교,공휴일,20260806,여름방학,,Y,Y,Y,*,*,*,20260322
I10,세종특별자치시교육청,9300174,고운중학교,2026,주간,중학교,공휴일,20260807,여름방학,,Y,Y,Y,*,*,*,20260322
I10,세종특별자치시교육청,9300174,고운중학교,2026,주간,중학교,공휴일,20260808,여름방학,,Y,Y,Y,*,*,*,20260322
I10,세종특별자치시교육청,9300174,고운중학교,2026,주간,중학교,휴업일,20260808,토요휴업일,,Y,Y,Y,*,*,*,20260322
I10,세종특별자치시교육청,9300174,고운중학교,2026,주간,중학교,공휴일,20260809,여름방학,,Y,Y,Y,*,*,*,20260322
I10,세종특별자치시교육청,9300174,고운중학교,2026,주간,중학교,공휴일,20260810,여름방학,,Y,Y,Y,*,*,*,20260322
I10,세종특별자치시교육청,9300174,고운중학교,2026,주간,중학교,공휴일,20260811,여름방학,,Y,Y,Y,*,*,*,20260322
I10,세종특별자치시교육청,9300174,고운중학교,2026,주간,중학교,공휴일,20260812,여름방학,,Y,Y,Y,*,*,*,20260322
I10,세종특별자치시교육청,9300174,고운중학교,2026,주간,중학교,공휴일,20260813,여름방학,,Y,Y,Y,*,*,*,20260322
I10,세종특별자치시교육청,9300174,고운중학교,2026,주간,중학교,공휴일,20260814,여름방학,,Y,Y,Y,*,*,*,20260322
I10,세종특별자치시교육청,9300174,고운중학교,2026,주간,중학교,공휴일,20260815,광복절,,Y,Y,Y,*,*,*,20260322
I10,세종특별자치시교육청,9300174,고운중학교,2026,주간,중학교,공휴일,20260817,대체공휴일,,Y,Y,Y,*,*,*,20260322
I10,세종특별자치시교육청,9300174,고운중학교,2026,주간,중학교,해당없음,20260818,개학일,,Y,Y,Y,*,*,*,20260322
I10,세종특별자치시교육청,9300174,고운중학교,2026,주간,중학교,휴업일,20260822,토요휴업일,,Y,Y,Y,*,*,*,20260322
I10,세종특별자치시교육청,9300174,고운중학교,2026,주간,중학교,휴업일,20260829,토요휴업일,,Y,Y,Y,*,*,*,20260322
I10,세종특별자치시교육청,9300174,고운중학교,2026,주간,중학교,휴업일,20260905,토요휴업일,,Y,Y,Y,*,*,*,20260322
I10,세종특별자치시교육청,9300174,고운중학교,2026,주간,중학교,휴업일,20260912,토요휴업일,,Y,Y,Y,*,*,*,20260322
I10,세종특별자치시교육청,9300174,고운중학교,2026,주간,중학교,휴업일,20260919,토요휴업일,,Y,Y,Y,*,*,*,20260322
I10,세종특별자치시교육청,9300174,고운중학교,2026,주간,중학교,공휴일,20260925,추석,,Y,Y,Y,*,*,*,20260322
I10,세종특별자치시교육청,9300174,고운중학교,2026,주간,중학교,휴업일,20260926,토요휴업일,,Y,Y,Y,*,*,*,20260322
I10,세종특별자치시교육청,9300174,고운중학교,2026,주간,중학교,해당없음,20260929,"2학기 1회고사(2,3학년)",,N,Y,Y,*,*,*,20260322
I10,세종특별자치시교육청,9300174,고운중학교,2026,주간,중학교,해당없음,20260930,"2학기 1회고사(2,3학년)",,N,Y,Y,*,*,*,20260322
I10,세종특별자치시교육청,9300174,고운중학교,2026,주간,중학교,공휴일,20261003,개천절,,Y,Y,Y,*,*,*,20260322
I10,세종특별자치시교육청,9300174,고운중학교,2026,주간,중학교,공휴일,20261005,대체공휴일,,Y,Y,Y,*,*,*,20260322
I10,세종특별자치시교육청,9300174,고운중학교,2026,주간,중학교,공휴일,20261009,한글날,,Y,Y,Y,*,*,*,20260322
I10,세종특별자치시교육청,9300174,고운중학교,2026,주간,중학교,휴업일,20261010,토요휴업일,,Y,Y,Y,*,*,*,20260322
I10,세종특별자치시교육청,9300174,고운중학교,2026,주간,중학교,휴업일,20261017,토요휴업일,,Y,Y,Y,*,*,*,20260322
I10,세종특별자치시교육청,9300174,고운중학교,2026,주간,중학교,휴업일,20261024,토요휴업일,,Y,Y,Y,*,*,*,20260322
I10,세종특별자치시교육청,9300174,고운중학교,2026,주간,중학교,휴업일,20261031,토요휴업일,,Y,Y,Y,*,*,*,20260322
I10,세종특별자치시교육청,9300174,고운중학교,2026,주간,중학교,휴업일,20261107,토요휴업일,,Y,Y,Y,*,*,*,20260322
I10,세종특별자치시교육청,9300174,고운중학교,2026,주간,중학교,해당없음,20261111,2학기 2회고사(3학년),,N,N,Y,*,*,*,20260322
I10,세종특별자치시교육청,9300174,고운중학교,2026,주간,중학교,해당없음,20261112,2학기 2회고사(3학년),,Y,N,Y,*,*,*,20260322
I10,세종특별자치시교육청,9300174,고운중학교,2026,주간,중학교,해당없음,20261113,2학기 2회고사(3학년),,Y,Y,Y,*,*,*,20260322
I10,세종특별자치시교육청,9300174,고운중학교,2026,주간,중학교,휴업일,20261114,토요휴업일,,Y,Y,Y,*,*,*,20260322
I10,세종특별자치시교육청,9300174,고운중학교,2026,주간,중학교,휴업일,20261119,재량휴업(대학수학능력시험),,Y,Y,Y,*,*,*,20260322
I10,세종특별자치시교육청,9300174,고운중학교,2026,주간,중학교,휴업일,20261121,토요휴업일,,Y,Y,Y,*,*,*,20260322
I10,세종특별자치시교육청,9300174,고운중학교,2026,주간,중학교,휴업일,20261128,토요휴업일,,Y,Y,Y,*,*,*,20260322
I10,세종특별자치시교육청,9300174,고운중학교,2026,주간,중학교,휴업일,20261205,토요휴업일,,Y,Y,Y,*,*,*,20260322
I10,세종특별자치시교육청,9300174,고운중학교,2026,주간,중학교,휴업일,20261212,토요휴업일,,Y,Y,Y,*,*,*,20260322
I10,세종특별자치시교육청,9300174,고운중학교,2026,주간,중학교,해당없음,20261214,2학기 2회고사(2학년),,N,Y,N,*,*,*,20260322
I10,세종특별자치시교육청,9300174,고운중학교,2026,주간,중학교,해당없음,20261215,2학기 2회고사(2학년),,N,Y,N,*,*,*,20260322
I10,세종특별자치시교육청,9300174,고운중학교,2026,주간,중학교,해당없음,20261216,2학기 2회고사(2학년),,N,Y,N,*,*,*,20260322
I10,세종특별자치시교육청,9300174,고운중학교,2026,주간,중학교,휴업일,20261219,토요휴업일,,Y,Y,Y,*,*,*,20260322
I10,세종특별자치시교육청,9300174,고운중학교,2026,주간,중학교,공휴일,20261225,성탄절,,Y,Y,Y,*,*,*,20260322
I10,세종특별자치시교육청,9300174,고운중학교,2026,주간,중학교,휴업일,20261226,토요휴업일,,Y,Y,Y,*,*,*,20260322
I10,세종특별자치시교육청,9300174,고운중학교,2026,주간,중학교,해당없음,20261231,학교문화축제,,Y,Y,Y,*,*,*,20260322
I10,세종특별자치시교육청,9300174,고운중학교,2026,주간,중학교,공휴일,20270101,신정,,Y,Y,Y,*,*,*,20260322
I10,세종특별자치시교육청,9300174,고운중학교,2026,주간,중학교,휴업일,20270102,토요휴업일,,Y,Y,Y,*,*,*,20260322
I10,세종특별자치시교육청,9300174,고운중학교,2026,주간,중학교,해당없음,20270106,졸업식,,N,N,Y,*,*,*,20260322
I10,세종특별자치시교육청,9300174,고운중학교,2026,주간,중학교,해당없음,20270106,종업식,,Y,Y,N,*,*,*,20260322
I10,세종특별자치시교육청,9300174,고운중학교,2026,주간,중학교,휴업일,20270109,토요휴업일,,Y,Y,Y,*,*,*,20260322
I10,세종특별자치시교육청,9300174,고운중학교,2026,주간,중학교,휴업일,20270116,토요휴업일,,Y,Y,Y,*,*,*,20260322
I10,세종특별자치시교육청,9300174,고운중학교,2026,주간,중학교,휴업일,20270123,토요휴업일,,Y,Y,Y,*,*,*,20260322
I10,세종특별자치시교육청,9300174,고운중학교,2026,주간,중학교,휴업일,20270130,토요휴업일,,Y,Y,Y,*,*,*,20260322
I10,세종특별자치시교육청,9300174,고운중학교,2026,주간,중학교,휴업일,20270206,토요휴업일,,Y,Y,Y,*,*,*,20260322
I10,세종특별자치시교육청,9300174,고운중학교,2026,주간,중학교,공휴일,20270207,설날,,Y,Y,Y,*,*,*,20260322
I10,세종특별자치시교육청,9300174,고운중학교,2026,주간,중학교,휴업일,20270213,토요휴업일,,Y,Y,Y,*,*,*,20260322
I10,세종특별자치시교육청,9300174,고운중학교,2026,주간,중학교,휴업일,20270220,토요휴업일,,Y,Y,Y,*,*,*,20260322
I10,세종특별자치시교육청,9300174,고운중학교,2026,주간,중학교,휴업일,20270227,토요휴업일,,Y,Y,Y,*,*,*,20260322
I10,세종특별자치시교육청,9300168,고운초등학교,2025,,초등학교,공휴일,20250301,3·1절,,Y,Y,Y,Y,Y,Y,20260322
I10,세종특별자치시교육청,9300168,고운초등학교,2025,,초등학교,공휴일,20250303,대체공휴일,,Y,Y,Y,Y,Y,Y,20260322
I10,세종특별자치시교육청,9300168,고운초등학교,2025,,초등학교,해당없음,20250304,입학식,,Y,N,N,N,N,N,20260322
I10,세종특별자치시교육청,9300168,고운초등학교,2025,,초등학교,해당없음,20250304,시업식,,N,Y,Y,Y,Y,Y,20260322
I10,세종특별자치시교육청,9300168,고운초등학교,2025,,초등학교,휴업일,20250308,토요휴업일,,Y,Y,Y,Y,Y,Y,20260322
I10,세종특별자치시교육청,9300168,고운초등학교,2025,,초등학교,휴업일,20250315,토요휴업일,,Y,Y,Y,Y,Y,Y,20260322
I10,세종특별자치시교육청,9300168,고운초등학교,2025,,초등학교,휴업일,20250322,토요휴업일,,Y,Y,Y,Y,Y,Y,20260322
I10,세종특별자치시교육청,9300168,고운초등학교,2025,,초등학교,휴업일,20250329,토요휴업일,,Y,Y,Y,Y,Y,Y,20260322
I10,세종특별자치시교육청,9300168,고운초등학교,2025,,초등학교,휴업일,20250405,토요휴업일,,Y,Y,Y,Y,Y,Y,20260322
I10,세종특별자치시교육청,9300168,고운초등학교,2025,,초등학교,휴업일,20250412,토요휴업일,,Y,Y,Y,Y,Y,Y,20260322
I10,세종특별자치시교육청,9300168,고운초등학교,2025,,초등학교,휴업일,20250419,토요휴업일,,Y,Y,Y,Y,Y,Y,20260322
I10,세종특별자치시교육청,9300168,고운초등학교,2025,,초등학교,휴업일,20250426,토요휴업일,,Y,Y,Y,Y,Y,Y,20260322
I10,세종특별자치시교육청,9300168,고운초등학교,2025,,초등학교,휴업일,20250501,재량휴업일,,Y,Y,Y,Y,Y,Y,20260322
I10,세종특별자치시교육청,9300168,고운초등학교,2025,,초등학교,휴업일,20250503,토요휴업일,,Y,Y,Y,Y,Y,Y,20260322
I10,세종특별자치시교육청,9300168,고운초등학교,2025,,초등학교,공휴일,20250505,석가탄신일,,Y,Y,Y,Y,Y,Y,20260322
I10,세종특별자치시교육청,9300168,고운초등학교,2025,,초등학교,공휴일,20250506,대체공휴일,,Y,Y,Y,Y,Y,Y,20260322
I10,세종특별자치시교육청,9300168,고운초등학교,2025,,초등학교,휴업일,20250510,토요휴업일,,Y,Y,Y,Y,Y,Y,20260322
I10,세종특별자치시교육청,9300168,고운초등학교,2025,,초등학교,휴업일,20250517,토요휴업일,,Y,Y,Y,Y,Y,Y,20260322
I10,세종특별자치시교육청,9300168,고운초등학교,2025,,초등학교,휴업일,20250524,토요휴업일,,Y,Y,Y,Y,Y,Y,20260322
I10,세종특별자치시교육청,9300168,고운초등학교,2025,,초등학교,휴업일,20250531,토요휴업일,,Y,Y,Y,Y,Y,Y,20260322
I10,세종특별자치시교육청,9300168,고운초등학교,2025,,초등학교,공휴일,20250603,대통령선거,,Y,Y,Y,Y,Y,Y,20260322
I10,세종특별자치시교육청,9300168,고운초등학교,2025,,초등학교,공휴일,20250606,현충일,,Y,Y,Y,Y,Y,Y,20260322
I10,세종특별자치시교육청,9300168,고운초등학교,2025,,초등학교,휴업일,20250607,토요휴업일,,Y,Y,Y,Y,Y,Y,20260322
I10,세종특별자치시교육청,9300168,고운초등학교,2025,,초등학교,휴업일,20250614,토요휴업일,,Y,Y,Y,Y,Y,Y,20260322
I10,세종특별자치시교육청,9300168,고운초등학교,2025,,초등학교,휴업일,20250621,토요휴업일,,Y,Y,Y,Y,Y,Y,20260322
I10,세종특별자치시교육청,9300168,고운초등학교,2025,,초등학교,휴업일,20250628,토요휴업일,,Y,Y,Y,Y,Y,Y,20260322
I10,세종특별자치시교육청,9300168,고운초등학교,2025,,초등학교,휴업일,20250705,토요휴업일,,Y,Y,Y,Y,Y,Y,20260322
I10,세종특별자치시교육청,9300168,고운초등학교,2025,,초등학교,휴업일,20250712,토요휴업일,,Y,Y,Y,Y,Y,Y,20260322
I10,세종특별자치시교육청,9300168,고운초등학교,2025,,초등학교,휴업일,20250719,토요휴업일,,Y,Y,Y,Y,Y,Y,20260322
I10,세종특별자치시교육청,9300168,고운초등학교,2025,,초등학교,해당없음,20250725,여름방학식,,Y,Y,Y,Y,Y,Y,20260322
I10,세종특별자치시교육청,9300168,고운초등학교,2025,,초등학교,휴업일,20250726,여름방학,,Y,Y,Y,Y,Y,Y,20260322
I10,세종특별자치시교육청,9300168,고운초등학교,2025,,초등학교,휴업일,20250726,토요휴업일,,Y,Y,Y,Y,Y,Y,20260322
I10,세종특별자치시교육청,9300168,고운초등학교,2025,,초등학교,휴업일,20250727,여름방학,,Y,Y,Y,Y,Y,Y,20260322
I10,세종특별자치시교육청,9300168,고운초등학교,2025,,초등학교,휴업일,20250728,여름방학,,Y,Y,Y,Y,Y,Y,20260322
I10,세종특별자치시교육청,9300168,고운초등학교,2025,,초등학교,휴업일,20250729,여름방학,,Y,Y,Y,Y,Y,Y,20260322
I10,세종특별자치시교육청,9300168,고운초등학교,2025,,초등학교,휴업일,20250730,여름방학,,Y,Y,Y,Y,Y,Y,20260322
I10,세종특별자치시교육청,9300168,고운초등학교,2025,,초등학교,휴업일,20250731,여름방학,,Y,Y,Y,Y,Y,Y,20260322
I10,세종특별자치시교육청,9300168,고운초등학교,2025,,초등학교,휴업일,20250801,여름방학,,Y,Y,Y,Y,Y,Y,20260322
I10,세종특별자치시교육청,9300168,고운초등학교,2025,,초등학교,휴업일,20250802,여름방학,,Y,Y,Y,Y,Y,Y,20260322
I10,세종특별자치시교육청,9300168,고운초등학교,2025,,초등학교,휴업일,20250802,토요휴업일,,Y,Y,Y,Y,Y,Y,20260322
I10,세종특별자치시교육청,9300168,고운초등학교,2025,,초등학교,휴업일,20250803,여름방학,,Y,Y,Y,Y,Y,Y,20260322
I10,세종특별자치시교육청,9300168,고운초등학교,2025,,초등학교,휴업일,20250804,여름방학,,Y,Y,Y,Y,Y,Y,20260322
I10,세종특별자치시교육청,9300168,고운초등학교,2025,,초등학교,휴업일,20250805,여름방학,,Y,Y,Y,Y,Y,Y,20260322
I10,세종특별자치시교육청,9300168,고운초등학교,2025,,초등학교,휴업일,20250806,여름방학,,Y,Y,Y,Y,Y,Y,20260322
I10,세종특별자치시교육청,9300168,고운초등학교,2025,,초등학교,휴업일,20250807,여름방학,,Y,Y,Y,Y,Y,Y,20260322
I10,세종특별자치시교육청,9300168,고운초등학교,2025,,초등학교,휴업일,20250808,여름방학,,Y,Y,Y,Y,Y,Y,20260322
I10,세종특별자치시교육청,9300168,고운초등학교,2025,,초등학교,휴업일,20250809,여름방학,,Y,Y,Y,Y,Y,Y,20260322
I10,세종특별자치시교육청,9300168,고운초등학교,2025,,초등학교,휴업일,20250809,토요휴업일,,Y,Y,Y,Y,Y,Y,20260322
I10,세종특별자치시교육청,9300168,고운초등학교,2025,,초등학교,휴업일,20250810,여름방학,,Y,Y,Y,Y,Y,Y,20260322
I10,세종특별자치시교육청,9300168,고운초등학교,2025,,초등학교,휴업일,20250811,여름방학,,Y,Y,Y,Y,Y,Y,20260322
I10,세종특별자치시교육청,9300168,고운초등학교,2025,,초등학교,휴업일,20250812,여름방학,,Y,Y,Y,Y,Y,Y,20260322
I10,세종특별자치시교육청,9300168,고운초등학교,2025,,초등학교,휴업일,20250813,여름방학,,Y,Y,Y,Y,Y,Y,20260322
I10,세종특별자치시교육청,9300168,고운초등학교,2025,,초등학교,휴업일,20250814,여름방학,,Y,Y,Y,Y,Y,Y,20260322
I10,세종특별자치시교육청,9300168,고운초등학교,2025,,초등학교,휴업일,20250815,여름방학,,Y,Y,Y,Y,Y,Y,20260322
I10,세종특별자치시교육청,9300168,고운초등학교,2025,,초등학교,공휴일,20250815,광복절,,Y,Y,Y,Y,Y,Y,20260322
I10,세종특별자치시교육청,9300168,고운초등학교,2025,,초등학교,휴업일,20250816,여름방학,,Y,Y,Y,Y,Y,Y,20260322
I10,세종특별자치시교육청,9300168,고운초등학교,2025,,초등학교,휴업일,20250816,토요휴업일,,Y,Y,Y,Y,Y,Y,20260322
I10,세종특별자치시교육청,9300168,고운초등학교,2025,,초등학교,휴업일,20250817,여름방학,,Y,Y,Y,Y,Y,Y,20260322
I10,세종특별자치시교육청,9300168,고운초등학교,2025,,초등학교,해당없음,20250818,개학식,,Y,Y,Y,Y,Y,Y,20260322
I10,세종특별자치시교육청,9300168,고운초등학교,2025,,초등학교,휴업일,20250823,토요휴업일,,Y,Y,Y,Y,Y,Y,20260322
I10,세종특별자치시교육청,9300168,고운초등학교,2025,,초등학교,휴업일,20250830,토요휴업일,,Y,Y,Y,Y,Y,Y,20260322
I10,세종특별자치시교육청,9300168,고운초등학교,2025,,초등학교,휴업일,20250906,토요휴업일,,Y,Y,Y,Y,Y,Y,20260322
I10,세종특별자치시교육청,9300168,고운초등학교,2025,,초등학교,휴업일,20250913,토요휴업일,,Y,Y,Y,Y,Y,Y,20260322
I10,세종특별자치시교육청,9300168,고운초등학교,2025,,초등학교,휴업일,20250920,토요휴업일,,Y,Y,Y,Y,Y,Y,20260322
I10,세종특별자치시교육청,9300168,고운초등학교,2025,,초등학교,휴업일,20250927,토요휴업일,,Y,Y,Y,Y,Y,Y,20260322
I10,세종특별자치시교육청,9300168,고운초등학교,2025,,초등학교,공휴일,20251003,개천절,,Y,Y,Y,Y,Y,Y,20260322
I10,세종특별자치시교육청,9300168,고운초등학교,2025,,초등학교,휴업일,20251004,토요휴업일,,Y,Y,Y,Y,Y,Y,20260322
I10,세종특별자치시교육청,9300168,고운초등학교,2025,,초등학교,공휴일,20251005,추석,,Y,Y,Y,Y,Y,Y,20260322
I10,세종특별자치시교육청,9300168,고운초등학교,2025,,초등학교,공휴일,20251006,추석,,Y,Y,Y,Y,Y,Y,20260322
I10,세종특별자치시교육청,9300168,고운초등학교,2025,,초등학교,공휴일,20251007,추석,,Y,Y,Y,Y,Y,Y,20260322
I10,세종특별자치시교육청,9300168,고운초등학교,2025,,초등학교,공휴일,20251008,대체공휴일,,Y,Y,Y,Y,Y,Y,20260322
I10,세종특별자치시교육청,9300168,고운초등학교,2025,,초등학교,공휴일,20251009,한글날,,Y,Y,Y,Y,Y,Y,20260322
I10,세종특별자치시교육청,9300168,고운초등학교,2025,,초등학교,휴업일,20251010,재량휴업일,,Y,Y,Y,Y,Y,Y,20260322
I10,세종특별자치시교육청,9300168,고운초등학교,2025,,초등학교,휴업일,20251011,토요휴업일,,Y,Y,Y,Y,Y,Y,20260322
I10,세종특별자치시교육청,9300168,고운초등학교,2025,,초등학교,휴업일,20251018,토요휴업일,,Y,Y,Y,Y,Y,Y,20260322
I10,세종특별자치시교육청,9300168,고운초등학교,2025,,초등학교,휴업일,20251025,토요휴업일,,Y,Y,Y,Y,Y,Y,20260322
I10,세종특별자치시교육청,9300168,고운초등학교,2025,,초등학교,휴업일,20251101,토요휴업일,,Y,Y,Y,Y,Y,Y,20260322
I10,세종특별자치시교육청,9300168,고운초등학교,2025,,초등학교,휴업일,20251108,토요휴업일,,Y,Y,Y,Y,Y,Y,20260322
I10,세종특별자치시교육청,9300168,고운초등학교,2025,,초등학교,휴업일,20251115,토요휴업일,,Y,Y,Y,Y,Y,Y,20260322
I10,세종특별자치시교육청,9300168,고운초등학교,2025,,초등학교,휴업일,20251122,토요휴업일,,Y,Y,Y,Y,Y,Y,20260322
I10,세종특별자치시교육청,9300168,고운초등학교,2025,,초등학교,휴업일,20251129,토요휴업일,,Y,Y,Y,Y,Y,Y,20260322
I10,세종특별자치시교육청,9300168,고운초등학교,2025,,초등학교,휴업일,20251206,토요휴업일,,Y,Y,Y,Y,Y,Y,20260322
I10,세종특별자치시교육청,9300168,고운초등학교,2025,,초등학교,휴업일,20251213,토요휴업일,,Y,Y,Y,Y,Y,Y,20260322
I10,세종특별자치시교육청,9300168,고운초등학교,2025,,초등학교,휴업일,20251220,토요휴업일,,Y,Y,Y,Y,Y,Y,20260322
I10,세종특별자치시교육청,9300168,고운초등학교,2025,,초등학교,공휴일,20251225,성탄절,,Y,Y,Y,Y,Y,Y,20260322
I10,세종특별자치시교육청,9300168,고운초등학교,2025,,초등학교,휴업일,20251227,토요휴업일,,Y,Y,Y,Y,Y,Y,20260322
I10,세종특별자치시교육청,9300168,고운초등학교,2025,,초등학교,해당없음,20251231,종업식,,Y,Y,Y,Y,Y,N,20260322
I10,세종특별자치시교육청,9300168,고운초등학교,2025,,초등학교,해당없음,20251231,졸업식,,N,N,N,N,N,Y,20260322
I10,세종특별자치시교육청,9300168,고운초등학교,2025,,초등학교,휴업일,20260101,겨울방학,,Y,Y,Y,Y,Y,Y,20260322
I10,세종특별자치시교육청,9300168,고운초등학교,2025,,초등학교,공휴일,20260101,신정,,Y,Y,Y,Y,Y,Y,20260322
I10,세종특별자치시교육청,9300168,고운초등학교,2025,,초등학교,휴업일,20260102,겨울방학,,Y,Y,Y,Y,Y,Y,20260322
I10,세종특별자치시교육청,9300168,고운초등학교,2025,,초등학교,휴업일,20260103,겨울방학,,Y,Y,Y,Y,Y,Y,20260322
I10,세종특별자치시교육청,9300168,고운초등학교,2025,,초등학교,휴업일,20260103,토요휴업일,,Y,Y,Y,Y,Y,Y,20260322
I10,세종특별자치시교육청,9300168,고운초등학교,2025,,초등학교,휴업일,20260104,겨울방학,,Y,Y,Y,Y,Y,Y,20260322
I10,세종특별자치시교육청,9300168,고운초등학교,2025,,초등학교,휴업일,20260105,겨울방학,,Y,Y,Y,Y,Y,Y,20260322
I10,세종특별자치시교육청,9300168,고운초등학교,2025,,초등학교,휴업일,20260106,겨울방학,,Y,Y,Y,Y,Y,Y,20260322
I10,세종특별자치시교육청,9300168,고운초등학교,2025,,초등학교,휴업일,20260107,겨울방학,,Y,Y,Y,Y,Y,Y,20260322
I10,세종특별자치시교육청,9300168,고운초등학교,2025,,초등학교,휴업일,20260108,겨울방학,,Y,Y,Y,Y,Y,Y,20260322
I10,세종특별자치시교육청,9300168,고운초등학교,2025,,초등학교,휴업일,20260109,겨울방학,,Y,Y,Y,Y,Y,Y,20260322
I10,세종특별자치시교육청,9300168,고운초등학교,2025,,초등학교,휴업일,20260110,겨울방학,,Y,Y,Y,Y,Y,Y,20260322
I10,세종특별자치시교육청,9300168,고운초등학교,2025,,초등학교,휴업일,20260110,토요휴업일,,Y,Y,Y,Y,Y,Y,20260322
I10,세종특별자치시교육청,9300168,고운초등학교,2025,,초등학교,휴업일,20260111,겨울방학,,Y,Y,Y,Y,Y,Y,20260322
I10,세종특별자치시교육청,9300168,고운초등학교,2025,,초등학교,휴업일,20260112,겨울방학,,Y,Y,Y,Y,Y,Y,20260322
I10,세종특별자치시교육청,9300168,고운초등학교,2025,,초등학교,휴업일,20260113,겨울방학,,Y,Y,Y,Y,Y,Y,20260322
I10,세종특별자치시교육청,9300168,고운초등학교,2025,,초등학교,휴업일,20260114,겨울방학,,Y,Y,Y,Y,Y,Y,20260322
I10,세종특별자치시교육청,9300168,고운초등학교,2025,,초등학교,휴업일,20260115,겨울방학,,Y,Y,Y,Y,Y,Y,20260322
I10,세종특별자치시교육청,9300168,고운초등학교,2025,,초등학교,휴업일,20260116,겨울방학,,Y,Y,Y,Y,Y,Y,20260322
I10,세종특별자치시교육청,9300168,고운초등학교,2025,,초등학교,휴업일,20260117,겨울방학,,Y,Y,Y,Y,Y,Y,20260322
I10,세종특별자치시교육청,9300168,고운초등학교,2025,,초등학교,휴업일,20260117,토요휴업일,,Y,Y,Y,Y,Y,Y,20260322
I10,세종특별자치시교육청,9300168,고운초등학교,2025,,초등학교,휴업일,20260118,겨울방학,,Y,Y,Y,Y,Y,Y,20260322
I10,세종특별자치시교육청,9300168,고운초등학교,2025,,초등학교,휴업일,20260119,겨울방학,,Y,Y,Y,Y,Y,Y,20260322
I10,세종특별자치시교육청,9300168,고운초등학교,2025,,초등학교,휴업일,20260120,겨울방학,,Y,Y,Y,Y,Y,Y,20260322
I10,세종특별자치시교육청,9300168,고운초등학교,2025,,초등학교,휴업일,20260121,겨울방학,,Y,Y,Y,Y,Y,Y,20260322
I10,세종특별자치시교육청,9300168,고운초등학교,2025,,초등학교,휴업일,20260122,겨울방학,,Y,Y,Y,Y,Y,Y,20260322
I10,세종특별자치시교육청,9300168,고운초등학교,2025,,초등학교,휴업일,20260123,겨울방학,,Y,Y,Y,Y,Y,Y,20260322
I10,세종특별자치시교육청,9300168,고운초등학교,2025,,초등학교,휴업일,20260124,겨울방학,,Y,Y,Y,Y,Y,Y,20260322
I10,세종특별자치시교육청,9300168,고운초등학교,2025,,초등학교,휴업일,20260124,토요휴업일,,Y,Y,Y,Y,Y,Y,20260322
I10,세종특별자치시교육청,9300168,고운초등학교,2025,,초등학교,휴업일,20260125,겨울방학,,Y,Y,Y,Y,Y,Y,20260322
I10,세종특별자치시교육청,9300168,고운초등학교,2025,,초등학교,휴업일,20260126,겨울방학,,Y,Y,Y,Y,Y,Y,20260322
I10,세종특별자치시교육청,9300168,고운초등학교,2025,,초등학교,휴업일,20260127,겨울방학,,Y,Y,Y,Y,Y,Y,20260322
I10,세종특별자치시교육청,9300168,고운초등학교,2025,,초등학교,휴업일,20260128,겨울방학,,Y,Y,Y,Y,Y,Y,20260322
I10,세종특별자치시교육청,9300168,고운초등학교,2025,,초등학교,휴업일,20260129,겨울방학,,Y,Y,Y,Y,Y,Y,20260322
I10,세종특별자치시교육청,9300168,고운초등학교,2025,,초등학교,휴업일,20260130,겨울방학,,Y,Y,Y,Y,Y,Y,20260322
I10,세종특별자치시교육청,9300168,고운초등학교,2025,,초등학교,휴업일,20260131,겨울방학,,Y,Y,Y,Y,Y,Y,20260322
I10,세종특별자치시교육청,9300168,고운초등학교,2025,,초등학교,휴업일,20260131,토요휴업일,,Y,Y,Y,Y,Y,Y,20260322
I10,세종특별자치시교육청,9300168,고운초등학교,2025,,초등학교,휴업일,20260201,겨울방학,,Y,Y,Y,Y,Y,Y,20260322
I10,세종특별자치시교육청,9300168,고운초등학교,2025,,초등학교,휴업일,20260202,겨울방학,,Y,Y,Y,Y,Y,Y,20260322
I10,세종특별자치시교육청,9300168,고운초등학교,2025,,초등학교,휴업일,20260203,겨울방학,,Y,Y,Y,Y,Y,Y,20260322
I10,세종특별자치시교육청,9300168,고운초등학교,2025,,초등학교,휴업일,20260204,겨울방학,,Y,Y,Y,Y,Y,Y,20260322
I10,세종특별자치시교육청,9300168,고운초등학교,2025,,초등학교,휴업일,20260205,겨울방학,,Y,Y,Y,Y,Y,Y,20260322
I10,세종특별자치시교육청,9300168,고운초등학교,2025,,초등학교,휴업일,20260206,겨울방학,,Y,Y,Y,Y,Y,Y,20260322
I10,세종특별자치시교육청,9300168,고운초등학교,2025,,초등학교,휴업일,20260207,겨울방학,,Y,Y,Y,Y,Y,Y,20260322
I10,세종특별자치시교육청,9300168,고운초등학교,2025,,초등학교,휴업일,20260207,토요휴업일,,Y,Y,Y,Y,Y,Y,20260322
I10,세종특별자치시교육청,9300168,고운초등학교,2025,,초등학교,휴업일,20260208,겨울방학,,Y,Y,Y,Y,Y,Y,20260322
I10,세종특별자치시교육청,9300168,고운초등학교,2025,,초등학교,휴업일,20260209,겨울방학,,Y,Y,Y,Y,Y,Y,20260322
I10,세종특별자치시교육청,9300168,고운초등학교,2025,,초등학교,휴업일,20260210,겨울방학,,Y,Y,Y,Y,Y,Y,20260322
I10,세종특별자치시교육청,9300168,고운초등학교,2025,,초등학교,휴업일,20260211,겨울방학,,Y,Y,Y,Y,Y,Y,20260322
I10,세종특별자치시교육청,9300168,고운초등학교,2025,,초등학교,휴업일,20260212,겨울방학,,Y,Y,Y,Y,Y,Y,20260322
I10,세종특별자치시교육청,9300168,고운초등학교,2025,,초등학교,휴업일,20260213,겨울방학,,Y,Y,Y,Y,Y,Y,20260322
I10,세종특별자치시교육청,9300168,고운초등학교,2025,,초등학교,휴업일,20260214,겨울방학,,Y,Y,Y,Y,Y,Y,20260322
I10,세종특별자치시교육청,9300168,고운초등학교,2025,,초등학교,휴업일,20260214,토요휴업일,,Y,Y,Y,Y,Y,Y,20260322
I10,세종특별자치시교육청,9300168,고운초등학교,2025,,초등학교,휴업일,20260215,겨울방학,,Y,Y,Y,Y,Y,Y,20260322
I10,세종특별자치시교육청,9300168,고운초등학교,2025,,초등학교,휴업일,20260216,겨울방학,,Y,Y,Y,Y,Y,Y,20260322
I10,세종특별자치시교육청,9300168,고운초등학교,2025,,초등학교,공휴일,20260216,설날,,Y,Y,Y,Y,Y,Y,20260322
I10,세종특별자치시교육청,9300168,고운초등학교,2025,,초등학교,휴업일,20260217,겨울방학,,Y,Y,Y,Y,Y,Y,20260322
I10,세종특별자치시교육청,9300168,고운초등학교,2025,,초등학교,공휴일,20260217,설날,,Y,Y,Y,Y,Y,Y,20260322
I10,세종특별자치시교육청,9300168,고운초등학교,2025,,초등학교,휴업일,20260218,겨울방학,,Y,Y,Y,Y,Y,Y,20260322
I10,세종특별자치시교육청,9300168,고운초등학교,2025,,초등학교,공휴일,20260218,설날,,Y,Y,Y,Y,Y,Y,20260322
I10,세종특별자치시교육청,9300168,고운초등학교,2025,,초등학교,휴업일,20260219,겨울방학,,Y,Y,Y,Y,Y,Y,20260322
I10,세종특별자치시교육청,9300168,고운초등학교,2025,,초등학교,휴업일,20260220,겨울방학,,Y,Y,Y,Y,Y,Y,20260322
I10,세종특별자치시교육청,9300168,고운초등학교,2025,,초등학교,휴업일,20260221,겨울방학,,Y,Y,Y,Y,Y,Y,20260322
I10,세종특별자치시교육청,9300168,고운초등학교,2025,,초등학교,휴업일,20260221,토요휴업일,,Y,Y,Y,Y,Y,Y,20260322
I10,세종특별자치시교육청,9300168,고운초등학교,2025,,초등학교,휴업일,20260222,겨울방학,,Y,Y,Y,Y,Y,Y,20260322
I10,세종특별자치시교육청,9300168,고운초등학교,2025,,초등학교,휴업일,20260223,겨울방학,,Y,Y,Y,Y,Y,Y,20260322
I10,세종특별자치시교육청,9300168,고운초등학교,2025,,초등학교,휴업일,20260224,겨울방학,,Y,Y,Y,Y,Y,Y,20260322
I10,세종특별자치시교육청,9300168,고운초등학교,2025,,초등학교,휴업일,20260225,겨울방학,,Y,Y,Y,Y,Y,Y,20260322
I10,세종특별자치시교육청,9300168,고운초등학교,2025,,초등학교,휴업일,20260226,겨울방학,,Y,Y,Y,Y,Y,Y,20260322
I10,세종특별자치시교육청,9300168,고운초등학교,2025,,초등학교,휴업일,20260227,겨울방학,,Y,Y,Y,Y,Y,Y,20260322
I10,세종특별자치시교육청,9300168,고운초등학교,2025,,초등학교,휴업일,20260228,겨울방학,,Y,Y,Y,Y,Y,Y,20260322
I10,세종특별자치시교육청,9300168,고운초등학교,2025,,초등학교,휴업일,20260228,토요휴업일,,Y,Y,Y,Y,Y,Y,20260322
I10,세종특별자치시교육청,9300168,고운초등학교,2026,,초등학교,공휴일,20260301,3·1절,,Y,Y,Y,Y,Y,Y,20260322
I10,세종특별자치시교육청,9300168,고운초등학교,2026,,초등학교,공휴일,20260302,대체공휴일,,Y,Y,Y,Y,Y,Y,20260322
I10,세종특별자치시교육청,9300168,고운초등학교,2026,,초등학교,해당없음,20260303,시업식,,N,Y,Y,Y,Y,Y,20260322
I10,세종특별자치시교육청,9300168,고운초등학교,2026,,초등학교,해당없음,20260303,입학식,,Y,N,N,N,N,N,20260322
I10,세종특별자치시교육청,9300168,고운초등학교,2026,,초등학교,휴업일,20260307,토요휴업일,,Y,Y,Y,Y,Y,Y,20260322
I10,세종특별자치시교육청,9300168,고운초등학교,2026,,초등학교,휴업일,20260314,토요휴업일,,Y,Y,Y,Y,Y,Y,20260322
I10,세종특별자치시교육청,9300168,고운초등학교,2026,,초등학교,휴업일,20260321,토요휴업일,,Y,Y,Y,Y,Y,Y,20260322
I10,세종특별자치시교육청,9300168,고운초등학교,2026,,초등학교,휴업일,20260328,토요휴업일,,Y,Y,Y,Y,Y,Y,20260322
I10,세종특별자치시교육청,9300168,고운초등학교,2026,,초등학교,휴업일,20260404,토요휴업일,,Y,Y,Y,Y,Y,Y,20260322
I10,세종특별자치시교육청,9300168,고운초등학교,2026,,초등학교,휴업일,20260411,토요휴업일,,Y,Y,Y,Y,Y,Y,20260322
I10,세종특별자치시교육청,9300168,고운초등학교,2026,,초등학교,휴업일,20260418,토요휴업일,,Y,Y,Y,Y,Y,Y,20260322
I10,세종특별자치시교육청,9300168,고운초등학교,2026,,초등학교,휴업일,20260425,토요휴업일,,Y,Y,Y,Y,Y,Y,20260322
I10,세종특별자치시교육청,9300168,고운초등학교,2026,,초등학교,휴업일,20260501,개교기념일,,Y,Y,Y,Y,Y,Y,20260322
I10,세종특별자치시교육청,9300168,고운초등학교,2026,,초등학교,휴업일,20260502,토요휴업일,,Y,Y,Y,Y,Y,Y,20260322
I10,세종특별자치시교육청,9300168,고운초등학교,2026,,초등학교,휴업일,20260504,재량휴업일,,Y,Y,Y,Y,Y,Y,20260322
I10,세종특별자치시교육청,9300168,고운초등학교,2026,,초등학교,공휴일,20260505,어린이날,,Y,Y,Y,Y,Y,Y,20260322
I10,세종특별자치시교육청,9300168,고운초등학교,2026,,초등학교,휴업일,20260509,토요휴업일,,Y,Y,Y,Y,Y,Y,20260322
I10,세종특별자치시교육청,9300168,고운초등학교,2026,,초등학교,휴업일,20260516,토요휴업일,,Y,Y,Y,Y,Y,Y,20260322
I10,세종특별자치시교육청,9300168,고운초등학교,2026,,초등학교,휴업일,20260523,토요휴업일,,Y,Y,Y,Y,Y,Y,20260322
I10,세종특별자치시교육청,9300168,고운초등학교,2026,,초등학교,공휴일,20260524,석가탄신일,,Y,Y,Y,Y,Y,Y,20260322
I10,세종특별자치시교육청,9300168,고운초등학교,2026,,초등학교,공휴일,20260525,대체공휴일,,Y,Y,Y,Y,Y,Y,20260322
I10,세종특별자치시교육청,9300168,고운초등학교,2026,,초등학교,휴업일,20260530,토요휴업일,,Y,Y,Y,Y,Y,Y,20260322
I10,세종특별자치시교육청,9300168,고운초등학교,2026,,초등학교,휴업일,20260603,지방선거,,Y,Y,Y,Y,Y,Y,20260322
I10,세종특별자치시교육청,9300168,고운초등학교,2026,,초등학교,공휴일,20260606,현충일,,Y,Y,Y,Y,Y,Y,20260322
I10,세종특별자치시교육청,9300168,고운초등학교,2026,,초등학교,휴업일,20260613,토요휴업일,,Y,Y,Y,Y,Y,Y,20260322
I10,세종특별자치시교육청,9300168,고운초등학교,2026,,초등학교,휴업일,20260620,토요휴업일,,Y,Y,Y,Y,Y,Y,20260322
I10,세종특별자치시교육청,9300168,고운초등학교,2026,,초등학교,휴업일,20260627,토요휴업일,,Y,Y,Y,Y,Y,Y,20260322
I10,세종특별자치시교육청,9300168,고운초등학교,2026,,초등학교,휴업일,20260704,토요휴업일,,Y,Y,Y,Y,Y,Y,20260322
I10,세종특별자치시교육청,9300168,고운초등학교,2026,,초등학교,휴업일,20260711,토요휴업일,,Y,Y,Y,Y,Y,Y,20260322
I10,세종특별자치시교육청,9300168,고운초등학교,2026,,초등학교,공휴일,20260717,제헌절,,Y,Y,Y,Y,Y,Y,20260322
I10,세종특별자치시교육청,9300168,고운초등학교,2026,,초등학교,휴업일,20260718,토요휴업일,,Y,Y,Y,Y,Y,Y,20260322
I10,세종특별자치시교육청,9300168,고운초등학교,2026,,초등학교,해당없음,20260723,여름방학식,,Y,Y,Y,Y,Y,Y,20260322
I10,세종특별자치시교육청,9300168,고운초등학교,2026,,초등학교,휴업일,20260724,여름방학,,Y,Y,Y,Y,Y,Y,20260322
I10,세종특별자치시교육청,9300168,고운초등학교,2026,,초등학교,휴업일,20260725,여름방학,,Y,Y,Y,Y,Y,Y,20260322
I10,세종특별자치시교육청,9300168,고운초등학교,2026,,초등학교,휴업일,20260725,토요휴업일,,Y,Y,Y,Y,Y,Y,20260322
I10,세종특별자치시교육청,9300168,고운초등학교,2026,,초등학교,휴업일,20260726,여름방학,,Y,Y,Y,Y,Y,Y,20260322
I10,세종특별자치시교육청,9300168,고운초등학교,2026,,초등학교,휴업일,20260727,여름방학,,Y,Y,Y,Y,Y,Y,20260322
I10,세종특별자치시교육청,9300168,고운초등학교,2026,,초등학교,휴업일,20260728,여름방학,,Y,Y,Y,Y,Y,Y,20260322
I10,세종특별자치시교육청,9300168,고운초등학교,2026,,초등학교,휴업일,20260729,여름방학,,Y,Y,Y,Y,Y,Y,20260322
I10,세종특별자치시교육청,9300168,고운초등학교,2026,,초등학교,휴업일,20260730,여름방학,,Y,Y,Y,Y,Y,Y,20260322
I10,세종특별자치시교육청,9300168,고운초등학교,2026,,초등학교,휴업일,20260731,여름방학,,Y,Y,Y,Y,Y,Y,20260322
I10,세종특별자치시교육청,9300168,고운초등학교,2026,,초등학교,휴업일,20260801,여름방학,,Y,Y,Y,Y,Y,Y,20260322
I10,세종특별자치시교육청,9300168,고운초등학교,2026,,초등학교,휴업일,20260801,토요휴업일,,Y,Y,Y,Y,Y,Y,20260322
I10,세종특별자치시교육청,9300168,고운초등학교,2026,,초등학교,휴업일,20260802,여름방학,,Y,Y,Y,Y,Y,Y,20260322
I10,세종특별자치시교육청,9300168,고운초등학교,2026,,초등학교,휴업일,20260803,여름방학,,Y,Y,Y,Y,Y,Y,20260322
I10,세종특별자치시교육청,9300168,고운초등학교,2026,,초등학교,휴업일,20260804,여름방학,,Y,Y,Y,Y,Y,Y,20260322
I10,세종특별자치시교육청,9300168,고운초등학교,2026,,초등학교,휴업일,20260805,여름방학,,Y,Y,Y,Y,Y,Y,20260322
I10,세종특별자치시교육청,9300168,고운초등학교,2026,,초등학교,휴업일,20260806,여름방학,,Y,Y,Y,Y,Y,Y,20260322
I10,세종특별자치시교육청,9300168,고운초등학교,2026,,초등학교,휴업일,20260807,여름방학,,Y,Y,Y,Y,Y,Y,20260322
I10,세종특별자치시교육청,9300168,고운초등학교,2026,,초등학교,휴업일,20260808,여름방학,,Y,Y,Y,Y,Y,Y,20260322
I10,세종특별자치시교육청,9300168,고운초등학교,2026,,초등학교,휴업일,20260808,토요휴업일,,Y,Y,Y,Y,Y,Y,20260322
I10,세종특별자치시교육청,9300168,고운초등학교,2026,,초등학교,휴업일,20260809,여름방학,,Y,Y,Y,Y,Y,Y,20260322
I10,세종특별자치시교육청,9300168,고운초등학교,2026,,초등학교,휴업일,20260810,여름방학,,Y,Y,Y,Y,Y,Y,20260322
I10,세종특별자치시교육청,9300168,고운초등학교,2026,,초등학교,휴업일,20260811,여름방학,,Y,Y,Y,Y,Y,Y,20260322
I10,세종특별자치시교육청,9300168,고운초등학교,2026,,초등학교,휴업일,20260812,여름방학,,Y,Y,Y,Y,Y,Y,20260322
I10,세종특별자치시교육청,9300168,고운초등학교,2026,,초등학교,휴업일,20260813,여름방학,,Y,Y,Y,Y,Y,Y,20260322
I10,세종특별자치시교육청,9300168,고운초등학교,2026,,초등학교,휴업일,20260814,여름방학,,Y,Y,Y,Y,Y,Y,20260322
I10,세종특별자치시교육청,9300168,고운초등학교,2026,,초등학교,휴업일,20260815,여름방학,,Y,Y,Y,Y,Y,Y,20260322
I10,세종특별자치시교육청,9300168,고운초등학교,2026,,초등학교,공휴일,20260815,광복절,,Y,Y,Y,Y,Y,Y,20260322
I10,세종특별자치시교육청,9300168,고운초등학교,2026,,초등학교,휴업일,20260816,여름방학,,Y,Y,Y,Y,Y,Y,20260322
I10,세종특별자치시교육청,9300168,고운초등학교,2026,,초등학교,휴업일,20260817,여름방학,,Y,Y,Y,Y,Y,Y,20260322
I10,세종특별자치시교육청,9300168,고운초등학교,2026,,초등학교,공휴일,20260817,대체공휴일,,Y,Y,Y,Y,Y,Y,20260322
I10,세종특별자치시교육청,9300168,고운초등학교,2026,,초등학교,해당없음,20260818,개학식,,Y,Y,Y,Y,Y,Y,20260322
I10,세종특별자치시교육청,9300168,고운초등학교,2026,,초등학교,휴업일,20260822,토요휴업일,,Y,Y,Y,Y,Y,Y,20260322
I10,세종특별자치시교육청,9300168,고운초등학교,2026,,초등학교,휴업일,20260829,토요휴업일,,Y,Y,Y,Y,Y,Y,20260322
I10,세종특별자치시교육청,9300168,고운초등학교,2026,,초등학교,휴업일,20260905,토요휴업일,,Y,Y,Y,Y,Y,Y,20260322
I10,세종특별자치시교육청,9300168,고운초등학교,2026,,초등학교,휴업일,20260912,토요휴업일,,Y,Y,Y,Y,Y,Y,20260322
I10,세종특별자치시교육청,9300168,고운초등학교,2026,,초등학교,휴업일,20260919,토요휴업일,,Y,Y,Y,Y,Y,Y,20260322
I10,세종특별자치시교육청,9300168,고운초등학교,2026,,초등학교,공휴일,20260924,추석,,Y,Y,Y,Y,Y,Y,20260322
I10,세종특별자치시교육청,9300168,고운초등학교,2026,,초등학교,공휴일,20260925,추석,,Y,Y,Y,Y,Y,Y,20260322
I10,세종특별자치시교육청,9300168,고운초등학교,2026,,초등학교,공휴일,20260926,추석,,Y,Y,Y,Y,Y,Y,20260322
I10,세종특별자치시교육청,9300168,고운초등학교,2026,,초등학교,휴업일,20260926,토요휴업일,,Y,Y,Y,Y,Y,Y,20260322
I10,세종특별자치시교육청,9300168,고운초등학교,2026,,초등학교,공휴일,20261003,개천절,,Y,Y,Y,Y,Y,Y,20260322
I10,세종특별자치시교육청,9300168,고운초등학교,2026,,초등학교,공휴일,20261005,대체공휴일,,Y,Y,Y,Y,Y,Y,20260322
I10,세종특별자치시교육청,9300168,고운초등학교,2026,,초등학교,공휴일,20261009,한글날,,Y,Y,Y,Y,Y,Y,20260322
I10,세종특별자치시교육청,9300168,고운초등학교,2026,,초등학교,휴업일,20261010,토요휴업일,,Y,Y,Y,Y,Y,Y,20260322
I10,세종특별자치시교육청,9300168,고운초등학교,2026,,초등학교,휴업일,20261017,토요휴업일,,Y,Y,Y,Y,Y,Y,20260322
I10,세종특별자치시교육청,9300168,고운초등학교,2026,,초등학교,휴업일,20261024,토요휴업일,,Y,Y,Y,Y,Y,Y,20260322
I10,세종특별자치시교육청,9300168,고운초등학교,2026,,초등학교,휴업일,20261031,토요휴업일,,Y,Y,Y,Y,Y,Y,20260322
I10,세종특별자치시교육청,9300168,고운초등학교,2026,,초등학교,휴업일,20261107,토요휴업일,,Y,Y,Y,Y,Y,Y,20260322
I10,세종특별자치시교육청,9300168,고운초등학교,2026,,초등학교,휴업일,20261114,토요휴업일,,Y,Y,Y,Y,Y,Y,20260322
I10,세종특별자치시교육청,9300168,고운초등학교,2026,,초등학교,휴업일,20261121,토요휴업일,,Y,Y,Y,Y,Y,Y,20260322
I10,세종특별자치시교육청,9300168,고운초등학교,2026,,초등학교,휴업일,20261128,토요휴업일,,Y,Y,Y,Y,Y,Y,20260322
I10,세종특별자치시교육청,9300168,고운초등학교,2026,,초등학교,휴업일,20261205,토요휴업일,,Y,Y,Y,Y,Y,Y,20260322
I10,세종특별자치시교육청,9300168,고운초등학교,2026,,초등학교,휴업일,20261212,토요휴업일,,Y,Y,Y,Y,Y,Y,20260322
I10,세종특별자치시교육청,9300168,고운초등학교,2026,,초등학교,휴업일,20261219,토요휴업일,,Y,Y,Y,Y,Y,Y,20260322
I10,세종특별자치시교육청,9300168,고운초등학교,2026,,초등학교,공휴일,20261225,성탄절,,Y,Y,Y,Y,Y,Y,20260322
I10,세종특별자치시교육청,9300168,고운초등학교,2026,,초등학교,휴업일,20261226,토요휴업일,,Y,Y,Y,Y,Y,Y,20260322
I10,세종특별자치시교육청,9300168,고운초등학교,2026,,초등학교,해당없음,20261231,겨울방학식,,Y,Y,Y,Y,Y,Y,20260322
I10,세종특별자치시교육청,9300168,고운초등학교,2026,,초등학교,해당없음,20261231,종업식,,Y,Y,Y,Y,Y,N,20260322
I10,세종특별자치시교육청,9300168,고운초등학교,2026,,초등학교,해당없음,20261231,졸업식,,N,N,N,N,N,Y,20260322
I10,세종특별자치시교육청,9300168,고운초등학교,2026,,초등학교,휴업일,20270101,겨울방학,,Y,Y,Y,Y,Y,Y,20260322
I10,세종특별자치시교육청,9300168,고운초등학교,2026,,초등학교,공휴일,20270101,신정,,Y,Y,Y,Y,Y,Y,20260322
I10,세종특별자치시교육청,9300168,고운초등학교,2026,,초등학교,휴업일,20270102,겨울방학,,Y,Y,Y,Y,Y,Y,20260322
I10,세종특별자치시교육청,9300168,고운초등학교,2026,,초등학교,휴업일,20270102,토요휴업일,,Y,Y,Y,Y,Y,Y,20260322
I10,세종특별자치시교육청,9300168,고운초등학교,2026,,초등학교,휴업일,20270103,겨울방학,,Y,Y,Y,Y,Y,Y,20260322
I10,세종특별자치시교육청,9300168,고운초등학교,2026,,초등학교,휴업일,20270104,겨울방학,,Y,Y,Y,Y,Y,Y,20260322
I10,세종특별자치시교육청,9300168,고운초등학교,2026,,초등학교,휴업일,20270105,겨울방학,,Y,Y,Y,Y,Y,Y,20260322
I10,세종특별자치시교육청,9300168,고운초등학교,2026,,초등학교,휴업일,20270106,겨울방학,,Y,Y,Y,Y,Y,Y,20260322
I10,세종특별자치시교육청,9300168,고운초등학교,2026,,초등학교,휴업일,20270107,겨울방학,,Y,Y,Y,Y,Y,Y,20260322
I10,세종특별자치시교육청,9300168,고운초등학교,2026,,초등학교,휴업일,20270108,겨울방학,,Y,Y,Y,Y,Y,Y,20260322
I10,세종특별자치시교육청,9300168,고운초등학교,2026,,초등학교,휴업일,20270109,겨울방학,,Y,Y,Y,Y,Y,Y,20260322
I10,세종특별자치시교육청,9300168,고운초등학교,2026,,초등학교,휴업일,20270109,토요휴업일,,Y,Y,Y,Y,Y,Y,20260322
I10,세종특별자치시교육청,9300168,고운초등학교,2026,,초등학교,휴업일,20270110,겨울방학,,Y,Y,Y,Y,Y,Y,20260322
I10,세종특별자치시교육청,9300168,고운초등학교,2026,,초등학교,휴업일,20270111,겨울방학,,Y,Y,Y,Y,Y,Y,20260322
I10,세종특별자치시교육청,9300168,고운초등학교,2026,,초등학교,휴업일,20270112,겨울방학,,Y,Y,Y,Y,Y,Y,20260322
I10,세종특별자치시교육청,9300168,고운초등학교,2026,,초등학교,휴업일,20270113,겨울방학,,Y,Y,Y,Y,Y,Y,20260322
I10,세종특별자치시교육청,9300168,고운초등학교,2026,,초등학교,휴업일,20270114,겨울방학,,Y,Y,Y,Y,Y,Y,20260322
I10,세종특별자치시교육청,9300168,고운초등학교,2026,,초등학교,휴업일,20270115,겨울방학,,Y,Y,Y,Y,Y,Y,20260322
I10,세종특별자치시교육청,9300168,고운초등학교,2026,,초등학교,휴업일,20270116,겨울방학,,Y,Y,Y,Y,Y,Y,20260322
I10,세종특별자치시교육청,9300168,고운초등학교,2026,,초등학교,휴업일,20270116,토요휴업일,,Y,Y,Y,Y,Y,Y,20260322
I10,세종특별자치시교육청,9300168,고운초등학교,2026,,초등학교,휴업일,20270117,겨울방학,,Y,Y,Y,Y,Y,Y,20260322
I10,세종특별자치시교육청,9300168,고운초등학교,2026,,초등학교,휴업일,20270118,겨울방학,,Y,Y,Y,Y,Y,Y,20260322
I10,세종특별자치시교육청,9300168,고운초등학교,2026,,초등학교,휴업일,20270119,겨울방학,,Y,Y,Y,Y,Y,Y,20260322
I10,세종특별자치시교육청,9300168,고운초등학교,2026,,초등학교,휴업일,20270120,겨울방학,,Y,Y,Y,Y,Y,Y,20260322
I10,세종특별자치시교육청,9300168,고운초등학교,2026,,초등학교,휴업일,20270121,겨울방학,,Y,Y,Y,Y,Y,Y,20260322
I10,세종특별자치시교육청,9300168,고운초등학교,2026,,초등학교,휴업일,20270122,겨울방학,,Y,Y,Y,Y,Y,Y,20260322
I10,세종특별자치시교육청,9300168,고운초등학교,2026,,초등학교,휴업일,20270123,겨울방학,,Y,Y,Y,Y,Y,Y,20260322
I10,세종특별자치시교육청,9300168,고운초등학교,2026,,초등학교,휴업일,20270123,토요휴업일,,Y,Y,Y,Y,Y,Y,20260322
I10,세종특별자치시교육청,9300168,고운초등학교,2026,,초등학교,휴업일,20270124,겨울방학,,Y,Y,Y,Y,Y,Y,20260322
I10,세종특별자치시교육청,9300168,고운초등학교,2026,,초등학교,휴업일,20270125,겨울방학,,Y,Y,Y,Y,Y,Y,20260322
I10,세종특별자치시교육청,9300168,고운초등학교,2026,,초등학교,휴업일,20270126,겨울방학,,Y,Y,Y,Y,Y,Y,20260322
I10,세종특별자치시교육청,9300168,고운초등학교,2026,,초등학교,휴업일,20270127,겨울방학,,Y,Y,Y,Y,Y,Y,20260322
I10,세종특별자치시교육청,9300168,고운초등학교,2026,,초등학교,휴업일,20270128,겨울방학,,Y,Y,Y,Y,Y,Y,20260322
I10,세종특별자치시교육청,9300168,고운초등학교,2026,,초등학교,휴업일,20270129,겨울방학,,Y,Y,Y,Y,Y,Y,20260322
I10,세종특별자치시교육청,9300168,고운초등학교,2026,,초등학교,휴업일,20270130,겨울방학,,Y,Y,Y,Y,Y,Y,20260322
I10,세종특별자치시교육청,9300168,고운초등학교,2026,,초등학교,휴업일,20270130,토요휴업일,,Y,Y,Y,Y,Y,Y,20260322
I10,세종특별자치시교육청,9300168,고운초등학교,2026,,초등학교,휴업일,20270131,겨울방학,,Y,Y,Y,Y,Y,Y,20260322
I10,세종특별자치시교육청,9300168,고운초등학교,2026,,초등학교,휴업일,20270201,겨울방학,,Y,Y,Y,Y,Y,Y,20260322
I10,세종특별자치시교육청,9300168,고운초등학교,2026,,초등학교,휴업일,20270202,겨울방학,,Y,Y,Y,Y,Y,Y,20260322
I10,세종특별자치시교육청,9300168,고운초등학교,2026,,초등학교,휴업일,20270203,겨울방학,,Y,Y,Y,Y,Y,Y,20260322
I10,세종특별자치시교육청,9300168,고운초등학교,2026,,초등학교,휴업일,20270204,겨울방학,,Y,Y,Y,Y,Y,Y,20260322
I10,세종특별자치시교육청,9300168,고운초등학교,2026,,초등학교,휴업일,20270205,겨울방학,,Y,Y,Y,Y,Y,Y,20260322
I10,세종특별자치시교육청,9300168,고운초등학교,2026,,초등학교,휴업일,20270206,겨울방학,,Y,Y,Y,Y,Y,Y,20260322
I10,세종특별자치시교육청,9300168,고운초등학교,2026,,초등학교,휴업일,20270206,토요휴업일,,Y,Y,Y,Y,Y,Y,20260322
I10,세종특별자치시교육청,9300168,고운초등학교,2026,,초등학교,휴업일,20270207,겨울방학,,Y,Y,Y,Y,Y,Y,20260322
I10,세종특별자치시교육청,9300168,고운초등학교,2026,,초등학교,공휴일,20270207,설날,,Y,Y,Y,Y,Y,Y,20260322
I10,세종특별자치시교육청,9300168,고운초등학교,2026,,초등학교,휴업일,20270208,겨울방학,,Y,Y,Y,Y,Y,Y,20260322
I10,세종특별자치시교육청,9300168,고운초등학교,2026,,초등학교,휴업일,20270209,겨울방학,,Y,Y,Y,Y,Y,Y,20260322
I10,세종특별자치시교육청,9300168,고운초등학교,2026,,초등학교,휴업일,20270210,겨울방학,,Y,Y,Y,Y,Y,Y,20260322
I10,세종특별자치시교육청,9300168,고운초등학교,2026,,초등학교,휴업일,20270211,겨울방학,,Y,Y,Y,Y,Y,Y,20260322
I10,세종특별자치시교육청,9300168,고운초등학교,2026,,초등학교,휴업일,20270212,겨울방학,,Y,Y,Y,Y,Y,Y,20260322
I10,세종특별자치시교육청,9300168,고운초등학교,2026,,초등학교,휴업일,20270213,겨울방학,,Y,Y,Y,Y,Y,Y,20260322
I10,세종특별자치시교육청,9300168,고운초등학교,2026,,초등학교,휴업일,20270213,토요휴업일,,Y,Y,Y,Y,Y,Y,20260322
I10,세종특별자치시교육청,9300168,고운초등학교,2026,,초등학교,휴업일,20270214,겨울방학,,Y,Y,Y,Y,Y,Y,20260322
I10,세종특별자치시교육청,9300168,고운초등학교,2026,,초등학교,휴업일,20270215,겨울방학,,Y,Y,Y,Y,Y,Y,20260322
I10,세종특별자치시교육청,9300168,고운초등학교,2026,,초등학교,휴업일,20270216,겨울방학,,Y,Y,Y,Y,Y,Y,20260322
I10,세종특별자치시교육청,9300168,고운초등학교,2026,,초등학교,휴업일,20270217,겨울방학,,Y,Y,Y,Y,Y,Y,20260322
I10,세종특별자치시교육청,9300168,고운초등학교,2026,,초등학교,휴업일,20270218,겨울방학,,Y,Y,Y,Y,Y,Y,20260322
I10,세종특별자치시교육청,9300168,고운초등학교,2026,,초등학교,휴업일,20270219,겨울방학,,Y,Y,Y,Y,Y,Y,20260322
I10,세종특별자치시교육청,9300168,고운초등학교,2026,,초등학교,휴업일,20270220,겨울방학,,Y,Y,Y,Y,Y,Y,20260322
I10,세종특별자치시교육청,9300168,고운초등학교,2026,,초등학교,휴업일,20270220,토요휴업일,,Y,Y,Y,Y,Y,Y,20260322
I10,세종특별자치시교육청,9300168,고운초등학교,2026,,초등학교,휴업일,20270221,겨울방학,,Y,Y,Y,Y,Y,Y,20260322
I10,세종특별자치시교육청,9300168,고운초등학교,2026,,초등학교,휴업일,20270222,겨울방학,,Y,Y,Y,Y,Y,Y,20260322
I10,세종특별자치시교육청,9300168,고운초등학교,2026,,초등학교,휴업일,20270223,겨울방학,,Y,Y,Y,Y,Y,Y,20260322
I10,세종특별자치시교육청,9300168,고운초등학교,2026,,초등학교,휴업일,20270224,겨울방학,,Y,Y,Y,Y,Y,Y,20260322
I10,세종특별자치시교육청,9300168,고운초등학교,2026,,초등학교,휴업일,20270225,겨울방학,,Y,Y,Y,Y,Y,Y,20260322
I10,세종특별자치시교육청,9300168,고운초등학교,2026,,초등학교,휴업일,20270226,겨울방학,,Y,Y,Y,Y,Y,Y,20260322
I10,세종특별자치시교육청,9300168,고운초등학교,2026,,초등학교,휴업일,20270227,겨울방학,,Y,Y,Y,Y,Y,Y,20260322
I10,세종특별자치시교육청,9300168,고운초등학교,2026,,초등학교,휴업일,20270227,토요휴업일,,Y,Y,Y,Y,Y,Y,20260322
I10,세종특별자치시교육청,9300168,고운초등학교,2026,,초등학교,휴업일,20270228,겨울방학,,Y,Y,Y,Y,Y,Y,20260322
I10,세종특별자치시교육청,9300218,글벗중학교,2025,주간,중학교,공휴일,20250301,3·1절,,Y,Y,Y,*,*,*,20260322
I10,세종특별자치시교육청,9300218,글벗중학교,2025,주간,중학교,공휴일,20250303,대체공휴일,,Y,Y,Y,*,*,*,20260322
I10,세종특별자치시교육청,9300218,글벗중학교,2025,주간,중학교,해당없음,20250304,입학식,,Y,N,N,*,*,*,20260322
I10,세종특별자치시교육청,9300218,글벗중학교,2025,주간,중학교,해당없음,20250304,개학식,,N,Y,Y,*,*,*,20260322
I10,세종특별자치시교육청,9300218,글벗중학교,2025,주간,중학교,휴업일,20250308,토요휴업일,,Y,Y,Y,*,*,*,20260322
﻿I10,세종특별자치시교육청,9300218,글벗중학교,2025,주간,중학교,휴업일,20250315,토요휴업일,,Y,Y,Y,*,*,*,20260322
I10,세종특별자치시교육청,9300218,글벗중학교,2025,주간,중학교,휴업일,20250322,토요휴업일,,Y,Y,Y,*,*,*,20260322
I10,세종특별자치시교육청,9300218,글벗중학교,2025,주간,중학교,해당없음,20250324,상담주간,학부모집중상담주간,Y,Y,Y,*,*,*,20260322
I10,세종특별자치시교육청,9300218,글벗중학교,2025,주간,중학교,해당없음,20250325,상담주간,학부모집중상담주간,Y,Y,Y,*,*,*,20260322
I10,세종특별자치시교육청,9300218,글벗중학교,2025,주간,중학교,해당없음,20250326,상담주간,학부모집중상담주간,Y,Y,Y,*,*,*,20260322
I10,세종특별자치시교육청,9300218,글벗중학교,2025,주간,중학교,해당없음,20250327,상담주간,학부모집중상담주간,Y,Y,Y,*,*,*,20260322
I10,세종특별자치시교육청,9300218,글벗중학교,2025,주간,중학교,해당없음,20250327,교육과정설명회 ,,Y,Y,Y,*,*,*,20260322
I10,세종특별자치시교육청,9300218,글벗중학교,2025,주간,중학교,해당없음,20250328,상담주간,학부모집중상담주간,Y,Y,Y,*,*,*,20260322
I10,세종특별자치시교육청,9300218,글벗중학교,2025,주간,중학교,휴업일,20250329,토요휴업일,,Y,Y,Y,*,*,*,20260322
I10,세종특별자치시교육청,9300218,글벗중학교,2025,주간,중학교,해당없음,20250331,마음건강교육주간,,Y,Y,Y,*,*,*,20260322
I10,세종특별자치시교육청,9300218,글벗중학교,2025,주간,중학교,해당없음,20250401,마음건강교육주간,,Y,Y,Y,*,*,*,20260322
I10,세종특별자치시교육청,9300218,글벗중학교,2025,주간,중학교,해당없음,20250402,마음건강교육주간,,Y,Y,Y,*,*,*,20260322
I10,세종특별자치시교육청,9300218,글벗중학교,2025,주간,중학교,해당없음,20250403,마음건강교육주간,,Y,Y,Y,*,*,*,20260322
I10,세종특별자치시교육청,9300218,글벗중학교,2025,주간,중학교,해당없음,20250404,마음건강교육주간,,Y,Y,Y,*,*,*,20260322
I10,세종특별자치시교육청,9300218,글벗중학교,2025,주간,중학교,휴업일,20250405,토요휴업일,,Y,Y,Y,*,*,*,20260322
I10,세종특별자치시교육청,9300218,글벗중학교,2025,주간,중학교,해당없음,20250407,마음건강교육주간,,Y,Y,Y,*,*,*,20260322
I10,세종특별자치시교육청,9300218,글벗중학교,2025,주간,중학교,해당없음,20250408,마음건강교육주간,,Y,Y,Y,*,*,*,20260322
I10,세종특별자치시교육청,9300218,글벗중학교,2025,주간,중학교,해당없음,20250409,마음건강교육주간,,Y,Y,Y,*,*,*,20260322
I10,세종특별자치시교육청,9300218,글벗중학교,2025,주간,중학교,해당없음,20250410,마음건강교육주간,,Y,Y,Y,*,*,*,20260322
I10,세종특별자치시교육청,9300218,글벗중학교,2025,주간,중학교,해당없음,20250411,마음건강교육주간,,Y,Y,Y,*,*,*,20260322
I10,세종특별자치시교육청,9300218,글벗중학교,2025,주간,중학교,휴업일,20250412,토요휴업일,,Y,Y,Y,*,*,*,20260322
I10,세종특별자치시교육청,9300218,글벗중학교,2025,주간,중학교,휴업일,20250419,토요휴업일,,Y,Y,Y,*,*,*,20260322
I10,세종특별자치시교육청,9300218,글벗중학교,2025,주간,중학교,해당없음,20250424,1회고사,,Y,Y,Y,*,*,*,20260322
I10,세종특별자치시교육청,9300218,글벗중학교,2025,주간,중학교,해당없음,20250425,1회고사,,Y,Y,Y,*,*,*,20260322
I10,세종특별자치시교육청,9300218,글벗중학교,2025,주간,중학교,휴업일,20250426,토요휴업일,,Y,Y,Y,*,*,*,20260322
I10,세종특별자치시교육청,9300218,글벗중학교,2025,주간,중학교,휴업일,20250501,개교기념일,,Y,Y,Y,*,*,*,20260322
I10,세종특별자치시교육청,9300218,글벗중학교,2025,주간,중학교,휴업일,20250502,재량휴업일,,Y,Y,Y,*,*,*,20260322
I10,세종특별자치시교육청,9300218,글벗중학교,2025,주간,중학교,휴업일,20250503,토요휴업일,,Y,Y,Y,*,*,*,20260322
I10,세종특별자치시교육청,9300218,글벗중학교,2025,주간,중학교,공휴일,20250505,어린이날,,Y,Y,Y,*,*,*,20260322
I10,세종특별자치시교육청,9300218,글벗중학교,2025,주간,중학교,공휴일,20250506,대체공휴일,,Y,Y,Y,*,*,*,20260322
I10,세종특별자치시교육청,9300218,글벗중학교,2025,주간,중학교,휴업일,20250510,토요휴업일,,Y,Y,Y,*,*,*,20260322
I10,세종특별자치시교육청,9300218,글벗중학교,2025,주간,중학교,해당없음,20250516,체육대회,,Y,Y,Y,*,*,*,20260322
I10,세종특별자치시교육청,9300218,글벗중학교,2025,주간,중학교,휴업일,20250517,토요휴업일,,Y,Y,Y,*,*,*,20260322
I10,세종특별자치시교육청,9300218,글벗중학교,2025,주간,중학교,휴업일,20250524,토요휴업일,,Y,Y,Y,*,*,*,20260322
I10,세종특별자치시교육청,9300218,글벗중학교,2025,주간,중학교,해당없음,20250528,공개수업,,Y,Y,Y,*,*,*,20260322
I10,세종특별자치시교육청,9300218,글벗중학교,2025,주간,중학교,휴업일,20250531,토요휴업일,,Y,Y,Y,*,*,*,20260322
I10,세종특별자치시교육청,9300218,글벗중학교,2025,주간,중학교,공휴일,20250603,대통령선거일,,Y,Y,Y,*,*,*,20260322
I10,세종특별자치시교육청,9300218,글벗중학교,2025,주간,중학교,공휴일,20250606,현충일,,Y,Y,Y,*,*,*,20260322
I10,세종특별자치시교육청,9300218,글벗중학교,2025,주간,중학교,휴업일,20250607,토요휴업일,,Y,Y,Y,*,*,*,20260322
I10,세종특별자치시교육청,9300218,글벗중학교,2025,주간,중학교,휴업일,20250614,토요휴업일,,Y,Y,Y,*,*,*,20260322
I10,세종특별자치시교육청,9300218,글벗중학교,2025,주간,중학교,휴업일,20250621,토요휴업일,,Y,Y,Y,*,*,*,20260322
I10,세종특별자치시교육청,9300218,글벗중학교,2025,주간,중학교,휴업일,20250628,토요휴업일,,Y,Y,Y,*,*,*,20260322
I10,세종특별자치시교육청,9300218,글벗중학교,2025,주간,중학교,해당없음,20250630,2회고사,,Y,Y,Y,*,*,*,20260322
I10,세종특별자치시교육청,9300218,글벗중학교,2025,주간,중학교,해당없음,20250701,2회고사,,Y,Y,Y,*,*,*,20260322
I10,세종특별자치시교육청,9300218,글벗중학교,2025,주간,중학교,해당없음,20250702,2회고사,,Y,Y,Y,*,*,*,20260322
I10,세종특별자치시교육청,9300218,글벗중학교,2025,주간,중학교,휴업일,20250705,토요휴업일,,Y,Y,Y,*,*,*,20260322
I10,세종특별자치시교육청,9300218,글벗중학교,2025,주간,중학교,휴업일,20250712,토요휴업일,,Y,Y,Y,*,*,*,20260322
I10,세종특별자치시교육청,9300218,글벗중학교,2025,주간,중학교,휴업일,20250719,토요휴업일,,Y,Y,Y,*,*,*,20260322
I10,세종특별자치시교육청,9300218,글벗중학교,2025,주간,중학교,해당없음,20250722,여름방학식,,Y,Y,Y,*,*,*,20260322
I10,세종특별자치시교육청,9300218,글벗중학교,2025,주간,중학교,휴업일,20250723,여름방학,,Y,Y,Y,*,*,*,20260322
I10,세종특별자치시교육청,9300218,글벗중학교,2025,주간,중학교,휴업일,20250724,여름방학,,Y,Y,Y,*,*,*,20260322
I10,세종특별자치시교육청,9300218,글벗중학교,2025,주간,중학교,휴업일,20250725,여름방학,,Y,Y,Y,*,*,*,20260322
I10,세종특별자치시교육청,9300218,글벗중학교,2025,주간,중학교,휴업일,20250726,여름방학,,Y,Y,Y,*,*,*,20260322
I10,세종특별자치시교육청,9300218,글벗중학교,2025,주간,중학교,휴업일,20250726,토요휴업일,,Y,Y,Y,*,*,*,20260322
I10,세종특별자치시교육청,9300218,글벗중학교,2025,주간,중학교,휴업일,20250727,여름방학,,Y,Y,Y,*,*,*,20260322
I10,세종특별자치시교육청,9300218,글벗중학교,2025,주간,중학교,휴업일,20250728,여름방학,,Y,Y,Y,*,*,*,20260322
I10,세종특별자치시교육청,9300218,글벗중학교,2025,주간,중학교,휴업일,20250729,여름방학,,Y,Y,Y,*,*,*,20260322
I10,세종특별자치시교육청,9300218,글벗중학교,2025,주간,중학교,휴업일,20250730,여름방학,,Y,Y,Y,*,*,*,20260322
I10,세종특별자치시교육청,9300218,글벗중학교,2025,주간,중학교,휴업일,20250731,여름방학,,Y,Y,Y,*,*,*,20260322
I10,세종특별자치시교육청,9300218,글벗중학교,2025,주간,중학교,휴업일,20250801,여름방학,,Y,Y,Y,*,*,*,20260322
I10,세종특별자치시교육청,9300218,글벗중학교,2025,주간,중학교,휴업일,20250802,여름방학,,Y,Y,Y,*,*,*,20260322
I10,세종특별자치시교육청,9300218,글벗중학교,2025,주간,중학교,휴업일,20250802,토요휴업일,,Y,Y,Y,*,*,*,20260322
I10,세종특별자치시교육청,9300218,글벗중학교,2025,주간,중학교,휴업일,20250803,여름방학,,Y,Y,Y,*,*,*,20260322
I10,세종특별자치시교육청,9300218,글벗중학교,2025,주간,중학교,휴업일,20250804,여름방학,,Y,Y,Y,*,*,*,20260322
I10,세종특별자치시교육청,9300218,글벗중학교,2025,주간,중학교,휴업일,20250805,여름방학,,Y,Y,Y,*,*,*,20260322
I10,세종특별자치시교육청,9300218,글벗중학교,2025,주간,중학교,휴업일,20250806,여름방학,,Y,Y,Y,*,*,*,20260322
I10,세종특별자치시교육청,9300218,글벗중학교,2025,주간,중학교,휴업일,20250807,여름방학,,Y,Y,Y,*,*,*,20260322
I10,세종특별자치시교육청,9300218,글벗중학교,2025,주간,중학교,휴업일,20250808,여름방학,,Y,Y,Y,*,*,*,20260322
I10,세종특별자치시교육청,9300218,글벗중학교,2025,주간,중학교,휴업일,20250809,여름방학,,Y,Y,Y,*,*,*,20260322
I10,세종특별자치시교육청,9300218,글벗중학교,2025,주간,중학교,휴업일,20250809,토요휴업일,,Y,Y,Y,*,*,*,20260322
I10,세종특별자치시교육청,9300218,글벗중학교,2025,주간,중학교,휴업일,20250810,여름방학,,Y,Y,Y,*,*,*,20260322
I10,세종특별자치시교육청,9300218,글벗중학교,2025,주간,중학교,휴업일,20250811,여름방학,,Y,Y,Y,*,*,*,20260322
I10,세종특별자치시교육청,9300218,글벗중학교,2025,주간,중학교,휴업일,20250812,여름방학,,Y,Y,Y,*,*,*,20260322
I10,세종특별자치시교육청,9300218,글벗중학교,2025,주간,중학교,휴업일,20250813,여름방학,,Y,Y,Y,*,*,*,20260322
I10,세종특별자치시교육청,9300218,글벗중학교,2025,주간,중학교,휴업일,20250814,여름방학,,Y,Y,Y,*,*,*,20260322
I10,세종특별자치시교육청,9300218,글벗중학교,2025,주간,중학교,휴업일,20250815,여름방학,,Y,Y,Y,*,*,*,20260322
I10,세종특별자치시교육청,9300218,글벗중학교,2025,주간,중학교,공휴일,20250815,광복절,,Y,Y,Y,*,*,*,20260322
I10,세종특별자치시교육청,9300218,글벗중학교,2025,주간,중학교,휴업일,20250816,여름방학,,Y,Y,Y,*,*,*,20260322
I10,세종특별자치시교육청,9300218,글벗중학교,2025,주간,중학교,휴업일,20250816,토요휴업일,,Y,Y,Y,*,*,*,20260322
I10,세종특별자치시교육청,9300218,글벗중학교,2025,주간,중학교,휴업일,20250817,여름방학,,Y,Y,Y,*,*,*,20260322
I10,세종특별자치시교육청,9300218,글벗중학교,2025,주간,중학교,휴업일,20250818,여름방학,,Y,Y,Y,*,*,*,20260322
I10,세종특별자치시교육청,9300218,글벗중학교,2025,주간,중학교,해당없음,20250819,개학식,,Y,Y,Y,*,*,*,20260322
I10,세종특별자치시교육청,9300218,글벗중학교,2025,주간,중학교,휴업일,20250823,토요휴업일,,Y,Y,Y,*,*,*,20260322
I10,세종특별자치시교육청,9300218,글벗중학교,2025,주간,중학교,휴업일,20250830,토요휴업일,,Y,Y,Y,*,*,*,20260322
I10,세종특별자치시교육청,9300218,글벗중학교,2025,주간,중학교,해당없음,20250901,상담주간,학부모집중상담주간,Y,Y,Y,*,*,*,20260322
I10,세종특별자치시교육청,9300218,글벗중학교,2025,주간,중학교,해당없음,20250902,상담주간,학부모집중상담주간,Y,Y,Y,*,*,*,20260322
I10,세종특별자치시교육청,9300218,글벗중학교,2025,주간,중학교,해당없음,20250903,상담주간,학부모집중상담주간,Y,Y,Y,*,*,*,20260322
I10,세종특별자치시교육청,9300218,글벗중학교,2025,주간,중학교,해당없음,20250904,상담주간,학부모집중상담주간,Y,Y,Y,*,*,*,20260322
I10,세종특별자치시교육청,9300218,글벗중학교,2025,주간,중학교,해당없음,20250905,상담주간,학부모집중상담주간,Y,Y,Y,*,*,*,20260322
I10,세종특별자치시교육청,9300218,글벗중학교,2025,주간,중학교,해당없음,20250906,상담주간,학부모집중상담주간,Y,Y,Y,*,*,*,20260322
I10,세종특별자치시교육청,9300218,글벗중학교,2025,주간,중학교,휴업일,20250906,토요휴업일,,Y,Y,Y,*,*,*,20260322
I10,세종특별자치시교육청,9300218,글벗중학교,2025,주간,중학교,해당없음,20250908,마음건강교육주간,,Y,Y,Y,*,*,*,20260322
I10,세종특별자치시교육청,9300218,글벗중학교,2025,주간,중학교,해당없음,20250909,마음건강교육주간,,Y,Y,Y,*,*,*,20260322
I10,세종특별자치시교육청,9300218,글벗중학교,2025,주간,중학교,해당없음,20250910,마음건강교육주간,,Y,Y,Y,*,*,*,20260322
I10,세종특별자치시교육청,9300218,글벗중학교,2025,주간,중학교,해당없음,20250911,마음건강교육주간,,Y,Y,Y,*,*,*,20260322
I10,세종특별자치시교육청,9300218,글벗중학교,2025,주간,중학교,해당없음,20250912,마음건강교육주간,,Y,Y,Y,*,*,*,20260322
I10,세종특별자치시교육청,9300218,글벗중학교,2025,주간,중학교,휴업일,20250913,토요휴업일,,Y,Y,Y,*,*,*,20260322
I10,세종특별자치시교육청,9300218,글벗중학교,2025,주간,중학교,해당없음,20250915,마음건강교육주간,,Y,Y,Y,*,*,*,20260322
I10,세종특별자치시교육청,9300218,글벗중학교,2025,주간,중학교,해당없음,20250916,마음건강교육주간,,Y,Y,Y,*,*,*,20260322
I10,세종특별자치시교육청,9300218,글벗중학교,2025,주간,중학교,해당없음,20250917,마음건강교육주간,,Y,Y,Y,*,*,*,20260322
I10,세종특별자치시교육청,9300218,글벗중학교,2025,주간,중학교,해당없음,20250918,마음건강교육주간,,Y,Y,Y,*,*,*,20260322
I10,세종특별자치시교육청,9300218,글벗중학교,2025,주간,중학교,해당없음,20250919,마음건강교육주간,,Y,Y,Y,*,*,*,20260322
I10,세종특별자치시교육청,9300218,글벗중학교,2025,주간,중학교,휴업일,20250920,토요휴업일,,Y,Y,Y,*,*,*,20260322
I10,세종특별자치시교육청,9300218,글벗중학교,2025,주간,중학교,휴업일,20250927,토요휴업일,,Y,Y,Y,*,*,*,20260322
I10,세종특별자치시교육청,9300218,글벗중학교,2025,주간,중학교,해당없음,20250929,1회고사,,N,Y,Y,*,*,*,20260322
I10,세종특별자치시교육청,9300218,글벗중학교,2025,주간,중학교,해당없음,20250930,1회고사,,N,Y,Y,*,*,*,20260322
I10,세종특별자치시교육청,9300218,글벗중학교,2025,주간,중학교,공휴일,20251003,개천절,,Y,Y,Y,*,*,*,20260322
I10,세종특별자치시교육청,9300218,글벗중학교,2025,주간,중학교,휴업일,20251004,토요휴업일,,Y,Y,Y,*,*,*,20260322
I10,세종특별자치시교육청,9300218,글벗중학교,2025,주간,중학교,공휴일,20251005,추석,,Y,Y,Y,*,*,*,20260322
I10,세종특별자치시교육청,9300218,글벗중학교,2025,주간,중학교,공휴일,20251006,추석,,Y,Y,Y,*,*,*,20260322
I10,세종특별자치시교육청,9300218,글벗중학교,2025,주간,중학교,공휴일,20251007,추석,,Y,Y,Y,*,*,*,20260322
I10,세종특별자치시교육청,9300218,글벗중학교,2025,주간,중학교,공휴일,20251008,대체공휴일,,Y,Y,Y,*,*,*,20260322
I10,세종특별자치시교육청,9300218,글벗중학교,2025,주간,중학교,공휴일,20251009,한글날,,Y,Y,Y,*,*,*,20260322
I10,세종특별자치시교육청,9300218,글벗중학교,2025,주간,중학교,휴업일,20251010,재량휴업일,,Y,Y,Y,*,*,*,20260322
I10,세종특별자치시교육청,9300218,글벗중학교,2025,주간,중학교,휴업일,20251011,토요휴업일,,Y,Y,Y,*,*,*,20260322
I10,세종특별자치시교육청,9300218,글벗중학교,2025,주간,중학교,휴업일,20251018,토요휴업일,,Y,Y,Y,*,*,*,20260322
I10,세종특별자치시교육청,9300218,글벗중학교,2025,주간,중학교,휴업일,20251025,토요휴업일,,Y,Y,Y,*,*,*,20260322
I10,세종특별자치시교육청,9300218,글벗중학교,2025,주간,중학교,해당없음,20251027,수학여행 ,,N,Y,N,*,*,*,20260322
I10,세종특별자치시교육청,9300218,글벗중학교,2025,주간,중학교,해당없음,20251027,수련활동,,Y,N,N,*,*,*,20260322
I10,세종특별자치시교육청,9300218,글벗중학교,2025,주간,중학교,해당없음,20251028,수학여행 ,,N,Y,N,*,*,*,20260322
I10,세종특별자치시교육청,9300218,글벗중학교,2025,주간,중학교,해당없음,20251028,수련활동,,Y,N,N,*,*,*,20260322
I10,세종특별자치시교육청,9300218,글벗중학교,2025,주간,중학교,해당없음,20251029,현장체험학습,,N,N,Y,*,*,*,20260322
I10,세종특별자치시교육청,9300218,글벗중학교,2025,주간,중학교,해당없음,20251029,수학여행 ,,N,Y,N,*,*,*,20260322
I10,세종특별자치시교육청,9300218,글벗중학교,2025,주간,중학교,해당없음,20251029,수련활동,,Y,N,N,*,*,*,20260322
I10,세종특별자치시교육청,9300218,글벗중학교,2025,주간,중학교,휴업일,20251101,토요휴업일,,Y,Y,Y,*,*,*,20260322
I10,세종특별자치시교육청,9300218,글벗중학교,2025,주간,중학교,휴업일,20251108,토요휴업일,,Y,Y,Y,*,*,*,20260322
I10,세종특별자치시교육청,9300218,글벗중학교,2025,주간,중학교,휴업일,20251113,재량휴업일,대학수학능력시험일,Y,Y,Y,*,*,*,20260322
I10,세종특별자치시교육청,9300218,글벗중학교,2025,주간,중학교,휴업일,20251115,토요휴업일,,Y,Y,Y,*,*,*,20260322
I10,세종특별자치시교육청,9300218,글벗중학교,2025,주간,중학교,해당없음,20251117,3학년 2회고사 ,,N,N,Y,*,*,*,20260322
I10,세종특별자치시교육청,9300218,글벗중학교,2025,주간,중학교,해당없음,20251118,3학년 2회고사 ,,N,N,Y,*,*,*,20260322
I10,세종특별자치시교육청,9300218,글벗중학교,2025,주간,중학교,해당없음,20251119,3학년 2회고사 ,,N,N,Y,*,*,*,20260322
I10,세종특별자치시교육청,9300218,글벗중학교,2025,주간,중학교,휴업일,20251122,토요휴업일,,Y,Y,Y,*,*,*,20260322
I10,세종특별자치시교육청,9300218,글벗중학교,2025,주간,중학교,휴업일,20251129,토요휴업일,,Y,Y,Y,*,*,*,20260322
I10,세종특별자치시교육청,9300218,글벗중학교,2025,주간,중학교,휴업일,20251206,토요휴업일,,Y,Y,Y,*,*,*,20260322
I10,세종특별자치시교육청,9300218,글벗중학교,2025,주간,중학교,해당없음,20251210,2학년 2회고사,,N,Y,N,*,*,*,20260322
I10,세종특별자치시교육청,9300218,글벗중학교,2025,주간,중학교,해당없음,20251211,2학년 2회고사,,N,Y,N,*,*,*,20260322
I10,세종특별자치시교육청,9300218,글벗중학교,2025,주간,중학교,해당없음,20251212,2학년 2회고사,,N,Y,N,*,*,*,20260322
I10,세종특별자치시교육청,9300218,글벗중학교,2025,주간,중학교,휴업일,20251213,토요휴업일,,Y,Y,Y,*,*,*,20260322
I10,세종특별자치시교육청,9300218,글벗중학교,2025,주간,중학교,휴업일,20251220,토요휴업일,,Y,Y,Y,*,*,*,20260322
I10,세종특별자치시교육청,9300218,글벗중학교,2025,주간,중학교,공휴일,20251225,성탄절,,Y,Y,Y,*,*,*,20260322
I10,세종특별자치시교육청,9300218,글벗중학교,2025,주간,중학교,휴업일,20251227,토요휴업일,,Y,Y,Y,*,*,*,20260322
I10,세종특별자치시교육청,9300218,글벗중학교,2025,주간,중학교,해당없음,20251230,축제,,Y,Y,Y,*,*,*,20260322
I10,세종특별자치시교육청,9300218,글벗중학교,2025,주간,중학교,공휴일,20260101,신정,,Y,Y,Y,*,*,*,20260322
I10,세종특별자치시교육청,9300218,글벗중학교,2025,주간,중학교,휴업일,20260103,토요휴업일,,Y,Y,Y,*,*,*,20260322
I10,세종특별자치시교육청,9300218,글벗중학교,2025,주간,중학교,해당없음,20260109,졸업식,,N,N,Y,*,*,*,20260322
I10,세종특별자치시교육청,9300218,글벗중학교,2025,주간,중학교,해당없음,20260109,겨울방학식,,Y,Y,N,*,*,*,20260322
I10,세종특별자치시교육청,9300218,글벗중학교,2025,주간,중학교,휴업일,20260110,겨울방학,,Y,Y,N,*,*,*,20260322
I10,세종특별자치시교육청,9300218,글벗중학교,2025,주간,중학교,휴업일,20260110,토요휴업일,,Y,Y,Y,*,*,*,20260322
I10,세종특별자치시교육청,9300218,글벗중학교,2025,주간,중학교,휴업일,20260111,겨울방학,,Y,Y,N,*,*,*,20260322
I10,세종특별자치시교육청,9300218,글벗중학교,2025,주간,중학교,휴업일,20260112,겨울방학,,Y,Y,N,*,*,*,20260322
I10,세종특별자치시교육청,9300218,글벗중학교,2025,주간,중학교,휴업일,20260113,겨울방학,,Y,Y,N,*,*,*,20260322
I10,세종특별자치시교육청,9300218,글벗중학교,2025,주간,중학교,휴업일,20260114,겨울방학,,Y,Y,N,*,*,*,20260322
I10,세종특별자치시교육청,9300218,글벗중학교,2025,주간,중학교,휴업일,20260115,겨울방학,,Y,Y,N,*,*,*,20260322
I10,세종특별자치시교육청,9300218,글벗중학교,2025,주간,중학교,휴업일,20260116,겨울방학,,Y,Y,N,*,*,*,20260322
I10,세종특별자치시교육청,9300218,글벗중학교,2025,주간,중학교,휴업일,20260117,겨울방학,,Y,Y,N,*,*,*,20260322
I10,세종특별자치시교육청,9300218,글벗중학교,2025,주간,중학교,휴업일,20260117,토요휴업일,,Y,Y,Y,*,*,*,20260322
I10,세종특별자치시교육청,9300218,글벗중학교,2025,주간,중학교,휴업일,20260118,겨울방학,,Y,Y,N,*,*,*,20260322
I10,세종특별자치시교육청,9300218,글벗중학교,2025,주간,중학교,휴업일,20260119,겨울방학,,Y,Y,N,*,*,*,20260322
I10,세종특별자치시교육청,9300218,글벗중학교,2025,주간,중학교,휴업일,20260120,겨울방학,,Y,Y,N,*,*,*,20260322
I10,세종특별자치시교육청,9300218,글벗중학교,2025,주간,중학교,휴업일,20260121,겨울방학,,Y,Y,N,*,*,*,20260322
I10,세종특별자치시교육청,9300218,글벗중학교,2025,주간,중학교,휴업일,20260122,겨울방학,,Y,Y,N,*,*,*,20260322
I10,세종특별자치시교육청,9300218,글벗중학교,2025,주간,중학교,휴업일,20260123,겨울방학,,Y,Y,N,*,*,*,20260322
I10,세종특별자치시교육청,9300218,글벗중학교,2025,주간,중학교,휴업일,20260124,겨울방학,,Y,Y,N,*,*,*,20260322
I10,세종특별자치시교육청,9300218,글벗중학교,2025,주간,중학교,휴업일,20260124,토요휴업일,,Y,Y,Y,*,*,*,20260322
I10,세종특별자치시교육청,9300218,글벗중학교,2025,주간,중학교,휴업일,20260125,겨울방학,,Y,Y,N,*,*,*,20260322
I10,세종특별자치시교육청,9300218,글벗중학교,2025,주간,중학교,휴업일,20260126,겨울방학,,Y,Y,N,*,*,*,20260322
I10,세종특별자치시교육청,9300218,글벗중학교,2025,주간,중학교,휴업일,20260127,겨울방학,,Y,Y,N,*,*,*,20260322
I10,세종특별자치시교육청,9300218,글벗중학교,2025,주간,중학교,휴업일,20260128,겨울방학,,Y,Y,N,*,*,*,20260322
I10,세종특별자치시교육청,9300218,글벗중학교,2025,주간,중학교,휴업일,20260129,겨울방학,,Y,Y,N,*,*,*,20260322
I10,세종특별자치시교육청,9300218,글벗중학교,2025,주간,중학교,휴업일,20260130,겨울방학,,Y,Y,N,*,*,*,20260322
I10,세종특별자치시교육청,9300218,글벗중학교,2025,주간,중학교,휴업일,20260131,겨울방학,,Y,Y,N,*,*,*,20260322
I10,세종특별자치시교육청,9300218,글벗중학교,2025,주간,중학교,휴업일,20260131,토요휴업일,,Y,Y,Y,*,*,*,20260322
I10,세종특별자치시교육청,9300218,글벗중학교,2025,주간,중학교,휴업일,20260201,겨울방학,,Y,Y,N,*,*,*,20260322
I10,세종특별자치시교육청,9300218,글벗중학교,2025,주간,중학교,휴업일,20260202,겨울방학,,Y,Y,N,*,*,*,20260322
I10,세종특별자치시교육청,9300218,글벗중학교,2025,주간,중학교,휴업일,20260203,겨울방학,,Y,Y,N,*,*,*,20260322
I10,세종특별자치시교육청,9300218,글벗중학교,2025,주간,중학교,휴업일,20260204,겨울방학,,Y,Y,N,*,*,*,20260322
I10,세종특별자치시교육청,9300218,글벗중학교,2025,주간,중학교,휴업일,20260205,겨울방학,,Y,Y,N,*,*,*,20260322
I10,세종특별자치시교육청,9300218,글벗중학교,2025,주간,중학교,휴업일,20260206,겨울방학,,Y,Y,N,*,*,*,20260322
I10,세종특별자치시교육청,9300218,글벗중학교,2025,주간,중학교,휴업일,20260207,겨울방학,,Y,Y,N,*,*,*,20260322
I10,세종특별자치시교육청,9300218,글벗중학교,2025,주간,중학교,휴업일,20260207,토요휴업일,,Y,Y,Y,*,*,*,20260322
I10,세종특별자치시교육청,9300218,글벗중학교,2025,주간,중학교,휴업일,20260208,겨울방학,,Y,Y,N,*,*,*,20260322
I10,세종특별자치시교육청,9300218,글벗중학교,2025,주간,중학교,휴업일,20260209,겨울방학,,Y,Y,N,*,*,*,20260322
I10,세종특별자치시교육청,9300218,글벗중학교,2025,주간,중학교,휴업일,20260210,겨울방학,,Y,Y,N,*,*,*,20260322
I10,세종특별자치시교육청,9300218,글벗중학교,2025,주간,중학교,휴업일,20260211,겨울방학,,Y,Y,N,*,*,*,20260322
I10,세종특별자치시교육청,9300218,글벗중학교,2025,주간,중학교,휴업일,20260212,겨울방학,,Y,Y,N,*,*,*,20260322
I10,세종특별자치시교육청,9300218,글벗중학교,2025,주간,중학교,휴업일,20260213,겨울방학,,Y,Y,N,*,*,*,20260322
I10,세종특별자치시교육청,9300218,글벗중학교,2025,주간,중학교,휴업일,20260214,겨울방학,,Y,Y,N,*,*,*,20260322
I10,세종특별자치시교육청,9300218,글벗중학교,2025,주간,중학교,휴업일,20260214,토요휴업일,,Y,Y,Y,*,*,*,20260322
I10,세종특별자치시교육청,9300218,글벗중학교,2025,주간,중학교,휴업일,20260215,겨울방학,,Y,Y,N,*,*,*,20260322
I10,세종특별자치시교육청,9300218,글벗중학교,2025,주간,중학교,휴업일,20260216,겨울방학,,Y,Y,N,*,*,*,20260322
I10,세종특별자치시교육청,9300218,글벗중학교,2025,주간,중학교,공휴일,20260216,설날,,Y,Y,Y,*,*,*,20260322
I10,세종특별자치시교육청,9300218,글벗중학교,2025,주간,중학교,휴업일,20260217,겨울방학,,Y,Y,N,*,*,*,20260322
I10,세종특별자치시교육청,9300218,글벗중학교,2025,주간,중학교,공휴일,20260217,설날,,Y,Y,Y,*,*,*,20260322
I10,세종특별자치시교육청,9300218,글벗중학교,2025,주간,중학교,휴업일,20260218,겨울방학,,Y,Y,N,*,*,*,20260322
I10,세종특별자치시교육청,9300218,글벗중학교,2025,주간,중학교,공휴일,20260218,설날,,Y,Y,Y,*,*,*,20260322
I10,세종특별자치시교육청,9300218,글벗중학교,2025,주간,중학교,휴업일,20260219,겨울방학,,Y,Y,N,*,*,*,20260322
I10,세종특별자치시교육청,9300218,글벗중학교,2025,주간,중학교,휴업일,20260220,겨울방학,,Y,Y,N,*,*,*,20260322
I10,세종특별자치시교육청,9300218,글벗중학교,2025,주간,중학교,휴업일,20260221,겨울방학,,Y,Y,N,*,*,*,20260322
I10,세종특별자치시교육청,9300218,글벗중학교,2025,주간,중학교,휴업일,20260221,토요휴업일,,Y,Y,Y,*,*,*,20260322
I10,세종특별자치시교육청,9300218,글벗중학교,2025,주간,중학교,휴업일,20260222,겨울방학,,Y,Y,N,*,*,*,20260322
I10,세종특별자치시교육청,9300218,글벗중학교,2025,주간,중학교,휴업일,20260223,겨울방학,,Y,Y,N,*,*,*,20260322
I10,세종특별자치시교육청,9300218,글벗중학교,2025,주간,중학교,휴업일,20260224,겨울방학,,Y,Y,N,*,*,*,20260322
I10,세종특별자치시교육청,9300218,글벗중학교,2025,주간,중학교,휴업일,20260225,겨울방학,,Y,Y,N,*,*,*,20260322
I10,세종특별자치시교육청,9300218,글벗중학교,2025,주간,중학교,휴업일,20260226,겨울방학,,Y,Y,N,*,*,*,20260322
I10,세종특별자치시교육청,9300218,글벗중학교,2025,주간,중학교,휴업일,20260227,겨울방학,,Y,Y,N,*,*,*,20260322
I10,세종특별자치시교육청,9300218,글벗중학교,2025,주간,중학교,휴업일,20260228,겨울방학,,Y,Y,N,*,*,*,20260322
I10,세종특별자치시교육청,9300218,글벗중학교,2025,주간,중학교,휴업일,20260228,토요휴업일,,Y,Y,Y,*,*,*,20260322
I10,세종특별자치시교육청,9300218,글벗중학교,2026,주간,중학교,공휴일,20260301,3·1절,,Y,Y,Y,*,*,*,20260322
I10,세종특별자치시교육청,9300218,글벗중학교,2026,주간,중학교,공휴일,20260302,대체공휴일,,Y,Y,Y,*,*,*,20260322
I10,세종특별자치시교육청,9300218,글벗중학교,2026,주간,중학교,해당없음,20260303,입학식,,Y,N,N,*,*,*,20260322
I10,세종특별자치시교육청,9300218,글벗중학교,2026,주간,중학교,해당없음,20260303,개학식,,N,Y,Y,*,*,*,20260322
I10,세종특별자치시교육청,9300218,글벗중학교,2026,주간,중학교,휴업일,20260307,토요휴업일,,Y,Y,Y,*,*,*,20260322
I10,세종특별자치시교육청,9300218,글벗중학교,2026,주간,중학교,휴업일,20260314,토요휴업일,,Y,Y,Y,*,*,*,20260322
I10,세종특별자치시교육청,9300218,글벗중학교,2026,주간,중학교,휴업일,20260321,토요휴업일,,Y,Y,Y,*,*,*,20260322
I10,세종특별자치시교육청,9300218,글벗중학교,2026,주간,중학교,해당없음,20260323,상담주간,학부모집중상담주간,Y,Y,Y,*,*,*,20260322
I10,세종특별자치시교육청,9300218,글벗중학교,2026,주간,중학교,해당없음,20260324,상담주간,학부모집중상담주간,Y,Y,Y,*,*,*,20260322
I10,세종특별자치시교육청,9300218,글벗중학교,2026,주간,중학교,해당없음,20260325,상담주간,학부모집중상담주간,Y,Y,Y,*,*,*,20260322
I10,세종특별자치시교육청,9300218,글벗중학교,2026,주간,중학교,해당없음,20260326,상담주간,학부모집중상담주간,Y,Y,Y,*,*,*,20260322
I10,세종특별자치시교육청,9300218,글벗중학교,2026,주간,중학교,해당없음,20260326,교육과정설명회 ,,Y,Y,Y,*,*,*,20260322
I10,세종특별자치시교육청,9300218,글벗중학교,2026,주간,중학교,해당없음,20260327,상담주간,학부모집중상담주간,Y,Y,Y,*,*,*,20260322
I10,세종특별자치시교육청,9300218,글벗중학교,2026,주간,중학교,휴업일,20260328,토요휴업일,,Y,Y,Y,*,*,*,20260322
I10,세종특별자치시교육청,9300218,글벗중학교,2026,주간,중학교,휴업일,20260404,토요휴업일,,Y,Y,Y,*,*,*,20260322
I10,세종특별자치시교육청,9300218,글벗중학교,2026,주간,중학교,휴업일,20260411,토요휴업일,,Y,Y,Y,*,*,*,20260322
I10,세종특별자치시교육청,9300218,글벗중학교,2026,주간,중학교,휴업일,20260418,토요휴업일,,Y,Y,Y,*,*,*,20260322
I10,세종특별자치시교육청,9300218,글벗중학교,2026,주간,중학교,휴업일,20260425,토요휴업일,,Y,Y,Y,*,*,*,20260322
I10,세종특별자치시교육청,9300218,글벗중학교,2026,주간,중학교,해당없음,20260428,1회고사,,Y,Y,Y,*,*,*,20260322
I10,세종특별자치시교육청,9300218,글벗중학교,2026,주간,중학교,해당없음,20260429,1회고사,,Y,Y,Y,*,*,*,20260322
I10,세종특별자치시교육청,9300218,글벗중학교,2026,주간,중학교,휴업일,20260501,개교기념일,,Y,Y,Y,*,*,*,20260322
I10,세종특별자치시교육청,9300218,글벗중학교,2026,주간,중학교,휴업일,20260502,토요휴업일,,Y,Y,Y,*,*,*,20260322
I10,세종특별자치시교육청,9300218,글벗중학교,2026,주간,중학교,휴업일,20260504,재량휴업일,,Y,Y,Y,*,*,*,20260322
I10,세종특별자치시교육청,9300218,글벗중학교,2026,주간,중학교,공휴일,20260505,어린이날,,Y,Y,Y,*,*,*,20260322
I10,세종특별자치시교육청,9300218,글벗중학교,2026,주간,중학교,휴업일,20260509,토요휴업일,,Y,Y,Y,*,*,*,20260322
I10,세종특별자치시교육청,9300218,글벗중학교,2026,주간,중학교,해당없음,20260515,체육대회,,Y,Y,Y,*,*,*,20260322
I10,세종특별자치시교육청,9300218,글벗중학교,2026,주간,중학교,휴업일,20260516,토요휴업일,,Y,Y,Y,*,*,*,20260322
I10,세종특별자치시교육청,9300218,글벗중학교,2026,주간,중학교,휴업일,20260523,토요휴업일,,Y,Y,Y,*,*,*,20260322
I10,세종특별자치시교육청,9300218,글벗중학교,2026,주간,중학교,공휴일,20260524,석가탄신일,,Y,Y,Y,*,*,*,20260322
I10,세종특별자치시교육청,9300218,글벗중학교,2026,주간,중학교,공휴일,20260525,대체공휴일,,Y,Y,Y,*,*,*,20260322
I10,세종특별자치시교육청,9300218,글벗중학교,2026,주간,중학교,해당없음,20260527,공개수업,학부모공개수업,Y,Y,Y,*,*,*,20260322
I10,세종특별자치시교육청,9300218,글벗중학교,2026,주간,중학교,휴업일,20260530,토요휴업일,,Y,Y,Y,*,*,*,20260322
I10,세종특별자치시교육청,9300218,글벗중학교,2026,주간,중학교,공휴일,20260603,지방선거일,지방자치선거,Y,Y,Y,*,*,*,20260322
I10,세종특별자치시교육청,9300218,글벗중학교,2026,주간,중학교,공휴일,20260606,현충일,,Y,Y,Y,*,*,*,20260322
I10,세종특별자치시교육청,9300218,글벗중학교,2026,주간,중학교,휴업일,20260613,토요휴업일,,Y,Y,Y,*,*,*,20260322
I10,세종특별자치시교육청,9300218,글벗중학교,2026,주간,중학교,휴업일,20260620,토요휴업일,,Y,Y,Y,*,*,*,20260322
I10,세종특별자치시교육청,9300218,글벗중학교,2026,주간,중학교,휴업일,20260627,토요휴업일,,Y,Y,Y,*,*,*,20260322
I10,세종특별자치시교육청,9300218,글벗중학교,2026,주간,중학교,해당없음,20260701,2회고사,,Y,Y,Y,*,*,*,20260322
I10,세종특별자치시교육청,9300218,글벗중학교,2026,주간,중학교,해당없음,20260702,2회고사,,Y,Y,Y,*,*,*,20260322
I10,세종특별자치시교육청,9300218,글벗중학교,2026,주간,중학교,해당없음,20260703,2회고사,,Y,Y,Y,*,*,*,20260322
I10,세종특별자치시교육청,9300218,글벗중학교,2026,주간,중학교,휴업일,20260704,토요휴업일,,Y,Y,Y,*,*,*,20260322
I10,세종특별자치시교육청,9300218,글벗중학교,2026,주간,중학교,휴업일,20260711,토요휴업일,,Y,Y,Y,*,*,*,20260322
I10,세종특별자치시교육청,9300218,글벗중학교,2026,주간,중학교,공휴일,20260717,제헌절,,Y,Y,Y,*,*,*,20260322
I10,세종특별자치시교육청,9300218,글벗중학교,2026,주간,중학교,휴업일,20260718,토요휴업일,,Y,Y,Y,*,*,*,20260322
I10,세종특별자치시교육청,9300218,글벗중학교,2026,주간,중학교,해당없음,20260721,여름방학식,,Y,Y,Y,*,*,*,20260322
I10,세종특별자치시교육청,9300218,글벗중학교,2026,주간,중학교,휴업일,20260722,여름방학,,Y,Y,Y,*,*,*,20260322
I10,세종특별자치시교육청,9300218,글벗중학교,2026,주간,중학교,휴업일,20260723,여름방학,,Y,Y,Y,*,*,*,20260322
I10,세종특별자치시교육청,9300218,글벗중학교,2026,주간,중학교,휴업일,20260724,여름방학,,Y,Y,Y,*,*,*,20260322
I10,세종특별자치시교육청,9300218,글벗중학교,2026,주간,중학교,휴업일,20260725,여름방학,,Y,Y,Y,*,*,*,20260322
I10,세종특별자치시교육청,9300218,글벗중학교,2026,주간,중학교,휴업일,20260725,토요휴업일,,Y,Y,Y,*,*,*,20260322
I10,세종특별자치시교육청,9300218,글벗중학교,2026,주간,중학교,휴업일,20260726,여름방학,,Y,Y,Y,*,*,*,20260322
I10,세종특별자치시교육청,9300218,글벗중학교,2026,주간,중학교,휴업일,20260727,여름방학,,Y,Y,Y,*,*,*,20260322
I10,세종특별자치시교육청,9300218,글벗중학교,2026,주간,중학교,휴업일,20260728,여름방학,,Y,Y,Y,*,*,*,20260322
I10,세종특별자치시교육청,9300218,글벗중학교,2026,주간,중학교,휴업일,20260729,여름방학,,Y,Y,Y,*,*,*,20260322
I10,세종특별자치시교육청,9300218,글벗중학교,2026,주간,중학교,휴업일,20260730,여름방학,,Y,Y,Y,*,*,*,20260322
I10,세종특별자치시교육청,9300218,글벗중학교,2026,주간,중학교,휴업일,20260731,여름방학,,Y,Y,Y,*,*,*,20260322
I10,세종특별자치시교육청,9300218,글벗중학교,2026,주간,중학교,휴업일,20260801,여름방학,,Y,Y,Y,*,*,*,20260322
I10,세종특별자치시교육청,9300218,글벗중학교,2026,주간,중학교,휴업일,20260801,토요휴업일,,Y,Y,Y,*,*,*,20260322
I10,세종특별자치시교육청,9300218,글벗중학교,2026,주간,중학교,휴업일,20260802,여름방학,,Y,Y,Y,*,*,*,20260322
I10,세종특별자치시교육청,9300218,글벗중학교,2026,주간,중학교,휴업일,20260803,여름방학,,Y,Y,Y,*,*,*,20260322
I10,세종특별자치시교육청,9300218,글벗중학교,2026,주간,중학교,휴업일,20260804,여름방학,,Y,Y,Y,*,*,*,20260322
I10,세종특별자치시교육청,9300218,글벗중학교,2026,주간,중학교,휴업일,20260805,여름방학,,Y,Y,Y,*,*,*,20260322
I10,세종특별자치시교육청,9300218,글벗중학교,2026,주간,중학교,휴업일,20260806,여름방학,,Y,Y,Y,*,*,*,20260322
I10,세종특별자치시교육청,9300218,글벗중학교,2026,주간,중학교,휴업일,20260807,여름방학,,Y,Y,Y,*,*,*,20260322
I10,세종특별자치시교육청,9300218,글벗중학교,2026,주간,중학교,휴업일,20260808,여름방학,,Y,Y,Y,*,*,*,20260322
I10,세종특별자치시교육청,9300218,글벗중학교,2026,주간,중학교,휴업일,20260808,토요휴업일,,Y,Y,Y,*,*,*,20260322
I10,세종특별자치시교육청,9300218,글벗중학교,2026,주간,중학교,휴업일,20260809,여름방학,,Y,Y,Y,*,*,*,20260322
I10,세종특별자치시교육청,9300218,글벗중학교,2026,주간,중학교,휴업일,20260810,여름방학,,Y,Y,Y,*,*,*,20260322
I10,세종특별자치시교육청,9300218,글벗중학교,2026,주간,중학교,휴업일,20260811,여름방학,,Y,Y,Y,*,*,*,20260322
I10,세종특별자치시교육청,9300218,글벗중학교,2026,주간,중학교,휴업일,20260812,여름방학,,Y,Y,Y,*,*,*,20260322
I10,세종특별자치시교육청,9300218,글벗중학교,2026,주간,중학교,휴업일,20260813,여름방학,,Y,Y,Y,*,*,*,20260322
I10,세종특별자치시교육청,9300218,글벗중학교,2026,주간,중학교,휴업일,20260814,여름방학,,Y,Y,Y,*,*,*,20260322
I10,세종특별자치시교육청,9300218,글벗중학교,2026,주간,중학교,휴업일,20260815,여름방학,,Y,Y,Y,*,*,*,20260322
I10,세종특별자치시교육청,9300218,글벗중학교,2026,주간,중학교,공휴일,20260815,광복절,,Y,Y,Y,*,*,*,20260322
I10,세종특별자치시교육청,9300218,글벗중학교,2026,주간,중학교,휴업일,20260816,여름방학,,Y,Y,Y,*,*,*,20260322
I10,세종특별자치시교육청,9300218,글벗중학교,2026,주간,중학교,휴업일,20260817,여름방학,,Y,Y,Y,*,*,*,20260322
I10,세종특별자치시교육청,9300218,글벗중학교,2026,주간,중학교,공휴일,20260817,대체공휴일,,Y,Y,Y,*,*,*,20260322
I10,세종특별자치시교육청,9300218,글벗중학교,2026,주간,중학교,휴업일,20260818,여름방학,,Y,Y,Y,*,*,*,20260322
I10,세종특별자치시교육청,9300218,글벗중학교,2026,주간,중학교,해당없음,20260818,개학식,,Y,Y,Y,*,*,*,20260322
I10,세종특별자치시교육청,9300218,글벗중학교,2026,주간,중학교,휴업일,20260822,토요휴업일,,Y,Y,Y,*,*,*,20260322
I10,세종특별자치시교육청,9300218,글벗중학교,2026,주간,중학교,휴업일,20260829,토요휴업일,,Y,Y,Y,*,*,*,20260322
I10,세종특별자치시교육청,9300218,글벗중학교,2026,주간,중학교,해당없음,20260831,상담주간,학부모집중상담주간,Y,Y,Y,*,*,*,20260322
I10,세종특별자치시교육청,9300218,글벗중학교,2026,주간,중학교,해당없음,20260901,상담주간,학부모집중상담주간,Y,Y,Y,*,*,*,20260322
I10,세종특별자치시교육청,9300218,글벗중학교,2026,주간,중학교,해당없음,20260902,상담주간,학부모집중상담주간,Y,Y,Y,*,*,*,20260322
I10,세종특별자치시교육청,9300218,글벗중학교,2026,주간,중학교,해당없음,20260903,상담주간,학부모집중상담주간,Y,Y,Y,*,*,*,20260322
I10,세종특별자치시교육청,9300218,글벗중학교,2026,주간,중학교,해당없음,20260903,고입전형설명회,고교진학설명회,Y,Y,Y,*,*,*,20260322
I10,세종특별자치시교육청,9300218,글벗중학교,2026,주간,중학교,해당없음,20260904,상담주간,학부모집중상담주간,Y,Y,Y,*,*,*,20260322
I10,세종특별자치시교육청,9300218,글벗중학교,2026,주간,중학교,휴업일,20260905,토요휴업일,,Y,Y,Y,*,*,*,20260322
I10,세종특별자치시교육청,9300218,글벗중학교,2026,주간,중학교,휴업일,20260912,토요휴업일,,Y,Y,Y,*,*,*,20260322
I10,세종특별자치시교육청,9300218,글벗중학교,2026,주간,중학교,휴업일,20260919,토요휴업일,,Y,Y,Y,*,*,*,20260322
I10,세종특별자치시교육청,9300218,글벗중학교,2026,주간,중학교,공휴일,20260924,추석연휴,,Y,Y,Y,*,*,*,20260322
I10,세종특별자치시교육청,9300218,글벗중학교,2026,주간,중학교,공휴일,20260925,추석,,Y,Y,Y,*,*,*,20260322
I10,세종특별자치시교육청,9300218,글벗중학교,2026,주간,중학교,공휴일,20260926,추석연휴,,Y,Y,Y,*,*,*,20260322
I10,세종특별자치시교육청,9300218,글벗중학교,2026,주간,중학교,휴업일,20260926,토요휴업일,,Y,Y,Y,*,*,*,20260322
I10,세종특별자치시교육청,9300218,글벗중학교,2026,주간,중학교,해당없음,20260930,1회고사,,N,Y,Y,*,*,*,20260322
I10,세종특별자치시교육청,9300218,글벗중학교,2026,주간,중학교,해당없음,20261001,1회고사,,N,Y,Y,*,*,*,20260322
I10,세종특별자치시교육청,9300218,글벗중학교,2026,주간,중학교,공휴일,20261003,개천절,,Y,Y,Y,*,*,*,20260322
I10,세종특별자치시교육청,9300218,글벗중학교,2026,주간,중학교,공휴일,20261005,대체공휴일,,Y,Y,Y,*,*,*,20260322
I10,세종특별자치시교육청,9300218,글벗중학교,2026,주간,중학교,공휴일,20261009,한글날,,Y,Y,Y,*,*,*,20260322
I10,세종특별자치시교육청,9300218,글벗중학교,2026,주간,중학교,휴업일,20261010,토요휴업일,,Y,Y,Y,*,*,*,20260322
I10,세종특별자치시교육청,9300218,글벗중학교,2026,주간,중학교,휴업일,20261017,토요휴업일,,Y,Y,Y,*,*,*,20260322
I10,세종특별자치시교육청,9300218,글벗중학교,2026,주간,중학교,휴업일,20261024,토요휴업일,,Y,Y,Y,*,*,*,20260322
I10,세종특별자치시교육청,9300218,글벗중학교,2026,주간,중학교,해당없음,20261028,현장체험학습,,N,N,Y,*,*,*,20260322
I10,세종특별자치시교육청,9300218,글벗중학교,2026,주간,중학교,해당없음,20261028,수학여행 ,,N,Y,N,*,*,*,20260322
I10,세종특별자치시교육청,9300218,글벗중학교,2026,주간,중학교,해당없음,20261028,수련활동,,Y,N,N,*,*,*,20260322
I10,세종특별자치시교육청,9300218,글벗중학교,2026,주간,중학교,해당없음,20261029,수학여행 ,,N,Y,N,*,*,*,20260322
I10,세종특별자치시교육청,9300218,글벗중학교,2026,주간,중학교,해당없음,20261029,수련활동,,Y,N,N,*,*,*,20260322
I10,세종특별자치시교육청,9300218,글벗중학교,2026,주간,중학교,해당없음,20261030,수학여행 ,,N,Y,N,*,*,*,20260322
I10,세종특별자치시교육청,9300218,글벗중학교,2026,주간,중학교,해당없음,20261030,수련활동,,Y,N,N,*,*,*,20260322
I10,세종특별자치시교육청,9300218,글벗중학교,2026,주간,중학교,휴업일,20261031,토요휴업일,,Y,Y,Y,*,*,*,20260322
I10,세종특별자치시교육청,9300218,글벗중학교,2026,주간,중학교,휴업일,20261107,토요휴업일,,Y,Y,Y,*,*,*,20260322
I10,세종특별자치시교육청,9300218,글벗중학교,2026,주간,중학교,해당없음,20261113,3학년 2회고사 ,,N,N,Y,*,*,*,20260322
I10,세종특별자치시교육청,9300218,글벗중학교,2026,주간,중학교,해당없음,20261114,3학년 2회고사 ,,N,N,Y,*,*,*,20260322
I10,세종특별자치시교육청,9300218,글벗중학교,2026,주간,중학교,휴업일,20261114,토요휴업일,,Y,Y,Y,*,*,*,20260322
I10,세종특별자치시교육청,9300218,글벗중학교,2026,주간,중학교,해당없음,20261115,3학년 2회고사 ,,N,N,Y,*,*,*,20260322
I10,세종특별자치시교육청,9300218,글벗중학교,2026,주간,중학교,해당없음,20261116,3학년 2회고사 ,,N,N,Y,*,*,*,20260322
I10,세종특별자치시교육청,9300218,글벗중학교,2026,주간,중학교,해당없음,20261117,3학년 2회고사 ,,N,N,Y,*,*,*,20260322
I10,세종특별자치시교육청,9300218,글벗중학교,2026,주간,중학교,휴업일,20261119,대학수학능력시험일,재량휴업일,Y,Y,Y,*,*,*,20260322
I10,세종특별자치시교육청,9300218,글벗중학교,2026,주간,중학교,휴업일,20261121,토요휴업일,,Y,Y,Y,*,*,*,20260322
I10,세종특별자치시교육청,9300218,글벗중학교,2026,주간,중학교,휴업일,20261128,토요휴업일,,Y,Y,Y,*,*,*,20260322
I10,세종특별자치시교육청,9300218,글벗중학교,2026,주간,중학교,휴업일,20261205,토요휴업일,,Y,Y,Y,*,*,*,20260322
I10,세종특별자치시교육청,9300218,글벗중학교,2026,주간,중학교,해당없음,20261209,2학년 2회고사,,N,Y,N,*,*,*,20260322
I10,세종특별자치시교육청,9300218,글벗중학교,2026,주간,중학교,해당없음,20261210,2학년 2회고사,,N,Y,N,*,*,*,20260322
I10,세종특별자치시교육청,9300218,글벗중학교,2026,주간,중학교,해당없음,20261211,2학년 2회고사,,N,Y,N,*,*,*,20260322
I10,세종특별자치시교육청,9300218,글벗중학교,2026,주간,중학교,휴업일,20261212,토요휴업일,,Y,Y,Y,*,*,*,20260322
I10,세종특별자치시교육청,9300218,글벗중학교,2026,주간,중학교,휴업일,20261219,토요휴업일,,Y,Y,Y,*,*,*,20260322
I10,세종특별자치시교육청,9300218,글벗중학교,2026,주간,중학교,공휴일,20261225,성탄절,,Y,Y,Y,*,*,*,20260322
I10,세종특별자치시교육청,9300218,글벗중학교,2026,주간,중학교,휴업일,20261226,토요휴업일,,Y,Y,Y,*,*,*,20260322
I10,세종특별자치시교육청,9300218,글벗중학교,2026,주간,중학교,해당없음,20261229,축제,,Y,Y,Y,*,*,*,20260322
I10,세종특별자치시교육청,9300218,글벗중학교,2026,주간,중학교,공휴일,20270101,신정,,Y,Y,Y,*,*,*,20260322
I10,세종특별자치시교육청,9300218,글벗중학교,2026,주간,중학교,휴업일,20270102,토요휴업일,,Y,Y,Y,*,*,*,20260322
I10,세종특별자치시교육청,9300218,글벗중학교,2026,주간,중학교,해당없음,20270106,졸업식,,N,N,Y,*,*,*,20260322
I10,세종특별자치시교육청,9300218,글벗중학교,2026,주간,중학교,해당없음,20270106,종업식,,Y,Y,N,*,*,*,20260322
I10,세종특별자치시교육청,9300218,글벗중학교,2026,주간,중학교,휴업일,20270109,토요휴업일,,Y,Y,Y,*,*,*,20260322
I10,세종특별자치시교육청,9300218,글벗중학교,2026,주간,중학교,휴업일,20270116,토요휴업일,,Y,Y,Y,*,*,*,20260322
I10,세종특별자치시교육청,9300218,글벗중학교,2026,주간,중학교,휴업일,20270123,토요휴업일,,Y,Y,Y,*,*,*,20260322
I10,세종특별자치시교육청,9300218,글벗중학교,2026,주간,중학교,휴업일,20270130,토요휴업일,,Y,Y,Y,*,*,*,20260322
I10,세종특별자치시교육청,9300218,글벗중학교,2026,주간,중학교,휴업일,20270206,토요휴업일,,Y,Y,Y,*,*,*,20260322
I10,세종특별자치시교육청,9300218,글벗중학교,2026,주간,중학교,공휴일,20270207,설날,,Y,Y,Y,*,*,*,20260322
I10,세종특별자치시교육청,9300218,글벗중학교,2026,주간,중학교,휴업일,20270213,토요휴업일,,Y,Y,Y,*,*,*,20260322
I10,세종특별자치시교육청,9300218,글벗중학교,2026,주간,중학교,휴업일,20270220,토요휴업일,,Y,Y,Y,*,*,*,20260322
I10,세종특별자치시교육청,9300218,글벗중학교,2026,주간,중학교,휴업일,20270227,토요휴업일,,Y,Y,Y,*,*,*,20260322
I10,세종특별자치시교육청,9300214,글벗초등학교,2025,,초등학교,공휴일,20250301,3·1절,,Y,Y,Y,Y,Y,Y,20260322
I10,세종특별자치시교육청,9300214,글벗초등학교,2025,,초등학교,공휴일,20250303,대체공휴일,,Y,Y,Y,Y,Y,Y,20260322
I10,세종특별자치시교육청,9300214,글벗초등학교,2025,,초등학교,해당없음,20250304,시업식,,N,Y,Y,Y,Y,Y,20260322
I10,세종특별자치시교육청,9300214,글벗초등학교,2025,,초등학교,해당없음,20250304,입학식,,Y,N,N,N,N,N,20260322
I10,세종특별자치시교육청,9300214,글벗초등학교,2025,,초등학교,해당없음,20250307,1학기 학급임원선출,,N,N,Y,Y,Y,Y,20260322
I10,세종특별자치시교육청,9300214,글벗초등학교,2025,,초등학교,휴업일,20250308,토요휴업일,,Y,Y,Y,Y,Y,Y,20260322
I10,세종특별자치시교육청,9300214,글벗초등학교,2025,,초등학교,휴업일,20250315,토요휴업일,,Y,Y,Y,Y,Y,Y,20260322
I10,세종특별자치시교육청,9300214,글벗초등학교,2025,,초등학교,해당없음,20250321,1학기 전교학생회 선거,,N,N,N,Y,Y,Y,20260322
I10,세종특별자치시교육청,9300214,글벗초등학교,2025,,초등학교,휴업일,20250322,토요휴업일,,Y,Y,Y,Y,Y,Y,20260322
I10,세종특별자치시교육청,9300214,글벗초등학교,2025,,초등학교,해당없음,20250324,1학기 학생상담주간,,Y,Y,Y,Y,Y,Y,20260322
I10,세종특별자치시교육청,9300214,글벗초등학교,2025,,초등학교,해당없음,20250325,1학기 학생상담주간,,Y,Y,Y,Y,Y,Y,20260322
I10,세종특별자치시교육청,9300214,글벗초등학교,2025,,초등학교,해당없음,20250326,1학기 학생상담주간,,Y,Y,Y,Y,Y,Y,20260322
I10,세종특별자치시교육청,9300214,글벗초등학교,2025,,초등학교,해당없음,20250327,1학기 학생상담주간,,Y,Y,Y,Y,Y,Y,20260322
I10,세종특별자치시교육청,9300214,글벗초등학교,2025,,초등학교,해당없음,20250328,1학기 학생상담주간,,Y,Y,Y,Y,Y,Y,20260322
I10,세종특별자치시교육청,9300214,글벗초등학교,2025,,초등학교,휴업일,20250329,토요휴업일,,Y,Y,Y,Y,Y,Y,20260322
I10,세종특별자치시교육청,9300214,글벗초등학교,2025,,초등학교,해당없음,20250331,학부모 상담 주간,,Y,Y,Y,Y,Y,Y,20260322
I10,세종특별자치시교육청,9300214,글벗초등학교,2025,,초등학교,해당없음,20250401,학부모 상담 주간,,Y,Y,Y,Y,Y,Y,20260322
I10,세종특별자치시교육청,9300214,글벗초등학교,2025,,초등학교,해당없음,20250402,학부모 상담 주간,,Y,Y,Y,Y,Y,Y,20260322
I10,세종특별자치시교육청,9300214,글벗초등학교,2025,,초등학교,해당없음,20250403,학부모 상담 주간,,Y,Y,Y,Y,Y,Y,20260322
I10,세종특별자치시교육청,9300214,글벗초등학교,2025,,초등학교,해당없음,20250404,학부모 상담 주간,,Y,Y,Y,Y,Y,Y,20260322
I10,세종특별자치시교육청,9300214,글벗초등학교,2025,,초등학교,휴업일,20250405,토요휴업일,,Y,Y,Y,Y,Y,Y,20260322
I10,세종특별자치시교육청,9300214,글벗초등학교,2025,,초등학교,해당없음,20250407,학부모 상담 주간,,Y,Y,Y,Y,Y,Y,20260322
I10,세종특별자치시교육청,9300214,글벗초등학교,2025,,초등학교,해당없음,20250408,학부모 상담 주간,,Y,Y,Y,Y,Y,Y,20260322
I10,세종특별자치시교육청,9300214,글벗초등학교,2025,,초등학교,해당없음,20250409,학부모 상담 주간,,Y,Y,Y,Y,Y,Y,20260322
I10,세종특별자치시교육청,9300214,글벗초등학교,2025,,초등학교,해당없음,20250410,학부모 상담 주간,,Y,Y,Y,Y,Y,Y,20260322
I10,세종특별자치시교육청,9300214,글벗초등학교,2025,,초등학교,해당없음,20250411,학부모 상담 주간,,Y,Y,Y,Y,Y,Y,20260322
I10,세종특별자치시교육청,9300214,글벗초등학교,2025,,초등학교,휴업일,20250412,토요휴업일,,Y,Y,Y,Y,Y,Y,20260322
I10,세종특별자치시교육청,9300214,글벗초등학교,2025,,초등학교,휴업일,20250419,토요휴업일,,Y,Y,Y,Y,Y,Y,20260322
I10,세종특별자치시교육청,9300214,글벗초등학교,2025,,초등학교,휴업일,20250426,토요휴업일,,Y,Y,Y,Y,Y,Y,20260322
I10,세종특별자치시교육청,9300214,글벗초등학교,2025,,초등학교,해당없음,20250428,글벗화합한마당주간,,Y,Y,Y,Y,Y,Y,20260322
I10,세종특별자치시교육청,9300214,글벗초등학교,2025,,초등학교,해당없음,20250429,글벗화합한마당주간,,Y,Y,Y,Y,Y,Y,20260322
I10,세종특별자치시교육청,9300214,글벗초등학교,2025,,초등학교,해당없음,20250430,글벗화합한마당주간,,Y,Y,Y,Y,Y,Y,20260322
I10,세종특별자치시교육청,9300214,글벗초등학교,2025,,초등학교,휴업일,20250501,개교기념일(재량휴업일),,Y,Y,Y,Y,Y,Y,20260322
I10,세종특별자치시교육청,9300214,글벗초등학교,2025,,초등학교,휴업일,20250502,재량휴업일,,Y,Y,Y,Y,Y,Y,20260322
I10,세종특별자치시교육청,9300214,글벗초등학교,2025,,초등학교,휴업일,20250503,토요휴업일,,Y,Y,Y,Y,Y,Y,20260322
I10,세종특별자치시교육청,9300214,글벗초등학교,2025,,초등학교,공휴일,20250505,석가탄신일,,Y,Y,Y,Y,Y,Y,20260322
I10,세종특별자치시교육청,9300214,글벗초등학교,2025,,초등학교,공휴일,20250506,대체공휴일,,Y,Y,Y,Y,Y,Y,20260322
I10,세종특별자치시교육청,9300214,글벗초등학교,2025,,초등학교,휴업일,20250510,토요휴업일,,Y,Y,Y,Y,Y,Y,20260322
I10,세종특별자치시교육청,9300214,글벗초등학교,2025,,초등학교,휴업일,20250517,토요휴업일,,Y,Y,Y,Y,Y,Y,20260322
I10,세종특별자치시교육청,9300214,글벗초등학교,2025,,초등학교,휴업일,20250524,토요휴업일,,Y,Y,Y,Y,Y,Y,20260322
I10,세종특별자치시교육청,9300214,글벗초등학교,2025,,초등학교,휴업일,20250531,토요휴업일,,Y,Y,Y,Y,Y,Y,20260322
I10,세종특별자치시교육청,9300214,글벗초등학교,2025,,초등학교,공휴일,20250603,21대 대통령 선거일,,Y,Y,Y,Y,Y,Y,20260322
I10,세종특별자치시교육청,9300214,글벗초등학교,2025,,초등학교,공휴일,20250606,현충일,,Y,Y,Y,Y,Y,Y,20260322
I10,세종특별자치시교육청,9300214,글벗초등학교,2025,,초등학교,휴업일,20250607,토요휴업일,,Y,Y,Y,Y,Y,Y,20260322
I10,세종특별자치시교육청,9300214,글벗초등학교,2025,,초등학교,휴업일,20250614,토요휴업일,,Y,Y,Y,Y,Y,Y,20260322
I10,세종특별자치시교육청,9300214,글벗초등학교,2025,,초등학교,해당없음,20250616,1학기 학교교육과정설명회,,Y,Y,Y,Y,Y,Y,20260322
I10,세종특별자치시교육청,9300214,글벗초등학교,2025,,초등학교,해당없음,20250617,1학기 학교교육과정설명회,,Y,Y,Y,Y,Y,Y,20260322
I10,세종특별자치시교육청,9300214,글벗초등학교,2025,,초등학교,해당없음,20250618,1학기 학교교육과정설명회,,Y,Y,Y,Y,Y,Y,20260322
I10,세종특별자치시교육청,9300214,글벗초등학교,2025,,초등학교,해당없음,20250619,1학기 학교교육과정설명회,,Y,Y,Y,Y,Y,Y,20260322
I10,세종특별자치시교육청,9300214,글벗초등학교,2025,,초등학교,해당없음,20250620,1학기 학교교육과정설명회,,Y,Y,Y,Y,Y,Y,20260322
I10,세종특별자치시교육청,9300214,글벗초등학교,2025,,초등학교,휴업일,20250621,토요휴업일,,Y,Y,Y,Y,Y,Y,20260322
I10,세종특별자치시교육청,9300214,글벗초등학교,2025,,초등학교,휴업일,20250628,토요휴업일,,Y,Y,Y,Y,Y,Y,20260322
I10,세종특별자치시교육청,9300214,글벗초등학교,2025,,초등학교,휴업일,20250705,토요휴업일,,Y,Y,Y,Y,Y,Y,20260322
I10,세종특별자치시교육청,9300214,글벗초등학교,2025,,초등학교,휴업일,20250712,토요휴업일,,Y,Y,Y,Y,Y,Y,20260322
I10,세종특별자치시교육청,9300214,글벗초등학교,2025,,초등학교,휴업일,20250719,토요휴업일,,Y,Y,Y,Y,Y,Y,20260322
I10,세종특별자치시교육청,9300214,글벗초등학교,2025,,초등학교,해당없음,20250723,여름방학식,,Y,Y,Y,Y,Y,Y,20260322
I10,세종특별자치시교육청,9300214,글벗초등학교,2025,,초등학교,휴업일,20250724,여름방학,,Y,Y,Y,Y,Y,Y,20260322
I10,세종특별자치시교육청,9300214,글벗초등학교,2025,,초등학교,휴업일,20250725,여름방학,,Y,Y,Y,Y,Y,Y,20260322
I10,세종특별자치시교육청,9300214,글벗초등학교,2025,,초등학교,휴업일,20250726,여름방학,,Y,Y,Y,Y,Y,Y,20260322
I10,세종특별자치시교육청,9300214,글벗초등학교,2025,,초등학교,휴업일,20250726,토요휴업일,,Y,Y,Y,Y,Y,Y,20260322
I10,세종특별자치시교육청,9300214,글벗초등학교,2025,,초등학교,휴업일,20250727,여름방학,,Y,Y,Y,Y,Y,Y,20260322
I10,세종특별자치시교육청,9300214,글벗초등학교,2025,,초등학교,휴업일,20250728,여름방학,,Y,Y,Y,Y,Y,Y,20260322
I10,세종특별자치시교육청,9300214,글벗초등학교,2025,,초등학교,휴업일,20250729,여름방학,,Y,Y,Y,Y,Y,Y,20260322
I10,세종특별자치시교육청,9300214,글벗초등학교,2025,,초등학교,휴업일,20250730,여름방학,,Y,Y,Y,Y,Y,Y,20260322
I10,세종특별자치시교육청,9300214,글벗초등학교,2025,,초등학교,휴업일,20250731,여름방학,,Y,Y,Y,Y,Y,Y,20260322
I10,세종특별자치시교육청,9300214,글벗초등학교,2025,,초등학교,휴업일,20250801,여름방학,,Y,Y,Y,Y,Y,Y,20260322
I10,세종특별자치시교육청,9300214,글벗초등학교,2025,,초등학교,휴업일,20250802,여름방학,,Y,Y,Y,Y,Y,Y,20260322
I10,세종특별자치시교육청,9300214,글벗초등학교,2025,,초등학교,휴업일,20250802,토요휴업일,,Y,Y,Y,Y,Y,Y,20260322
I10,세종특별자치시교육청,9300214,글벗초등학교,2025,,초등학교,휴업일,20250803,여름방학,,Y,Y,Y,Y,Y,Y,20260322
I10,세종특별자치시교육청,9300214,글벗초등학교,2025,,초등학교,휴업일,20250804,여름방학,,Y,Y,Y,Y,Y,Y,20260322
I10,세종특별자치시교육청,9300214,글벗초등학교,2025,,초등학교,휴업일,20250805,여름방학,,Y,Y,Y,Y,Y,Y,20260322
I10,세종특별자치시교육청,9300214,글벗초등학교,2025,,초등학교,휴업일,20250806,여름방학,,Y,Y,Y,Y,Y,Y,20260322
I10,세종특별자치시교육청,9300214,글벗초등학교,2025,,초등학교,휴업일,20250807,여름방학,,Y,Y,Y,Y,Y,Y,20260322
I10,세종특별자치시교육청,9300214,글벗초등학교,2025,,초등학교,휴업일,20250808,여름방학,,Y,Y,Y,Y,Y,Y,20260322
I10,세종특별자치시교육청,9300214,글벗초등학교,2025,,초등학교,휴업일,20250809,여름방학,,Y,Y,Y,Y,Y,Y,20260322
I10,세종특별자치시교육청,9300214,글벗초등학교,2025,,초등학교,휴업일,20250809,토요휴업일,,Y,Y,Y,Y,Y,Y,20260322
I10,세종특별자치시교육청,9300214,글벗초등학교,2025,,초등학교,휴업일,20250810,여름방학,,Y,Y,Y,Y,Y,Y,20260322
I10,세종특별자치시교육청,9300214,글벗초등학교,2025,,초등학교,휴업일,20250811,여름방학,,Y,Y,Y,Y,Y,Y,20260322
I10,세종특별자치시교육청,9300214,글벗초등학교,2025,,초등학교,휴업일,20250812,여름방학,,Y,Y,Y,Y,Y,Y,20260322
I10,세종특별자치시교육청,9300214,글벗초등학교,2025,,초등학교,휴업일,20250813,여름방학,,Y,Y,Y,Y,Y,Y,20260322
I10,세종특별자치시교육청,9300214,글벗초등학교,2025,,초등학교,휴업일,20250814,여름방학,,Y,Y,Y,Y,Y,Y,20260322
I10,세종특별자치시교육청,9300214,글벗초등학교,2025,,초등학교,휴업일,20250815,여름방학,,Y,Y,Y,Y,Y,Y,20260322
I10,세종특별자치시교육청,9300214,글벗초등학교,2025,,초등학교,공휴일,20250815,광복절,,Y,Y,Y,Y,Y,Y,20260322
I10,세종특별자치시교육청,9300214,글벗초등학교,2025,,초등학교,휴업일,20250816,여름방학,,Y,Y,Y,Y,Y,Y,20260322
I10,세종특별자치시교육청,9300214,글벗초등학교,2025,,초등학교,휴업일,20250816,토요휴업일,,Y,Y,Y,Y,Y,Y,20260322
I10,세종특별자치시교육청,9300214,글벗초등학교,2025,,초등학교,휴업일,20250817,여름방학,,Y,Y,Y,Y,Y,Y,20260322
I10,세종특별자치시교육청,9300214,글벗초등학교,2025,,초등학교,해당없음,20250818,여름방학 개학식,,Y,Y,Y,Y,Y,Y,20260322
I10,세종특별자치시교육청,9300214,글벗초등학교,2025,,초등학교,해당없음,20250822,2학기 학급 임원 선출,,N,N,N,Y,Y,Y,20260322
I10,세종특별자치시교육청,9300214,글벗초등학교,2025,,초등학교,휴업일,20250823,토요휴업일,,Y,Y,Y,Y,Y,Y,20260322
I10,세종특별자치시교육청,9300214,글벗초등학교,2025,,초등학교,휴업일,20250830,토요휴업일,,Y,Y,Y,Y,Y,Y,20260322
I10,세종특별자치시교육청,9300214,글벗초등학교,2025,,초등학교,해당없음,20250901,2학기 학생상담주간,,Y,Y,Y,Y,Y,Y,20260322
I10,세종특별자치시교육청,9300214,글벗초등학교,2025,,초등학교,해당없음,20250902,2학기 학생상담주간,,Y,Y,Y,Y,Y,Y,20260322
I10,세종특별자치시교육청,9300214,글벗초등학교,2025,,초등학교,해당없음,20250903,2학기 학생상담주간,,Y,Y,Y,Y,Y,Y,20260322
I10,세종특별자치시교육청,9300214,글벗초등학교,2025,,초등학교,해당없음,20250904,2학기 학생상담주간,,Y,Y,Y,Y,Y,Y,20260322
I10,세종특별자치시교육청,9300214,글벗초등학교,2025,,초등학교,해당없음,20250905,2학기 학생상담주간,,Y,Y,Y,Y,Y,Y,20260322
I10,세종특별자치시교육청,9300214,글벗초등학교,2025,,초등학교,해당없음,20250905,2학기 전교학생회 선거,,N,N,N,Y,Y,Y,20260322
I10,세종특별자치시교육청,9300214,글벗초등학교,2025,,초등학교,휴업일,20250906,토요휴업일,,Y,Y,Y,Y,Y,Y,20260322
I10,세종특별자치시교육청,9300214,글벗초등학교,2025,,초등학교,휴업일,20250913,토요휴업일,,Y,Y,Y,Y,Y,Y,20260322
I10,세종특별자치시교육청,9300214,글벗초등학교,2025,,초등학교,휴업일,20250920,토요휴업일,,Y,Y,Y,Y,Y,Y,20260322
I10,세종특별자치시교육청,9300214,글벗초등학교,2025,,초등학교,해당없음,20250922,학부모 수업공개 주간,,Y,Y,Y,Y,Y,Y,20260322
I10,세종특별자치시교육청,9300214,글벗초등학교,2025,,초등학교,해당없음,20250923,학부모 수업공개 주간,,Y,Y,Y,Y,Y,Y,20260322
I10,세종특별자치시교육청,9300214,글벗초등학교,2025,,초등학교,해당없음,20250924,학부모 수업공개 주간,,Y,Y,Y,Y,Y,Y,20260322
I10,세종특별자치시교육청,9300214,글벗초등학교,2025,,초등학교,해당없음,20250925,학부모 수업공개 주간,,Y,Y,Y,Y,Y,Y,20260322
I10,세종특별자치시교육청,9300214,글벗초등학교,2025,,초등학교,해당없음,20250926,학부모 수업공개 주간,,Y,Y,Y,Y,Y,Y,20260322
I10,세종특별자치시교육청,9300214,글벗초등학교,2025,,초등학교,휴업일,20250927,토요휴업일,,Y,Y,Y,Y,Y,Y,20260322
I10,세종특별자치시교육청,9300214,글벗초등학교,2025,,초등학교,공휴일,20251003,개천절,,Y,Y,Y,Y,Y,Y,20260322
I10,세종특별자치시교육청,9300214,글벗초등학교,2025,,초등학교,휴업일,20251004,토요휴업일,,Y,Y,Y,Y,Y,Y,20260322
I10,세종특별자치시교육청,9300214,글벗초등학교,2025,,초등학교,공휴일,20251005,추석,,Y,Y,Y,Y,Y,Y,20260322
I10,세종특별자치시교육청,9300214,글벗초등학교,2025,,초등학교,공휴일,20251006,추석,,Y,Y,Y,Y,Y,Y,20260322
I10,세종특별자치시교육청,9300214,글벗초등학교,2025,,초등학교,공휴일,20251007,추석,,Y,Y,Y,Y,Y,Y,20260322
I10,세종특별자치시교육청,9300214,글벗초등학교,2025,,초등학교,공휴일,20251008,대체공휴일,,Y,Y,Y,Y,Y,Y,20260322
I10,세종특별자치시교육청,9300214,글벗초등학교,2025,,초등학교,공휴일,20251009,한글날,,Y,Y,Y,Y,Y,Y,20260322
I10,세종특별자치시교육청,9300214,글벗초등학교,2025,,초등학교,휴업일,20251010,재량휴업일,,Y,Y,Y,Y,Y,Y,20260322
I10,세종특별자치시교육청,9300214,글벗초등학교,2025,,초등학교,휴업일,20251011,토요휴업일,,Y,Y,Y,Y,Y,Y,20260322
I10,세종특별자치시교육청,9300214,글벗초등학교,2025,,초등학교,휴업일,20251018,토요휴업일,,Y,Y,Y,Y,Y,Y,20260322
I10,세종특별자치시교육청,9300214,글벗초등학교,2025,,초등학교,휴업일,20251025,토요휴업일,,Y,Y,Y,Y,Y,Y,20260322
I10,세종특별자치시교육청,9300214,글벗초등학교,2025,,초등학교,휴업일,20251101,토요휴업일,,Y,Y,Y,Y,Y,Y,20260322
I10,세종특별자치시교육청,9300214,글벗초등학교,2025,,초등학교,휴업일,20251108,토요휴업일,,Y,Y,Y,Y,Y,Y,20260322
I10,세종특별자치시교육청,9300214,글벗초등학교,2025,,초등학교,해당없음,20251110,2학기 방과후학교 수업 공개 주간,,Y,Y,Y,Y,Y,Y,20260322
I10,세종특별자치시교육청,9300214,글벗초등학교,2025,,초등학교,해당없음,20251111,2학기 방과후학교 수업 공개 주간,,Y,Y,Y,Y,Y,Y,20260322
I10,세종특별자치시교육청,9300214,글벗초등학교,2025,,초등학교,해당없음,20251112,2학기 방과후학교 수업 공개 주간,,Y,Y,Y,Y,Y,Y,20260322
I10,세종특별자치시교육청,9300214,글벗초등학교,2025,,초등학교,해당없음,20251113,2학기 방과후학교 수업 공개 주간,,Y,Y,Y,Y,Y,Y,20260322
I10,세종특별자치시교육청,9300214,글벗초등학교,2025,,초등학교,해당없음,20251114,2학기 방과후학교 수업 공개 주간,,Y,Y,Y,Y,Y,Y,20260322
I10,세종특별자치시교육청,9300214,글벗초등학교,2025,,초등학교,휴업일,20251115,토요휴업일,,Y,Y,Y,Y,Y,Y,20260322
I10,세종특별자치시교육청,9300214,글벗초등학교,2025,,초등학교,휴업일,20251122,토요휴업일,,Y,Y,Y,Y,Y,Y,20260322
I10,세종특별자치시교육청,9300214,글벗초등학교,2025,,초등학교,휴업일,20251129,토요휴업일,,Y,Y,Y,Y,Y,Y,20260322
I10,세종특별자치시교육청,9300214,글벗초등학교,2025,,초등학교,휴업일,20251206,토요휴업일,,Y,Y,Y,Y,Y,Y,20260322
I10,세종특별자치시교육청,9300214,글벗초등학교,2025,,초등학교,휴업일,20251213,토요휴업일,,Y,Y,Y,Y,Y,Y,20260322
I10,세종특별자치시교육청,9300214,글벗초등학교,2025,,초등학교,휴업일,20251220,토요휴업일,,Y,Y,Y,Y,Y,Y,20260322
I10,세종특별자치시교육청,9300214,글벗초등학교,2025,,초등학교,공휴일,20251225,성탄절,,Y,Y,Y,Y,Y,Y,20260322
I10,세종특별자치시교육청,9300214,글벗초등학교,2025,,초등학교,휴업일,20251227,토요휴업일,,Y,Y,Y,Y,Y,Y,20260322
I10,세종특별자치시교육청,9300214,글벗초등학교,2025,,초등학교,공휴일,20260101,신정,,Y,Y,Y,Y,Y,Y,20260322
I10,세종특별자치시교육청,9300214,글벗초등학교,2025,,초등학교,휴업일,20260103,토요휴업일,,Y,Y,Y,Y,Y,Y,20260322
I10,세종특별자치시교육청,9300214,글벗초등학교,2025,,초등학교,해당없음,20260106,종업식,,Y,Y,Y,Y,Y,N,20260322
I10,세종특별자치시교육청,9300214,글벗초등학교,2025,,초등학교,해당없음,20260106,졸업식,,N,N,N,N,N,Y,20260322
I10,세종특별자치시교육청,9300214,글벗초등학교,2025,,초등학교,휴업일,20260107,겨울방학,,Y,Y,Y,Y,Y,Y,20260322
I10,세종특별자치시교육청,9300214,글벗초등학교,2025,,초등학교,휴업일,20260108,겨울방학,,Y,Y,Y,Y,Y,Y,20260322
I10,세종특별자치시교육청,9300214,글벗초등학교,2025,,초등학교,휴업일,20260109,겨울방학,,Y,Y,Y,Y,Y,Y,20260322
I10,세종특별자치시교육청,9300214,글벗초등학교,2025,,초등학교,휴업일,20260110,겨울방학,,Y,Y,Y,Y,Y,Y,20260322
I10,세종특별자치시교육청,9300214,글벗초등학교,2025,,초등학교,휴업일,20260110,토요휴업일,,Y,Y,Y,Y,Y,Y,20260322
I10,세종특별자치시교육청,9300214,글벗초등학교,2025,,초등학교,휴업일,20260111,겨울방학,,Y,Y,Y,Y,Y,Y,20260322
I10,세종특별자치시교육청,9300214,글벗초등학교,2025,,초등학교,휴업일,20260112,겨울방학,,Y,Y,Y,Y,Y,Y,20260322
I10,세종특별자치시교육청,9300214,글벗초등학교,2025,,초등학교,휴업일,20260113,겨울방학,,Y,Y,Y,Y,Y,Y,20260322
I10,세종특별자치시교육청,9300214,글벗초등학교,2025,,초등학교,휴업일,20260114,겨울방학,,Y,Y,Y,Y,Y,Y,20260322
I10,세종특별자치시교육청,9300214,글벗초등학교,2025,,초등학교,휴업일,20260115,겨울방학,,Y,Y,Y,Y,Y,Y,20260322
I10,세종특별자치시교육청,9300214,글벗초등학교,2025,,초등학교,휴업일,20260116,겨울방학,,Y,Y,Y,Y,Y,Y,20260322
I10,세종특별자치시교육청,9300214,글벗초등학교,2025,,초등학교,휴업일,20260117,겨울방학,,Y,Y,Y,Y,Y,Y,20260322
I10,세종특별자치시교육청,9300214,글벗초등학교,2025,,초등학교,휴업일,20260117,토요휴업일,,Y,Y,Y,Y,Y,Y,20260322
I10,세종특별자치시교육청,9300214,글벗초등학교,2025,,초등학교,휴업일,20260118,겨울방학,,Y,Y,Y,Y,Y,Y,20260322
I10,세종특별자치시교육청,9300214,글벗초등학교,2025,,초등학교,휴업일,20260119,겨울방학,,Y,Y,Y,Y,Y,Y,20260322
I10,세종특별자치시교육청,9300214,글벗초등학교,2025,,초등학교,휴업일,20260120,겨울방학,,Y,Y,Y,Y,Y,Y,20260322
I10,세종특별자치시교육청,9300214,글벗초등학교,2025,,초등학교,휴업일,20260121,겨울방학,,Y,Y,Y,Y,Y,Y,20260322
I10,세종특별자치시교육청,9300214,글벗초등학교,2025,,초등학교,휴업일,20260122,겨울방학,,Y,Y,Y,Y,Y,Y,20260322
I10,세종특별자치시교육청,9300214,글벗초등학교,2025,,초등학교,휴업일,20260123,겨울방학,,Y,Y,Y,Y,Y,Y,20260322
I10,세종특별자치시교육청,9300214,글벗초등학교,2025,,초등학교,휴업일,20260124,겨울방학,,Y,Y,Y,Y,Y,Y,20260322
I10,세종특별자치시교육청,9300214,글벗초등학교,2025,,초등학교,휴업일,20260124,토요휴업일,,Y,Y,Y,Y,Y,Y,20260322
I10,세종특별자치시교육청,9300214,글벗초등학교,2025,,초등학교,휴업일,20260125,겨울방학,,Y,Y,Y,Y,Y,Y,20260322
I10,세종특별자치시교육청,9300214,글벗초등학교,2025,,초등학교,휴업일,20260126,겨울방학,,Y,Y,Y,Y,Y,Y,20260322
I10,세종특별자치시교육청,9300214,글벗초등학교,2025,,초등학교,휴업일,20260127,겨울방학,,Y,Y,Y,Y,Y,Y,20260322
I10,세종특별자치시교육청,9300214,글벗초등학교,2025,,초등학교,휴업일,20260128,겨울방학,,Y,Y,Y,Y,Y,Y,20260322
I10,세종특별자치시교육청,9300214,글벗초등학교,2025,,초등학교,휴업일,20260129,겨울방학,,Y,Y,Y,Y,Y,Y,20260322
I10,세종특별자치시교육청,9300214,글벗초등학교,2025,,초등학교,휴업일,20260130,겨울방학,,Y,Y,Y,Y,Y,Y,20260322
I10,세종특별자치시교육청,9300214,글벗초등학교,2025,,초등학교,휴업일,20260131,겨울방학,,Y,Y,Y,Y,Y,Y,20260322
I10,세종특별자치시교육청,9300214,글벗초등학교,2025,,초등학교,휴업일,20260131,토요휴업일,,Y,Y,Y,Y,Y,Y,20260322
I10,세종특별자치시교육청,9300214,글벗초등학교,2025,,초등학교,휴업일,20260201,겨울방학,,Y,Y,Y,Y,Y,Y,20260322
I10,세종특별자치시교육청,9300214,글벗초등학교,2025,,초등학교,휴업일,20260202,겨울방학,,Y,Y,Y,Y,Y,Y,20260322
I10,세종특별자치시교육청,9300214,글벗초등학교,2025,,초등학교,휴업일,20260203,겨울방학,,Y,Y,Y,Y,Y,Y,20260322
I10,세종특별자치시교육청,9300214,글벗초등학교,2025,,초등학교,휴업일,20260204,겨울방학,,Y,Y,Y,Y,Y,Y,20260322
I10,세종특별자치시교육청,9300214,글벗초등학교,2025,,초등학교,휴업일,20260205,겨울방학,,Y,Y,Y,Y,Y,Y,20260322
I10,세종특별자치시교육청,9300214,글벗초등학교,2025,,초등학교,휴업일,20260206,겨울방학,,Y,Y,Y,Y,Y,Y,20260322
I10,세종특별자치시교육청,9300214,글벗초등학교,2025,,초등학교,휴업일,20260207,겨울방학,,Y,Y,Y,Y,Y,Y,20260322
I10,세종특별자치시교육청,9300214,글벗초등학교,2025,,초등학교,휴업일,20260207,토요휴업일,,Y,Y,Y,Y,Y,Y,20260322
I10,세종특별자치시교육청,9300214,글벗초등학교,2025,,초등학교,휴업일,20260208,겨울방학,,Y,Y,Y,Y,Y,Y,20260322
I10,세종특별자치시교육청,9300214,글벗초등학교,2025,,초등학교,휴업일,20260209,겨울방학,,Y,Y,Y,Y,Y,Y,20260322
I10,세종특별자치시교육청,9300214,글벗초등학교,2025,,초등학교,휴업일,20260210,겨울방학,,Y,Y,Y,Y,Y,Y,20260322
I10,세종특별자치시교육청,9300214,글벗초등학교,2025,,초등학교,휴업일,20260211,겨울방학,,Y,Y,Y,Y,Y,Y,20260322
I10,세종특별자치시교육청,9300214,글벗초등학교,2025,,초등학교,휴업일,20260212,겨울방학,,Y,Y,Y,Y,Y,Y,20260322
I10,세종특별자치시교육청,9300214,글벗초등학교,2025,,초등학교,휴업일,20260213,겨울방학,,Y,Y,Y,Y,Y,Y,20260322
I10,세종특별자치시교육청,9300214,글벗초등학교,2025,,초등학교,휴업일,20260214,겨울방학,,Y,Y,Y,Y,Y,Y,20260322
I10,세종특별자치시교육청,9300214,글벗초등학교,2025,,초등학교,휴업일,20260214,토요휴업일,,Y,Y,Y,Y,Y,Y,20260322
I10,세종특별자치시교육청,9300214,글벗초등학교,2025,,초등학교,휴업일,20260215,겨울방학,,Y,Y,Y,Y,Y,Y,20260322
I10,세종특별자치시교육청,9300214,글벗초등학교,2025,,초등학교,휴업일,20260216,겨울방학,,Y,Y,Y,Y,Y,Y,20260322
I10,세종특별자치시교육청,9300214,글벗초등학교,2025,,초등학교,공휴일,20260216,설날,,Y,Y,Y,Y,Y,Y,20260322
I10,세종특별자치시교육청,9300214,글벗초등학교,2025,,초등학교,휴업일,20260217,겨울방학,,Y,Y,Y,Y,Y,Y,20260322
I10,세종특별자치시교육청,9300214,글벗초등학교,2025,,초등학교,공휴일,20260217,설날,,Y,Y,Y,Y,Y,Y,20260322
I10,세종특별자치시교육청,9300214,글벗초등학교,2025,,초등학교,휴업일,20260218,겨울방학,,Y,Y,Y,Y,Y,Y,20260322
I10,세종특별자치시교육청,9300214,글벗초등학교,2025,,초등학교,공휴일,20260218,설날,,Y,Y,Y,Y,Y,Y,20260322
I10,세종특별자치시교육청,9300214,글벗초등학교,2025,,초등학교,휴업일,20260219,겨울방학,,Y,Y,Y,Y,Y,Y,20260322
I10,세종특별자치시교육청,9300214,글벗초등학교,2025,,초등학교,휴업일,20260220,겨울방학,,Y,Y,Y,Y,Y,Y,20260322
I10,세종특별자치시교육청,9300214,글벗초등학교,2025,,초등학교,휴업일,20260221,겨울방학,,Y,Y,Y,Y,Y,Y,20260322
I10,세종특별자치시교육청,9300214,글벗초등학교,2025,,초등학교,휴업일,20260221,토요휴업일,,Y,Y,Y,Y,Y,Y,20260322
I10,세종특별자치시교육청,9300214,글벗초등학교,2025,,초등학교,휴업일,20260222,겨울방학,,Y,Y,Y,Y,Y,Y,20260322
I10,세종특별자치시교육청,9300214,글벗초등학교,2025,,초등학교,휴업일,20260223,겨울방학,,Y,Y,Y,Y,Y,Y,20260322
I10,세종특별자치시교육청,9300214,글벗초등학교,2025,,초등학교,휴업일,20260224,겨울방학,,Y,Y,Y,Y,Y,Y,20260322
I10,세종특별자치시교육청,9300214,글벗초등학교,2025,,초등학교,휴업일,20260225,겨울방학,,Y,Y,Y,Y,Y,Y,20260322
I10,세종특별자치시교육청,9300214,글벗초등학교,2025,,초등학교,휴업일,20260226,겨울방학,,Y,Y,Y,Y,Y,Y,20260322
I10,세종특별자치시교육청,9300214,글벗초등학교,2025,,초등학교,휴업일,20260227,겨울방학,,Y,Y,Y,Y,Y,Y,20260322
I10,세종특별자치시교육청,9300214,글벗초등학교,2025,,초등학교,휴업일,20260228,겨울방학,,Y,Y,Y,Y,Y,Y,20260322
I10,세종특별자치시교육청,9300214,글벗초등학교,2025,,초등학교,휴업일,20260228,토요휴업일,,Y,Y,Y,Y,Y,Y,20260322
I10,세종특별자치시교육청,9300214,글벗초등학교,2026,,초등학교,공휴일,20260301,3·1절,,Y,Y,Y,Y,Y,Y,20260322
I10,세종특별자치시교육청,9300214,글벗초등학교,2026,,초등학교,공휴일,20260302,대체공휴일,삼일절 대체공휴일,Y,Y,Y,Y,Y,Y,20260322
I10,세종특별자치시교육청,9300214,글벗초등학교,2026,,초등학교,해당없음,20260303,시업식,1교시,N,Y,Y,Y,Y,Y,20260322
I10,세종특별자치시교육청,9300214,글벗초등학교,2026,,초등학교,해당없음,20260303,입학식,2교시,Y,N,N,N,N,N,20260322
I10,세종특별자치시교육청,9300214,글벗초등학교,2026,,초등학교,휴업일,20260307,토요휴업일,,Y,Y,Y,Y,Y,Y,20260322
I10,세종특별자치시교육청,9300214,글벗초등학교,2026,,초등학교,휴업일,20260314,토요휴업일,,Y,Y,Y,Y,Y,Y,20260322
I10,세종특별자치시교육청,9300214,글벗초등학교,2026,,초등학교,휴업일,20260321,토요휴업일,,Y,Y,Y,Y,Y,Y,20260322
I10,세종특별자치시교육청,9300214,글벗초등학교,2026,,초등학교,해당없음,20260325,1학기 학교교육과정설명회,,Y,Y,Y,Y,Y,Y,20260322
I10,세종특별자치시교육청,9300214,글벗초등학교,2026,,초등학교,휴업일,20260328,토요휴업일,,Y,Y,Y,Y,Y,Y,20260322
I10,세종특별자치시교육청,9300214,글벗초등학교,2026,,초등학교,휴업일,20260404,토요휴업일,,Y,Y,Y,Y,Y,Y,20260322
I10,세종특별자치시교육청,9300214,글벗초등학교,2026,,초등학교,휴업일,20260411,토요휴업일,,Y,Y,Y,Y,Y,Y,20260322
I10,세종특별자치시교육청,9300214,글벗초등학교,2026,,초등학교,휴업일,20260418,토요휴업일,,Y,Y,Y,Y,Y,Y,20260322
I10,세종특별자치시교육청,9300214,글벗초등학교,2026,,초등학교,휴업일,20260425,토요휴업일,,Y,Y,Y,Y,Y,Y,20260322
I10,세종특별자치시교육청,9300214,글벗초등학교,2026,,초등학교,휴업일,20260501,개교기념일(재량휴업일),,Y,Y,Y,Y,Y,Y,20260322
I10,세종특별자치시교육청,9300214,글벗초등학교,2026,,초등학교,휴업일,20260502,토요휴업일,,Y,Y,Y,Y,Y,Y,20260322
I10,세종특별자치시교육청,9300214,글벗초등학교,2026,,초등학교,휴업일,20260504,재량휴업일,,Y,Y,Y,Y,Y,Y,20260322
I10,세종특별자치시교육청,9300214,글벗초등학교,2026,,초등학교,공휴일,20260505,어린이날,,Y,Y,Y,Y,Y,Y,20260322
I10,세종특별자치시교육청,9300214,글벗초등학교,2026,,초등학교,휴업일,20260509,토요휴업일,,Y,Y,Y,Y,Y,Y,20260322
I10,세종특별자치시교육청,9300214,글벗초등학교,2026,,초등학교,휴업일,20260516,토요휴업일,,Y,Y,Y,Y,Y,Y,20260322
I10,세종특별자치시교육청,9300214,글벗초등학교,2026,,초등학교,휴업일,20260523,토요휴업일,,Y,Y,Y,Y,Y,Y,20260322
I10,세종특별자치시교육청,9300214,글벗초등학교,2026,,초등학교,공휴일,20260524,석가탄신일,,Y,Y,Y,Y,Y,Y,20260322
I10,세종특별자치시교육청,9300214,글벗초등학교,2026,,초등학교,공휴일,20260525,대체공휴일,,Y,Y,Y,Y,Y,Y,20260322
I10,세종특별자치시교육청,9300214,글벗초등학교,2026,,초등학교,휴업일,20260530,토요휴업일,,Y,Y,Y,Y,Y,Y,20260322
I10,세종특별자치시교육청,9300214,글벗초등학교,2026,,초등학교,공휴일,20260603,임시공휴일,2026 지방선거,Y,Y,Y,Y,Y,Y,20260322
I10,세종특별자치시교육청,9300214,글벗초등학교,2026,,초등학교,공휴일,20260606,현충일,,Y,Y,Y,Y,Y,Y,20260322
I10,세종특별자치시교육청,9300214,글벗초등학교,2026,,초등학교,휴업일,20260613,토요휴업일,,Y,Y,Y,Y,Y,Y,20260322
I10,세종특별자치시교육청,9300214,글벗초등학교,2026,,초등학교,휴업일,20260620,토요휴업일,,Y,Y,Y,Y,Y,Y,20260322
I10,세종특별자치시교육청,9300214,글벗초등학교,2026,,초등학교,휴업일,20260627,토요휴업일,,Y,Y,Y,Y,Y,Y,20260322
I10,세종특별자치시교육청,9300214,글벗초등학교,2026,,초등학교,휴업일,20260704,토요휴업일,,Y,Y,Y,Y,Y,Y,20260322
I10,세종특별자치시교육청,9300214,글벗초등학교,2026,,초등학교,휴업일,20260711,토요휴업일,,Y,Y,Y,Y,Y,Y,20260322
I10,세종특별자치시교육청,9300214,글벗초등학교,2026,,초등학교,공휴일,20260717,제헌절,공휴일,Y,Y,Y,Y,Y,Y,20260322
I10,세종특별자치시교육청,9300214,글벗초등학교,2026,,초등학교,휴업일,20260718,토요휴업일,,Y,Y,Y,Y,Y,Y,20260322
I10,세종특별자치시교육청,9300214,글벗초등학교,2026,,초등학교,해당없음,20260722,여름방학식,,Y,Y,Y,Y,Y,Y,20260322
I10,세종특별자치시교육청,9300214,글벗초등학교,2026,,초등학교,휴업일,20260723,여름방학,여름방학,Y,Y,Y,Y,Y,Y,20260322
I10,세종특별자치시교육청,9300214,글벗초등학교,2026,,초등학교,휴업일,20260724,여름방학,여름방학,Y,Y,Y,Y,Y,Y,20260322
I10,세종특별자치시교육청,9300214,글벗초등학교,2026,,초등학교,휴업일,20260725,여름방학,여름방학,Y,Y,Y,Y,Y,Y,20260322
I10,세종특별자치시교육청,9300214,글벗초등학교,2026,,초등학교,휴업일,20260725,토요휴업일,,Y,Y,Y,Y,Y,Y,20260322
I10,세종특별자치시교육청,9300214,글벗초등학교,2026,,초등학교,휴업일,20260726,여름방학,여름방학,Y,Y,Y,Y,Y,Y,20260322
I10,세종특별자치시교육청,9300214,글벗초등학교,2026,,초등학교,휴업일,20260727,여름방학,여름방학,Y,Y,Y,Y,Y,Y,20260322
I10,세종특별자치시교육청,9300214,글벗초등학교,2026,,초등학교,휴업일,20260728,여름방학,여름방학,Y,Y,Y,Y,Y,Y,20260322
I10,세종특별자치시교육청,9300214,글벗초등학교,2026,,초등학교,휴업일,20260729,여름방학,여름방학,Y,Y,Y,Y,Y,Y,20260322
I10,세종특별자치시교육청,9300214,글벗초등학교,2026,,초등학교,휴업일,20260730,여름방학,여름방학,Y,Y,Y,Y,Y,Y,20260322
I10,세종특별자치시교육청,9300214,글벗초등학교,2026,,초등학교,휴업일,20260731,여름방학,여름방학,Y,Y,Y,Y,Y,Y,20260322
I10,세종특별자치시교육청,9300214,글벗초등학교,2026,,초등학교,휴업일,20260801,여름방학,여름방학,Y,Y,Y,Y,Y,Y,20260322
I10,세종특별자치시교육청,9300214,글벗초등학교,2026,,초등학교,휴업일,20260801,토요휴업일,,Y,Y,Y,Y,Y,Y,20260322
I10,세종특별자치시교육청,9300214,글벗초등학교,2026,,초등학교,휴업일,20260802,여름방학,여름방학,Y,Y,Y,Y,Y,Y,20260322
I10,세종특별자치시교육청,9300214,글벗초등학교,2026,,초등학교,휴업일,20260803,여름방학,여름방학,Y,Y,Y,Y,Y,Y,20260322
I10,세종특별자치시교육청,9300214,글벗초등학교,2026,,초등학교,휴업일,20260804,여름방학,여름방학,Y,Y,Y,Y,Y,Y,20260322
I10,세종특별자치시교육청,9300214,글벗초등학교,2026,,초등학교,휴업일,20260805,여름방학,여름방학,Y,Y,Y,Y,Y,Y,20260322
I10,세종특별자치시교육청,9300214,글벗초등학교,2026,,초등학교,휴업일,20260806,여름방학,여름방학,Y,Y,Y,Y,Y,Y,20260322
I10,세종특별자치시교육청,9300214,글벗초등학교,2026,,초등학교,휴업일,20260807,여름방학,여름방학,Y,Y,Y,Y,Y,Y,20260322
I10,세종특별자치시교육청,9300214,글벗초등학교,2026,,초등학교,휴업일,20260808,여름방학,여름방학,Y,Y,Y,Y,Y,Y,20260322
I10,세종특별자치시교육청,9300214,글벗초등학교,2026,,초등학교,휴업일,20260808,토요휴업일,,Y,Y,Y,Y,Y,Y,20260322
I10,세종특별자치시교육청,9300214,글벗초등학교,2026,,초등학교,휴업일,20260809,여름방학,여름방학,Y,Y,Y,Y,Y,Y,20260322
I10,세종특별자치시교육청,9300214,글벗초등학교,2026,,초등학교,휴업일,20260810,여름방학,여름방학,Y,Y,Y,Y,Y,Y,20260322
I10,세종특별자치시교육청,9300214,글벗초등학교,2026,,초등학교,휴업일,20260811,여름방학,여름방학,Y,Y,Y,Y,Y,Y,20260322
I10,세종특별자치시교육청,9300214,글벗초등학교,2026,,초등학교,휴업일,20260812,여름방학,여름방학,Y,Y,Y,Y,Y,Y,20260322
I10,세종특별자치시교육청,9300214,글벗초등학교,2026,,초등학교,휴업일,20260813,여름방학,여름방학,Y,Y,Y,Y,Y,Y,20260322
I10,세종특별자치시교육청,9300214,글벗초등학교,2026,,초등학교,휴업일,20260814,여름방학,여름방학,Y,Y,Y,Y,Y,Y,20260322
I10,세종특별자치시교육청,9300214,글벗초등학교,2026,,초등학교,휴업일,20260815,여름방학,여름방학,Y,Y,Y,Y,Y,Y,20260322
I10,세종특별자치시교육청,9300214,글벗초등학교,2026,,초등학교,공휴일,20260815,광복절,,Y,Y,Y,Y,Y,Y,20260322
I10,세종특별자치시교육청,9300214,글벗초등학교,2026,,초등학교,휴업일,20260816,여름방학,여름방학,Y,Y,Y,Y,Y,Y,20260322
I10,세종특별자치시교육청,9300214,글벗초등학교,2026,,초등학교,휴업일,20260817,여름방학,여름방학,Y,Y,Y,Y,Y,Y,20260322
I10,세종특별자치시교육청,9300214,글벗초등학교,2026,,초등학교,공휴일,20260817,대체공휴일,,Y,Y,Y,Y,Y,Y,20260322
I10,세종특별자치시교육청,9300214,글벗초등학교,2026,,초등학교,휴업일,20260818,여름방학,여름방학,Y,Y,Y,Y,Y,Y,20260322
I10,세종특별자치시교육청,9300214,글벗초등학교,2026,,초등학교,해당없음,20260819,여름방학 개학식,,Y,Y,Y,Y,Y,Y,20260322
I10,세종특별자치시교육청,9300214,글벗초등학교,2026,,초등학교,휴업일,20260822,토요휴업일,,Y,Y,Y,Y,Y,Y,20260322
I10,세종특별자치시교육청,9300214,글벗초등학교,2026,,초등학교,휴업일,20260829,토요휴업일,,Y,Y,Y,Y,Y,Y,20260322
I10,세종특별자치시교육청,9300214,글벗초등학교,2026,,초등학교,휴업일,20260905,토요휴업일,,Y,Y,Y,Y,Y,Y,20260322
I10,세종특별자치시교육청,9300214,글벗초등학교,2026,,초등학교,휴업일,20260912,토요휴업일,,Y,Y,Y,Y,Y,Y,20260322
I10,세종특별자치시교육청,9300214,글벗초등학교,2026,,초등학교,휴업일,20260919,토요휴업일,,Y,Y,Y,Y,Y,Y,20260322
I10,세종특별자치시교육청,9300214,글벗초등학교,2026,,초등학교,공휴일,20260924,추석연휴,,Y,Y,Y,Y,Y,Y,20260322
I10,세종특별자치시교육청,9300214,글벗초등학교,2026,,초등학교,공휴일,20260925,추석,,Y,Y,Y,Y,Y,Y,20260322
I10,세종특별자치시교육청,9300214,글벗초등학교,2026,,초등학교,휴업일,20260926,토요휴업일,,Y,Y,Y,Y,Y,Y,20260322
I10,세종특별자치시교육청,9300214,글벗초등학교,2026,,초등학교,공휴일,20261003,개천절,,Y,Y,Y,Y,Y,Y,20260322
I10,세종특별자치시교육청,9300214,글벗초등학교,2026,,초등학교,공휴일,20261005,대체공휴일,,Y,Y,Y,Y,Y,Y,20260322
I10,세종특별자치시교육청,9300214,글벗초등학교,2026,,초등학교,공휴일,20261009,한글날,,Y,Y,Y,Y,Y,Y,20260322
I10,세종특별자치시교육청,9300214,글벗초등학교,2026,,초등학교,휴업일,20261010,토요휴업일,,Y,Y,Y,Y,Y,Y,20260322
I10,세종특별자치시교육청,9300214,글벗초등학교,2026,,초등학교,휴업일,20261017,토요휴업일,,Y,Y,Y,Y,Y,Y,20260322
I10,세종특별자치시교육청,9300214,글벗초등학교,2026,,초등학교,휴업일,20261024,토요휴업일,,Y,Y,Y,Y,Y,Y,20260322
I10,세종특별자치시교육청,9300214,글벗초등학교,2026,,초등학교,휴업일,20261031,토요휴업일,,Y,Y,Y,Y,Y,Y,20260322
I10,세종특별자치시교육청,9300214,글벗초등학교,2026,,초등학교,휴업일,20261107,토요휴업일,,Y,Y,Y,Y,Y,Y,20260322
I10,세종특별자치시교육청,9300214,글벗초등학교,2026,,초등학교,휴업일,20261114,토요휴업일,,Y,Y,Y,Y,Y,Y,20260322
I10,세종특별자치시교육청,9300214,글벗초등학교,2026,,초등학교,휴업일,20261121,토요휴업일,,Y,Y,Y,Y,Y,Y,20260322
I10,세종특별자치시교육청,9300214,글벗초등학교,2026,,초등학교,휴업일,20261128,토요휴업일,,Y,Y,Y,Y,Y,Y,20260322
I10,세종특별자치시교육청,9300214,글벗초등학교,2026,,초등학교,휴업일,20261205,토요휴업일,,Y,Y,Y,Y,Y,Y,20260322
I10,세종특별자치시교육청,9300214,글벗초등학교,2026,,초등학교,휴업일,20261212,토요휴업일,,Y,Y,Y,Y,Y,Y,20260322
I10,세종특별자치시교육청,9300214,글벗초등학교,2026,,초등학교,휴업일,20261219,토요휴업일,,Y,Y,Y,Y,Y,Y,20260322
I10,세종특별자치시교육청,9300214,글벗초등학교,2026,,초등학교,공휴일,20261225,성탄절,,Y,Y,Y,Y,Y,Y,20260322
I10,세종특별자치시교육청,9300214,글벗초등학교,2026,,초등학교,휴업일,20261226,토요휴업일,,Y,Y,Y,Y,Y,Y,20260322
I10,세종특별자치시교육청,9300214,글벗초등학교,2026,,초등학교,공휴일,20270101,신정,,Y,Y,Y,Y,Y,Y,20260322
I10,세종특별자치시교육청,9300214,글벗초등학교,2026,,초등학교,휴업일,20270102,토요휴업일,,Y,Y,Y,Y,Y,Y,20260322
I10,세종특별자치시교육청,9300214,글벗초등학교,2026,,초등학교,해당없음,20270105,종업식,,Y,Y,Y,Y,Y,N,20260322
I10,세종특별자치시교육청,9300214,글벗초등학교,2026,,초등학교,해당없음,20270105,졸업식,,N,N,N,N,N,Y,20260322
I10,세종특별자치시교육청,9300214,글벗초등학교,2026,,초등학교,휴업일,20270106,겨울방학,,Y,Y,Y,Y,Y,Y,20260322
I10,세종특별자치시교육청,9300214,글벗초등학교,2026,,초등학교,휴업일,20270107,겨울방학,,Y,Y,Y,Y,Y,Y,20260322
I10,세종특별자치시교육청,9300214,글벗초등학교,2026,,초등학교,휴업일,20270108,겨울방학,,Y,Y,Y,Y,Y,Y,20260322
I10,세종특별자치시교육청,9300214,글벗초등학교,2026,,초등학교,휴업일,20270109,겨울방학,,Y,Y,Y,Y,Y,Y,20260322
I10,세종특별자치시교육청,9300214,글벗초등학교,2026,,초등학교,휴업일,20270109,토요휴업일,,Y,Y,Y,Y,Y,Y,20260322
I10,세종특별자치시교육청,9300214,글벗초등학교,2026,,초등학교,휴업일,20270110,겨울방학,,Y,Y,Y,Y,Y,Y,20260322
I10,세종특별자치시교육청,9300214,글벗초등학교,2026,,초등학교,휴업일,20270111,겨울방학,,Y,Y,Y,Y,Y,Y,20260322
I10,세종특별자치시교육청,9300214,글벗초등학교,2026,,초등학교,휴업일,20270112,겨울방학,,Y,Y,Y,Y,Y,Y,20260322
I10,세종특별자치시교육청,9300214,글벗초등학교,2026,,초등학교,휴업일,20270113,겨울방학,,Y,Y,Y,Y,Y,Y,20260322
I10,세종특별자치시교육청,9300214,글벗초등학교,2026,,초등학교,휴업일,20270114,겨울방학,,Y,Y,Y,Y,Y,Y,20260322
I10,세종특별자치시교육청,9300214,글벗초등학교,2026,,초등학교,휴업일,20270115,겨울방학,,Y,Y,Y,Y,Y,Y,20260322
I10,세종특별자치시교육청,9300214,글벗초등학교,2026,,초등학교,휴업일,20270116,겨울방학,,Y,Y,Y,Y,Y,Y,20260322
I10,세종특별자치시교육청,9300214,글벗초등학교,2026,,초등학교,휴업일,20270116,토요휴업일,,Y,Y,Y,Y,Y,Y,20260322
I10,세종특별자치시교육청,9300214,글벗초등학교,2026,,초등학교,휴업일,20270117,겨울방학,,Y,Y,Y,Y,Y,Y,20260322
I10,세종특별자치시교육청,9300214,글벗초등학교,2026,,초등학교,휴업일,20270118,겨울방학,,Y,Y,Y,Y,Y,Y,20260322
I10,세종특별자치시교육청,9300214,글벗초등학교,2026,,초등학교,휴업일,20270119,겨울방학,,Y,Y,Y,Y,Y,Y,20260322
I10,세종특별자치시교육청,9300214,글벗초등학교,2026,,초등학교,휴업일,20270120,겨울방학,,Y,Y,Y,Y,Y,Y,20260322
I10,세종특별자치시교육청,9300214,글벗초등학교,2026,,초등학교,휴업일,20270121,겨울방학,,Y,Y,Y,Y,Y,Y,20260322
I10,세종특별자치시교육청,9300214,글벗초등학교,2026,,초등학교,휴업일,20270122,겨울방학,,Y,Y,Y,Y,Y,Y,20260322
I10,세종특별자치시교육청,9300214,글벗초등학교,2026,,초등학교,휴업일,20270123,겨울방학,,Y,Y,Y,Y,Y,Y,20260322
I10,세종특별자치시교육청,9300214,글벗초등학교,2026,,초등학교,휴업일,20270123,토요휴업일,,Y,Y,Y,Y,Y,Y,20260322
I10,세종특별자치시교육청,9300214,글벗초등학교,2026,,초등학교,휴업일,20270124,겨울방학,,Y,Y,Y,Y,Y,Y,20260322
I10,세종특별자치시교육청,9300214,글벗초등학교,2026,,초등학교,휴업일,20270125,겨울방학,,Y,Y,Y,Y,Y,Y,20260322
I10,세종특별자치시교육청,9300214,글벗초등학교,2026,,초등학교,휴업일,20270126,겨울방학,,Y,Y,Y,Y,Y,Y,20260322
I10,세종특별자치시교육청,9300214,글벗초등학교,2026,,초등학교,휴업일,20270127,겨울방학,,Y,Y,Y,Y,Y,Y,20260322
I10,세종특별자치시교육청,9300214,글벗초등학교,2026,,초등학교,휴업일,20270128,겨울방학,,Y,Y,Y,Y,Y,Y,20260322
I10,세종특별자치시교육청,9300214,글벗초등학교,2026,,초등학교,휴업일,20270129,겨울방학,,Y,Y,Y,Y,Y,Y,20260322
I10,세종특별자치시교육청,9300214,글벗초등학교,2026,,초등학교,휴업일,20270130,겨울방학,,Y,Y,Y,Y,Y,Y,20260322
I10,세종특별자치시교육청,9300214,글벗초등학교,2026,,초등학교,휴업일,20270130,토요휴업일,,Y,Y,Y,Y,Y,Y,20260322
I10,세종특별자치시교육청,9300214,글벗초등학교,2026,,초등학교,휴업일,20270131,겨울방학,,Y,Y,Y,Y,Y,Y,20260322
I10,세종특별자치시교육청,9300214,글벗초등학교,2026,,초등학교,휴업일,20270201,겨울방학,,Y,Y,Y,Y,Y,Y,20260322
I10,세종특별자치시교육청,9300214,글벗초등학교,2026,,초등학교,휴업일,20270202,겨울방학,,Y,Y,Y,Y,Y,Y,20260322
I10,세종특별자치시교육청,9300214,글벗초등학교,2026,,초등학교,휴업일,20270203,겨울방학,,Y,Y,Y,Y,Y,Y,20260322
I10,세종특별자치시교육청,9300214,글벗초등학교,2026,,초등학교,휴업일,20270204,겨울방학,,Y,Y,Y,Y,Y,Y,20260322
I10,세종특별자치시교육청,9300214,글벗초등학교,2026,,초등학교,휴업일,20270205,겨울방학,,Y,Y,Y,Y,Y,Y,20260322
I10,세종특별자치시교육청,9300214,글벗초등학교,2026,,초등학교,휴업일,20270206,겨울방학,,Y,Y,Y,Y,Y,Y,20260322
I10,세종특별자치시교육청,9300214,글벗초등학교,2026,,초등학교,휴업일,20270206,토요휴업일,,Y,Y,Y,Y,Y,Y,20260322
I10,세종특별자치시교육청,9300214,글벗초등학교,2026,,초등학교,휴업일,20270207,겨울방학,,Y,Y,Y,Y,Y,Y,20260322
I10,세종특별자치시교육청,9300214,글벗초등학교,2026,,초등학교,공휴일,20270207,설날,,Y,Y,Y,Y,Y,Y,20260322
I10,세종특별자치시교육청,9300214,글벗초등학교,2026,,초등학교,휴업일,20270208,겨울방학,,Y,Y,Y,Y,Y,Y,20260322
I10,세종특별자치시교육청,9300214,글벗초등학교,2026,,초등학교,휴업일,20270209,겨울방학,,Y,Y,Y,Y,Y,Y,20260322
I10,세종특별자치시교육청,9300214,글벗초등학교,2026,,초등학교,휴업일,20270210,겨울방학,,Y,Y,Y,Y,Y,Y,20260322
I10,세종특별자치시교육청,9300214,글벗초등학교,2026,,초등학교,휴업일,20270211,겨울방학,,Y,Y,Y,Y,Y,Y,20260322
I10,세종특별자치시교육청,9300214,글벗초등학교,2026,,초등학교,휴업일,20270212,겨울방학,,Y,Y,Y,Y,Y,Y,20260322
I10,세종특별자치시교육청,9300214,글벗초등학교,2026,,초등학교,휴업일,20270213,겨울방학,,Y,Y,Y,Y,Y,Y,20260322
I10,세종특별자치시교육청,9300214,글벗초등학교,2026,,초등학교,휴업일,20270213,토요휴업일,,Y,Y,Y,Y,Y,Y,20260322
I10,세종특별자치시교육청,9300214,글벗초등학교,2026,,초등학교,휴업일,20270214,겨울방학,,Y,Y,Y,Y,Y,Y,20260322
I10,세종특별자치시교육청,9300214,글벗초등학교,2026,,초등학교,휴업일,20270215,겨울방학,,Y,Y,Y,Y,Y,Y,20260322
I10,세종특별자치시교육청,9300214,글벗초등학교,2026,,초등학교,휴업일,20270216,겨울방학,,Y,Y,Y,Y,Y,Y,20260322
I10,세종특별자치시교육청,9300214,글벗초등학교,2026,,초등학교,휴업일,20270217,겨울방학,,Y,Y,Y,Y,Y,Y,20260322
I10,세종특별자치시교육청,9300214,글벗초등학교,2026,,초등학교,휴업일,20270218,겨울방학,,Y,Y,Y,Y,Y,Y,20260322
I10,세종특별자치시교육청,9300214,글벗초등학교,2026,,초등학교,휴업일,20270219,겨울방학,,Y,Y,Y,Y,Y,Y,20260322
I10,세종특별자치시교육청,9300214,글벗초등학교,2026,,초등학교,휴업일,20270220,토요휴업일,,Y,Y,Y,Y,Y,Y,20260322
I10,세종특별자치시교육청,9300214,글벗초등학교,2026,,초등학교,휴업일,20270220,겨울방학,,Y,Y,Y,Y,Y,Y,20260322
I10,세종특별자치시교육청,9300214,글벗초등학교,2026,,초등학교,휴업일,20270221,겨울방학,,Y,Y,Y,Y,Y,Y,20260322
I10,세종특별자치시교육청,9300214,글벗초등학교,2026,,초등학교,휴업일,20270222,겨울방학,,Y,Y,Y,Y,Y,Y,20260322
I10,세종특별자치시교육청,9300214,글벗초등학교,2026,,초등학교,휴업일,20270223,겨울방학,,Y,Y,Y,Y,Y,Y,20260322
I10,세종특별자치시교육청,9300214,글벗초등학교,2026,,초등학교,휴업일,20270224,겨울방학,,Y,Y,Y,Y,Y,Y,20260322
I10,세종특별자치시교육청,9300214,글벗초등학교,2026,,초등학교,휴업일,20270225,겨울방학,,Y,Y,Y,Y,Y,Y,20260322
I10,세종특별자치시교육청,9300214,글벗초등학교,2026,,초등학교,휴업일,20270226,겨울방학,,Y,Y,Y,Y,Y,Y,20260322
I10,세종특별자치시교육청,9300214,글벗초등학교,2026,,초등학교,휴업일,20270227,겨울방학,,Y,Y,Y,Y,Y,Y,20260322
I10,세종특별자치시교육청,9300214,글벗초등학교,2026,,초등학교,휴업일,20270227,토요휴업일,,Y,Y,Y,Y,Y,Y,20260322
I10,세종특별자치시교육청,9300214,글벗초등학교,2026,,초등학교,휴업일,20270228,겨울방학,,Y,Y,Y,Y,Y,Y,20260322
I10,세종특별자치시교육청,9300036,금남초등학교,2025,,초등학교,공휴일,20250301,3·1절,,Y,Y,Y,Y,Y,Y,20260322
I10,세종특별자치시교육청,9300036,금남초등학교,2025,,초등학교,공휴일,20250303,대체공휴일,,Y,Y,Y,Y,Y,Y,20260322
I10,세종특별자치시교육청,9300036,금남초등학교,2025,,초등학교,해당없음,20250304,시업식,시업식,N,Y,Y,Y,Y,Y,20260322
I10,세종특별자치시교육청,9300036,금남초등학교,2025,,초등학교,해당없음,20250304,입학식,입학식,Y,N,N,N,N,N,20260322
I10,세종특별자치시교육청,9300036,금남초등학교,2025,,초등학교,해당없음,20250307,학급임원선거,학급임원선거,N,N,Y,Y,Y,Y,20260322
I10,세종특별자치시교육청,9300036,금남초등학교,2025,,초등학교,해당없음,20250307,심리 및 진로검사,심리 및 진로검사,N,Y,Y,Y,Y,Y,20260322
I10,세종특별자치시교육청,9300036,금남초등학교,2025,,초등학교,휴업일,20250308,토요휴업일,,Y,Y,Y,Y,Y,Y,20260322
I10,세종특별자치시교육청,9300036,금남초등학교,2025,,초등학교,해당없음,20250313,기초학력진단평가,기초학력진단평가,Y,Y,Y,Y,Y,Y,20260322
I10,세종특별자치시교육청,9300036,금남초등학교,2025,,초등학교,휴업일,20250315,토요휴업일,,Y,Y,Y,Y,Y,Y,20260322
I10,세종특별자치시교육청,9300036,금남초등학교,2025,,초등학교,해당없음,20250317,전교임원선거,전교임원선거,N,N,N,Y,Y,Y,20260322
I10,세종특별자치시교육청,9300036,금남초등학교,2025,,초등학교,휴업일,20250322,토요휴업일,,Y,Y,Y,Y,Y,Y,20260322
I10,세종특별자치시교육청,9300036,금남초등학교,2025,,초등학교,휴업일,20250329,토요휴업일,,Y,Y,Y,Y,Y,Y,20260322
I10,세종특별자치시교육청,9300036,금남초등학교,2025,,초등학교,휴업일,20250405,토요휴업일,,Y,Y,Y,Y,Y,Y,20260322
I10,세종특별자치시교육청,9300036,금남초등학교,2025,,초등학교,휴업일,20250412,토요휴업일,,Y,Y,Y,Y,Y,Y,20260322
I10,세종특별자치시교육청,9300036,금남초등학교,2025,,초등학교,해당없음,20250417,인성키움의 날,인성키움의 날(융합교육),Y,Y,Y,Y,Y,Y,20260322
I10,세종특별자치시교육청,9300036,금남초등학교,2025,,초등학교,휴업일,20250419,토요휴업일,,Y,Y,Y,Y,Y,Y,20260322
I10,세종특별자치시교육청,9300036,금남초등학교,2025,,초등학교,휴업일,20250426,토요휴업일,,Y,Y,Y,Y,Y,Y,20260322
I10,세종특별자치시교육청,9300036,금남초등학교,2025,,초등학교,휴업일,20250501,학교장재량휴업일,학교장재량휴업일,Y,Y,Y,Y,Y,Y,20260322
I10,세종특별자치시교육청,9300036,금남초등학교,2025,,초등학교,휴업일,20250502,학교장재량휴업일,학교장재량휴업일,Y,Y,Y,Y,Y,Y,20260322
I10,세종특별자치시교육청,9300036,금남초등학교,2025,,초등학교,휴업일,20250503,토요휴업일,,Y,Y,Y,Y,Y,Y,20260322
I10,세종특별자치시교육청,9300036,금남초등학교,2025,,초등학교,공휴일,20250505,석가탄신일,,Y,Y,Y,Y,Y,Y,20260322
I10,세종특별자치시교육청,9300036,금남초등학교,2025,,초등학교,공휴일,20250506,대체공휴일,,Y,Y,Y,Y,Y,Y,20260322
I10,세종특별자치시교육청,9300036,금남초등학교,2025,,초등학교,해당없음,20250507,인성키움의 날,인성키움의 날(가족사랑교육),Y,Y,Y,Y,Y,Y,20260322
I10,세종특별자치시교육청,9300036,금남초등학교,2025,,초등학교,휴업일,20250510,토요휴업일,,Y,Y,Y,Y,Y,Y,20260322
I10,세종특별자치시교육청,9300036,금남초등학교,2025,,초등학교,휴업일,20250517,토요휴업일,,Y,Y,Y,Y,Y,Y,20260322
I10,세종특별자치시교육청,9300036,금남초등학교,2025,,초등학교,휴업일,20250524,토요휴업일,,Y,Y,Y,Y,Y,Y,20260322
I10,세종특별자치시교육청,9300036,금남초등학교,2025,,초등학교,휴업일,20250531,토요휴업일,,Y,Y,Y,Y,Y,Y,20260322
I10,세종특별자치시교육청,9300036,금남초등학교,2025,,초등학교,공휴일,20250603,임시공휴일,제21대 대통령선거,Y,Y,Y,Y,Y,Y,20260322
I10,세종특별자치시교육청,9300036,금남초등학교,2025,,초등학교,해당없음,20250605,인성키움의 날,인성키움의 날(나라사랑교육),Y,Y,Y,Y,Y,Y,20260322
I10,세종특별자치시교육청,9300036,금남초등학교,2025,,초등학교,공휴일,20250606,현충일,,Y,Y,Y,Y,Y,Y,20260322
I10,세종특별자치시교육청,9300036,금남초등학교,2025,,초등학교,휴업일,20250607,토요휴업일,,Y,Y,Y,Y,Y,Y,20260322
I10,세종특별자치시교육청,9300036,금남초등학교,2025,,초등학교,휴업일,20250614,토요휴업일,,Y,Y,Y,Y,Y,Y,20260322
I10,세종특별자치시교육청,9300036,금남초등학교,2025,,초등학교,휴업일,20250621,토요휴업일,,Y,Y,Y,Y,Y,Y,20260322
I10,세종특별자치시교육청,9300036,금남초등학교,2025,,초등학교,휴업일,20250628,토요휴업일,,Y,Y,Y,Y,Y,Y,20260322
I10,세종특별자치시교육청,9300036,금남초등학교,2025,,초등학교,해당없음,20250704,인성키움의 날,인성키움의 날(진로교육),Y,Y,Y,Y,Y,Y,20260322
I10,세종특별자치시교육청,9300036,금남초등학교,2025,,초등학교,휴업일,20250705,토요휴업일,,Y,Y,Y,Y,Y,Y,20260322
I10,세종특별자치시교육청,9300036,금남초등학교,2025,,초등학교,휴업일,20250712,토요휴업일,,Y,Y,Y,Y,Y,Y,20260322
I10,세종특별자치시교육청,9300036,금남초등학교,2025,,초등학교,해당없음,20250714,전교임원선거,2학기 전교임원선거,N,N,N,Y,Y,Y,20260322
I10,세종특별자치시교육청,9300036,금남초등학교,2025,,초등학교,휴업일,20250719,토요휴업일,,Y,Y,Y,Y,Y,Y,20260322
I10,세종특별자치시교육청,9300036,금남초등학교,2025,,초등학교,해당없음,20250724,여름방학식,,Y,Y,Y,Y,Y,Y,20260322
I10,세종특별자치시교육청,9300036,금남초등학교,2025,,초등학교,휴업일,20250725,여름방학,여름방학,Y,Y,Y,Y,Y,Y,20260322
I10,세종특별자치시교육청,9300036,금남초등학교,2025,,초등학교,휴업일,20250726,여름방학,여름방학,Y,Y,Y,Y,Y,Y,20260322
I10,세종특별자치시교육청,9300036,금남초등학교,2025,,초등학교,휴업일,20250726,토요휴업일,,Y,Y,Y,Y,Y,Y,20260322
I10,세종특별자치시교육청,9300036,금남초등학교,2025,,초등학교,휴업일,20250727,여름방학,여름방학,Y,Y,Y,Y,Y,Y,20260322
I10,세종특별자치시교육청,9300036,금남초등학교,2025,,초등학교,휴업일,20250728,여름방학,여름방학,Y,Y,Y,Y,Y,Y,20260322
I10,세종특별자치시교육청,9300036,금남초등학교,2025,,초등학교,휴업일,20250729,여름방학,여름방학,Y,Y,Y,Y,Y,Y,20260322
I10,세종특별자치시교육청,9300036,금남초등학교,2025,,초등학교,휴업일,20250730,여름방학,여름방학,Y,Y,Y,Y,Y,Y,20260322
I10,세종특별자치시교육청,9300036,금남초등학교,2025,,초등학교,휴업일,20250731,여름방학,여름방학,Y,Y,Y,Y,Y,Y,20260322
I10,세종특별자치시교육청,9300036,금남초등학교,2025,,초등학교,휴업일,20250801,여름방학,여름방학,Y,Y,Y,Y,Y,Y,20260322
I10,세종특별자치시교육청,9300036,금남초등학교,2025,,초등학교,휴업일,20250802,여름방학,여름방학,Y,Y,Y,Y,Y,Y,20260322
I10,세종특별자치시교육청,9300036,금남초등학교,2025,,초등학교,휴업일,20250802,토요휴업일,,Y,Y,Y,Y,Y,Y,20260322
I10,세종특별자치시교육청,9300036,금남초등학교,2025,,초등학교,휴업일,20250803,여름방학,여름방학,Y,Y,Y,Y,Y,Y,20260322
I10,세종특별자치시교육청,9300036,금남초등학교,2025,,초등학교,휴업일,20250804,여름방학,여름방학,Y,Y,Y,Y,Y,Y,20260322
I10,세종특별자치시교육청,9300036,금남초등학교,2025,,초등학교,휴업일,20250805,여름방학,여름방학,Y,Y,Y,Y,Y,Y,20260322
I10,세종특별자치시교육청,9300036,금남초등학교,2025,,초등학교,휴업일,20250806,여름방학,여름방학,Y,Y,Y,Y,Y,Y,20260322
I10,세종특별자치시교육청,9300036,금남초등학교,2025,,초등학교,휴업일,20250807,여름방학,여름방학,Y,Y,Y,Y,Y,Y,20260322
I10,세종특별자치시교육청,9300036,금남초등학교,2025,,초등학교,휴업일,20250808,여름방학,여름방학,Y,Y,Y,Y,Y,Y,20260322
I10,세종특별자치시교육청,9300036,금남초등학교,2025,,초등학교,휴업일,20250809,여름방학,여름방학,Y,Y,Y,Y,Y,Y,20260322
I10,세종특별자치시교육청,9300036,금남초등학교,2025,,초등학교,휴업일,20250809,토요휴업일,,Y,Y,Y,Y,Y,Y,20260322
I10,세종특별자치시교육청,9300036,금남초등학교,2025,,초등학교,휴업일,20250810,여름방학,여름방학,Y,Y,Y,Y,Y,Y,20260322
I10,세종특별자치시교육청,9300036,금남초등학교,2025,,초등학교,휴업일,20250811,여름방학,여름방학,Y,Y,Y,Y,Y,Y,20260322
I10,세종특별자치시교육청,9300036,금남초등학교,2025,,초등학교,휴업일,20250812,여름방학,여름방학,Y,Y,Y,Y,Y,Y,20260322
I10,세종특별자치시교육청,9300036,금남초등학교,2025,,초등학교,휴업일,20250813,여름방학,여름방학,Y,Y,Y,Y,Y,Y,20260322
I10,세종특별자치시교육청,9300036,금남초등학교,2025,,초등학교,휴업일,20250814,여름방학,여름방학,Y,Y,Y,Y,Y,Y,20260322
I10,세종특별자치시교육청,9300036,금남초등학교,2025,,초등학교,휴업일,20250815,여름방학,여름방학,Y,Y,Y,Y,Y,Y,20260322
I10,세종특별자치시교육청,9300036,금남초등학교,2025,,초등학교,공휴일,20250815,광복절,,Y,Y,Y,Y,Y,Y,20260322
I10,세종특별자치시교육청,9300036,금남초등학교,2025,,초등학교,휴업일,20250816,여름방학,여름방학,Y,Y,Y,Y,Y,Y,20260322
I10,세종특별자치시교육청,9300036,금남초등학교,2025,,초등학교,휴업일,20250816,토요휴업일,,Y,Y,Y,Y,Y,Y,20260322
I10,세종특별자치시교육청,9300036,금남초등학교,2025,,초등학교,휴업일,20250817,여름방학,여름방학,Y,Y,Y,Y,Y,Y,20260322
I10,세종특별자치시교육청,9300036,금남초등학교,2025,,초등학교,휴업일,20250818,여름방학,여름방학,Y,Y,Y,Y,Y,Y,20260322
I10,세종특별자치시교육청,9300036,금남초등학교,2025,,초등학교,해당없음,20250819,여름방학 개학식,여름방학 개학식,Y,Y,Y,Y,Y,Y,20260322
I10,세종특별자치시교육청,9300036,금남초등학교,2025,,초등학교,해당없음,20250822,학급임원선거,2학기 학급임원선거,N,N,Y,Y,Y,Y,20260322
I10,세종특별자치시교육청,9300036,금남초등학교,2025,,초등학교,휴업일,20250823,토요휴업일,,Y,Y,Y,Y,Y,Y,20260322
I10,세종특별자치시교육청,9300036,금남초등학교,2025,,초등학교,휴업일,20250830,토요휴업일,,Y,Y,Y,Y,Y,Y,20260322
I10,세종특별자치시교육청,9300036,금남초등학교,2025,,초등학교,해당없음,20250902,인성키움의 날,인성키움의 날(독서교육),Y,Y,Y,Y,Y,Y,20260322
I10,세종특별자치시교육청,9300036,금남초등학교,2025,,초등학교,휴업일,20250906,토요휴업일,,Y,Y,Y,Y,Y,Y,20260322
I10,세종특별자치시교육청,9300036,금남초등학교,2025,,초등학교,해당없음,20250910,수학여행,수학여행,N,N,N,N,N,Y,20260322
I10,세종특별자치시교육청,9300036,금남초등학교,2025,,초등학교,해당없음,20250911,수학여행,수학여행,N,N,N,N,N,Y,20260322
I10,세종특별자치시교육청,9300036,금남초등학교,2025,,초등학교,해당없음,20250912,수학여행,수학여행,N,N,N,N,N,Y,20260322
I10,세종특별자치시교육청,9300036,금남초등학교,2025,,초등학교,휴업일,20250913,토요휴업일,,Y,Y,Y,Y,Y,Y,20260322
I10,세종특별자치시교육청,9300036,금남초등학교,2025,,초등학교,휴업일,20250920,토요휴업일,,Y,Y,Y,Y,Y,Y,20260322
I10,세종특별자치시교육청,9300036,금남초등학교,2025,,초등학교,휴업일,20250927,토요휴업일,,Y,Y,Y,Y,Y,Y,20260322
I10,세종특별자치시교육청,9300036,금남초등학교,2025,,초등학교,공휴일,20251003,개천절,,Y,Y,Y,Y,Y,Y,20260322
I10,세종특별자치시교육청,9300036,금남초등학교,2025,,초등학교,휴업일,20251004,토요휴업일,,Y,Y,Y,Y,Y,Y,20260322
I10,세종특별자치시교육청,9300036,금남초등학교,2025,,초등학교,공휴일,20251005,추석,,Y,Y,Y,Y,Y,Y,20260322
I10,세종특별자치시교육청,9300036,금남초등학교,2025,,초등학교,공휴일,20251006,추석,,Y,Y,Y,Y,Y,Y,20260322
I10,세종특별자치시교육청,9300036,금남초등학교,2025,,초등학교,공휴일,20251007,추석,,Y,Y,Y,Y,Y,Y,20260322
I10,세종특별자치시교육청,9300036,금남초등학교,2025,,초등학교,공휴일,20251008,대체공휴일,,Y,Y,Y,Y,Y,Y,20260322
I10,세종특별자치시교육청,9300036,금남초등학교,2025,,초등학교,공휴일,20251009,한글날,,Y,Y,Y,Y,Y,Y,20260322
I10,세종특별자치시교육청,9300036,금남초등학교,2025,,초등학교,휴업일,20251010,학교장재량휴업일,학교장재량휴업일,Y,Y,Y,Y,Y,Y,20260322
I10,세종특별자치시교육청,9300036,금남초등학교,2025,,초등학교,휴업일,20251011,토요휴업일,,Y,Y,Y,Y,Y,Y,20260322
I10,세종특별자치시교육청,9300036,금남초등학교,2025,,초등학교,해당없음,20251016,인성키움의 날,인성키움의 날(금남가족대잔치),Y,Y,Y,Y,Y,Y,20260322
I10,세종특별자치시교육청,9300036,금남초등학교,2025,,초등학교,휴업일,20251018,토요휴업일,,Y,Y,Y,Y,Y,Y,20260322
I10,세종특별자치시교육청,9300036,금남초등학교,2025,,초등학교,휴업일,20251025,토요휴업일,,Y,Y,Y,Y,Y,Y,20260322
I10,세종특별자치시교육청,9300036,금남초등학교,2025,,초등학교,휴업일,20251101,토요휴업일,,Y,Y,Y,Y,Y,Y,20260322
I10,세종특별자치시교육청,9300036,금남초등학교,2025,,초등학교,해당없음,20251107,인성키움의 날,인성키움의 날(예술교육),Y,Y,Y,Y,Y,Y,20260322
I10,세종특별자치시교육청,9300036,금남초등학교,2025,,초등학교,휴업일,20251108,토요휴업일,,Y,Y,Y,Y,Y,Y,20260322
I10,세종특별자치시교육청,9300036,금남초등학교,2025,,초등학교,휴업일,20251115,토요휴업일,,Y,Y,Y,Y,Y,Y,20260322
I10,세종특별자치시교육청,9300036,금남초등학교,2025,,초등학교,휴업일,20251122,토요휴업일,,Y,Y,Y,Y,Y,Y,20260322
I10,세종특별자치시교육청,9300036,금남초등학교,2025,,초등학교,휴업일,20251129,토요휴업일,,Y,Y,Y,Y,Y,Y,20260322
I10,세종특별자치시교육청,9300036,금남초등학교,2025,,초등학교,휴업일,20251206,토요휴업일,,Y,Y,Y,Y,Y,Y,20260322
I10,세종특별자치시교육청,9300036,금남초등학교,2025,,초등학교,휴업일,20251213,토요휴업일,,Y,Y,Y,Y,Y,Y,20260322
I10,세종특별자치시교육청,9300036,금남초등학교,2025,,초등학교,휴업일,20251220,토요휴업일,,Y,Y,Y,Y,Y,Y,20260322
I10,세종특별자치시교육청,9300036,금남초등학교,2025,,초등학교,공휴일,20251225,성탄절,,Y,Y,Y,Y,Y,Y,20260322
I10,세종특별자치시교육청,9300036,금남초등학교,2025,,초등학교,휴업일,20251227,토요휴업일,,Y,Y,Y,Y,Y,Y,20260322
I10,세종특별자치시교육청,9300036,금남초등학교,2025,,초등학교,공휴일,20260101,신정,,Y,Y,Y,Y,Y,Y,20260322
I10,세종특별자치시교육청,9300036,금남초등학교,2025,,초등학교,휴업일,20260103,토요휴업일,,Y,Y,Y,Y,Y,Y,20260322
I10,세종특별자치시교육청,9300036,금남초등학교,2025,,초등학교,해당없음,20260106,졸업식,졸업식,N,N,N,N,N,Y,20260322
I10,세종특별자치시교육청,9300036,금남초등학교,2025,,초등학교,해당없음,20260106,종업식,종업식,Y,Y,Y,Y,Y,N,20260322
I10,세종특별자치시교육청,9300036,금남초등학교,2025,,초등학교,휴업일,20260107,겨울방학,겨울방학,Y,Y,Y,Y,Y,Y,20260322
I10,세종특별자치시교육청,9300036,금남초등학교,2025,,초등학교,휴업일,20260108,겨울방학,겨울방학,Y,Y,Y,Y,Y,Y,20260322
I10,세종특별자치시교육청,9300036,금남초등학교,2025,,초등학교,휴업일,20260109,겨울방학,겨울방학,Y,Y,Y,Y,Y,Y,20260322
I10,세종특별자치시교육청,9300036,금남초등학교,2025,,초등학교,휴업일,20260110,겨울방학,겨울방학,Y,Y,Y,Y,Y,Y,20260322
I10,세종특별자치시교육청,9300036,금남초등학교,2025,,초등학교,휴업일,20260110,토요휴업일,,Y,Y,Y,Y,Y,Y,20260322
I10,세종특별자치시교육청,9300036,금남초등학교,2025,,초등학교,휴업일,20260111,겨울방학,겨울방학,Y,Y,Y,Y,Y,Y,20260322
I10,세종특별자치시교육청,9300036,금남초등학교,2025,,초등학교,휴업일,20260112,겨울방학,겨울방학,Y,Y,Y,Y,Y,Y,20260322
I10,세종특별자치시교육청,9300036,금남초등학교,2025,,초등학교,휴업일,20260113,겨울방학,겨울방학,Y,Y,Y,Y,Y,Y,20260322
I10,세종특별자치시교육청,9300036,금남초등학교,2025,,초등학교,휴업일,20260114,겨울방학,겨울방학,Y,Y,Y,Y,Y,Y,20260322
I10,세종특별자치시교육청,9300036,금남초등학교,2025,,초등학교,휴업일,20260115,겨울방학,겨울방학,Y,Y,Y,Y,Y,Y,20260322
I10,세종특별자치시교육청,9300036,금남초등학교,2025,,초등학교,휴업일,20260116,겨울방학,겨울방학,Y,Y,Y,Y,Y,Y,20260322
I10,세종특별자치시교육청,9300036,금남초등학교,2025,,초등학교,휴업일,20260117,겨울방학,겨울방학,Y,Y,Y,Y,Y,Y,20260322
I10,세종특별자치시교육청,9300036,금남초등학교,2025,,초등학교,휴업일,20260117,토요휴업일,,Y,Y,Y,Y,Y,Y,20260322
I10,세종특별자치시교육청,9300036,금남초등학교,2025,,초등학교,휴업일,20260118,겨울방학,겨울방학,Y,Y,Y,Y,Y,Y,20260322
I10,세종특별자치시교육청,9300036,금남초등학교,2025,,초등학교,휴업일,20260119,겨울방학,겨울방학,Y,Y,Y,Y,Y,Y,20260322
I10,세종특별자치시교육청,9300036,금남초등학교,2025,,초등학교,휴업일,20260120,겨울방학,겨울방학,Y,Y,Y,Y,Y,Y,20260322
I10,세종특별자치시교육청,9300036,금남초등학교,2025,,초등학교,휴업일,20260121,겨울방학,겨울방학,Y,Y,Y,Y,Y,Y,20260322
I10,세종특별자치시교육청,9300036,금남초등학교,2025,,초등학교,휴업일,20260122,겨울방학,겨울방학,Y,Y,Y,Y,Y,Y,20260322
I10,세종특별자치시교육청,9300036,금남초등학교,2025,,초등학교,휴업일,20260123,겨울방학,겨울방학,Y,Y,Y,Y,Y,Y,20260322
I10,세종특별자치시교육청,9300036,금남초등학교,2025,,초등학교,휴업일,20260124,겨울방학,겨울방학,Y,Y,Y,Y,Y,Y,20260322
I10,세종특별자치시교육청,9300036,금남초등학교,2025,,초등학교,휴업일,20260124,토요휴업일,,Y,Y,Y,Y,Y,Y,20260322
I10,세종특별자치시교육청,9300036,금남초등학교,2025,,초등학교,휴업일,20260125,겨울방학,겨울방학,Y,Y,Y,Y,Y,Y,20260322
I10,세종특별자치시교육청,9300036,금남초등학교,2025,,초등학교,휴업일,20260126,겨울방학,겨울방학,Y,Y,Y,Y,Y,Y,20260322
I10,세종특별자치시교육청,9300036,금남초등학교,2025,,초등학교,휴업일,20260127,겨울방학,겨울방학,Y,Y,Y,Y,Y,Y,20260322
I10,세종특별자치시교육청,9300036,금남초등학교,2025,,초등학교,휴업일,20260128,겨울방학,겨울방학,Y,Y,Y,Y,Y,Y,20260322
I10,세종특별자치시교육청,9300036,금남초등학교,2025,,초등학교,휴업일,20260129,겨울방학,겨울방학,Y,Y,Y,Y,Y,Y,20260322
I10,세종특별자치시교육청,9300036,금남초등학교,2025,,초등학교,휴업일,20260130,겨울방학,겨울방학,Y,Y,Y,Y,Y,Y,20260322
I10,세종특별자치시교육청,9300036,금남초등학교,2025,,초등학교,휴업일,20260131,겨울방학,겨울방학,Y,Y,Y,Y,Y,Y,20260322
I10,세종특별자치시교육청,9300036,금남초등학교,2025,,초등학교,휴업일,20260131,토요휴업일,,Y,Y,Y,Y,Y,Y,20260322
I10,세종특별자치시교육청,9300036,금남초등학교,2025,,초등학교,휴업일,20260201,겨울방학,겨울방학,Y,Y,Y,Y,Y,Y,20260322
I10,세종특별자치시교육청,9300036,금남초등학교,2025,,초등학교,휴업일,20260202,겨울방학,겨울방학,Y,Y,Y,Y,Y,Y,20260322
I10,세종특별자치시교육청,9300036,금남초등학교,2025,,초등학교,휴업일,20260203,겨울방학,겨울방학,Y,Y,Y,Y,Y,Y,20260322
I10,세종특별자치시교육청,9300036,금남초등학교,2025,,초등학교,휴업일,20260204,겨울방학,겨울방학,Y,Y,Y,Y,Y,Y,20260322
I10,세종특별자치시교육청,9300036,금남초등학교,2025,,초등학교,휴업일,20260205,겨울방학,겨울방학,Y,Y,Y,Y,Y,Y,20260322
I10,세종특별자치시교육청,9300036,금남초등학교,2025,,초등학교,휴업일,20260206,겨울방학,겨울방학,Y,Y,Y,Y,Y,Y,20260322
I10,세종특별자치시교육청,9300036,금남초등학교,2025,,초등학교,휴업일,20260207,겨울방학,겨울방학,Y,Y,Y,Y,Y,Y,20260322
I10,세종특별자치시교육청,9300036,금남초등학교,2025,,초등학교,휴업일,20260207,토요휴업일,,Y,Y,Y,Y,Y,Y,20260322
I10,세종특별자치시교육청,9300036,금남초등학교,2025,,초등학교,휴업일,20260208,겨울방학,겨울방학,Y,Y,Y,Y,Y,Y,20260322
I10,세종특별자치시교육청,9300036,금남초등학교,2025,,초등학교,휴업일,20260209,겨울방학,겨울방학,Y,Y,Y,Y,Y,Y,20260322
I10,세종특별자치시교육청,9300036,금남초등학교,2025,,초등학교,휴업일,20260210,겨울방학,겨울방학,Y,Y,Y,Y,Y,Y,20260322
I10,세종특별자치시교육청,9300036,금남초등학교,2025,,초등학교,휴업일,20260211,겨울방학,겨울방학,Y,Y,Y,Y,Y,Y,20260322
I10,세종특별자치시교육청,9300036,금남초등학교,2025,,초등학교,휴업일,20260212,겨울방학,겨울방학,Y,Y,Y,Y,Y,Y,20260322
I10,세종특별자치시교육청,9300036,금남초등학교,2025,,초등학교,휴업일,20260213,겨울방학,겨울방학,Y,Y,Y,Y,Y,Y,20260322
I10,세종특별자치시교육청,9300036,금남초등학교,2025,,초등학교,휴업일,20260214,겨울방학,겨울방학,Y,Y,Y,Y,Y,Y,20260322
I10,세종특별자치시교육청,9300036,금남초등학교,2025,,초등학교,휴업일,20260214,토요휴업일,,Y,Y,Y,Y,Y,Y,20260322
I10,세종특별자치시교육청,9300036,금남초등학교,2025,,초등학교,휴업일,20260215,겨울방학,겨울방학,Y,Y,Y,Y,Y,Y,20260322
I10,세종특별자치시교육청,9300036,금남초등학교,2025,,초등학교,휴업일,20260216,겨울방학,겨울방학,Y,Y,Y,Y,Y,Y,20260322
I10,세종특별자치시교육청,9300036,금남초등학교,2025,,초등학교,공휴일,20260216,설날,,Y,Y,Y,Y,Y,Y,20260322
I10,세종특별자치시교육청,9300036,금남초등학교,2025,,초등학교,휴업일,20260217,겨울방학,겨울방학,Y,Y,Y,Y,Y,Y,20260322
I10,세종특별자치시교육청,9300036,금남초등학교,2025,,초등학교,공휴일,20260217,설날,,Y,Y,Y,Y,Y,Y,20260322
I10,세종특별자치시교육청,9300036,금남초등학교,2025,,초등학교,휴업일,20260218,겨울방학,겨울방학,Y,Y,Y,Y,Y,Y,20260322
I10,세종특별자치시교육청,9300036,금남초등학교,2025,,초등학교,공휴일,20260218,설날,,Y,Y,Y,Y,Y,Y,20260322
I10,세종특별자치시교육청,9300036,금남초등학교,2025,,초등학교,휴업일,20260219,겨울방학,겨울방학,Y,Y,Y,Y,Y,Y,20260322
I10,세종특별자치시교육청,9300036,금남초등학교,2025,,초등학교,휴업일,20260220,겨울방학,겨울방학,Y,Y,Y,Y,Y,Y,20260322
I10,세종특별자치시교육청,9300036,금남초등학교,2025,,초등학교,휴업일,20260221,겨울방학,겨울방학,Y,Y,Y,Y,Y,Y,20260322
I10,세종특별자치시교육청,9300036,금남초등학교,2025,,초등학교,휴업일,20260221,토요휴업일,,Y,Y,Y,Y,Y,Y,20260322
I10,세종특별자치시교육청,9300036,금남초등학교,2025,,초등학교,휴업일,20260222,겨울방학,겨울방학,Y,Y,Y,Y,Y,Y,20260322
I10,세종특별자치시교육청,9300036,금남초등학교,2025,,초등학교,휴업일,20260223,겨울방학,겨울방학,Y,Y,Y,Y,Y,Y,20260322
I10,세종특별자치시교육청,9300036,금남초등학교,2025,,초등학교,휴업일,20260224,겨울방학,겨울방학,Y,Y,Y,Y,Y,Y,20260322
I10,세종특별자치시교육청,9300036,금남초등학교,2025,,초등학교,휴업일,20260225,겨울방학,겨울방학,Y,Y,Y,Y,Y,Y,20260322
I10,세종특별자치시교육청,9300036,금남초등학교,2025,,초등학교,휴업일,20260226,겨울방학,겨울방학,Y,Y,Y,Y,Y,Y,20260322
I10,세종특별자치시교육청,9300036,금남초등학교,2025,,초등학교,휴업일,20260227,겨울방학,겨울방학,Y,Y,Y,Y,Y,Y,20260322
I10,세종특별자치시교육청,9300036,금남초등학교,2025,,초등학교,휴업일,20260228,겨울방학,겨울방학,Y,Y,Y,Y,Y,Y,20260322
I10,세종특별자치시교육청,9300036,금남초등학교,2025,,초등학교,휴업일,20260228,토요휴업일,,Y,Y,Y,Y,Y,Y,20260322
I10,세종특별자치시교육청,9300036,금남초등학교,2026,,초등학교,공휴일,20260301,3·1절,,Y,Y,Y,Y,Y,Y,20260322
I10,세종특별자치시교육청,9300036,금남초등학교,2026,,초등학교,공휴일,20260302,대체공휴일,,Y,Y,Y,Y,Y,Y,20260322
I10,세종특별자치시교육청,9300036,금남초등학교,2026,,초등학교,해당없음,20260303,시업식,,N,Y,Y,Y,Y,Y,20260322
I10,세종특별자치시교육청,9300036,금남초등학교,2026,,초등학교,해당없음,20260303,입학식,,Y,N,N,N,N,N,20260322
I10,세종특별자치시교육청,9300036,금남초등학교,2026,,초등학교,해당없음,20260306,학급임원선거,,N,N,Y,Y,Y,Y,20260322
I10,세종특별자치시교육청,9300036,금남초등학교,2026,,초등학교,해당없음,20260306,심리 및 진로검사,,N,Y,Y,Y,Y,Y,20260322
I10,세종특별자치시교육청,9300036,금남초등학교,2026,,초등학교,휴업일,20260307,토요휴업일,,Y,Y,Y,Y,Y,Y,20260322
I10,세종특별자치시교육청,9300036,금남초등학교,2026,,초등학교,해당없음,20260311,교육과정 설명회,,Y,Y,Y,Y,Y,Y,20260322
I10,세종특별자치시교육청,9300036,금남초등학교,2026,,초등학교,해당없음,20260312,기초학력진단평가,,Y,Y,Y,Y,Y,Y,20260322
I10,세종특별자치시교육청,9300036,금남초등학교,2026,,초등학교,휴업일,20260314,토요휴업일,,Y,Y,Y,Y,Y,Y,20260322
I10,세종특별자치시교육청,9300036,금남초등학교,2026,,초등학교,해당없음,20260316,전교임원선거,,N,N,N,Y,Y,Y,20260322
I10,세종특별자치시교육청,9300036,금남초등학교,2026,,초등학교,휴업일,20260321,토요휴업일,,Y,Y,Y,Y,Y,Y,20260322
I10,세종특별자치시교육청,9300036,금남초등학교,2026,,초등학교,해당없음,20260323,상담주간,,Y,Y,Y,Y,Y,Y,20260322
I10,세종특별자치시교육청,9300036,금남초등학교,2026,,초등학교,해당없음,20260324,상담주간,,Y,Y,Y,Y,Y,Y,20260322
I10,세종특별자치시교육청,9300036,금남초등학교,2026,,초등학교,해당없음,20260325,상담주간,,Y,Y,Y,Y,Y,Y,20260322
I10,세종특별자치시교육청,9300036,금남초등학교,2026,,초등학교,해당없음,20260326,상담주간,,Y,Y,Y,Y,Y,Y,20260322
I10,세종특별자치시교육청,9300036,금남초등학교,2026,,초등학교,해당없음,20260327,상담주간,,Y,Y,Y,Y,Y,Y,20260322
I10,세종특별자치시교육청,9300036,금남초등학교,2026,,초등학교,휴업일,20260328,토요휴업일,,Y,Y,Y,Y,Y,Y,20260322
I10,세종특별자치시교육청,9300036,금남초등학교,2026,,초등학교,휴업일,20260404,토요휴업일,,Y,Y,Y,Y,Y,Y,20260322
I10,세종특별자치시교육청,9300036,금남초등학교,2026,,초등학교,휴업일,20260411,토요휴업일,,Y,Y,Y,Y,Y,Y,20260322
I10,세종특별자치시교육청,9300036,금남초등학교,2026,,초등학교,해당없음,20260416,인성키움의 날,,Y,Y,Y,Y,Y,Y,20260322
I10,세종특별자치시교육청,9300036,금남초등학교,2026,,초등학교,휴업일,20260418,토요휴업일,,Y,Y,Y,Y,Y,Y,20260322
I10,세종특별자치시교육청,9300036,금남초등학교,2026,,초등학교,휴업일,20260425,토요휴업일,,Y,Y,Y,Y,Y,Y,20260322
I10,세종특별자치시교육청,9300036,금남초등학교,2026,,초등학교,휴업일,20260501,학교장재량휴업일,,Y,Y,Y,Y,Y,Y,20260322
I10,세종특별자치시교육청,9300036,금남초등학교,2026,,초등학교,휴업일,20260502,토요휴업일,,Y,Y,Y,Y,Y,Y,20260322
I10,세종특별자치시교육청,9300036,금남초등학교,2026,,초등학교,휴업일,20260504,학교장재량휴업일,,Y,Y,Y,Y,Y,Y,20260322
I10,세종특별자치시교육청,9300036,금남초등학교,2026,,초등학교,공휴일,20260505,어린이날,,Y,Y,Y,Y,Y,Y,20260322
I10,세종특별자치시교육청,9300036,금남초등학교,2026,,초등학교,해당없음,20260507,인성키움의 날,,Y,Y,Y,Y,Y,Y,20260322
I10,세종특별자치시교육청,9300036,금남초등학교,2026,,초등학교,휴업일,20260509,토요휴업일,,Y,Y,Y,Y,Y,Y,20260322
I10,세종특별자치시교육청,9300036,금남초등학교,2026,,초등학교,휴업일,20260516,토요휴업일,,Y,Y,Y,Y,Y,Y,20260322
I10,세종특별자치시교육청,9300036,금남초등학교,2026,,초등학교,휴업일,20260523,토요휴업일,,Y,Y,Y,Y,Y,Y,20260322
I10,세종특별자치시교육청,9300036,금남초등학교,2026,,초등학교,공휴일,20260524,석가탄신일,,Y,Y,Y,Y,Y,Y,20260322
I10,세종특별자치시교육청,9300036,금남초등학교,2026,,초등학교,공휴일,20260525,대체공휴일,,Y,Y,Y,Y,Y,Y,20260322
I10,세종특별자치시교육청,9300036,금남초등학교,2026,,초등학교,휴업일,20260530,토요휴업일,,Y,Y,Y,Y,Y,Y,20260322
I10,세종특별자치시교육청,9300036,금남초등학교,2026,,초등학교,공휴일,20260603,전국동시지방선거,,Y,Y,Y,Y,Y,Y,20260322
I10,세종특별자치시교육청,9300036,금남초등학교,2026,,초등학교,해당없음,20260605,인성키움의 날,,Y,Y,Y,Y,Y,Y,20260322
I10,세종특별자치시교육청,9300036,금남초등학교,2026,,초등학교,공휴일,20260606,현충일,,Y,Y,Y,Y,Y,Y,20260322
I10,세종특별자치시교육청,9300036,금남초등학교,2026,,초등학교,휴업일,20260613,토요휴업일,,Y,Y,Y,Y,Y,Y,20260322
I10,세종특별자치시교육청,9300036,금남초등학교,2026,,초등학교,휴업일,20260620,토요휴업일,,Y,Y,Y,Y,Y,Y,20260322
I10,세종특별자치시교육청,9300036,금남초등학교,2026,,초등학교,휴업일,20260627,토요휴업일,,Y,Y,Y,Y,Y,Y,20260322
I10,세종특별자치시교육청,9300036,금남초등학교,2026,,초등학교,해당없음,20260703,인성키움의 날,,Y,Y,Y,Y,Y,Y,20260322
I10,세종특별자치시교육청,9300036,금남초등학교,2026,,초등학교,휴업일,20260704,토요휴업일,,Y,Y,Y,Y,Y,Y,20260322
I10,세종특별자치시교육청,9300036,금남초등학교,2026,,초등학교,휴업일,20260711,토요휴업일,,Y,Y,Y,Y,Y,Y,20260322
I10,세종특별자치시교육청,9300036,금남초등학교,2026,,초등학교,해당없음,20260713,전교임원선거,,N,N,N,Y,Y,Y,20260322
I10,세종특별자치시교육청,9300036,금남초등학교,2026,,초등학교,공휴일,20260717,제헌절,,Y,Y,Y,Y,Y,Y,20260322
I10,세종특별자치시교육청,9300036,금남초등학교,2026,,초등학교,휴업일,20260718,토요휴업일,,Y,Y,Y,Y,Y,Y,20260322
I10,세종특별자치시교육청,9300036,금남초등학교,2026,,초등학교,해당없음,20260723,여름방학식,,Y,Y,Y,Y,Y,Y,20260322
I10,세종특별자치시교육청,9300036,금남초등학교,2026,,초등학교,휴업일,20260724,여름방학,,Y,Y,Y,Y,Y,Y,20260322
I10,세종특별자치시교육청,9300036,금남초등학교,2026,,초등학교,휴업일,20260725,토요휴업일,,Y,Y,Y,Y,Y,Y,20260322
I10,세종특별자치시교육청,9300036,금남초등학교,2026,,초등학교,휴업일,20260727,여름방학,,Y,Y,Y,Y,Y,Y,20260322
I10,세종특별자치시교육청,9300036,금남초등학교,2026,,초등학교,휴업일,20260728,여름방학,,Y,Y,Y,Y,Y,Y,20260322
I10,세종특별자치시교육청,9300036,금남초등학교,2026,,초등학교,휴업일,20260729,여름방학,,Y,Y,Y,Y,Y,Y,20260322
I10,세종특별자치시교육청,9300036,금남초등학교,2026,,초등학교,휴업일,20260730,여름방학,,Y,Y,Y,Y,Y,Y,20260322
I10,세종특별자치시교육청,9300036,금남초등학교,2026,,초등학교,휴업일,20260731,여름방학,,Y,Y,Y,Y,Y,Y,20260322
I10,세종특별자치시교육청,9300036,금남초등학교,2026,,초등학교,휴업일,20260801,토요휴업일,,Y,Y,Y,Y,Y,Y,20260322
I10,세종특별자치시교육청,9300036,금남초등학교,2026,,초등학교,휴업일,20260803,여름방학,,Y,Y,Y,Y,Y,Y,20260322
I10,세종특별자치시교육청,9300036,금남초등학교,2026,,초등학교,휴업일,20260804,여름방학,,Y,Y,Y,Y,Y,Y,20260322
I10,세종특별자치시교육청,9300036,금남초등학교,2026,,초등학교,휴업일,20260805,여름방학,,Y,Y,Y,Y,Y,Y,20260322
I10,세종특별자치시교육청,9300036,금남초등학교,2026,,초등학교,휴업일,20260806,여름방학,,Y,Y,Y,Y,Y,Y,20260322
I10,세종특별자치시교육청,9300036,금남초등학교,2026,,초등학교,휴업일,20260807,여름방학,,Y,Y,Y,Y,Y,Y,20260322
I10,세종특별자치시교육청,9300036,금남초등학교,2026,,초등학교,휴업일,20260808,토요휴업일,,Y,Y,Y,Y,Y,Y,20260322
I10,세종특별자치시교육청,9300036,금남초등학교,2026,,초등학교,휴업일,20260810,여름방학,,Y,Y,Y,Y,Y,Y,20260322
I10,세종특별자치시교육청,9300036,금남초등학교,2026,,초등학교,휴업일,20260811,여름방학,,Y,Y,Y,Y,Y,Y,20260322
I10,세종특별자치시교육청,9300036,금남초등학교,2026,,초등학교,휴업일,20260812,여름방학,,Y,Y,Y,Y,Y,Y,20260322
I10,세종특별자치시교육청,9300036,금남초등학교,2026,,초등학교,휴업일,20260813,여름방학,,Y,Y,Y,Y,Y,Y,20260322
I10,세종특별자치시교육청,9300036,금남초등학교,2026,,초등학교,휴업일,20260814,여름방학,,Y,Y,Y,Y,Y,Y,20260322
I10,세종특별자치시교육청,9300036,금남초등학교,2026,,초등학교,공휴일,20260815,광복절,,Y,Y,Y,Y,Y,Y,20260322
I10,세종특별자치시교육청,9300036,금남초등학교,2026,,초등학교,휴업일,20260817,여름방학,,Y,Y,Y,Y,Y,Y,20260322
I10,세종특별자치시교육청,9300036,금남초등학교,2026,,초등학교,공휴일,20260817,대체공휴일,,Y,Y,Y,Y,Y,Y,20260322
I10,세종특별자치시교육청,9300036,금남초등학교,2026,,초등학교,휴업일,20260818,여름방학,,Y,Y,Y,Y,Y,Y,20260322
I10,세종특별자치시교육청,9300036,금남초등학교,2026,,초등학교,휴업일,20260819,여름방학,,Y,Y,Y,Y,Y,Y,20260322
I10,세종특별자치시교육청,9300036,금남초등학교,2026,,초등학교,해당없음,20260820,여름방학 개학식,,Y,Y,Y,Y,Y,Y,20260322
I10,세종특별자치시교육청,9300036,금남초등학교,2026,,초등학교,휴업일,20260822,토요휴업일,,Y,Y,Y,Y,Y,Y,20260322
I10,세종특별자치시교육청,9300036,금남초등학교,2026,,초등학교,해당없음,20260824,학급임원선거,,N,N,Y,Y,Y,Y,20260322
I10,세종특별자치시교육청,9300036,금남초등학교,2026,,초등학교,휴업일,20260829,토요휴업일,,Y,Y,Y,Y,Y,Y,20260322
I10,세종특별자치시교육청,9300036,금남초등학교,2026,,초등학교,해당없음,20260831,상담주간,,Y,Y,Y,Y,Y,Y,20260322
I10,세종특별자치시교육청,9300036,금남초등학교,2026,,초등학교,해당없음,20260901,상담주간,,Y,Y,Y,Y,Y,Y,20260322
I10,세종특별자치시교육청,9300036,금남초등학교,2026,,초등학교,해당없음,20260902,상담주간,,Y,Y,Y,Y,Y,Y,20260322
I10,세종특별자치시교육청,9300036,금남초등학교,2026,,초등학교,해당없음,20260902,인성키움의 날,,Y,Y,Y,Y,Y,Y,20260322
I10,세종특별자치시교육청,9300036,금남초등학교,2026,,초등학교,해당없음,20260903,상담주간,,Y,Y,Y,Y,Y,Y,20260322
I10,세종특별자치시교육청,9300036,금남초등학교,2026,,초등학교,해당없음,20260904,상담주간,,Y,Y,Y,Y,Y,Y,20260322
I10,세종특별자치시교육청,9300036,금남초등학교,2026,,초등학교,휴업일,20260905,토요휴업일,,Y,Y,Y,Y,Y,Y,20260322
I10,세종특별자치시교육청,9300036,금남초등학교,2026,,초등학교,해당없음,20260909,수학여행,,N,N,N,N,N,Y,20260322
I10,세종특별자치시교육청,9300036,금남초등학교,2026,,초등학교,해당없음,20260910,수학여행,,N,N,N,N,N,Y,20260322
I10,세종특별자치시교육청,9300036,금남초등학교,2026,,초등학교,해당없음,20260911,수학여행,,N,N,N,N,N,Y,20260322
I10,세종특별자치시교육청,9300036,금남초등학교,2026,,초등학교,휴업일,20260912,토요휴업일,,Y,Y,Y,Y,Y,Y,20260322
I10,세종특별자치시교육청,9300036,금남초등학교,2026,,초등학교,휴업일,20260919,토요휴업일,,Y,Y,Y,Y,Y,Y,20260322
I10,세종특별자치시교육청,9300036,금남초등학교,2026,,초등학교,공휴일,20260925,추석,,Y,Y,Y,Y,Y,Y,20260322
I10,세종특별자치시교육청,9300036,금남초등학교,2026,,초등학교,휴업일,20260926,토요휴업일,,Y,Y,Y,Y,Y,Y,20260322
I10,세종특별자치시교육청,9300036,금남초등학교,2026,,초등학교,공휴일,20261003,개천절,,Y,Y,Y,Y,Y,Y,20260322
I10,세종특별자치시교육청,9300036,금남초등학교,2026,,초등학교,공휴일,20261005,대체공휴일,,Y,Y,Y,Y,Y,Y,20260322
I10,세종특별자치시교육청,9300036,금남초등학교,2026,,초등학교,공휴일,20261009,한글날,,Y,Y,Y,Y,Y,Y,20260322
I10,세종특별자치시교육청,9300036,금남초등학교,2026,,초등학교,휴업일,20261010,토요휴업일,,Y,Y,Y,Y,Y,Y,20260322
I10,세종특별자치시교육청,9300036,금남초등학교,2026,,초등학교,해당없음,20261015,인성키움의 날,,Y,Y,Y,Y,Y,Y,20260322
I10,세종특별자치시교육청,9300036,금남초등학교,2026,,초등학교,휴업일,20261017,토요휴업일,,Y,Y,Y,Y,Y,Y,20260322
I10,세종특별자치시교육청,9300036,금남초등학교,2026,,초등학교,휴업일,20261024,토요휴업일,,Y,Y,Y,Y,Y,Y,20260322
I10,세종특별자치시교육청,9300036,금남초등학교,2026,,초등학교,휴업일,20261031,토요휴업일,,Y,Y,Y,Y,Y,Y,20260322
I10,세종특별자치시교육청,9300036,금남초등학교,2026,,초등학교,해당없음,20261106,인성키움의 날,,Y,Y,Y,Y,Y,Y,20260322
I10,세종특별자치시교육청,9300036,금남초등학교,2026,,초등학교,휴업일,20261107,토요휴업일,,Y,Y,Y,Y,Y,Y,20260322
I10,세종특별자치시교육청,9300036,금남초등학교,2026,,초등학교,휴업일,20261114,토요휴업일,,Y,Y,Y,Y,Y,Y,20260322
I10,세종특별자치시교육청,9300036,금남초등학교,2026,,초등학교,휴업일,20261121,토요휴업일,,Y,Y,Y,Y,Y,Y,20260322
I10,세종특별자치시교육청,9300036,금남초등학교,2026,,초등학교,휴업일,20261128,토요휴업일,,Y,Y,Y,Y,Y,Y,20260322
I10,세종특별자치시교육청,9300036,금남초등학교,2026,,초등학교,휴업일,20261205,토요휴업일,,Y,Y,Y,Y,Y,Y,20260322
I10,세종특별자치시교육청,9300036,금남초등학교,2026,,초등학교,휴업일,20261212,토요휴업일,,Y,Y,Y,Y,Y,Y,20260322
I10,세종특별자치시교육청,9300036,금남초등학교,2026,,초등학교,휴업일,20261219,토요휴업일,,Y,Y,Y,Y,Y,Y,20260322
I10,세종특별자치시교육청,9300036,금남초등학교,2026,,초등학교,공휴일,20261225,성탄절,,Y,Y,Y,Y,Y,Y,20260322
I10,세종특별자치시교육청,9300036,금남초등학교,2026,,초등학교,휴업일,20261226,토요휴업일,,Y,Y,Y,Y,Y,Y,20260322
I10,세종특별자치시교육청,9300036,금남초등학교,2026,,초등학교,공휴일,20270101,신정,,Y,Y,Y,Y,Y,Y,20260322
I10,세종특별자치시교육청,9300036,금남초등학교,2026,,초등학교,휴업일,20270102,토요휴업일,,Y,Y,Y,Y,Y,Y,20260322
I10,세종특별자치시교육청,9300036,금남초등학교,2026,,초등학교,해당없음,20270105,졸업식,,N,N,N,N,N,Y,20260322
I10,세종특별자치시교육청,9300036,금남초등학교,2026,,초등학교,해당없음,20270105,종업식,,Y,Y,Y,Y,Y,N,20260322
I10,세종특별자치시교육청,9300036,금남초등학교,2026,,초등학교,휴업일,20270106,학년말방학,,Y,Y,Y,Y,Y,Y,20260322
I10,세종특별자치시교육청,9300036,금남초등학교,2026,,초등학교,휴업일,20270107,학년말방학,,Y,Y,Y,Y,Y,Y,20260322
I10,세종특별자치시교육청,9300036,금남초등학교,2026,,초등학교,휴업일,20270108,학년말방학,,Y,Y,Y,Y,Y,Y,20260322
I10,세종특별자치시교육청,9300036,금남초등학교,2026,,초등학교,휴업일,20270109,토요휴업일,,Y,Y,Y,Y,Y,Y,20260322
I10,세종특별자치시교육청,9300036,금남초등학교,2026,,초등학교,휴업일,20270111,학년말방학,,Y,Y,Y,Y,Y,Y,20260322
I10,세종특별자치시교육청,9300036,금남초등학교,2026,,초등학교,휴업일,20270112,학년말방학,,Y,Y,Y,Y,Y,Y,20260322
I10,세종특별자치시교육청,9300036,금남초등학교,2026,,초등학교,휴업일,20270113,학년말방학,,Y,Y,Y,Y,Y,Y,20260322
I10,세종특별자치시교육청,9300036,금남초등학교,2026,,초등학교,휴업일,20270114,학년말방학,,Y,Y,Y,Y,Y,Y,20260322
I10,세종특별자치시교육청,9300036,금남초등학교,2026,,초등학교,휴업일,20270115,학년말방학,,Y,Y,Y,Y,Y,Y,20260322
I10,세종특별자치시교육청,9300036,금남초등학교,2026,,초등학교,휴업일,20270116,토요휴업일,,Y,Y,Y,Y,Y,Y,20260322
I10,세종특별자치시교육청,9300036,금남초등학교,2026,,초등학교,휴업일,20270118,학년말방학,,Y,Y,Y,Y,Y,Y,20260322
﻿I10,세종특별자치시교육청,9300036,금남초등학교,2026,,초등학교,휴업일,20270119,학년말방학,,Y,Y,Y,Y,Y,Y,20260322
I10,세종특별자치시교육청,9300036,금남초등학교,2026,,초등학교,휴업일,20270120,학년말방학,,Y,Y,Y,Y,Y,Y,20260322
I10,세종특별자치시교육청,9300036,금남초등학교,2026,,초등학교,휴업일,20270121,학년말방학,,Y,Y,Y,Y,Y,Y,20260322
I10,세종특별자치시교육청,9300036,금남초등학교,2026,,초등학교,휴업일,20270122,학년말방학,,Y,Y,Y,Y,Y,Y,20260322
I10,세종특별자치시교육청,9300036,금남초등학교,2026,,초등학교,휴업일,20270123,토요휴업일,,Y,Y,Y,Y,Y,Y,20260322
I10,세종특별자치시교육청,9300036,금남초등학교,2026,,초등학교,휴업일,20270125,학년말방학,,Y,Y,Y,Y,Y,Y,20260322
I10,세종특별자치시교육청,9300036,금남초등학교,2026,,초등학교,휴업일,20270126,학년말방학,,Y,Y,Y,Y,Y,Y,20260322
I10,세종특별자치시교육청,9300036,금남초등학교,2026,,초등학교,휴업일,20270127,학년말방학,,Y,Y,Y,Y,Y,Y,20260322
I10,세종특별자치시교육청,9300036,금남초등학교,2026,,초등학교,휴업일,20270128,학년말방학,,Y,Y,Y,Y,Y,Y,20260322
I10,세종특별자치시교육청,9300036,금남초등학교,2026,,초등학교,휴업일,20270129,학년말방학,,Y,Y,Y,Y,Y,Y,20260322
I10,세종특별자치시교육청,9300036,금남초등학교,2026,,초등학교,휴업일,20270130,토요휴업일,,Y,Y,Y,Y,Y,Y,20260322
I10,세종특별자치시교육청,9300036,금남초등학교,2026,,초등학교,휴업일,20270201,학년말방학,,Y,Y,Y,Y,Y,Y,20260322
I10,세종특별자치시교육청,9300036,금남초등학교,2026,,초등학교,휴업일,20270202,학년말방학,,Y,Y,Y,Y,Y,Y,20260322
I10,세종특별자치시교육청,9300036,금남초등학교,2026,,초등학교,휴업일,20270203,학년말방학,,Y,Y,Y,Y,Y,Y,20260322
I10,세종특별자치시교육청,9300036,금남초등학교,2026,,초등학교,휴업일,20270204,학년말방학,,Y,Y,Y,Y,Y,Y,20260322
I10,세종특별자치시교육청,9300036,금남초등학교,2026,,초등학교,휴업일,20270205,학년말방학,,Y,Y,Y,Y,Y,Y,20260322
I10,세종특별자치시교육청,9300036,금남초등학교,2026,,초등학교,휴업일,20270206,토요휴업일,,Y,Y,Y,Y,Y,Y,20260322
I10,세종특별자치시교육청,9300036,금남초등학교,2026,,초등학교,공휴일,20270207,설날,,Y,Y,Y,Y,Y,Y,20260322
I10,세종특별자치시교육청,9300036,금남초등학교,2026,,초등학교,휴업일,20270208,학년말방학,,Y,Y,Y,Y,Y,Y,20260322
I10,세종특별자치시교육청,9300036,금남초등학교,2026,,초등학교,휴업일,20270209,학년말방학,,Y,Y,Y,Y,Y,Y,20260322
I10,세종특별자치시교육청,9300036,금남초등학교,2026,,초등학교,휴업일,20270210,학년말방학,,Y,Y,Y,Y,Y,Y,20260322
I10,세종특별자치시교육청,9300036,금남초등학교,2026,,초등학교,휴업일,20270211,학년말방학,,Y,Y,Y,Y,Y,Y,20260322
I10,세종특별자치시교육청,9300036,금남초등학교,2026,,초등학교,휴업일,20270212,학년말방학,,Y,Y,Y,Y,Y,Y,20260322
I10,세종특별자치시교육청,9300036,금남초등학교,2026,,초등학교,휴업일,20270213,토요휴업일,,Y,Y,Y,Y,Y,Y,20260322
I10,세종특별자치시교육청,9300036,금남초등학교,2026,,초등학교,휴업일,20270215,학년말방학,,Y,Y,Y,Y,Y,Y,20260322
I10,세종특별자치시교육청,9300036,금남초등학교,2026,,초등학교,휴업일,20270216,학년말방학,,Y,Y,Y,Y,Y,Y,20260322
I10,세종특별자치시교육청,9300036,금남초등학교,2026,,초등학교,휴업일,20270217,학년말방학,,Y,Y,Y,Y,Y,Y,20260322
I10,세종특별자치시교육청,9300036,금남초등학교,2026,,초등학교,휴업일,20270218,학년말방학,,Y,Y,Y,Y,Y,Y,20260322
I10,세종특별자치시교육청,9300036,금남초등학교,2026,,초등학교,휴업일,20270219,학년말방학,,Y,Y,Y,Y,Y,Y,20260322
I10,세종특별자치시교육청,9300036,금남초등학교,2026,,초등학교,휴업일,20270220,토요휴업일,,Y,Y,Y,Y,Y,Y,20260322
I10,세종특별자치시교육청,9300036,금남초등학교,2026,,초등학교,휴업일,20270222,학년말방학,,Y,Y,Y,Y,Y,Y,20260322
I10,세종특별자치시교육청,9300036,금남초등학교,2026,,초등학교,휴업일,20270223,학년말방학,,Y,Y,Y,Y,Y,Y,20260322
I10,세종특별자치시교육청,9300036,금남초등학교,2026,,초등학교,휴업일,20270224,학년말방학,,Y,Y,Y,Y,Y,Y,20260322
I10,세종특별자치시교육청,9300036,금남초등학교,2026,,초등학교,휴업일,20270225,학년말방학,,Y,Y,Y,Y,Y,Y,20260322
I10,세종특별자치시교육청,9300036,금남초등학교,2026,,초등학교,휴업일,20270226,학년말방학,,Y,Y,Y,Y,Y,Y,20260322
I10,세종특별자치시교육청,9300036,금남초등학교,2026,,초등학교,휴업일,20270227,토요휴업일,,Y,Y,Y,Y,Y,Y,20260322
I10,세종특별자치시교육청,9300049,금호중학교,2025,주간,중학교,공휴일,20250301,3·1절,,Y,Y,Y,*,*,*,20260322
I10,세종특별자치시교육청,9300049,금호중학교,2025,주간,중학교,공휴일,20250303,대체공휴일,,Y,Y,Y,*,*,*,20260322
I10,세종특별자치시교육청,9300049,금호중학교,2025,주간,중학교,해당없음,20250304,입학식,,Y,N,N,*,*,*,20260322
I10,세종특별자치시교육청,9300049,금호중학교,2025,주간,중학교,해당없음,20250304,시업식,,N,Y,Y,*,*,*,20260322
I10,세종특별자치시교육청,9300049,금호중학교,2025,주간,중학교,휴업일,20250308,토요휴업일,,Y,Y,Y,*,*,*,20260322
I10,세종특별자치시교육청,9300049,금호중학교,2025,주간,중학교,해당없음,20250312,기초학력 진단검사,,Y,Y,Y,*,*,*,20260322
I10,세종특별자치시교육청,9300049,금호중학교,2025,주간,중학교,휴업일,20250315,토요휴업일,,Y,Y,Y,*,*,*,20260322
I10,세종특별자치시교육청,9300049,금호중학교,2025,주간,중학교,휴업일,20250322,토요휴업일,,Y,Y,Y,*,*,*,20260322
I10,세종특별자치시교육청,9300049,금호중학교,2025,주간,중학교,해당없음,20250327,1학기 학교설명회,,Y,Y,Y,*,*,*,20260322
I10,세종특별자치시교육청,9300049,금호중학교,2025,주간,중학교,휴업일,20250329,토요휴업일,,Y,Y,Y,*,*,*,20260322
I10,세종특별자치시교육청,9300049,금호중학교,2025,주간,중학교,휴업일,20250405,토요휴업일,,Y,Y,Y,*,*,*,20260322
I10,세종특별자치시교육청,9300049,금호중학교,2025,주간,중학교,휴업일,20250412,토요휴업일,,Y,Y,Y,*,*,*,20260322
I10,세종특별자치시교육청,9300049,금호중학교,2025,주간,중학교,휴업일,20250419,토요휴업일,,Y,Y,Y,*,*,*,20260322
I10,세종특별자치시교육청,9300049,금호중학교,2025,주간,중학교,휴업일,20250426,토요휴업일,,Y,Y,Y,*,*,*,20260322
I10,세종특별자치시교육청,9300049,금호중학교,2025,주간,중학교,해당없음,20250428,1학기 1회고사,,Y,Y,Y,*,*,*,20260322
I10,세종특별자치시교육청,9300049,금호중학교,2025,주간,중학교,해당없음,20250429,1학기 1회고사,,Y,Y,Y,*,*,*,20260322
I10,세종특별자치시교육청,9300049,금호중학교,2025,주간,중학교,휴업일,20250501,재량휴업일,,Y,Y,Y,*,*,*,20260322
I10,세종특별자치시교육청,9300049,금호중학교,2025,주간,중학교,휴업일,20250503,토요휴업일,,Y,Y,Y,*,*,*,20260322
I10,세종특별자치시교육청,9300049,금호중학교,2025,주간,중학교,공휴일,20250505,어린이날,,Y,Y,Y,*,*,*,20260322
I10,세종특별자치시교육청,9300049,금호중학교,2025,주간,중학교,공휴일,20250506,대체공휴일,,Y,Y,Y,*,*,*,20260322
I10,세종특별자치시교육청,9300049,금호중학교,2025,주간,중학교,휴업일,20250510,토요휴업일,,Y,Y,Y,*,*,*,20260322
I10,세종특별자치시교육청,9300049,금호중학교,2025,주간,중학교,해당없음,20250515,개교기념일,,Y,Y,Y,*,*,*,20260322
I10,세종특별자치시교육청,9300049,금호중학교,2025,주간,중학교,휴업일,20250517,토요휴업일,,Y,Y,Y,*,*,*,20260322
I10,세종특별자치시교육청,9300049,금호중학교,2025,주간,중학교,해당없음,20250520,"2,3학년 현장체험학습 활동",,N,Y,Y,*,*,*,20260322
I10,세종특별자치시교육청,9300049,금호중학교,2025,주간,중학교,해당없음,20250521,"2,3학년 현장체험학습 활동",,N,Y,Y,*,*,*,20260322
I10,세종특별자치시교육청,9300049,금호중학교,2025,주간,중학교,해당없음,20250522,"2,3학년 현장체험학습 활동",,N,Y,Y,*,*,*,20260322
I10,세종특별자치시교육청,9300049,금호중학교,2025,주간,중학교,휴업일,20250523,재량휴업일,,Y,Y,Y,*,*,*,20260322
I10,세종특별자치시교육청,9300049,금호중학교,2025,주간,중학교,휴업일,20250524,토요휴업일,,Y,Y,Y,*,*,*,20260322
I10,세종특별자치시교육청,9300049,금호중학교,2025,주간,중학교,휴업일,20250531,토요휴업일,,Y,Y,Y,*,*,*,20260322
I10,세종특별자치시교육청,9300049,금호중학교,2025,주간,중학교,공휴일,20250603,대통령선거일,,Y,Y,Y,*,*,*,20260322
I10,세종특별자치시교육청,9300049,금호중학교,2025,주간,중학교,공휴일,20250606,현충일,,Y,Y,Y,*,*,*,20260322
I10,세종특별자치시교육청,9300049,금호중학교,2025,주간,중학교,휴업일,20250607,토요휴업일,,Y,Y,Y,*,*,*,20260322
I10,세종특별자치시교육청,9300049,금호중학교,2025,주간,중학교,휴업일,20250614,토요휴업일,,Y,Y,Y,*,*,*,20260322
I10,세종특별자치시교육청,9300049,금호중학교,2025,주간,중학교,휴업일,20250621,토요휴업일,,Y,Y,Y,*,*,*,20260322
I10,세종특별자치시교육청,9300049,금호중학교,2025,주간,중학교,해당없음,20250625,1학기 2회고사,,Y,Y,Y,*,*,*,20260322
I10,세종특별자치시교육청,9300049,금호중학교,2025,주간,중학교,해당없음,20250626,1학기 2회고사,,Y,Y,Y,*,*,*,20260322
I10,세종특별자치시교육청,9300049,금호중학교,2025,주간,중학교,해당없음,20250627,1학기 2회고사,,Y,Y,Y,*,*,*,20260322
I10,세종특별자치시교육청,9300049,금호중학교,2025,주간,중학교,휴업일,20250628,토요휴업일,,Y,Y,Y,*,*,*,20260322
I10,세종특별자치시교육청,9300049,금호중학교,2025,주간,중학교,휴업일,20250705,토요휴업일,,Y,Y,Y,*,*,*,20260322
I10,세종특별자치시교육청,9300049,금호중학교,2025,주간,중학교,휴업일,20250712,토요휴업일,,Y,Y,Y,*,*,*,20260322
I10,세종특별자치시교육청,9300049,금호중학교,2025,주간,중학교,휴업일,20250719,토요휴업일,,Y,Y,Y,*,*,*,20260322
I10,세종특별자치시교육청,9300049,금호중학교,2025,주간,중학교,해당없음,20250722,여름방학식,,Y,Y,Y,*,*,*,20260322
I10,세종특별자치시교육청,9300049,금호중학교,2025,주간,중학교,휴업일,20250723,여름방학,,Y,Y,Y,*,*,*,20260322
I10,세종특별자치시교육청,9300049,금호중학교,2025,주간,중학교,휴업일,20250724,여름방학,,Y,Y,Y,*,*,*,20260322
I10,세종특별자치시교육청,9300049,금호중학교,2025,주간,중학교,휴업일,20250725,여름방학,,Y,Y,Y,*,*,*,20260322
I10,세종특별자치시교육청,9300049,금호중학교,2025,주간,중학교,휴업일,20250726,여름방학,,Y,Y,Y,*,*,*,20260322
I10,세종특별자치시교육청,9300049,금호중학교,2025,주간,중학교,휴업일,20250726,토요휴업일,,Y,Y,Y,*,*,*,20260322
I10,세종특별자치시교육청,9300049,금호중학교,2025,주간,중학교,휴업일,20250727,여름방학,,Y,Y,Y,*,*,*,20260322
I10,세종특별자치시교육청,9300049,금호중학교,2025,주간,중학교,휴업일,20250728,여름방학,,Y,Y,Y,*,*,*,20260322
I10,세종특별자치시교육청,9300049,금호중학교,2025,주간,중학교,휴업일,20250729,여름방학,,Y,Y,Y,*,*,*,20260322
I10,세종특별자치시교육청,9300049,금호중학교,2025,주간,중학교,휴업일,20250730,여름방학,,Y,Y,Y,*,*,*,20260322
I10,세종특별자치시교육청,9300049,금호중학교,2025,주간,중학교,휴업일,20250731,여름방학,,Y,Y,Y,*,*,*,20260322
I10,세종특별자치시교육청,9300049,금호중학교,2025,주간,중학교,휴업일,20250801,여름방학,,Y,Y,Y,*,*,*,20260322
I10,세종특별자치시교육청,9300049,금호중학교,2025,주간,중학교,휴업일,20250802,여름방학,,Y,Y,Y,*,*,*,20260322
I10,세종특별자치시교육청,9300049,금호중학교,2025,주간,중학교,휴업일,20250802,토요휴업일,,Y,Y,Y,*,*,*,20260322
I10,세종특별자치시교육청,9300049,금호중학교,2025,주간,중학교,휴업일,20250803,여름방학,,Y,Y,Y,*,*,*,20260322
I10,세종특별자치시교육청,9300049,금호중학교,2025,주간,중학교,휴업일,20250804,여름방학,,Y,Y,Y,*,*,*,20260322
I10,세종특별자치시교육청,9300049,금호중학교,2025,주간,중학교,휴업일,20250805,여름방학,,Y,Y,Y,*,*,*,20260322
I10,세종특별자치시교육청,9300049,금호중학교,2025,주간,중학교,휴업일,20250806,여름방학,,Y,Y,Y,*,*,*,20260322
I10,세종특별자치시교육청,9300049,금호중학교,2025,주간,중학교,휴업일,20250807,여름방학,,Y,Y,Y,*,*,*,20260322
I10,세종특별자치시교육청,9300049,금호중학교,2025,주간,중학교,휴업일,20250808,여름방학,,Y,Y,Y,*,*,*,20260322
I10,세종특별자치시교육청,9300049,금호중학교,2025,주간,중학교,휴업일,20250809,여름방학,,Y,Y,Y,*,*,*,20260322
I10,세종특별자치시교육청,9300049,금호중학교,2025,주간,중학교,휴업일,20250809,토요휴업일,,Y,Y,Y,*,*,*,20260322
I10,세종특별자치시교육청,9300049,금호중학교,2025,주간,중학교,휴업일,20250810,여름방학,,Y,Y,Y,*,*,*,20260322
I10,세종특별자치시교육청,9300049,금호중학교,2025,주간,중학교,휴업일,20250811,여름방학,,Y,Y,Y,*,*,*,20260322
I10,세종특별자치시교육청,9300049,금호중학교,2025,주간,중학교,휴업일,20250812,여름방학,,Y,Y,Y,*,*,*,20260322
I10,세종특별자치시교육청,9300049,금호중학교,2025,주간,중학교,휴업일,20250813,여름방학,,Y,Y,Y,*,*,*,20260322
I10,세종특별자치시교육청,9300049,금호중학교,2025,주간,중학교,휴업일,20250814,여름방학,,Y,Y,Y,*,*,*,20260322
I10,세종특별자치시교육청,9300049,금호중학교,2025,주간,중학교,휴업일,20250815,여름방학,,Y,Y,Y,*,*,*,20260322
I10,세종특별자치시교육청,9300049,금호중학교,2025,주간,중학교,공휴일,20250815,광복절,,Y,Y,Y,*,*,*,20260322
I10,세종특별자치시교육청,9300049,금호중학교,2025,주간,중학교,휴업일,20250816,여름방학,,Y,Y,Y,*,*,*,20260322
I10,세종특별자치시교육청,9300049,금호중학교,2025,주간,중학교,휴업일,20250816,토요휴업일,,Y,Y,Y,*,*,*,20260322
I10,세종특별자치시교육청,9300049,금호중학교,2025,주간,중학교,휴업일,20250817,여름방학,,Y,Y,Y,*,*,*,20260322
I10,세종특별자치시교육청,9300049,금호중학교,2025,주간,중학교,해당없음,20250818,개학식,,Y,Y,Y,*,*,*,20260322
I10,세종특별자치시교육청,9300049,금호중학교,2025,주간,중학교,휴업일,20250823,토요휴업일,,Y,Y,Y,*,*,*,20260322
I10,세종특별자치시교육청,9300049,금호중학교,2025,주간,중학교,휴업일,20250830,토요휴업일,,Y,Y,Y,*,*,*,20260322
I10,세종특별자치시교육청,9300049,금호중학교,2025,주간,중학교,휴업일,20250906,토요휴업일,,Y,Y,Y,*,*,*,20260322
I10,세종특별자치시교육청,9300049,금호중학교,2025,주간,중학교,해당없음,20250908,1학년 수련활동,,Y,N,N,*,*,*,20260322
I10,세종특별자치시교육청,9300049,금호중학교,2025,주간,중학교,해당없음,20250909,1학년 수련활동,,Y,N,N,*,*,*,20260322
I10,세종특별자치시교육청,9300049,금호중학교,2025,주간,중학교,해당없음,20250910,1학년 수련활동,,Y,N,N,*,*,*,20260322
I10,세종특별자치시교육청,9300049,금호중학교,2025,주간,중학교,휴업일,20250913,토요휴업일,,Y,Y,Y,*,*,*,20260322
I10,세종특별자치시교육청,9300049,금호중학교,2025,주간,중학교,휴업일,20250920,토요휴업일,,Y,Y,Y,*,*,*,20260322
I10,세종특별자치시교육청,9300049,금호중학교,2025,주간,중학교,휴업일,20250927,토요휴업일,,Y,Y,Y,*,*,*,20260322
I10,세종특별자치시교육청,9300049,금호중학교,2025,주간,중학교,해당없음,20250929,"2학기 1회고사(2,3학년)",,N,Y,Y,*,*,*,20260322
I10,세종특별자치시교육청,9300049,금호중학교,2025,주간,중학교,해당없음,20250930,"2학기 1회고사(2,3학년)",,N,Y,Y,*,*,*,20260322
I10,세종특별자치시교육청,9300049,금호중학교,2025,주간,중학교,공휴일,20251003,개천절,,Y,Y,Y,*,*,*,20260322
I10,세종특별자치시교육청,9300049,금호중학교,2025,주간,중학교,휴업일,20251004,토요휴업일,,Y,Y,Y,*,*,*,20260322
I10,세종특별자치시교육청,9300049,금호중학교,2025,주간,중학교,공휴일,20251005,추석,,Y,Y,Y,*,*,*,20260322
I10,세종특별자치시교육청,9300049,금호중학교,2025,주간,중학교,공휴일,20251006,추석,,Y,Y,Y,*,*,*,20260322
I10,세종특별자치시교육청,9300049,금호중학교,2025,주간,중학교,공휴일,20251007,추석,,Y,Y,Y,*,*,*,20260322
I10,세종특별자치시교육청,9300049,금호중학교,2025,주간,중학교,공휴일,20251008,대체공휴일,,Y,Y,Y,*,*,*,20260322
I10,세종특별자치시교육청,9300049,금호중학교,2025,주간,중학교,공휴일,20251009,한글날,,Y,Y,Y,*,*,*,20260322
I10,세종특별자치시교육청,9300049,금호중학교,2025,주간,중학교,휴업일,20251010,재량휴업일,,Y,Y,Y,*,*,*,20260322
I10,세종특별자치시교육청,9300049,금호중학교,2025,주간,중학교,휴업일,20251011,토요휴업일,,Y,Y,Y,*,*,*,20260322
I10,세종특별자치시교육청,9300049,금호중학교,2025,주간,중학교,휴업일,20251018,토요휴업일,,Y,Y,Y,*,*,*,20260322
I10,세종특별자치시교육청,9300049,금호중학교,2025,주간,중학교,해당없음,20251024,체육한마당,,Y,Y,Y,*,*,*,20260322
I10,세종특별자치시교육청,9300049,금호중학교,2025,주간,중학교,휴업일,20251025,토요휴업일,,Y,Y,Y,*,*,*,20260322
I10,세종특별자치시교육청,9300049,금호중학교,2025,주간,중학교,해당없음,20251031,진로박람회,,Y,N,N,*,*,*,20260322
I10,세종특별자치시교육청,9300049,금호중학교,2025,주간,중학교,휴업일,20251101,토요휴업일,,Y,Y,Y,*,*,*,20260322
I10,세종특별자치시교육청,9300049,금호중학교,2025,주간,중학교,휴업일,20251108,토요휴업일,,Y,Y,Y,*,*,*,20260322
I10,세종특별자치시교육청,9300049,금호중학교,2025,주간,중학교,해당없음,20251110,2학기 2회고사 (3학년),,N,N,Y,*,*,*,20260322
I10,세종특별자치시교육청,9300049,금호중학교,2025,주간,중학교,해당없음,20251111,2학기 2회고사 (3학년),,N,N,Y,*,*,*,20260322
I10,세종특별자치시교육청,9300049,금호중학교,2025,주간,중학교,해당없음,20251112,2학기 2회고사 (3학년),,N,N,Y,*,*,*,20260322
I10,세종특별자치시교육청,9300049,금호중학교,2025,주간,중학교,휴업일,20251113,수능 재량휴업일,,Y,Y,Y,*,*,*,20260322
I10,세종특별자치시교육청,9300049,금호중학교,2025,주간,중학교,휴업일,20251115,토요휴업일,,Y,Y,Y,*,*,*,20260322
I10,세종특별자치시교육청,9300049,금호중학교,2025,주간,중학교,휴업일,20251122,토요휴업일,,Y,Y,Y,*,*,*,20260322
I10,세종특별자치시교육청,9300049,금호중학교,2025,주간,중학교,휴업일,20251129,토요휴업일,,Y,Y,Y,*,*,*,20260322
I10,세종특별자치시교육청,9300049,금호중학교,2025,주간,중학교,휴업일,20251206,토요휴업일,,Y,Y,Y,*,*,*,20260322
I10,세종특별자치시교육청,9300049,금호중학교,2025,주간,중학교,해당없음,20251210,2학기 2회고사 (2학년),,N,Y,N,*,*,*,20260322
I10,세종특별자치시교육청,9300049,금호중학교,2025,주간,중학교,해당없음,20251211,2학기 2회고사 (2학년),,N,Y,N,*,*,*,20260322
I10,세종특별자치시교육청,9300049,금호중학교,2025,주간,중학교,해당없음,20251212,2학기 2회고사 (2학년),,N,Y,N,*,*,*,20260322
I10,세종특별자치시교육청,9300049,금호중학교,2025,주간,중학교,휴업일,20251213,토요휴업일,,Y,Y,Y,*,*,*,20260322
I10,세종특별자치시교육청,9300049,금호중학교,2025,주간,중학교,휴업일,20251220,토요휴업일,,Y,Y,Y,*,*,*,20260322
I10,세종특별자치시교육청,9300049,금호중학교,2025,주간,중학교,공휴일,20251225,성탄절,,Y,Y,Y,*,*,*,20260322
I10,세종특별자치시교육청,9300049,금호중학교,2025,주간,중학교,휴업일,20251227,토요휴업일,,Y,Y,Y,*,*,*,20260322
I10,세종특별자치시교육청,9300049,금호중학교,2025,주간,중학교,해당없음,20251230,금호한마당축제,,Y,Y,Y,*,*,*,20260322
I10,세종특별자치시교육청,9300049,금호중학교,2025,주간,중학교,공휴일,20260101,신정,,Y,Y,Y,*,*,*,20260322
I10,세종특별자치시교육청,9300049,금호중학교,2025,주간,중학교,휴업일,20260103,토요휴업일,,Y,Y,Y,*,*,*,20260322
I10,세종특별자치시교육청,9300049,금호중학교,2025,주간,중학교,해당없음,20260108,종업식,,Y,Y,N,*,*,*,20260322
I10,세종특별자치시교육청,9300049,금호중학교,2025,주간,중학교,해당없음,20260108,졸업식,,N,N,Y,*,*,*,20260322
I10,세종특별자치시교육청,9300049,금호중학교,2025,주간,중학교,휴업일,20260109,겨울방학,,Y,Y,Y,*,*,*,20260322
I10,세종특별자치시교육청,9300049,금호중학교,2025,주간,중학교,휴업일,20260110,겨울방학,,Y,Y,Y,*,*,*,20260322
I10,세종특별자치시교육청,9300049,금호중학교,2025,주간,중학교,휴업일,20260110,토요휴업일,,Y,Y,Y,*,*,*,20260322
I10,세종특별자치시교육청,9300049,금호중학교,2025,주간,중학교,휴업일,20260111,겨울방학,,Y,Y,Y,*,*,*,20260322
I10,세종특별자치시교육청,9300049,금호중학교,2025,주간,중학교,휴업일,20260112,겨울방학,,Y,Y,Y,*,*,*,20260322
I10,세종특별자치시교육청,9300049,금호중학교,2025,주간,중학교,휴업일,20260113,겨울방학,,Y,Y,Y,*,*,*,20260322
I10,세종특별자치시교육청,9300049,금호중학교,2025,주간,중학교,휴업일,20260114,겨울방학,,Y,Y,Y,*,*,*,20260322
I10,세종특별자치시교육청,9300049,금호중학교,2025,주간,중학교,휴업일,20260115,겨울방학,,Y,Y,Y,*,*,*,20260322
I10,세종특별자치시교육청,9300049,금호중학교,2025,주간,중학교,휴업일,20260116,겨울방학,,Y,Y,Y,*,*,*,20260322
I10,세종특별자치시교육청,9300049,금호중학교,2025,주간,중학교,휴업일,20260117,겨울방학,,Y,Y,Y,*,*,*,20260322
I10,세종특별자치시교육청,9300049,금호중학교,2025,주간,중학교,휴업일,20260117,토요휴업일,,Y,Y,Y,*,*,*,20260322
I10,세종특별자치시교육청,9300049,금호중학교,2025,주간,중학교,휴업일,20260118,겨울방학,,Y,Y,Y,*,*,*,20260322
I10,세종특별자치시교육청,9300049,금호중학교,2025,주간,중학교,휴업일,20260119,겨울방학,,Y,Y,Y,*,*,*,20260322
I10,세종특별자치시교육청,9300049,금호중학교,2025,주간,중학교,휴업일,20260120,겨울방학,,Y,Y,Y,*,*,*,20260322
I10,세종특별자치시교육청,9300049,금호중학교,2025,주간,중학교,휴업일,20260121,겨울방학,,Y,Y,Y,*,*,*,20260322
I10,세종특별자치시교육청,9300049,금호중학교,2025,주간,중학교,휴업일,20260122,겨울방학,,Y,Y,Y,*,*,*,20260322
I10,세종특별자치시교육청,9300049,금호중학교,2025,주간,중학교,휴업일,20260123,겨울방학,,Y,Y,Y,*,*,*,20260322
I10,세종특별자치시교육청,9300049,금호중학교,2025,주간,중학교,휴업일,20260124,겨울방학,,Y,Y,Y,*,*,*,20260322
I10,세종특별자치시교육청,9300049,금호중학교,2025,주간,중학교,휴업일,20260124,토요휴업일,,Y,Y,Y,*,*,*,20260322
I10,세종특별자치시교육청,9300049,금호중학교,2025,주간,중학교,휴업일,20260125,겨울방학,,Y,Y,Y,*,*,*,20260322
I10,세종특별자치시교육청,9300049,금호중학교,2025,주간,중학교,휴업일,20260126,겨울방학,,Y,Y,Y,*,*,*,20260322
I10,세종특별자치시교육청,9300049,금호중학교,2025,주간,중학교,휴업일,20260127,겨울방학,,Y,Y,Y,*,*,*,20260322
I10,세종특별자치시교육청,9300049,금호중학교,2025,주간,중학교,휴업일,20260128,겨울방학,,Y,Y,Y,*,*,*,20260322
I10,세종특별자치시교육청,9300049,금호중학교,2025,주간,중학교,휴업일,20260129,겨울방학,,Y,Y,Y,*,*,*,20260322
I10,세종특별자치시교육청,9300049,금호중학교,2025,주간,중학교,휴업일,20260130,겨울방학,,Y,Y,Y,*,*,*,20260322
I10,세종특별자치시교육청,9300049,금호중학교,2025,주간,중학교,휴업일,20260131,겨울방학,,Y,Y,Y,*,*,*,20260322
I10,세종특별자치시교육청,9300049,금호중학교,2025,주간,중학교,휴업일,20260131,토요휴업일,,Y,Y,Y,*,*,*,20260322
I10,세종특별자치시교육청,9300049,금호중학교,2025,주간,중학교,휴업일,20260201,겨울방학,,Y,Y,Y,*,*,*,20260322
I10,세종특별자치시교육청,9300049,금호중학교,2025,주간,중학교,휴업일,20260202,겨울방학,,Y,Y,Y,*,*,*,20260322
I10,세종특별자치시교육청,9300049,금호중학교,2025,주간,중학교,휴업일,20260203,겨울방학,,Y,Y,Y,*,*,*,20260322
I10,세종특별자치시교육청,9300049,금호중학교,2025,주간,중학교,휴업일,20260204,겨울방학,,Y,Y,Y,*,*,*,20260322
I10,세종특별자치시교육청,9300049,금호중학교,2025,주간,중학교,휴업일,20260205,겨울방학,,Y,Y,Y,*,*,*,20260322
I10,세종특별자치시교육청,9300049,금호중학교,2025,주간,중학교,휴업일,20260206,겨울방학,,Y,Y,Y,*,*,*,20260322
I10,세종특별자치시교육청,9300049,금호중학교,2025,주간,중학교,휴업일,20260207,겨울방학,,Y,Y,Y,*,*,*,20260322
I10,세종특별자치시교육청,9300049,금호중학교,2025,주간,중학교,휴업일,20260207,토요휴업일,,Y,Y,Y,*,*,*,20260322
I10,세종특별자치시교육청,9300049,금호중학교,2025,주간,중학교,휴업일,20260208,겨울방학,,Y,Y,Y,*,*,*,20260322
I10,세종특별자치시교육청,9300049,금호중학교,2025,주간,중학교,휴업일,20260209,겨울방학,,Y,Y,Y,*,*,*,20260322
I10,세종특별자치시교육청,9300049,금호중학교,2025,주간,중학교,휴업일,20260210,겨울방학,,Y,Y,Y,*,*,*,20260322
I10,세종특별자치시교육청,9300049,금호중학교,2025,주간,중학교,휴업일,20260211,겨울방학,,Y,Y,Y,*,*,*,20260322
I10,세종특별자치시교육청,9300049,금호중학교,2025,주간,중학교,휴업일,20260212,겨울방학,,Y,Y,Y,*,*,*,20260322
I10,세종특별자치시교육청,9300049,금호중학교,2025,주간,중학교,휴업일,20260213,겨울방학,,Y,Y,Y,*,*,*,20260322
I10,세종특별자치시교육청,9300049,금호중학교,2025,주간,중학교,휴업일,20260214,겨울방학,,Y,Y,Y,*,*,*,20260322
I10,세종특별자치시교육청,9300049,금호중학교,2025,주간,중학교,휴업일,20260214,토요휴업일,,Y,Y,Y,*,*,*,20260322
I10,세종특별자치시교육청,9300049,금호중학교,2025,주간,중학교,휴업일,20260215,겨울방학,,Y,Y,Y,*,*,*,20260322
I10,세종특별자치시교육청,9300049,금호중학교,2025,주간,중학교,휴업일,20260216,겨울방학,,Y,Y,Y,*,*,*,20260322
I10,세종특별자치시교육청,9300049,금호중학교,2025,주간,중학교,공휴일,20260216,설날,,Y,Y,Y,*,*,*,20260322
I10,세종특별자치시교육청,9300049,금호중학교,2025,주간,중학교,휴업일,20260217,겨울방학,,Y,Y,Y,*,*,*,20260322
I10,세종특별자치시교육청,9300049,금호중학교,2025,주간,중학교,공휴일,20260217,설날,,Y,Y,Y,*,*,*,20260322
I10,세종특별자치시교육청,9300049,금호중학교,2025,주간,중학교,휴업일,20260218,겨울방학,,Y,Y,Y,*,*,*,20260322
I10,세종특별자치시교육청,9300049,금호중학교,2025,주간,중학교,공휴일,20260218,설날,,Y,Y,Y,*,*,*,20260322
I10,세종특별자치시교육청,9300049,금호중학교,2025,주간,중학교,휴업일,20260219,겨울방학,,Y,Y,Y,*,*,*,20260322
I10,세종특별자치시교육청,9300049,금호중학교,2025,주간,중학교,휴업일,20260220,겨울방학,,Y,Y,Y,*,*,*,20260322
I10,세종특별자치시교육청,9300049,금호중학교,2025,주간,중학교,휴업일,20260221,토요휴업일,,Y,Y,Y,*,*,*,20260322
I10,세종특별자치시교육청,9300049,금호중학교,2025,주간,중학교,휴업일,20260221,겨울방학,,Y,Y,Y,*,*,*,20260322
I10,세종특별자치시교육청,9300049,금호중학교,2025,주간,중학교,휴업일,20260222,겨울방학,,Y,Y,Y,*,*,*,20260322
I10,세종특별자치시교육청,9300049,금호중학교,2025,주간,중학교,휴업일,20260223,겨울방학,,Y,Y,Y,*,*,*,20260322
I10,세종특별자치시교육청,9300049,금호중학교,2025,주간,중학교,휴업일,20260224,겨울방학,,Y,Y,Y,*,*,*,20260322
I10,세종특별자치시교육청,9300049,금호중학교,2025,주간,중학교,휴업일,20260225,겨울방학,,Y,Y,Y,*,*,*,20260322
I10,세종특별자치시교육청,9300049,금호중학교,2025,주간,중학교,휴업일,20260226,겨울방학,,Y,Y,Y,*,*,*,20260322
I10,세종특별자치시교육청,9300049,금호중학교,2025,주간,중학교,휴업일,20260227,겨울방학,,Y,Y,Y,*,*,*,20260322
I10,세종특별자치시교육청,9300049,금호중학교,2025,주간,중학교,휴업일,20260228,겨울방학,,Y,Y,Y,*,*,*,20260322
I10,세종특별자치시교육청,9300049,금호중학교,2025,주간,중학교,휴업일,20260228,토요휴업일,,Y,Y,Y,*,*,*,20260322
I10,세종특별자치시교육청,9300049,금호중학교,2026,주간,중학교,공휴일,20260301,3·1절,,Y,Y,Y,*,*,*,20260322
I10,세종특별자치시교육청,9300049,금호중학교,2026,주간,중학교,공휴일,20260302,대체공휴일,,Y,Y,Y,*,*,*,20260322
I10,세종특별자치시교육청,9300049,금호중학교,2026,주간,중학교,해당없음,20260303,입학식,,Y,N,N,*,*,*,20260322
I10,세종특별자치시교육청,9300049,금호중학교,2026,주간,중학교,해당없음,20260303,개학식,,N,Y,Y,*,*,*,20260322
I10,세종특별자치시교육청,9300049,금호중학교,2026,주간,중학교,휴업일,20260307,토요휴업일,,Y,Y,Y,*,*,*,20260322
I10,세종특별자치시교육청,9300049,금호중학교,2026,주간,중학교,휴업일,20260314,토요휴업일,,Y,Y,Y,*,*,*,20260322
I10,세종특별자치시교육청,9300049,금호중학교,2026,주간,중학교,해당없음,20260316,정부반장 선출,,Y,Y,Y,*,*,*,20260322
I10,세종특별자치시교육청,9300049,금호중학교,2026,주간,중학교,휴업일,20260321,토요휴업일,,Y,Y,Y,*,*,*,20260322
I10,세종특별자치시교육청,9300049,금호중학교,2026,주간,중학교,해당없음,20260326,1학기 학교설명회,,Y,Y,Y,*,*,*,20260322
I10,세종특별자치시교육청,9300049,금호중학교,2026,주간,중학교,휴업일,20260328,토요휴업일,,Y,Y,Y,*,*,*,20260322
I10,세종특별자치시교육청,9300049,금호중학교,2026,주간,중학교,해당없음,20260403,리더십캠프,,Y,Y,Y,*,*,*,20260322
I10,세종특별자치시교육청,9300049,금호중학교,2026,주간,중학교,해당없음,20260404,리더십캠프,,Y,Y,Y,*,*,*,20260322
I10,세종특별자치시교육청,9300049,금호중학교,2026,주간,중학교,휴업일,20260404,토요휴업일,,Y,Y,Y,*,*,*,20260322
I10,세종특별자치시교육청,9300049,금호중학교,2026,주간,중학교,휴업일,20260411,토요휴업일,,Y,Y,Y,*,*,*,20260322
I10,세종특별자치시교육청,9300049,금호중학교,2026,주간,중학교,휴업일,20260418,토요휴업일,,Y,Y,Y,*,*,*,20260322
I10,세종특별자치시교육청,9300049,금호중학교,2026,주간,중학교,휴업일,20260425,토요휴업일,,Y,Y,Y,*,*,*,20260322
I10,세종특별자치시교육청,9300049,금호중학교,2026,주간,중학교,해당없음,20260427,1학기 1회고사,,Y,Y,Y,*,*,*,20260322
I10,세종특별자치시교육청,9300049,금호중학교,2026,주간,중학교,해당없음,20260428,1학기 1회고사,,Y,Y,Y,*,*,*,20260322
I10,세종특별자치시교육청,9300049,금호중학교,2026,주간,중학교,휴업일,20260501,재량휴업일,,Y,Y,Y,*,*,*,20260322
I10,세종특별자치시교육청,9300049,금호중학교,2026,주간,중학교,휴업일,20260502,토요휴업일,,Y,Y,Y,*,*,*,20260322
I10,세종특별자치시교육청,9300049,금호중학교,2026,주간,중학교,휴업일,20260504,재량휴업일,,Y,Y,Y,*,*,*,20260322
I10,세종특별자치시교육청,9300049,금호중학교,2026,주간,중학교,공휴일,20260505,어린이날,,Y,Y,Y,*,*,*,20260322
I10,세종특별자치시교육청,9300049,금호중학교,2026,주간,중학교,휴업일,20260509,토요휴업일,,Y,Y,Y,*,*,*,20260322
I10,세종특별자치시교육청,9300049,금호중학교,2026,주간,중학교,해당없음,20260515,개교기념일,,Y,Y,Y,*,*,*,20260322
I10,세종특별자치시교육청,9300049,금호중학교,2026,주간,중학교,휴업일,20260516,토요휴업일,,Y,Y,Y,*,*,*,20260322
I10,세종특별자치시교육청,9300049,금호중학교,2026,주간,중학교,휴업일,20260523,토요휴업일,,Y,Y,Y,*,*,*,20260322
I10,세종특별자치시교육청,9300049,금호중학교,2026,주간,중학교,공휴일,20260524,석가탄신일,,Y,Y,Y,*,*,*,20260322
I10,세종특별자치시교육청,9300049,금호중학교,2026,주간,중학교,공휴일,20260525,대체공휴일,,Y,Y,Y,*,*,*,20260322
I10,세종특별자치시교육청,9300049,금호중학교,2026,주간,중학교,해당없음,20260526,"2,3학년 현장체험학습 활동",,N,Y,Y,*,*,*,20260322
I10,세종특별자치시교육청,9300049,금호중학교,2026,주간,중학교,해당없음,20260527,"2,3학년 현장체험학습 활동",,N,Y,Y,*,*,*,20260322
I10,세종특별자치시교육청,9300049,금호중학교,2026,주간,중학교,해당없음,20260528,"2,3학년 현장체험학습 활동",,N,Y,Y,*,*,*,20260322
I10,세종특별자치시교육청,9300049,금호중학교,2026,주간,중학교,휴업일,20260529,재량휴업일,,Y,Y,Y,*,*,*,20260322
I10,세종특별자치시교육청,9300049,금호중학교,2026,주간,중학교,휴업일,20260530,토요휴업일,,Y,Y,Y,*,*,*,20260322
I10,세종특별자치시교육청,9300049,금호중학교,2026,주간,중학교,공휴일,20260603,지방선거,,Y,Y,Y,*,*,*,20260322
I10,세종특별자치시교육청,9300049,금호중학교,2026,주간,중학교,공휴일,20260606,현충일,,Y,Y,Y,*,*,*,20260322
I10,세종특별자치시교육청,9300049,금호중학교,2026,주간,중학교,휴업일,20260613,토요휴업일,,Y,Y,Y,*,*,*,20260322
I10,세종특별자치시교육청,9300049,금호중학교,2026,주간,중학교,휴업일,20260620,토요휴업일,,Y,Y,Y,*,*,*,20260322
I10,세종특별자치시교육청,9300049,금호중학교,2026,주간,중학교,휴업일,20260627,토요휴업일,,Y,Y,Y,*,*,*,20260322
I10,세종특별자치시교육청,9300049,금호중학교,2026,주간,중학교,해당없음,20260701,1학기 2회고사,,Y,Y,Y,*,*,*,20260322
I10,세종특별자치시교육청,9300049,금호중학교,2026,주간,중학교,해당없음,20260702,1학기 2회고사,,Y,Y,Y,*,*,*,20260322
I10,세종특별자치시교육청,9300049,금호중학교,2026,주간,중학교,해당없음,20260703,1학기 2회고사,,Y,Y,Y,*,*,*,20260322
I10,세종특별자치시교육청,9300049,금호중학교,2026,주간,중학교,휴업일,20260704,토요휴업일,,Y,Y,Y,*,*,*,20260322
I10,세종특별자치시교육청,9300049,금호중학교,2026,주간,중학교,휴업일,20260711,토요휴업일,,Y,Y,Y,*,*,*,20260322
I10,세종특별자치시교육청,9300049,금호중학교,2026,주간,중학교,공휴일,20260717,제헌절,,Y,Y,Y,*,*,*,20260322
I10,세종특별자치시교육청,9300049,금호중학교,2026,주간,중학교,휴업일,20260718,토요휴업일,,Y,Y,Y,*,*,*,20260322
I10,세종특별자치시교육청,9300049,금호중학교,2026,주간,중학교,해당없음,20260722,여름방학식,,Y,Y,Y,*,*,*,20260322
I10,세종특별자치시교육청,9300049,금호중학교,2026,주간,중학교,휴업일,20260723,여름방학,,Y,Y,Y,*,*,*,20260322
I10,세종특별자치시교육청,9300049,금호중학교,2026,주간,중학교,휴업일,20260724,여름방학,,Y,Y,Y,*,*,*,20260322
I10,세종특별자치시교육청,9300049,금호중학교,2026,주간,중학교,휴업일,20260725,여름방학,,Y,Y,Y,*,*,*,20260322
I10,세종특별자치시교육청,9300049,금호중학교,2026,주간,중학교,휴업일,20260725,토요휴업일,,Y,Y,Y,*,*,*,20260322
I10,세종특별자치시교육청,9300049,금호중학교,2026,주간,중학교,휴업일,20260726,여름방학,,Y,Y,Y,*,*,*,20260322
I10,세종특별자치시교육청,9300049,금호중학교,2026,주간,중학교,휴업일,20260727,여름방학,,Y,Y,Y,*,*,*,20260322
I10,세종특별자치시교육청,9300049,금호중학교,2026,주간,중학교,휴업일,20260728,여름방학,,Y,Y,Y,*,*,*,20260322
I10,세종특별자치시교육청,9300049,금호중학교,2026,주간,중학교,휴업일,20260729,여름방학,,Y,Y,Y,*,*,*,20260322
I10,세종특별자치시교육청,9300049,금호중학교,2026,주간,중학교,휴업일,20260730,여름방학,,Y,Y,Y,*,*,*,20260322
I10,세종특별자치시교육청,9300049,금호중학교,2026,주간,중학교,휴업일,20260731,여름방학,,Y,Y,Y,*,*,*,20260322
I10,세종특별자치시교육청,9300049,금호중학교,2026,주간,중학교,휴업일,20260801,여름방학,,Y,Y,Y,*,*,*,20260322
I10,세종특별자치시교육청,9300049,금호중학교,2026,주간,중학교,휴업일,20260801,토요휴업일,,Y,Y,Y,*,*,*,20260322
I10,세종특별자치시교육청,9300049,금호중학교,2026,주간,중학교,휴업일,20260802,여름방학,,Y,Y,Y,*,*,*,20260322
I10,세종특별자치시교육청,9300049,금호중학교,2026,주간,중학교,휴업일,20260803,여름방학,,Y,Y,Y,*,*,*,20260322
I10,세종특별자치시교육청,9300049,금호중학교,2026,주간,중학교,휴업일,20260804,여름방학,,Y,Y,Y,*,*,*,20260322
I10,세종특별자치시교육청,9300049,금호중학교,2026,주간,중학교,휴업일,20260805,여름방학,,Y,Y,Y,*,*,*,20260322
I10,세종특별자치시교육청,9300049,금호중학교,2026,주간,중학교,휴업일,20260806,여름방학,,Y,Y,Y,*,*,*,20260322
I10,세종특별자치시교육청,9300049,금호중학교,2026,주간,중학교,휴업일,20260807,여름방학,,Y,Y,Y,*,*,*,20260322
I10,세종특별자치시교육청,9300049,금호중학교,2026,주간,중학교,휴업일,20260808,여름방학,,Y,Y,Y,*,*,*,20260322
I10,세종특별자치시교육청,9300049,금호중학교,2026,주간,중학교,휴업일,20260808,토요휴업일,,Y,Y,Y,*,*,*,20260322
I10,세종특별자치시교육청,9300049,금호중학교,2026,주간,중학교,휴업일,20260809,여름방학,,Y,Y,Y,*,*,*,20260322
I10,세종특별자치시교육청,9300049,금호중학교,2026,주간,중학교,휴업일,20260810,여름방학,,Y,Y,Y,*,*,*,20260322
I10,세종특별자치시교육청,9300049,금호중학교,2026,주간,중학교,휴업일,20260811,여름방학,,Y,Y,Y,*,*,*,20260322
I10,세종특별자치시교육청,9300049,금호중학교,2026,주간,중학교,휴업일,20260812,여름방학,,Y,Y,Y,*,*,*,20260322
I10,세종특별자치시교육청,9300049,금호중학교,2026,주간,중학교,휴업일,20260813,여름방학,,Y,Y,Y,*,*,*,20260322
I10,세종특별자치시교육청,9300049,금호중학교,2026,주간,중학교,휴업일,20260814,여름방학,,Y,Y,Y,*,*,*,20260322
I10,세종특별자치시교육청,9300049,금호중학교,2026,주간,중학교,휴업일,20260815,여름방학,,Y,Y,Y,*,*,*,20260322
I10,세종특별자치시교육청,9300049,금호중학교,2026,주간,중학교,공휴일,20260815,광복절,,Y,Y,Y,*,*,*,20260322
I10,세종특별자치시교육청,9300049,금호중학교,2026,주간,중학교,휴업일,20260816,여름방학,,Y,Y,Y,*,*,*,20260322
I10,세종특별자치시교육청,9300049,금호중학교,2026,주간,중학교,휴업일,20260817,여름방학,,Y,Y,Y,*,*,*,20260322
I10,세종특별자치시교육청,9300049,금호중학교,2026,주간,중학교,공휴일,20260817,대체공휴일,,Y,Y,Y,*,*,*,20260322
I10,세종특별자치시교육청,9300049,금호중학교,2026,주간,중학교,휴업일,20260818,여름방학,,Y,Y,Y,*,*,*,20260322
I10,세종특별자치시교육청,9300049,금호중학교,2026,주간,중학교,휴업일,20260819,여름방학,,Y,Y,Y,*,*,*,20260322
I10,세종특별자치시교육청,9300049,금호중학교,2026,주간,중학교,해당없음,20260820,개학식,,Y,Y,Y,*,*,*,20260322
I10,세종특별자치시교육청,9300049,금호중학교,2026,주간,중학교,휴업일,20260822,토요휴업일,,Y,Y,Y,*,*,*,20260322
I10,세종특별자치시교육청,9300049,금호중학교,2026,주간,중학교,휴업일,20260829,토요휴업일,,Y,Y,Y,*,*,*,20260322
I10,세종특별자치시교육청,9300049,금호중학교,2026,주간,중학교,해당없음,20260831,1학년 수련활동,,Y,N,N,*,*,*,20260322
I10,세종특별자치시교육청,9300049,금호중학교,2026,주간,중학교,해당없음,20260901,1학년 수련활동,,Y,N,N,*,*,*,20260322
I10,세종특별자치시교육청,9300049,금호중학교,2026,주간,중학교,해당없음,20260902,1학년 수련활동,,Y,N,N,*,*,*,20260322
I10,세종특별자치시교육청,9300049,금호중학교,2026,주간,중학교,해당없음,20260903,정부반장 선출,,Y,Y,Y,*,*,*,20260322
I10,세종특별자치시교육청,9300049,금호중학교,2026,주간,중학교,휴업일,20260905,토요휴업일,,Y,Y,Y,*,*,*,20260322
I10,세종특별자치시교육청,9300049,금호중학교,2026,주간,중학교,휴업일,20260912,토요휴업일,,Y,Y,Y,*,*,*,20260322
I10,세종특별자치시교육청,9300049,금호중학교,2026,주간,중학교,휴업일,20260919,토요휴업일,,Y,Y,Y,*,*,*,20260322
I10,세종특별자치시교육청,9300049,금호중학교,2026,주간,중학교,공휴일,20260924,추석,,Y,Y,Y,*,*,*,20260322
I10,세종특별자치시교육청,9300049,금호중학교,2026,주간,중학교,공휴일,20260925,추석,,Y,Y,Y,*,*,*,20260322
I10,세종특별자치시교육청,9300049,금호중학교,2026,주간,중학교,공휴일,20260926,추석,,Y,Y,Y,*,*,*,20260322
I10,세종특별자치시교육청,9300049,금호중학교,2026,주간,중학교,휴업일,20260926,토요휴업일,,Y,Y,Y,*,*,*,20260322
I10,세종특별자치시교육청,9300049,금호중학교,2026,주간,중학교,해당없음,20260929,"2학기 1회고사(2,3학년)",,N,Y,Y,*,*,*,20260322
I10,세종특별자치시교육청,9300049,금호중학교,2026,주간,중학교,해당없음,20260930,"2학기 1회고사(2,3학년)",,N,Y,Y,*,*,*,20260322
I10,세종특별자치시교육청,9300049,금호중학교,2026,주간,중학교,공휴일,20261003,개천절,,Y,Y,Y,*,*,*,20260322
I10,세종특별자치시교육청,9300049,금호중학교,2026,주간,중학교,공휴일,20261005,대체공휴일,,Y,Y,Y,*,*,*,20260322
I10,세종특별자치시교육청,9300049,금호중학교,2026,주간,중학교,공휴일,20261009,한글날,,Y,Y,Y,*,*,*,20260322
I10,세종특별자치시교육청,9300049,금호중학교,2026,주간,중학교,휴업일,20261010,토요휴업일,,Y,Y,Y,*,*,*,20260322
I10,세종특별자치시교육청,9300049,금호중학교,2026,주간,중학교,휴업일,20261017,토요휴업일,,Y,Y,Y,*,*,*,20260322
I10,세종특별자치시교육청,9300049,금호중학교,2026,주간,중학교,해당없음,20261023,체육한마당,,Y,Y,Y,*,*,*,20260322
I10,세종특별자치시교육청,9300049,금호중학교,2026,주간,중학교,휴업일,20261024,토요휴업일,,Y,Y,Y,*,*,*,20260322
I10,세종특별자치시교육청,9300049,금호중학교,2026,주간,중학교,휴업일,20261031,토요휴업일,,Y,Y,Y,*,*,*,20260322
I10,세종특별자치시교육청,9300049,금호중학교,2026,주간,중학교,휴업일,20261107,토요휴업일,,Y,Y,Y,*,*,*,20260322
I10,세종특별자치시교육청,9300049,금호중학교,2026,주간,중학교,해당없음,20261111,2학기 2회고사 (3학년),,N,N,Y,*,*,*,20260322
I10,세종특별자치시교육청,9300049,금호중학교,2026,주간,중학교,해당없음,20261112,2학기 2회고사 (3학년),,N,N,Y,*,*,*,20260322
I10,세종특별자치시교육청,9300049,금호중학교,2026,주간,중학교,해당없음,20261113,2학기 2회고사 (3학년),,N,N,Y,*,*,*,20260322
I10,세종특별자치시교육청,9300049,금호중학교,2026,주간,중학교,휴업일,20261114,토요휴업일,,Y,Y,Y,*,*,*,20260322
I10,세종특별자치시교육청,9300049,금호중학교,2026,주간,중학교,해당없음,20261119,대학수학능력시험,,Y,Y,Y,*,*,*,20260322
I10,세종특별자치시교육청,9300049,금호중학교,2026,주간,중학교,휴업일,20261119,재량휴업일,,Y,Y,Y,*,*,*,20260322
I10,세종특별자치시교육청,9300049,금호중학교,2026,주간,중학교,휴업일,20261121,토요휴업일,,Y,Y,Y,*,*,*,20260322
I10,세종특별자치시교육청,9300049,금호중학교,2026,주간,중학교,휴업일,20261128,토요휴업일,,Y,Y,Y,*,*,*,20260322
I10,세종특별자치시교육청,9300049,금호중학교,2026,주간,중학교,휴업일,20261205,토요휴업일,,Y,Y,Y,*,*,*,20260322
I10,세종특별자치시교육청,9300049,금호중학교,2026,주간,중학교,해당없음,20261209,2학기 2회고사 (2학년),,N,Y,N,*,*,*,20260322
I10,세종특별자치시교육청,9300049,금호중학교,2026,주간,중학교,해당없음,20261210,2학기 2회고사 (2학년),,N,Y,N,*,*,*,20260322
I10,세종특별자치시교육청,9300049,금호중학교,2026,주간,중학교,해당없음,20261211,2학기 2회고사 (2학년),,N,Y,N,*,*,*,20260322
I10,세종특별자치시교육청,9300049,금호중학교,2026,주간,중학교,휴업일,20261212,토요휴업일,,Y,Y,Y,*,*,*,20260322
I10,세종특별자치시교육청,9300049,금호중학교,2026,주간,중학교,휴업일,20261219,토요휴업일,,Y,Y,Y,*,*,*,20260322
I10,세종특별자치시교육청,9300049,금호중학교,2026,주간,중학교,공휴일,20261225,성탄절,,Y,Y,Y,*,*,*,20260322
I10,세종특별자치시교육청,9300049,금호중학교,2026,주간,중학교,휴업일,20261226,토요휴업일,,Y,Y,Y,*,*,*,20260322
I10,세종특별자치시교육청,9300049,금호중학교,2026,주간,중학교,해당없음,20261229,한마음축제,,Y,Y,Y,*,*,*,20260322
I10,세종특별자치시교육청,9300049,금호중학교,2026,주간,중학교,공휴일,20270101,신정,,Y,Y,Y,*,*,*,20260322
I10,세종특별자치시교육청,9300049,금호중학교,2026,주간,중학교,휴업일,20270102,토요휴업일,,Y,Y,Y,*,*,*,20260322
I10,세종특별자치시교육청,9300049,금호중학교,2026,주간,중학교,해당없음,20270104,학생회장선거,,Y,Y,Y,*,*,*,20260322
I10,세종특별자치시교육청,9300049,금호중학교,2026,주간,중학교,해당없음,20270108,종업식,,Y,Y,N,*,*,*,20260322
I10,세종특별자치시교육청,9300049,금호중학교,2026,주간,중학교,해당없음,20270108,3학년 졸업식,,N,N,Y,*,*,*,20260322
I10,세종특별자치시교육청,9300049,금호중학교,2026,주간,중학교,휴업일,20270109,겨울방학,,Y,Y,N,*,*,*,20260322
I10,세종특별자치시교육청,9300049,금호중학교,2026,주간,중학교,휴업일,20270109,토요휴업일,,Y,Y,Y,*,*,*,20260322
I10,세종특별자치시교육청,9300049,금호중학교,2026,주간,중학교,휴업일,20270110,겨울방학,,Y,Y,N,*,*,*,20260322
I10,세종특별자치시교육청,9300049,금호중학교,2026,주간,중학교,휴업일,20270111,겨울방학,,Y,Y,N,*,*,*,20260322
I10,세종특별자치시교육청,9300049,금호중학교,2026,주간,중학교,휴업일,20270112,겨울방학,,Y,Y,N,*,*,*,20260322
I10,세종특별자치시교육청,9300049,금호중학교,2026,주간,중학교,휴업일,20270113,겨울방학,,Y,Y,N,*,*,*,20260322
I10,세종특별자치시교육청,9300049,금호중학교,2026,주간,중학교,휴업일,20270114,겨울방학,,Y,Y,N,*,*,*,20260322
I10,세종특별자치시교육청,9300049,금호중학교,2026,주간,중학교,휴업일,20270115,겨울방학,,Y,Y,N,*,*,*,20260322
I10,세종특별자치시교육청,9300049,금호중학교,2026,주간,중학교,휴업일,20270116,겨울방학,,Y,Y,N,*,*,*,20260322
I10,세종특별자치시교육청,9300049,금호중학교,2026,주간,중학교,휴업일,20270116,토요휴업일,,Y,Y,Y,*,*,*,20260322
I10,세종특별자치시교육청,9300049,금호중학교,2026,주간,중학교,휴업일,20270117,겨울방학,,Y,Y,N,*,*,*,20260322
I10,세종특별자치시교육청,9300049,금호중학교,2026,주간,중학교,휴업일,20270118,겨울방학,,Y,Y,N,*,*,*,20260322
I10,세종특별자치시교육청,9300049,금호중학교,2026,주간,중학교,휴업일,20270119,겨울방학,,Y,Y,N,*,*,*,20260322
I10,세종특별자치시교육청,9300049,금호중학교,2026,주간,중학교,휴업일,20270120,겨울방학,,Y,Y,N,*,*,*,20260322
I10,세종특별자치시교육청,9300049,금호중학교,2026,주간,중학교,휴업일,20270121,겨울방학,,Y,Y,N,*,*,*,20260322
I10,세종특별자치시교육청,9300049,금호중학교,2026,주간,중학교,휴업일,20270122,겨울방학,,Y,Y,N,*,*,*,20260322
I10,세종특별자치시교육청,9300049,금호중학교,2026,주간,중학교,휴업일,20270123,겨울방학,,Y,Y,N,*,*,*,20260322
I10,세종특별자치시교육청,9300049,금호중학교,2026,주간,중학교,휴업일,20270123,토요휴업일,,Y,Y,Y,*,*,*,20260322
I10,세종특별자치시교육청,9300049,금호중학교,2026,주간,중학교,휴업일,20270124,겨울방학,,Y,Y,N,*,*,*,20260322
I10,세종특별자치시교육청,9300049,금호중학교,2026,주간,중학교,휴업일,20270125,겨울방학,,Y,Y,N,*,*,*,20260322
I10,세종특별자치시교육청,9300049,금호중학교,2026,주간,중학교,휴업일,20270126,겨울방학,,Y,Y,N,*,*,*,20260322
I10,세종특별자치시교육청,9300049,금호중학교,2026,주간,중학교,휴업일,20270127,겨울방학,,Y,Y,N,*,*,*,20260322
I10,세종특별자치시교육청,9300049,금호중학교,2026,주간,중학교,휴업일,20270128,겨울방학,,Y,Y,N,*,*,*,20260322
I10,세종특별자치시교육청,9300049,금호중학교,2026,주간,중학교,휴업일,20270129,겨울방학,,Y,Y,N,*,*,*,20260322
I10,세종특별자치시교육청,9300049,금호중학교,2026,주간,중학교,휴업일,20270130,겨울방학,,Y,Y,N,*,*,*,20260322
I10,세종특별자치시교육청,9300049,금호중학교,2026,주간,중학교,휴업일,20270130,토요휴업일,,Y,Y,Y,*,*,*,20260322
I10,세종특별자치시교육청,9300049,금호중학교,2026,주간,중학교,휴업일,20270131,겨울방학,,Y,Y,N,*,*,*,20260322
I10,세종특별자치시교육청,9300049,금호중학교,2026,주간,중학교,휴업일,20270201,겨울방학,,Y,Y,N,*,*,*,20260322
I10,세종특별자치시교육청,9300049,금호중학교,2026,주간,중학교,휴업일,20270202,겨울방학,,Y,Y,N,*,*,*,20260322
I10,세종특별자치시교육청,9300049,금호중학교,2026,주간,중학교,휴업일,20270203,겨울방학,,Y,Y,N,*,*,*,20260322
I10,세종특별자치시교육청,9300049,금호중학교,2026,주간,중학교,휴업일,20270204,겨울방학,,Y,Y,N,*,*,*,20260322
I10,세종특별자치시교육청,9300049,금호중학교,2026,주간,중학교,휴업일,20270205,겨울방학,,Y,Y,N,*,*,*,20260322
I10,세종특별자치시교육청,9300049,금호중학교,2026,주간,중학교,휴업일,20270206,겨울방학,,Y,Y,N,*,*,*,20260322
I10,세종특별자치시교육청,9300049,금호중학교,2026,주간,중학교,휴업일,20270206,토요휴업일,,Y,Y,Y,*,*,*,20260322
I10,세종특별자치시교육청,9300049,금호중학교,2026,주간,중학교,휴업일,20270207,겨울방학,,Y,Y,N,*,*,*,20260322
I10,세종특별자치시교육청,9300049,금호중학교,2026,주간,중학교,공휴일,20270207,설날,,Y,Y,Y,*,*,*,20260322
I10,세종특별자치시교육청,9300049,금호중학교,2026,주간,중학교,휴업일,20270208,겨울방학,,Y,Y,N,*,*,*,20260322
I10,세종특별자치시교육청,9300049,금호중학교,2026,주간,중학교,휴업일,20270209,겨울방학,,Y,Y,N,*,*,*,20260322
I10,세종특별자치시교육청,9300049,금호중학교,2026,주간,중학교,휴업일,20270210,겨울방학,,Y,Y,N,*,*,*,20260322
I10,세종특별자치시교육청,9300049,금호중학교,2026,주간,중학교,휴업일,20270211,겨울방학,,Y,Y,N,*,*,*,20260322
I10,세종특별자치시교육청,9300049,금호중학교,2026,주간,중학교,휴업일,20270212,겨울방학,,Y,Y,N,*,*,*,20260322
I10,세종특별자치시교육청,9300049,금호중학교,2026,주간,중학교,휴업일,20270213,겨울방학,,Y,Y,N,*,*,*,20260322
I10,세종특별자치시교육청,9300049,금호중학교,2026,주간,중학교,휴업일,20270213,토요휴업일,,Y,Y,Y,*,*,*,20260322
I10,세종특별자치시교육청,9300049,금호중학교,2026,주간,중학교,휴업일,20270214,겨울방학,,Y,Y,N,*,*,*,20260322
I10,세종특별자치시교육청,9300049,금호중학교,2026,주간,중학교,휴업일,20270215,겨울방학,,Y,Y,N,*,*,*,20260322
I10,세종특별자치시교육청,9300049,금호중학교,2026,주간,중학교,휴업일,20270216,겨울방학,,Y,Y,N,*,*,*,20260322
I10,세종특별자치시교육청,9300049,금호중학교,2026,주간,중학교,휴업일,20270217,겨울방학,,Y,Y,N,*,*,*,20260322
I10,세종특별자치시교육청,9300049,금호중학교,2026,주간,중학교,휴업일,20270218,겨울방학,,Y,Y,N,*,*,*,20260322
I10,세종특별자치시교육청,9300049,금호중학교,2026,주간,중학교,휴업일,20270219,겨울방학,,Y,Y,N,*,*,*,20260322
I10,세종특별자치시교육청,9300049,금호중학교,2026,주간,중학교,휴업일,20270220,겨울방학,,Y,Y,N,*,*,*,20260322
I10,세종특별자치시교육청,9300049,금호중학교,2026,주간,중학교,휴업일,20270220,토요휴업일,,Y,Y,Y,*,*,*,20260322
I10,세종특별자치시교육청,9300049,금호중학교,2026,주간,중학교,휴업일,20270221,겨울방학,,Y,Y,N,*,*,*,20260322
I10,세종특별자치시교육청,9300049,금호중학교,2026,주간,중학교,휴업일,20270222,겨울방학,,Y,Y,N,*,*,*,20260322
I10,세종특별자치시교육청,9300049,금호중학교,2026,주간,중학교,휴업일,20270223,겨울방학,,Y,Y,N,*,*,*,20260322
I10,세종특별자치시교육청,9300049,금호중학교,2026,주간,중학교,휴업일,20270224,겨울방학,,Y,Y,N,*,*,*,20260322
I10,세종특별자치시교육청,9300049,금호중학교,2026,주간,중학교,휴업일,20270225,겨울방학,,Y,Y,N,*,*,*,20260322
I10,세종특별자치시교육청,9300049,금호중학교,2026,주간,중학교,휴업일,20270226,겨울방학,,Y,Y,N,*,*,*,20260322
I10,세종특별자치시교육청,9300049,금호중학교,2026,주간,중학교,휴업일,20270227,겨울방학,,Y,Y,N,*,*,*,20260322
I10,세종특별자치시교육청,9300049,금호중학교,2026,주간,중학교,휴업일,20270227,토요휴업일,,Y,Y,Y,*,*,*,20260322
I10,세종특별자치시교육청,9300049,금호중학교,2026,주간,중학교,휴업일,20270228,겨울방학,,Y,Y,N,*,*,*,20260322
I10,세종특별자치시교육청,9300126,나래초등학교,2025,,초등학교,공휴일,20250301,3·1절,,Y,Y,Y,Y,Y,Y,20260322
I10,세종특별자치시교육청,9300126,나래초등학교,2025,,초등학교,공휴일,20250303,대체공휴일,,Y,Y,Y,Y,Y,Y,20260322
I10,세종특별자치시교육청,9300126,나래초등학교,2025,,초등학교,해당없음,20250304,입학식,,Y,N,N,N,N,N,20260322
I10,세종특별자치시교육청,9300126,나래초등학교,2025,,초등학교,휴업일,20250308,토요휴업일,,Y,Y,Y,Y,Y,Y,20260322
I10,세종특별자치시교육청,9300126,나래초등학교,2025,,초등학교,휴업일,20250315,토요휴업일,,Y,Y,Y,Y,Y,Y,20260322
I10,세종특별자치시교육청,9300126,나래초등학교,2025,,초등학교,휴업일,20250322,토요휴업일,,Y,Y,Y,Y,Y,Y,20260322
I10,세종특별자치시교육청,9300126,나래초등학교,2025,,초등학교,휴업일,20250329,토요휴업일,,Y,Y,Y,Y,Y,Y,20260322
I10,세종특별자치시교육청,9300126,나래초등학교,2025,,초등학교,휴업일,20250405,토요휴업일,,Y,Y,Y,Y,Y,Y,20260322
I10,세종특별자치시교육청,9300126,나래초등학교,2025,,초등학교,휴업일,20250412,토요휴업일,,Y,Y,Y,Y,Y,Y,20260322
I10,세종특별자치시교육청,9300126,나래초등학교,2025,,초등학교,휴업일,20250419,토요휴업일,,Y,Y,Y,Y,Y,Y,20260322
I10,세종특별자치시교육청,9300126,나래초등학교,2025,,초등학교,휴업일,20250426,토요휴업일,,Y,Y,Y,Y,Y,Y,20260322
I10,세종특별자치시교육청,9300126,나래초등학교,2025,,초등학교,휴업일,20250503,토요휴업일,,Y,Y,Y,Y,Y,Y,20260322
I10,세종특별자치시교육청,9300126,나래초등학교,2025,,초등학교,공휴일,20250505,석가탄신일,,Y,Y,Y,Y,Y,Y,20260322
I10,세종특별자치시교육청,9300126,나래초등학교,2025,,초등학교,공휴일,20250506,대체공휴일,,Y,Y,Y,Y,Y,Y,20260322
I10,세종특별자치시교육청,9300126,나래초등학교,2025,,초등학교,휴업일,20250510,토요휴업일,,Y,Y,Y,Y,Y,Y,20260322
I10,세종특별자치시교육청,9300126,나래초등학교,2025,,초등학교,휴업일,20250517,토요휴업일,,Y,Y,Y,Y,Y,Y,20260322
I10,세종특별자치시교육청,9300126,나래초등학교,2025,,초등학교,휴업일,20250524,토요휴업일,,Y,Y,Y,Y,Y,Y,20260322
I10,세종특별자치시교육청,9300126,나래초등학교,2025,,초등학교,휴업일,20250531,토요휴업일,,Y,Y,Y,Y,Y,Y,20260322
I10,세종특별자치시교육청,9300126,나래초등학교,2025,,초등학교,공휴일,20250603,임시공휴일,,Y,Y,Y,Y,Y,Y,20260322
I10,세종특별자치시교육청,9300126,나래초등학교,2025,,초등학교,공휴일,20250606,현충일,,Y,Y,Y,Y,Y,Y,20260322
I10,세종특별자치시교육청,9300126,나래초등학교,2025,,초등학교,휴업일,20250607,토요휴업일,,Y,Y,Y,Y,Y,Y,20260322
I10,세종특별자치시교육청,9300126,나래초등학교,2025,,초등학교,휴업일,20250614,토요휴업일,,Y,Y,Y,Y,Y,Y,20260322
I10,세종특별자치시교육청,9300126,나래초등학교,2025,,초등학교,휴업일,20250621,토요휴업일,,Y,Y,Y,Y,Y,Y,20260322
I10,세종특별자치시교육청,9300126,나래초등학교,2025,,초등학교,휴업일,20250628,토요휴업일,,Y,Y,Y,Y,Y,Y,20260322
I10,세종특별자치시교육청,9300126,나래초등학교,2025,,초등학교,휴업일,20250705,토요휴업일,,Y,Y,Y,Y,Y,Y,20260322
I10,세종특별자치시교육청,9300126,나래초등학교,2025,,초등학교,휴업일,20250712,토요휴업일,,Y,Y,Y,Y,Y,Y,20260322
I10,세종특별자치시교육청,9300126,나래초등학교,2025,,초등학교,휴업일,20250719,토요휴업일,,Y,Y,Y,Y,Y,Y,20260322
I10,세종특별자치시교육청,9300126,나래초등학교,2025,,초등학교,휴업일,20250722,여름방학,,Y,Y,Y,Y,Y,Y,20260322
I10,세종특별자치시교육청,9300126,나래초등학교,2025,,초등학교,휴업일,20250723,여름방학,,Y,Y,Y,Y,Y,Y,20260322
I10,세종특별자치시교육청,9300126,나래초등학교,2025,,초등학교,휴업일,20250724,여름방학,,Y,Y,Y,Y,Y,Y,20260322
I10,세종특별자치시교육청,9300126,나래초등학교,2025,,초등학교,휴업일,20250725,여름방학,,Y,Y,Y,Y,Y,Y,20260322
I10,세종특별자치시교육청,9300126,나래초등학교,2025,,초등학교,휴업일,20250726,여름방학,,Y,Y,Y,Y,Y,Y,20260322
I10,세종특별자치시교육청,9300126,나래초등학교,2025,,초등학교,휴업일,20250726,토요휴업일,,Y,Y,Y,Y,Y,Y,20260322
I10,세종특별자치시교육청,9300126,나래초등학교,2025,,초등학교,휴업일,20250727,여름방학,,Y,Y,Y,Y,Y,Y,20260322
I10,세종특별자치시교육청,9300126,나래초등학교,2025,,초등학교,휴업일,20250728,여름방학,,Y,Y,Y,Y,Y,Y,20260322
I10,세종특별자치시교육청,9300126,나래초등학교,2025,,초등학교,휴업일,20250729,여름방학,,Y,Y,Y,Y,Y,Y,20260322
I10,세종특별자치시교육청,9300126,나래초등학교,2025,,초등학교,휴업일,20250730,여름방학,,Y,Y,Y,Y,Y,Y,20260322
I10,세종특별자치시교육청,9300126,나래초등학교,2025,,초등학교,휴업일,20250731,여름방학,,Y,Y,Y,Y,Y,Y,20260322
I10,세종특별자치시교육청,9300126,나래초등학교,2025,,초등학교,휴업일,20250801,여름방학,,Y,Y,Y,Y,Y,Y,20260322
I10,세종특별자치시교육청,9300126,나래초등학교,2025,,초등학교,휴업일,20250802,여름방학,,Y,Y,Y,Y,Y,Y,20260322
I10,세종특별자치시교육청,9300126,나래초등학교,2025,,초등학교,휴업일,20250802,토요휴업일,,Y,Y,Y,Y,Y,Y,20260322
I10,세종특별자치시교육청,9300126,나래초등학교,2025,,초등학교,휴업일,20250803,여름방학,,Y,Y,Y,Y,Y,Y,20260322
I10,세종특별자치시교육청,9300126,나래초등학교,2025,,초등학교,휴업일,20250804,여름방학,,Y,Y,Y,Y,Y,Y,20260322
I10,세종특별자치시교육청,9300126,나래초등학교,2025,,초등학교,휴업일,20250805,여름방학,,Y,Y,Y,Y,Y,Y,20260322
I10,세종특별자치시교육청,9300126,나래초등학교,2025,,초등학교,휴업일,20250806,여름방학,,Y,Y,Y,Y,Y,Y,20260322
I10,세종특별자치시교육청,9300126,나래초등학교,2025,,초등학교,휴업일,20250807,여름방학,,Y,Y,Y,Y,Y,Y,20260322
I10,세종특별자치시교육청,9300126,나래초등학교,2025,,초등학교,휴업일,20250808,여름방학,,Y,Y,Y,Y,Y,Y,20260322
I10,세종특별자치시교육청,9300126,나래초등학교,2025,,초등학교,휴업일,20250809,여름방학,,Y,Y,Y,Y,Y,Y,20260322
I10,세종특별자치시교육청,9300126,나래초등학교,2025,,초등학교,휴업일,20250809,토요휴업일,,Y,Y,Y,Y,Y,Y,20260322
I10,세종특별자치시교육청,9300126,나래초등학교,2025,,초등학교,휴업일,20250810,여름방학,,Y,Y,Y,Y,Y,Y,20260322
I10,세종특별자치시교육청,9300126,나래초등학교,2025,,초등학교,휴업일,20250811,여름방학,,Y,Y,Y,Y,Y,Y,20260322
I10,세종특별자치시교육청,9300126,나래초등학교,2025,,초등학교,휴업일,20250812,여름방학,,Y,Y,Y,Y,Y,Y,20260322
I10,세종특별자치시교육청,9300126,나래초등학교,2025,,초등학교,휴업일,20250813,여름방학,,Y,Y,Y,Y,Y,Y,20260322
I10,세종특별자치시교육청,9300126,나래초등학교,2025,,초등학교,휴업일,20250814,여름방학,,Y,Y,Y,Y,Y,Y,20260322
I10,세종특별자치시교육청,9300126,나래초등학교,2025,,초등학교,휴업일,20250815,여름방학,,Y,Y,Y,Y,Y,Y,20260322
I10,세종특별자치시교육청,9300126,나래초등학교,2025,,초등학교,공휴일,20250815,광복절,,Y,Y,Y,Y,Y,Y,20260322
I10,세종특별자치시교육청,9300126,나래초등학교,2025,,초등학교,휴업일,20250816,여름방학,,Y,Y,Y,Y,Y,Y,20260322
I10,세종특별자치시교육청,9300126,나래초등학교,2025,,초등학교,휴업일,20250816,토요휴업일,,Y,Y,Y,Y,Y,Y,20260322
I10,세종특별자치시교육청,9300126,나래초등학교,2025,,초등학교,휴업일,20250817,여름방학,,Y,Y,Y,Y,Y,Y,20260322
I10,세종특별자치시교육청,9300126,나래초등학교,2025,,초등학교,휴업일,20250818,여름방학,,Y,Y,Y,Y,Y,Y,20260322
I10,세종특별자치시교육청,9300126,나래초등학교,2025,,초등학교,휴업일,20250819,여름방학,,Y,Y,Y,Y,Y,Y,20260322
I10,세종특별자치시교육청,9300126,나래초등학교,2025,,초등학교,휴업일,20250820,여름방학,,Y,Y,Y,Y,Y,Y,20260322
I10,세종특별자치시교육청,9300126,나래초등학교,2025,,초등학교,휴업일,20250821,여름방학,,Y,Y,Y,Y,Y,Y,20260322
I10,세종특별자치시교육청,9300126,나래초등학교,2025,,초등학교,휴업일,20250822,여름방학,,Y,Y,Y,Y,Y,Y,20260322
I10,세종특별자치시교육청,9300126,나래초등학교,2025,,초등학교,휴업일,20250823,토요휴업일,,Y,Y,Y,Y,Y,Y,20260322
I10,세종특별자치시교육청,9300126,나래초등학교,2025,,초등학교,휴업일,20250830,토요휴업일,,Y,Y,Y,Y,Y,Y,20260322
I10,세종특별자치시교육청,9300126,나래초등학교,2025,,초등학교,휴업일,20250906,토요휴업일,,Y,Y,Y,Y,Y,Y,20260322
I10,세종특별자치시교육청,9300126,나래초등학교,2025,,초등학교,휴업일,20250913,토요휴업일,,Y,Y,Y,Y,Y,Y,20260322
I10,세종특별자치시교육청,9300126,나래초등학교,2025,,초등학교,휴업일,20250920,토요휴업일,,Y,Y,Y,Y,Y,Y,20260322
I10,세종특별자치시교육청,9300126,나래초등학교,2025,,초등학교,휴업일,20250927,토요휴업일,,Y,Y,Y,Y,Y,Y,20260322
I10,세종특별자치시교육청,9300126,나래초등학교,2025,,초등학교,공휴일,20251003,개천절,,Y,Y,Y,Y,Y,Y,20260322
I10,세종특별자치시교육청,9300126,나래초등학교,2025,,초등학교,휴업일,20251004,토요휴업일,,Y,Y,Y,Y,Y,Y,20260322
I10,세종특별자치시교육청,9300126,나래초등학교,2025,,초등학교,공휴일,20251005,추석,,Y,Y,Y,Y,Y,Y,20260322
I10,세종특별자치시교육청,9300126,나래초등학교,2025,,초등학교,공휴일,20251006,추석,,Y,Y,Y,Y,Y,Y,20260322
I10,세종특별자치시교육청,9300126,나래초등학교,2025,,초등학교,공휴일,20251007,추석,,Y,Y,Y,Y,Y,Y,20260322
I10,세종특별자치시교육청,9300126,나래초등학교,2025,,초등학교,공휴일,20251008,대체공휴일,,Y,Y,Y,Y,Y,Y,20260322
I10,세종특별자치시교육청,9300126,나래초등학교,2025,,초등학교,공휴일,20251009,한글날,,Y,Y,Y,Y,Y,Y,20260322
I10,세종특별자치시교육청,9300126,나래초등학교,2025,,초등학교,휴업일,20251010,재량휴업일,,Y,Y,Y,Y,Y,Y,20260322
I10,세종특별자치시교육청,9300126,나래초등학교,2025,,초등학교,휴업일,20251011,토요휴업일,,Y,Y,Y,Y,Y,Y,20260322
I10,세종특별자치시교육청,9300126,나래초등학교,2025,,초등학교,휴업일,20251018,토요휴업일,,Y,Y,Y,Y,Y,Y,20260322
I10,세종특별자치시교육청,9300126,나래초등학교,2025,,초등학교,휴업일,20251025,토요휴업일,,Y,Y,Y,Y,Y,Y,20260322
I10,세종특별자치시교육청,9300126,나래초등학교,2025,,초등학교,휴업일,20251101,토요휴업일,,Y,Y,Y,Y,Y,Y,20260322
I10,세종특별자치시교육청,9300126,나래초등학교,2025,,초등학교,휴업일,20251108,토요휴업일,,Y,Y,Y,Y,Y,Y,20260322
I10,세종특별자치시교육청,9300126,나래초등학교,2025,,초등학교,휴업일,20251115,토요휴업일,,Y,Y,Y,Y,Y,Y,20260322
I10,세종특별자치시교육청,9300126,나래초등학교,2025,,초등학교,휴업일,20251122,토요휴업일,,Y,Y,Y,Y,Y,Y,20260322
I10,세종특별자치시교육청,9300126,나래초등학교,2025,,초등학교,휴업일,20251129,토요휴업일,,Y,Y,Y,Y,Y,Y,20260322
I10,세종특별자치시교육청,9300126,나래초등학교,2025,,초등학교,휴업일,20251206,토요휴업일,,Y,Y,Y,Y,Y,Y,20260322
I10,세종특별자치시교육청,9300126,나래초등학교,2025,,초등학교,휴업일,20251213,토요휴업일,,Y,Y,Y,Y,Y,Y,20260322
I10,세종특별자치시교육청,9300126,나래초등학교,2025,,초등학교,휴업일,20251220,토요휴업일,,Y,Y,Y,Y,Y,Y,20260322
I10,세종특별자치시교육청,9300126,나래초등학교,2025,,초등학교,공휴일,20251225,성탄절,,Y,Y,Y,Y,Y,Y,20260322
I10,세종특별자치시교육청,9300126,나래초등학교,2025,,초등학교,휴업일,20251227,토요휴업일,,Y,Y,Y,Y,Y,Y,20260322
I10,세종특별자치시교육청,9300126,나래초등학교,2025,,초등학교,공휴일,20260101,신정,,Y,Y,Y,Y,Y,Y,20260322
I10,세종특별자치시교육청,9300126,나래초등학교,2025,,초등학교,휴업일,20260103,토요휴업일,,Y,Y,Y,Y,Y,Y,20260322
I10,세종특별자치시교육청,9300126,나래초등학교,2025,,초등학교,휴업일,20260110,토요휴업일,,Y,Y,Y,Y,Y,Y,20260322
I10,세종특별자치시교육청,9300126,나래초등학교,2025,,초등학교,해당없음,20260113,졸업식,,N,N,N,N,N,Y,20260322
I10,세종특별자치시교육청,9300126,나래초등학교,2025,,초등학교,휴업일,20260114,겨울방학,,Y,Y,Y,Y,Y,Y,20260322
I10,세종특별자치시교육청,9300126,나래초등학교,2025,,초등학교,휴업일,20260115,겨울방학,,Y,Y,Y,Y,Y,Y,20260322
I10,세종특별자치시교육청,9300126,나래초등학교,2025,,초등학교,휴업일,20260116,겨울방학,,Y,Y,Y,Y,Y,Y,20260322
I10,세종특별자치시교육청,9300126,나래초등학교,2025,,초등학교,휴업일,20260117,겨울방학,,Y,Y,Y,Y,Y,Y,20260322
I10,세종특별자치시교육청,9300126,나래초등학교,2025,,초등학교,휴업일,20260117,토요휴업일,,Y,Y,Y,Y,Y,Y,20260322
I10,세종특별자치시교육청,9300126,나래초등학교,2025,,초등학교,휴업일,20260118,겨울방학,,Y,Y,Y,Y,Y,Y,20260322
I10,세종특별자치시교육청,9300126,나래초등학교,2025,,초등학교,휴업일,20260119,겨울방학,,Y,Y,Y,Y,Y,Y,20260322
I10,세종특별자치시교육청,9300126,나래초등학교,2025,,초등학교,휴업일,20260120,겨울방학,,Y,Y,Y,Y,Y,Y,20260322
I10,세종특별자치시교육청,9300126,나래초등학교,2025,,초등학교,휴업일,20260121,겨울방학,,Y,Y,Y,Y,Y,Y,20260322
I10,세종특별자치시교육청,9300126,나래초등학교,2025,,초등학교,휴업일,20260122,겨울방학,,Y,Y,Y,Y,Y,Y,20260322
I10,세종특별자치시교육청,9300126,나래초등학교,2025,,초등학교,휴업일,20260123,겨울방학,,Y,Y,Y,Y,Y,Y,20260322
I10,세종특별자치시교육청,9300126,나래초등학교,2025,,초등학교,휴업일,20260124,겨울방학,,Y,Y,Y,Y,Y,Y,20260322
I10,세종특별자치시교육청,9300126,나래초등학교,2025,,초등학교,휴업일,20260124,토요휴업일,,Y,Y,Y,Y,Y,Y,20260322
I10,세종특별자치시교육청,9300126,나래초등학교,2025,,초등학교,휴업일,20260125,겨울방학,,Y,Y,Y,Y,Y,Y,20260322
I10,세종특별자치시교육청,9300126,나래초등학교,2025,,초등학교,휴업일,20260126,겨울방학,,Y,Y,Y,Y,Y,Y,20260322
I10,세종특별자치시교육청,9300126,나래초등학교,2025,,초등학교,휴업일,20260127,겨울방학,,Y,Y,Y,Y,Y,Y,20260322
I10,세종특별자치시교육청,9300126,나래초등학교,2025,,초등학교,휴업일,20260128,겨울방학,,Y,Y,Y,Y,Y,Y,20260322
I10,세종특별자치시교육청,9300126,나래초등학교,2025,,초등학교,휴업일,20260129,겨울방학,,Y,Y,Y,Y,Y,Y,20260322
I10,세종특별자치시교육청,9300126,나래초등학교,2025,,초등학교,휴업일,20260130,겨울방학,,Y,Y,Y,Y,Y,Y,20260322
I10,세종특별자치시교육청,9300126,나래초등학교,2025,,초등학교,휴업일,20260131,겨울방학,,Y,Y,Y,Y,Y,Y,20260322
I10,세종특별자치시교육청,9300126,나래초등학교,2025,,초등학교,휴업일,20260131,토요휴업일,,Y,Y,Y,Y,Y,Y,20260322
I10,세종특별자치시교육청,9300126,나래초등학교,2025,,초등학교,휴업일,20260201,겨울방학,,Y,Y,Y,Y,Y,Y,20260322
I10,세종특별자치시교육청,9300126,나래초등학교,2025,,초등학교,휴업일,20260202,겨울방학,,Y,Y,Y,Y,Y,Y,20260322
I10,세종특별자치시교육청,9300126,나래초등학교,2025,,초등학교,휴업일,20260203,겨울방학,,Y,Y,Y,Y,Y,Y,20260322
I10,세종특별자치시교육청,9300126,나래초등학교,2025,,초등학교,휴업일,20260204,겨울방학,,Y,Y,Y,Y,Y,Y,20260322
I10,세종특별자치시교육청,9300126,나래초등학교,2025,,초등학교,휴업일,20260205,겨울방학,,Y,Y,Y,Y,Y,Y,20260322
I10,세종특별자치시교육청,9300126,나래초등학교,2025,,초등학교,휴업일,20260206,겨울방학,,Y,Y,Y,Y,Y,Y,20260322
I10,세종특별자치시교육청,9300126,나래초등학교,2025,,초등학교,휴업일,20260207,겨울방학,,Y,Y,Y,Y,Y,Y,20260322
I10,세종특별자치시교육청,9300126,나래초등학교,2025,,초등학교,휴업일,20260207,토요휴업일,,Y,Y,Y,Y,Y,Y,20260322
I10,세종특별자치시교육청,9300126,나래초등학교,2025,,초등학교,휴업일,20260208,겨울방학,,Y,Y,Y,Y,Y,Y,20260322
I10,세종특별자치시교육청,9300126,나래초등학교,2025,,초등학교,휴업일,20260209,겨울방학,,Y,Y,Y,Y,Y,Y,20260322
I10,세종특별자치시교육청,9300126,나래초등학교,2025,,초등학교,휴업일,20260210,겨울방학,,Y,Y,Y,Y,Y,Y,20260322
I10,세종특별자치시교육청,9300126,나래초등학교,2025,,초등학교,휴업일,20260211,겨울방학,,Y,Y,Y,Y,Y,Y,20260322
I10,세종특별자치시교육청,9300126,나래초등학교,2025,,초등학교,휴업일,20260212,겨울방학,,Y,Y,Y,Y,Y,Y,20260322
I10,세종특별자치시교육청,9300126,나래초등학교,2025,,초등학교,휴업일,20260213,겨울방학,,Y,Y,Y,Y,Y,Y,20260322
I10,세종특별자치시교육청,9300126,나래초등학교,2025,,초등학교,휴업일,20260214,겨울방학,,Y,Y,Y,Y,Y,Y,20260322
I10,세종특별자치시교육청,9300126,나래초등학교,2025,,초등학교,휴업일,20260214,토요휴업일,,Y,Y,Y,Y,Y,Y,20260322
I10,세종특별자치시교육청,9300126,나래초등학교,2025,,초등학교,휴업일,20260215,겨울방학,,Y,Y,Y,Y,Y,Y,20260322
I10,세종특별자치시교육청,9300126,나래초등학교,2025,,초등학교,휴업일,20260216,겨울방학,,Y,Y,Y,Y,Y,Y,20260322
I10,세종특별자치시교육청,9300126,나래초등학교,2025,,초등학교,공휴일,20260216,설날,,Y,Y,Y,Y,Y,Y,20260322
I10,세종특별자치시교육청,9300126,나래초등학교,2025,,초등학교,휴업일,20260217,겨울방학,,Y,Y,Y,Y,Y,Y,20260322
I10,세종특별자치시교육청,9300126,나래초등학교,2025,,초등학교,공휴일,20260217,설날,,Y,Y,Y,Y,Y,Y,20260322
I10,세종특별자치시교육청,9300126,나래초등학교,2025,,초등학교,휴업일,20260218,겨울방학,,Y,Y,Y,Y,Y,Y,20260322
I10,세종특별자치시교육청,9300126,나래초등학교,2025,,초등학교,공휴일,20260218,설날,,Y,Y,Y,Y,Y,Y,20260322
I10,세종특별자치시교육청,9300126,나래초등학교,2025,,초등학교,휴업일,20260219,겨울방학,,Y,Y,Y,Y,Y,Y,20260322
I10,세종특별자치시교육청,9300126,나래초등학교,2025,,초등학교,휴업일,20260220,겨울방학,,Y,Y,Y,Y,Y,Y,20260322
I10,세종특별자치시교육청,9300126,나래초등학교,2025,,초등학교,휴업일,20260221,겨울방학,,Y,Y,Y,Y,Y,Y,20260322
I10,세종특별자치시교육청,9300126,나래초등학교,2025,,초등학교,휴업일,20260221,토요휴업일,,Y,Y,Y,Y,Y,Y,20260322
I10,세종특별자치시교육청,9300126,나래초등학교,2025,,초등학교,휴업일,20260222,겨울방학,,Y,Y,Y,Y,Y,Y,20260322
I10,세종특별자치시교육청,9300126,나래초등학교,2025,,초등학교,휴업일,20260223,겨울방학,,Y,Y,Y,Y,Y,Y,20260322
I10,세종특별자치시교육청,9300126,나래초등학교,2025,,초등학교,휴업일,20260224,겨울방학,,Y,Y,Y,Y,Y,Y,20260322
I10,세종특별자치시교육청,9300126,나래초등학교,2025,,초등학교,휴업일,20260225,겨울방학,,Y,Y,Y,Y,Y,Y,20260322
I10,세종특별자치시교육청,9300126,나래초등학교,2025,,초등학교,휴업일,20260226,겨울방학,,Y,Y,Y,Y,Y,Y,20260322
I10,세종특별자치시교육청,9300126,나래초등학교,2025,,초등학교,휴업일,20260227,겨울방학,,Y,Y,Y,Y,Y,Y,20260322
I10,세종특별자치시교육청,9300126,나래초등학교,2025,,초등학교,휴업일,20260228,토요휴업일,,Y,Y,Y,Y,Y,Y,20260322
I10,세종특별자치시교육청,9300126,나래초등학교,2026,,초등학교,공휴일,20260301,3·1절,,Y,Y,Y,Y,Y,Y,20260322
I10,세종특별자치시교육청,9300126,나래초등학교,2026,,초등학교,공휴일,20260302,대체공휴일,,Y,Y,Y,Y,Y,Y,20260322
I10,세종특별자치시교육청,9300126,나래초등학교,2026,,초등학교,해당없음,20260303,시업식,,N,Y,Y,Y,Y,Y,20260322
I10,세종특별자치시교육청,9300126,나래초등학교,2026,,초등학교,해당없음,20260303,입학식,신입생 입학식,Y,N,N,N,N,N,20260322
I10,세종특별자치시교육청,9300126,나래초등학교,2026,,초등학교,휴업일,20260307,토요휴업일,,Y,Y,Y,Y,Y,Y,20260322
I10,세종특별자치시교육청,9300126,나래초등학교,2026,,초등학교,휴업일,20260314,토요휴업일,,Y,Y,Y,Y,Y,Y,20260322
I10,세종특별자치시교육청,9300126,나래초등학교,2026,,초등학교,휴업일,20260321,토요휴업일,,Y,Y,Y,Y,Y,Y,20260322
I10,세종특별자치시교육청,9300126,나래초등학교,2026,,초등학교,휴업일,20260328,토요휴업일,,Y,Y,Y,Y,Y,Y,20260322
I10,세종특별자치시교육청,9300126,나래초등학교,2026,,초등학교,휴업일,20260404,토요휴업일,,Y,Y,Y,Y,Y,Y,20260322
I10,세종특별자치시교육청,9300126,나래초등학교,2026,,초등학교,휴업일,20260411,토요휴업일,,Y,Y,Y,Y,Y,Y,20260322
I10,세종특별자치시교육청,9300126,나래초등학교,2026,,초등학교,휴업일,20260418,토요휴업일,,Y,Y,Y,Y,Y,Y,20260322
I10,세종특별자치시교육청,9300126,나래초등학교,2026,,초등학교,휴업일,20260425,토요휴업일,,Y,Y,Y,Y,Y,Y,20260322
I10,세종특별자치시교육청,9300126,나래초등학교,2026,,초등학교,휴업일,20260502,토요휴업일,,Y,Y,Y,Y,Y,Y,20260322
I10,세종특별자치시교육청,9300126,나래초등학교,2026,,초등학교,휴업일,20260504,재량휴업일,학교장재량휴업일,Y,Y,Y,Y,Y,Y,20260322
I10,세종특별자치시교육청,9300126,나래초등학교,2026,,초등학교,공휴일,20260505,어린이날,,Y,Y,Y,Y,Y,Y,20260322
I10,세종특별자치시교육청,9300126,나래초등학교,2026,,초등학교,휴업일,20260509,토요휴업일,,Y,Y,Y,Y,Y,Y,20260322
I10,세종특별자치시교육청,9300126,나래초등학교,2026,,초등학교,휴업일,20260516,토요휴업일,,Y,Y,Y,Y,Y,Y,20260322
I10,세종특별자치시교육청,9300126,나래초등학교,2026,,초등학교,휴업일,20260523,토요휴업일,,Y,Y,Y,Y,Y,Y,20260322
I10,세종특별자치시교육청,9300126,나래초등학교,2026,,초등학교,공휴일,20260524,석가탄신일,,Y,Y,Y,Y,Y,Y,20260322
I10,세종특별자치시교육청,9300126,나래초등학교,2026,,초등학교,공휴일,20260525,대체공휴일,,Y,Y,Y,Y,Y,Y,20260322
I10,세종특별자치시교육청,9300126,나래초등학교,2026,,초등학교,휴업일,20260530,토요휴업일,,Y,Y,Y,Y,Y,Y,20260322
I10,세종특별자치시교육청,9300126,나래초등학교,2026,,초등학교,공휴일,20260603,지방선거일,,Y,Y,Y,Y,Y,Y,20260322
I10,세종특별자치시교육청,9300126,나래초등학교,2026,,초등학교,공휴일,20260606,현충일,,Y,Y,Y,Y,Y,Y,20260322
I10,세종특별자치시교육청,9300126,나래초등학교,2026,,초등학교,휴업일,20260613,토요휴업일,,Y,Y,Y,Y,Y,Y,20260322
I10,세종특별자치시교육청,9300126,나래초등학교,2026,,초등학교,휴업일,20260620,토요휴업일,,Y,Y,Y,Y,Y,Y,20260322
I10,세종특별자치시교육청,9300126,나래초등학교,2026,,초등학교,휴업일,20260627,토요휴업일,,Y,Y,Y,Y,Y,Y,20260322
I10,세종특별자치시교육청,9300126,나래초등학교,2026,,초등학교,휴업일,20260704,토요휴업일,,Y,Y,Y,Y,Y,Y,20260322
I10,세종특별자치시교육청,9300126,나래초등학교,2026,,초등학교,휴업일,20260711,토요휴업일,,Y,Y,Y,Y,Y,Y,20260322
I10,세종특별자치시교육청,9300126,나래초등학교,2026,,초등학교,공휴일,20260717,제헌절,,Y,Y,Y,Y,Y,Y,20260322
I10,세종특별자치시교육청,9300126,나래초등학교,2026,,초등학교,휴업일,20260718,토요휴업일,,Y,Y,Y,Y,Y,Y,20260322
I10,세종특별자치시교육청,9300126,나래초등학교,2026,,초등학교,해당없음,20260720,여름방학식,,Y,Y,Y,Y,Y,Y,20260322
I10,세종특별자치시교육청,9300126,나래초등학교,2026,,초등학교,휴업일,20260721,여름방학,,Y,Y,Y,Y,Y,Y,20260322
I10,세종특별자치시교육청,9300126,나래초등학교,2026,,초등학교,휴업일,20260722,여름방학,,Y,Y,Y,Y,Y,Y,20260322
I10,세종특별자치시교육청,9300126,나래초등학교,2026,,초등학교,휴업일,20260723,여름방학,,Y,Y,Y,Y,Y,Y,20260322
I10,세종특별자치시교육청,9300126,나래초등학교,2026,,초등학교,휴업일,20260724,여름방학,,Y,Y,Y,Y,Y,Y,20260322
I10,세종특별자치시교육청,9300126,나래초등학교,2026,,초등학교,휴업일,20260725,여름방학,,Y,Y,Y,Y,Y,Y,20260322
I10,세종특별자치시교육청,9300126,나래초등학교,2026,,초등학교,휴업일,20260725,토요휴업일,,Y,Y,Y,Y,Y,Y,20260322
I10,세종특별자치시교육청,9300126,나래초등학교,2026,,초등학교,휴업일,20260726,여름방학,,Y,Y,Y,Y,Y,Y,20260322
I10,세종특별자치시교육청,9300126,나래초등학교,2026,,초등학교,휴업일,20260727,여름방학,,Y,Y,Y,Y,Y,Y,20260322
I10,세종특별자치시교육청,9300126,나래초등학교,2026,,초등학교,휴업일,20260728,여름방학,,Y,Y,Y,Y,Y,Y,20260322
I10,세종특별자치시교육청,9300126,나래초등학교,2026,,초등학교,휴업일,20260729,여름방학,,Y,Y,Y,Y,Y,Y,20260322
I10,세종특별자치시교육청,9300126,나래초등학교,2026,,초등학교,휴업일,20260730,여름방학,,Y,Y,Y,Y,Y,Y,20260322
I10,세종특별자치시교육청,9300126,나래초등학교,2026,,초등학교,휴업일,20260731,여름방학,,Y,Y,Y,Y,Y,Y,20260322
I10,세종특별자치시교육청,9300126,나래초등학교,2026,,초등학교,휴업일,20260801,여름방학,,Y,Y,Y,Y,Y,Y,20260322
I10,세종특별자치시교육청,9300126,나래초등학교,2026,,초등학교,휴업일,20260801,토요휴업일,,Y,Y,Y,Y,Y,Y,20260322
I10,세종특별자치시교육청,9300126,나래초등학교,2026,,초등학교,휴업일,20260802,여름방학,,Y,Y,Y,Y,Y,Y,20260322
I10,세종특별자치시교육청,9300126,나래초등학교,2026,,초등학교,휴업일,20260803,여름방학,,Y,Y,Y,Y,Y,Y,20260322
I10,세종특별자치시교육청,9300126,나래초등학교,2026,,초등학교,휴업일,20260804,여름방학,,Y,Y,Y,Y,Y,Y,20260322
I10,세종특별자치시교육청,9300126,나래초등학교,2026,,초등학교,휴업일,20260805,여름방학,,Y,Y,Y,Y,Y,Y,20260322
I10,세종특별자치시교육청,9300126,나래초등학교,2026,,초등학교,휴업일,20260806,여름방학,,Y,Y,Y,Y,Y,Y,20260322
I10,세종특별자치시교육청,9300126,나래초등학교,2026,,초등학교,휴업일,20260807,여름방학,,Y,Y,Y,Y,Y,Y,20260322
I10,세종특별자치시교육청,9300126,나래초등학교,2026,,초등학교,휴업일,20260808,여름방학,,Y,Y,Y,Y,Y,Y,20260322
I10,세종특별자치시교육청,9300126,나래초등학교,2026,,초등학교,휴업일,20260808,토요휴업일,,Y,Y,Y,Y,Y,Y,20260322
I10,세종특별자치시교육청,9300126,나래초등학교,2026,,초등학교,휴업일,20260809,여름방학,,Y,Y,Y,Y,Y,Y,20260322
I10,세종특별자치시교육청,9300126,나래초등학교,2026,,초등학교,휴업일,20260810,여름방학,,Y,Y,Y,Y,Y,Y,20260322
I10,세종특별자치시교육청,9300126,나래초등학교,2026,,초등학교,휴업일,20260811,여름방학,,Y,Y,Y,Y,Y,Y,20260322
I10,세종특별자치시교육청,9300126,나래초등학교,2026,,초등학교,휴업일,20260812,여름방학,,Y,Y,Y,Y,Y,Y,20260322
I10,세종특별자치시교육청,9300126,나래초등학교,2026,,초등학교,해당없음,20260813,여름개학식,,Y,Y,Y,Y,Y,Y,20260322
I10,세종특별자치시교육청,9300126,나래초등학교,2026,,초등학교,공휴일,20260815,광복절,,Y,Y,Y,Y,Y,Y,20260322
I10,세종특별자치시교육청,9300126,나래초등학교,2026,,초등학교,공휴일,20260817,대체공휴일,,Y,Y,Y,Y,Y,Y,20260322
I10,세종특별자치시교육청,9300126,나래초등학교,2026,,초등학교,휴업일,20260822,토요휴업일,,Y,Y,Y,Y,Y,Y,20260322
I10,세종특별자치시교육청,9300126,나래초등학교,2026,,초등학교,휴업일,20260829,토요휴업일,,Y,Y,Y,Y,Y,Y,20260322
I10,세종특별자치시교육청,9300126,나래초등학교,2026,,초등학교,휴업일,20260905,토요휴업일,,Y,Y,Y,Y,Y,Y,20260322
I10,세종특별자치시교육청,9300126,나래초등학교,2026,,초등학교,휴업일,20260912,토요휴업일,,Y,Y,Y,Y,Y,Y,20260322
I10,세종특별자치시교육청,9300126,나래초등학교,2026,,초등학교,휴업일,20260919,토요휴업일,,Y,Y,Y,Y,Y,Y,20260322
I10,세종특별자치시교육청,9300126,나래초등학교,2026,,초등학교,공휴일,20260924,추석연휴,,Y,Y,Y,Y,Y,Y,20260322
I10,세종특별자치시교육청,9300126,나래초등학교,2026,,초등학교,공휴일,20260925,추석,,Y,Y,Y,Y,Y,Y,20260322
I10,세종특별자치시교육청,9300126,나래초등학교,2026,,초등학교,휴업일,20260926,토요휴업일,,Y,Y,Y,Y,Y,Y,20260322
I10,세종특별자치시교육청,9300126,나래초등학교,2026,,초등학교,공휴일,20261003,개천절,,Y,Y,Y,Y,Y,Y,20260322
I10,세종특별자치시교육청,9300126,나래초등학교,2026,,초등학교,공휴일,20261005,대체공휴일,,Y,Y,Y,Y,Y,Y,20260322
I10,세종특별자치시교육청,9300126,나래초등학교,2026,,초등학교,공휴일,20261009,한글날,,Y,Y,Y,Y,Y,Y,20260322
I10,세종특별자치시교육청,9300126,나래초등학교,2026,,초등학교,휴업일,20261010,토요휴업일,,Y,Y,Y,Y,Y,Y,20260322
I10,세종특별자치시교육청,9300126,나래초등학교,2026,,초등학교,휴업일,20261017,토요휴업일,,Y,Y,Y,Y,Y,Y,20260322
I10,세종특별자치시교육청,9300126,나래초등학교,2026,,초등학교,휴업일,20261024,토요휴업일,,Y,Y,Y,Y,Y,Y,20260322
I10,세종특별자치시교육청,9300126,나래초등학교,2026,,초등학교,휴업일,20261031,토요휴업일,,Y,Y,Y,Y,Y,Y,20260322
I10,세종특별자치시교육청,9300126,나래초등학교,2026,,초등학교,휴업일,20261107,토요휴업일,,Y,Y,Y,Y,Y,Y,20260322
I10,세종특별자치시교육청,9300126,나래초등학교,2026,,초등학교,휴업일,20261114,토요휴업일,,Y,Y,Y,Y,Y,Y,20260322
I10,세종특별자치시교육청,9300126,나래초등학교,2026,,초등학교,휴업일,20261121,토요휴업일,,Y,Y,Y,Y,Y,Y,20260322
I10,세종특별자치시교육청,9300126,나래초등학교,2026,,초등학교,휴업일,20261128,토요휴업일,,Y,Y,Y,Y,Y,Y,20260322
I10,세종특별자치시교육청,9300126,나래초등학교,2026,,초등학교,휴업일,20261205,토요휴업일,,Y,Y,Y,Y,Y,Y,20260322
I10,세종특별자치시교육청,9300126,나래초등학교,2026,,초등학교,휴업일,20261212,토요휴업일,,Y,Y,Y,Y,Y,Y,20260322
I10,세종특별자치시교육청,9300126,나래초등학교,2026,,초등학교,휴업일,20261219,토요휴업일,,Y,Y,Y,Y,Y,Y,20260322
I10,세종특별자치시교육청,9300126,나래초등학교,2026,,초등학교,공휴일,20261225,성탄절,,Y,Y,Y,Y,Y,Y,20260322
I10,세종특별자치시교육청,9300126,나래초등학교,2026,,초등학교,휴업일,20261226,토요휴업일,,Y,Y,Y,Y,Y,Y,20260322
I10,세종특별자치시교육청,9300126,나래초등학교,2026,,초등학교,해당없음,20261231,졸업식,졸업식,N,N,N,N,N,Y,20260322
I10,세종특별자치시교육청,9300126,나래초등학교,2026,,초등학교,해당없음,20261231,겨울방학식,,Y,Y,Y,Y,Y,N,20260322
I10,세종특별자치시교육청,9300126,나래초등학교,2026,,초등학교,공휴일,20270101,신정,,Y,Y,Y,Y,Y,Y,20260322
I10,세종특별자치시교육청,9300126,나래초등학교,2026,,초등학교,휴업일,20270102,토요휴업일,,Y,Y,Y,Y,Y,Y,20260322
I10,세종특별자치시교육청,9300126,나래초등학교,2026,,초등학교,휴업일,20270104,겨울방학,,Y,Y,Y,Y,Y,Y,20260322
I10,세종특별자치시교육청,9300126,나래초등학교,2026,,초등학교,휴업일,20270105,겨울방학,,Y,Y,Y,Y,Y,Y,20260322
I10,세종특별자치시교육청,9300126,나래초등학교,2026,,초등학교,휴업일,20270106,겨울방학,,Y,Y,Y,Y,Y,Y,20260322
I10,세종특별자치시교육청,9300126,나래초등학교,2026,,초등학교,휴업일,20270107,겨울방학,,Y,Y,Y,Y,Y,Y,20260322
I10,세종특별자치시교육청,9300126,나래초등학교,2026,,초등학교,휴업일,20270108,겨울방학,,Y,Y,Y,Y,Y,Y,20260322
I10,세종특별자치시교육청,9300126,나래초등학교,2026,,초등학교,휴업일,20270109,겨울방학,,Y,Y,Y,Y,Y,Y,20260322
I10,세종특별자치시교육청,9300126,나래초등학교,2026,,초등학교,휴업일,20270109,토요휴업일,,Y,Y,Y,Y,Y,Y,20260322
I10,세종특별자치시교육청,9300126,나래초등학교,2026,,초등학교,휴업일,20270110,겨울방학,,Y,Y,Y,Y,Y,Y,20260322
I10,세종특별자치시교육청,9300126,나래초등학교,2026,,초등학교,휴업일,20270111,겨울방학,,Y,Y,Y,Y,Y,Y,20260322
I10,세종특별자치시교육청,9300126,나래초등학교,2026,,초등학교,휴업일,20270112,겨울방학,,Y,Y,Y,Y,Y,Y,20260322
I10,세종특별자치시교육청,9300126,나래초등학교,2026,,초등학교,휴업일,20270113,겨울방학,,Y,Y,Y,Y,Y,Y,20260322
I10,세종특별자치시교육청,9300126,나래초등학교,2026,,초등학교,휴업일,20270114,겨울방학,,Y,Y,Y,Y,Y,Y,20260322
I10,세종특별자치시교육청,9300126,나래초등학교,2026,,초등학교,휴업일,20270115,겨울방학,,Y,Y,Y,Y,Y,Y,20260322
I10,세종특별자치시교육청,9300126,나래초등학교,2026,,초등학교,휴업일,20270116,겨울방학,,Y,Y,Y,Y,Y,Y,20260322
I10,세종특별자치시교육청,9300126,나래초등학교,2026,,초등학교,휴업일,20270116,토요휴업일,,Y,Y,Y,Y,Y,Y,20260322
I10,세종특별자치시교육청,9300126,나래초등학교,2026,,초등학교,휴업일,20270117,겨울방학,,Y,Y,Y,Y,Y,Y,20260322
I10,세종특별자치시교육청,9300126,나래초등학교,2026,,초등학교,휴업일,20270118,겨울방학,,Y,Y,Y,Y,Y,Y,20260322
I10,세종특별자치시교육청,9300126,나래초등학교,2026,,초등학교,휴업일,20270119,겨울방학,,Y,Y,Y,Y,Y,Y,20260322
I10,세종특별자치시교육청,9300126,나래초등학교,2026,,초등학교,휴업일,20270120,겨울방학,,Y,Y,Y,Y,Y,Y,20260322
I10,세종특별자치시교육청,9300126,나래초등학교,2026,,초등학교,휴업일,20270121,겨울방학,,Y,Y,Y,Y,Y,Y,20260322
I10,세종특별자치시교육청,9300126,나래초등학교,2026,,초등학교,휴업일,20270122,겨울방학,,Y,Y,Y,Y,Y,Y,20260322
I10,세종특별자치시교육청,9300126,나래초등학교,2026,,초등학교,휴업일,20270123,겨울방학,,Y,Y,Y,Y,Y,Y,20260322
I10,세종특별자치시교육청,9300126,나래초등학교,2026,,초등학교,휴업일,20270123,토요휴업일,,Y,Y,Y,Y,Y,Y,20260322
I10,세종특별자치시교육청,9300126,나래초등학교,2026,,초등학교,휴업일,20270124,겨울방학,,Y,Y,Y,Y,Y,Y,20260322
I10,세종특별자치시교육청,9300126,나래초등학교,2026,,초등학교,휴업일,20270125,겨울방학,,Y,Y,Y,Y,Y,Y,20260322
I10,세종특별자치시교육청,9300126,나래초등학교,2026,,초등학교,휴업일,20270126,겨울방학,,Y,Y,Y,Y,Y,Y,20260322
I10,세종특별자치시교육청,9300126,나래초등학교,2026,,초등학교,휴업일,20270127,겨울방학,,Y,Y,Y,Y,Y,Y,20260322
I10,세종특별자치시교육청,9300126,나래초등학교,2026,,초등학교,휴업일,20270128,겨울방학,,Y,Y,Y,Y,Y,Y,20260322
I10,세종특별자치시교육청,9300126,나래초등학교,2026,,초등학교,휴업일,20270129,겨울방학,,Y,Y,Y,Y,Y,Y,20260322
I10,세종특별자치시교육청,9300126,나래초등학교,2026,,초등학교,휴업일,20270130,겨울방학,,Y,Y,Y,Y,Y,Y,20260322
I10,세종특별자치시교육청,9300126,나래초등학교,2026,,초등학교,휴업일,20270130,토요휴업일,,Y,Y,Y,Y,Y,Y,20260322
I10,세종특별자치시교육청,9300126,나래초등학교,2026,,초등학교,휴업일,20270131,겨울방학,,Y,Y,Y,Y,Y,Y,20260322
I10,세종특별자치시교육청,9300126,나래초등학교,2026,,초등학교,휴업일,20270201,겨울방학,,Y,Y,Y,Y,Y,Y,20260322
I10,세종특별자치시교육청,9300126,나래초등학교,2026,,초등학교,휴업일,20270202,겨울방학,,Y,Y,Y,Y,Y,Y,20260322
I10,세종특별자치시교육청,9300126,나래초등학교,2026,,초등학교,휴업일,20270203,겨울방학,,Y,Y,Y,Y,Y,Y,20260322
I10,세종특별자치시교육청,9300126,나래초등학교,2026,,초등학교,휴업일,20270204,겨울방학,,Y,Y,Y,Y,Y,Y,20260322
I10,세종특별자치시교육청,9300126,나래초등학교,2026,,초등학교,휴업일,20270205,겨울방학,,Y,Y,Y,Y,Y,Y,20260322
I10,세종특별자치시교육청,9300126,나래초등학교,2026,,초등학교,휴업일,20270206,겨울방학,,Y,Y,Y,Y,Y,Y,20260322
I10,세종특별자치시교육청,9300126,나래초등학교,2026,,초등학교,휴업일,20270206,토요휴업일,,Y,Y,Y,Y,Y,Y,20260322
I10,세종특별자치시교육청,9300126,나래초등학교,2026,,초등학교,휴업일,20270207,겨울방학,,Y,Y,Y,Y,Y,Y,20260322
I10,세종특별자치시교육청,9300126,나래초등학교,2026,,초등학교,공휴일,20270207,설날,,Y,Y,Y,Y,Y,Y,20260322
I10,세종특별자치시교육청,9300126,나래초등학교,2026,,초등학교,휴업일,20270208,겨울방학,,Y,Y,Y,Y,Y,Y,20260322
I10,세종특별자치시교육청,9300126,나래초등학교,2026,,초등학교,휴업일,20270209,겨울방학,,Y,Y,Y,Y,Y,Y,20260322
I10,세종특별자치시교육청,9300126,나래초등학교,2026,,초등학교,휴업일,20270210,겨울방학,,Y,Y,Y,Y,Y,Y,20260322
I10,세종특별자치시교육청,9300126,나래초등학교,2026,,초등학교,휴업일,20270211,겨울방학,,Y,Y,Y,Y,Y,Y,20260322
I10,세종특별자치시교육청,9300126,나래초등학교,2026,,초등학교,휴업일,20270212,겨울방학,,Y,Y,Y,Y,Y,Y,20260322
I10,세종특별자치시교육청,9300126,나래초등학교,2026,,초등학교,휴업일,20270213,겨울방학,,Y,Y,Y,Y,Y,Y,20260322
I10,세종특별자치시교육청,9300126,나래초등학교,2026,,초등학교,휴업일,20270213,토요휴업일,,Y,Y,Y,Y,Y,Y,20260322
I10,세종특별자치시교육청,9300126,나래초등학교,2026,,초등학교,휴업일,20270214,겨울방학,,Y,Y,Y,Y,Y,Y,20260322
I10,세종특별자치시교육청,9300126,나래초등학교,2026,,초등학교,휴업일,20270215,겨울방학,,Y,Y,Y,Y,Y,Y,20260322
I10,세종특별자치시교육청,9300126,나래초등학교,2026,,초등학교,휴업일,20270216,겨울방학,,Y,Y,Y,Y,Y,Y,20260322
I10,세종특별자치시교육청,9300126,나래초등학교,2026,,초등학교,휴업일,20270217,겨울방학,,Y,Y,Y,Y,Y,Y,20260322
I10,세종특별자치시교육청,9300126,나래초등학교,2026,,초등학교,휴업일,20270218,겨울방학,,Y,Y,Y,Y,Y,Y,20260322
I10,세종특별자치시교육청,9300126,나래초등학교,2026,,초등학교,휴업일,20270219,겨울방학,,Y,Y,Y,Y,Y,Y,20260322
I10,세종특별자치시교육청,9300126,나래초등학교,2026,,초등학교,휴업일,20270220,겨울방학,,Y,Y,Y,Y,Y,Y,20260322
I10,세종특별자치시교육청,9300126,나래초등학교,2026,,초등학교,휴업일,20270220,토요휴업일,,Y,Y,Y,Y,Y,Y,20260322
I10,세종특별자치시교육청,9300126,나래초등학교,2026,,초등학교,휴업일,20270221,겨울방학,,Y,Y,Y,Y,Y,Y,20260322
I10,세종특별자치시교육청,9300126,나래초등학교,2026,,초등학교,휴업일,20270222,겨울방학,,Y,Y,Y,Y,Y,Y,20260322
I10,세종특별자치시교육청,9300126,나래초등학교,2026,,초등학교,휴업일,20270223,겨울방학,,Y,Y,Y,Y,Y,Y,20260322
I10,세종특별자치시교육청,9300126,나래초등학교,2026,,초등학교,휴업일,20270224,겨울방학,,Y,Y,Y,Y,Y,Y,20260322
I10,세종특별자치시교육청,9300126,나래초등학교,2026,,초등학교,휴업일,20270225,겨울방학,,Y,Y,Y,Y,Y,Y,20260322
I10,세종특별자치시교육청,9300126,나래초등학교,2026,,초등학교,휴업일,20270226,겨울방학,,Y,Y,Y,Y,Y,Y,20260322
I10,세종특별자치시교육청,9300126,나래초등학교,2026,,초등학교,휴업일,20270227,겨울방학,,Y,Y,Y,Y,Y,Y,20260322
I10,세종특별자치시교육청,9300126,나래초등학교,2026,,초등학교,휴업일,20270227,토요휴업일,,Y,Y,Y,Y,Y,Y,20260322
I10,세종특별자치시교육청,9300126,나래초등학교,2026,,초등학교,휴업일,20270228,겨울방학,,Y,Y,Y,Y,Y,Y,20260322
I10,세종특별자치시교육청,9300315,나루초등학교,2025,,초등학교,공휴일,20250301,3·1절,,Y,Y,Y,Y,Y,Y,20260322
I10,세종특별자치시교육청,9300315,나루초등학교,2025,,초등학교,공휴일,20250303,대체공휴일,,Y,Y,Y,Y,Y,Y,20260322
I10,세종특별자치시교육청,9300315,나루초등학교,2025,,초등학교,해당없음,20250304,입학식,2차시,Y,N,N,N,N,N,20260322
I10,세종특별자치시교육청,9300315,나루초등학교,2025,,초등학교,해당없음,20250304,시업식,1차시,N,Y,Y,Y,Y,Y,20260322
I10,세종특별자치시교육청,9300315,나루초등학교,2025,,초등학교,휴업일,20250308,토요휴업일,,Y,Y,Y,Y,Y,Y,20260322
I10,세종특별자치시교육청,9300315,나루초등학교,2025,,초등학교,해당없음,20250314,진단평가,,N,N,Y,Y,Y,Y,20260322
I10,세종특별자치시교육청,9300315,나루초등학교,2025,,초등학교,휴업일,20250315,토요휴업일,,Y,Y,Y,Y,Y,Y,20260322
I10,세종특별자치시교육청,9300315,나루초등학교,2025,,초등학교,해당없음,20250319,학급임원선거,1차시,N,N,N,Y,Y,Y,20260322
I10,세종특별자치시교육청,9300315,나루초등학교,2025,,초등학교,휴업일,20250322,토요휴업일,,Y,Y,Y,Y,Y,Y,20260322
I10,세종특별자치시교육청,9300315,나루초등학교,2025,,초등학교,해당없음,20250326,학교교육과정설명회,,Y,Y,Y,Y,Y,Y,20260322
I10,세종특별자치시교육청,9300315,나루초등학교,2025,,초등학교,휴업일,20250329,토요휴업일,,Y,Y,Y,Y,Y,Y,20260322
I10,세종특별자치시교육청,9300315,나루초등학교,2025,,초등학교,해당없음,20250331,학부모상담주간,,Y,Y,Y,Y,Y,Y,20260322
I10,세종특별자치시교육청,9300315,나루초등학교,2025,,초등학교,해당없음,20250401,학부모상담주간,,Y,Y,Y,Y,Y,Y,20260322
I10,세종특별자치시교육청,9300315,나루초등학교,2025,,초등학교,해당없음,20250402,학부모상담주간,,Y,Y,Y,Y,Y,Y,20260322
I10,세종특별자치시교육청,9300315,나루초등학교,2025,,초등학교,해당없음,20250403,학부모상담주간,,Y,Y,Y,Y,Y,Y,20260322
I10,세종특별자치시교육청,9300315,나루초등학교,2025,,초등학교,해당없음,20250404,학부모상담주간,,Y,Y,Y,Y,Y,Y,20260322
I10,세종특별자치시교육청,9300315,나루초등학교,2025,,초등학교,휴업일,20250405,토요휴업일,,Y,Y,Y,Y,Y,Y,20260322
I10,세종특별자치시교육청,9300315,나루초등학교,2025,,초등학교,휴업일,20250412,토요휴업일,,Y,Y,Y,Y,Y,Y,20260322
I10,세종특별자치시교육청,9300315,나루초등학교,2025,,초등학교,휴업일,20250419,토요휴업일,,Y,Y,Y,Y,Y,Y,20260322
I10,세종특별자치시교육청,9300315,나루초등학교,2025,,초등학교,휴업일,20250426,토요휴업일,,Y,Y,Y,Y,Y,Y,20260322
I10,세종특별자치시교육청,9300315,나루초등학교,2025,,초등학교,휴업일,20250501,개교기념일,,Y,Y,Y,Y,Y,Y,20260322
I10,세종특별자치시교육청,9300315,나루초등학교,2025,,초등학교,휴업일,20250503,토요휴업일,,Y,Y,Y,Y,Y,Y,20260322
I10,세종특별자치시교육청,9300315,나루초등학교,2025,,초등학교,공휴일,20250505,석가탄신일,,Y,Y,Y,Y,Y,Y,20260322
I10,세종특별자치시교육청,9300315,나루초등학교,2025,,초등학교,공휴일,20250506,대체공휴일,,Y,Y,Y,Y,Y,Y,20260322
I10,세종특별자치시교육청,9300315,나루초등학교,2025,,초등학교,휴업일,20250510,토요휴업일,,Y,Y,Y,Y,Y,Y,20260322
I10,세종특별자치시교육청,9300315,나루초등학교,2025,,초등학교,휴업일,20250517,토요휴업일,,Y,Y,Y,Y,Y,Y,20260322
I10,세종특별자치시교육청,9300315,나루초등학교,2025,,초등학교,휴업일,20250524,토요휴업일,,Y,Y,Y,Y,Y,Y,20260322
I10,세종특별자치시교육청,9300315,나루초등학교,2025,,초등학교,휴업일,20250531,토요휴업일,,Y,Y,Y,Y,Y,Y,20260322
I10,세종특별자치시교육청,9300315,나루초등학교,2025,,초등학교,공휴일,20250603,대통령선거,,Y,Y,Y,Y,Y,Y,20260322
I10,세종특별자치시교육청,9300315,나루초등학교,2025,,초등학교,공휴일,20250606,현충일,,Y,Y,Y,Y,Y,Y,20260322
I10,세종특별자치시교육청,9300315,나루초등학교,2025,,초등학교,휴업일,20250607,토요휴업일,,Y,Y,Y,Y,Y,Y,20260322
I10,세종특별자치시교육청,9300315,나루초등학교,2025,,초등학교,휴업일,20250614,토요휴업일,,Y,Y,Y,Y,Y,Y,20260322
I10,세종특별자치시교육청,9300315,나루초등학교,2025,,초등학교,휴업일,20250621,토요휴업일,,Y,Y,Y,Y,Y,Y,20260322
I10,세종특별자치시교육청,9300315,나루초등학교,2025,,초등학교,휴업일,20250628,토요휴업일,,Y,Y,Y,Y,Y,Y,20260322
I10,세종특별자치시교육청,9300315,나루초등학교,2025,,초등학교,휴업일,20250705,토요휴업일,,Y,Y,Y,Y,Y,Y,20260322
I10,세종특별자치시교육청,9300315,나루초등학교,2025,,초등학교,휴업일,20250712,토요휴업일,,Y,Y,Y,Y,Y,Y,20260322
I10,세종특별자치시교육청,9300315,나루초등학교,2025,,초등학교,휴업일,20250719,토요휴업일,,Y,Y,Y,Y,Y,Y,20260322
I10,세종특별자치시교육청,9300315,나루초등학교,2025,,초등학교,해당없음,20250721,여름방학식,1차시,Y,Y,Y,Y,Y,Y,20260322
I10,세종특별자치시교육청,9300315,나루초등학교,2025,,초등학교,휴업일,20250722,여름방학,,Y,Y,Y,Y,Y,Y,20260322
I10,세종특별자치시교육청,9300315,나루초등학교,2025,,초등학교,휴업일,20250723,여름방학,,Y,Y,Y,Y,Y,Y,20260322
I10,세종특별자치시교육청,9300315,나루초등학교,2025,,초등학교,휴업일,20250724,여름방학,,Y,Y,Y,Y,Y,Y,20260322
I10,세종특별자치시교육청,9300315,나루초등학교,2025,,초등학교,휴업일,20250725,여름방학,,Y,Y,Y,Y,Y,Y,20260322
I10,세종특별자치시교육청,9300315,나루초등학교,2025,,초등학교,휴업일,20250726,여름방학,,Y,Y,Y,Y,Y,Y,20260322
I10,세종특별자치시교육청,9300315,나루초등학교,2025,,초등학교,휴업일,20250726,토요휴업일,,Y,Y,Y,Y,Y,Y,20260322
I10,세종특별자치시교육청,9300315,나루초등학교,2025,,초등학교,휴업일,20250727,여름방학,,Y,Y,Y,Y,Y,Y,20260322
I10,세종특별자치시교육청,9300315,나루초등학교,2025,,초등학교,휴업일,20250728,여름방학,,Y,Y,Y,Y,Y,Y,20260322
I10,세종특별자치시교육청,9300315,나루초등학교,2025,,초등학교,휴업일,20250729,여름방학,,Y,Y,Y,Y,Y,Y,20260322
I10,세종특별자치시교육청,9300315,나루초등학교,2025,,초등학교,휴업일,20250730,여름방학,,Y,Y,Y,Y,Y,Y,20260322
I10,세종특별자치시교육청,9300315,나루초등학교,2025,,초등학교,휴업일,20250731,여름방학,,Y,Y,Y,Y,Y,Y,20260322
I10,세종특별자치시교육청,9300315,나루초등학교,2025,,초등학교,휴업일,20250801,여름방학,,Y,Y,Y,Y,Y,Y,20260322
I10,세종특별자치시교육청,9300315,나루초등학교,2025,,초등학교,휴업일,20250802,여름방학,,Y,Y,Y,Y,Y,Y,20260322
I10,세종특별자치시교육청,9300315,나루초등학교,2025,,초등학교,휴업일,20250802,토요휴업일,,Y,Y,Y,Y,Y,Y,20260322
I10,세종특별자치시교육청,9300315,나루초등학교,2025,,초등학교,휴업일,20250803,여름방학,,Y,Y,Y,Y,Y,Y,20260322
I10,세종특별자치시교육청,9300315,나루초등학교,2025,,초등학교,휴업일,20250804,여름방학,,Y,Y,Y,Y,Y,Y,20260322
I10,세종특별자치시교육청,9300315,나루초등학교,2025,,초등학교,휴업일,20250805,여름방학,,Y,Y,Y,Y,Y,Y,20260322
I10,세종특별자치시교육청,9300315,나루초등학교,2025,,초등학교,휴업일,20250806,여름방학,,Y,Y,Y,Y,Y,Y,20260322
I10,세종특별자치시교육청,9300315,나루초등학교,2025,,초등학교,휴업일,20250807,여름방학,,Y,Y,Y,Y,Y,Y,20260322
I10,세종특별자치시교육청,9300315,나루초등학교,2025,,초등학교,휴업일,20250808,여름방학,,Y,Y,Y,Y,Y,Y,20260322
I10,세종특별자치시교육청,9300315,나루초등학교,2025,,초등학교,휴업일,20250809,여름방학,,Y,Y,Y,Y,Y,Y,20260322
I10,세종특별자치시교육청,9300315,나루초등학교,2025,,초등학교,휴업일,20250809,토요휴업일,,Y,Y,Y,Y,Y,Y,20260322
I10,세종특별자치시교육청,9300315,나루초등학교,2025,,초등학교,휴업일,20250810,여름방학,,Y,Y,Y,Y,Y,Y,20260322
I10,세종특별자치시교육청,9300315,나루초등학교,2025,,초등학교,휴업일,20250811,여름방학,,Y,Y,Y,Y,Y,Y,20260322
I10,세종특별자치시교육청,9300315,나루초등학교,2025,,초등학교,휴업일,20250812,여름방학,,Y,Y,Y,Y,Y,Y,20260322
I10,세종특별자치시교육청,9300315,나루초등학교,2025,,초등학교,휴업일,20250813,여름방학,,Y,Y,Y,Y,Y,Y,20260322
I10,세종특별자치시교육청,9300315,나루초등학교,2025,,초등학교,휴업일,20250814,여름방학,,Y,Y,Y,Y,Y,Y,20260322
I10,세종특별자치시교육청,9300315,나루초등학교,2025,,초등학교,휴업일,20250815,여름방학,,Y,Y,Y,Y,Y,Y,20260322
I10,세종특별자치시교육청,9300315,나루초등학교,2025,,초등학교,공휴일,20250815,광복절,,Y,Y,Y,Y,Y,Y,20260322
I10,세종특별자치시교육청,9300315,나루초등학교,2025,,초등학교,휴업일,20250816,여름방학,,Y,Y,Y,Y,Y,Y,20260322
I10,세종특별자치시교육청,9300315,나루초등학교,2025,,초등학교,휴업일,20250816,토요휴업일,,Y,Y,Y,Y,Y,Y,20260322
I10,세종특별자치시교육청,9300315,나루초등학교,2025,,초등학교,휴업일,20250817,여름방학,,Y,Y,Y,Y,Y,Y,20260322
I10,세종특별자치시교육청,9300315,나루초등학교,2025,,초등학교,휴업일,20250818,여름방학,,Y,Y,Y,Y,Y,Y,20260322
I10,세종특별자치시교육청,9300315,나루초등학교,2025,,초등학교,해당없음,20250819,개학식,,Y,Y,Y,Y,Y,Y,20260322
I10,세종특별자치시교육청,9300315,나루초등학교,2025,,초등학교,휴업일,20250823,토요휴업일,,Y,Y,Y,Y,Y,Y,20260322
I10,세종특별자치시교육청,9300315,나루초등학교,2025,,초등학교,휴업일,20250830,토요휴업일,,Y,Y,Y,Y,Y,Y,20260322
I10,세종특별자치시교육청,9300315,나루초등학교,2025,,초등학교,휴업일,20250906,토요휴업일,,Y,Y,Y,Y,Y,Y,20260322
I10,세종특별자치시교육청,9300315,나루초등학교,2025,,초등학교,휴업일,20250913,토요휴업일,,Y,Y,Y,Y,Y,Y,20260322
I10,세종특별자치시교육청,9300315,나루초등학교,2025,,초등학교,휴업일,20250920,토요휴업일,,Y,Y,Y,Y,Y,Y,20260322
I10,세종특별자치시교육청,9300315,나루초등학교,2025,,초등학교,휴업일,20250927,토요휴업일,,Y,Y,Y,Y,Y,Y,20260322
I10,세종특별자치시교육청,9300315,나루초등학교,2025,,초등학교,공휴일,20251003,개천절,,Y,Y,Y,Y,Y,Y,20260322
I10,세종특별자치시교육청,9300315,나루초등학교,2025,,초등학교,휴업일,20251004,토요휴업일,,Y,Y,Y,Y,Y,Y,20260322
I10,세종특별자치시교육청,9300315,나루초등학교,2025,,초등학교,공휴일,20251005,추석,,Y,Y,Y,Y,Y,Y,20260322
I10,세종특별자치시교육청,9300315,나루초등학교,2025,,초등학교,공휴일,20251006,추석,,Y,Y,Y,Y,Y,Y,20260322
I10,세종특별자치시교육청,9300315,나루초등학교,2025,,초등학교,공휴일,20251007,추석,,Y,Y,Y,Y,Y,Y,20260322
I10,세종특별자치시교육청,9300315,나루초등학교,2025,,초등학교,공휴일,20251008,대체공휴일,,Y,Y,Y,Y,Y,Y,20260322
I10,세종특별자치시교육청,9300315,나루초등학교,2025,,초등학교,공휴일,20251009,한글날,,Y,Y,Y,Y,Y,Y,20260322
I10,세종특별자치시교육청,9300315,나루초등학교,2025,,초등학교,휴업일,20251010,재량휴업일,,Y,Y,Y,Y,Y,Y,20260322
I10,세종특별자치시교육청,9300315,나루초등학교,2025,,초등학교,휴업일,20251011,토요휴업일,,Y,Y,Y,Y,Y,Y,20260322
I10,세종특별자치시교육청,9300315,나루초등학교,2025,,초등학교,휴업일,20251018,토요휴업일,,Y,Y,Y,Y,Y,Y,20260322
I10,세종특별자치시교육청,9300315,나루초등학교,2025,,초등학교,해당없음,20251023,자람마당,,Y,Y,Y,Y,Y,Y,20260322
I10,세종특별자치시교육청,9300315,나루초등학교,2025,,초등학교,해당없음,20251024,자람마당,,Y,Y,Y,Y,Y,Y,20260322
I10,세종특별자치시교육청,9300315,나루초등학교,2025,,초등학교,휴업일,20251025,토요휴업일,,Y,Y,Y,Y,Y,Y,20260322
I10,세종특별자치시교육청,9300315,나루초등학교,2025,,초등학교,휴업일,20251101,토요휴업일,,Y,Y,Y,Y,Y,Y,20260322
I10,세종특별자치시교육청,9300315,나루초등학교,2025,,초등학교,휴업일,20251108,토요휴업일,,Y,Y,Y,Y,Y,Y,20260322
I10,세종특별자치시교육청,9300315,나루초등학교,2025,,초등학교,휴업일,20251115,토요휴업일,,Y,Y,Y,Y,Y,Y,20260322
I10,세종특별자치시교육청,9300315,나루초등학교,2025,,초등학교,휴업일,20251122,토요휴업일,,Y,Y,Y,Y,Y,Y,20260322
I10,세종특별자치시교육청,9300315,나루초등학교,2025,,초등학교,휴업일,20251129,토요휴업일,,Y,Y,Y,Y,Y,Y,20260322
I10,세종특별자치시교육청,9300315,나루초등학교,2025,,초등학교,휴업일,20251206,토요휴업일,,Y,Y,Y,Y,Y,Y,20260322
I10,세종특별자치시교육청,9300315,나루초등학교,2025,,초등학교,휴업일,20251213,토요휴업일,,Y,Y,Y,Y,Y,Y,20260322
I10,세종특별자치시교육청,9300315,나루초등학교,2025,,초등학교,휴업일,20251220,토요휴업일,,Y,Y,Y,Y,Y,Y,20260322
I10,세종특별자치시교육청,9300315,나루초등학교,2025,,초등학교,공휴일,20251225,성탄절,,Y,Y,Y,Y,Y,Y,20260322
I10,세종특별자치시교육청,9300315,나루초등학교,2025,,초등학교,휴업일,20251227,토요휴업일,,Y,Y,Y,Y,Y,Y,20260322
I10,세종특별자치시교육청,9300315,나루초등학교,2025,,초등학교,공휴일,20260101,신정,,Y,Y,Y,Y,Y,Y,20260322
I10,세종특별자치시교육청,9300315,나루초등학교,2025,,초등학교,휴업일,20260103,토요휴업일,,Y,Y,Y,Y,Y,Y,20260322
I10,세종특별자치시교육청,9300315,나루초등학교,2025,,초등학교,해당없음,20260108,겨울방학식,1차시,Y,Y,Y,Y,Y,N,20260322
I10,세종특별자치시교육청,9300315,나루초등학교,2025,,초등학교,해당없음,20260108,졸업식,3차시,N,N,N,N,N,Y,20260322
I10,세종특별자치시교육청,9300315,나루초등학교,2025,,초등학교,해당없음,20260108,종업식,1차시,Y,Y,Y,Y,Y,N,20260322
I10,세종특별자치시교육청,9300315,나루초등학교,2025,,초등학교,휴업일,20260109,겨울방학,,Y,Y,Y,Y,Y,Y,20260322
I10,세종특별자치시교육청,9300315,나루초등학교,2025,,초등학교,휴업일,20260110,겨울방학,,Y,Y,Y,Y,Y,Y,20260322
I10,세종특별자치시교육청,9300315,나루초등학교,2025,,초등학교,휴업일,20260110,토요휴업일,,Y,Y,Y,Y,Y,Y,20260322
I10,세종특별자치시교육청,9300315,나루초등학교,2025,,초등학교,휴업일,20260111,겨울방학,,Y,Y,Y,Y,Y,Y,20260322
I10,세종특별자치시교육청,9300315,나루초등학교,2025,,초등학교,휴업일,20260112,겨울방학,,Y,Y,Y,Y,Y,Y,20260322
I10,세종특별자치시교육청,9300315,나루초등학교,2025,,초등학교,휴업일,20260113,겨울방학,,Y,Y,Y,Y,Y,Y,20260322
I10,세종특별자치시교육청,9300315,나루초등학교,2025,,초등학교,휴업일,20260114,겨울방학,,Y,Y,Y,Y,Y,Y,20260322
I10,세종특별자치시교육청,9300315,나루초등학교,2025,,초등학교,휴업일,20260115,겨울방학,,Y,Y,Y,Y,Y,Y,20260322
I10,세종특별자치시교육청,9300315,나루초등학교,2025,,초등학교,휴업일,20260116,겨울방학,,Y,Y,Y,Y,Y,Y,20260322
I10,세종특별자치시교육청,9300315,나루초등학교,2025,,초등학교,휴업일,20260117,겨울방학,,Y,Y,Y,Y,Y,Y,20260322
I10,세종특별자치시교육청,9300315,나루초등학교,2025,,초등학교,휴업일,20260117,토요휴업일,,Y,Y,Y,Y,Y,Y,20260322
I10,세종특별자치시교육청,9300315,나루초등학교,2025,,초등학교,휴업일,20260118,겨울방학,,Y,Y,Y,Y,Y,Y,20260322
I10,세종특별자치시교육청,9300315,나루초등학교,2025,,초등학교,휴업일,20260119,겨울방학,,Y,Y,Y,Y,Y,Y,20260322
I10,세종특별자치시교육청,9300315,나루초등학교,2025,,초등학교,휴업일,20260120,겨울방학,,Y,Y,Y,Y,Y,Y,20260322
I10,세종특별자치시교육청,9300315,나루초등학교,2025,,초등학교,휴업일,20260121,겨울방학,,Y,Y,Y,Y,Y,Y,20260322
I10,세종특별자치시교육청,9300315,나루초등학교,2025,,초등학교,휴업일,20260122,겨울방학,,Y,Y,Y,Y,Y,Y,20260322
I10,세종특별자치시교육청,9300315,나루초등학교,2025,,초등학교,휴업일,20260123,겨울방학,,Y,Y,Y,Y,Y,Y,20260322
I10,세종특별자치시교육청,9300315,나루초등학교,2025,,초등학교,휴업일,20260124,겨울방학,,Y,Y,Y,Y,Y,Y,20260322
I10,세종특별자치시교육청,9300315,나루초등학교,2025,,초등학교,휴업일,20260124,토요휴업일,,Y,Y,Y,Y,Y,Y,20260322
I10,세종특별자치시교육청,9300315,나루초등학교,2025,,초등학교,휴업일,20260125,겨울방학,,Y,Y,Y,Y,Y,Y,20260322
I10,세종특별자치시교육청,9300315,나루초등학교,2025,,초등학교,휴업일,20260126,겨울방학,,Y,Y,Y,Y,Y,Y,20260322
I10,세종특별자치시교육청,9300315,나루초등학교,2025,,초등학교,휴업일,20260127,겨울방학,,Y,Y,Y,Y,Y,Y,20260322
I10,세종특별자치시교육청,9300315,나루초등학교,2025,,초등학교,휴업일,20260128,겨울방학,,Y,Y,Y,Y,Y,Y,20260322
I10,세종특별자치시교육청,9300315,나루초등학교,2025,,초등학교,휴업일,20260129,겨울방학,,Y,Y,Y,Y,Y,Y,20260322
I10,세종특별자치시교육청,9300315,나루초등학교,2025,,초등학교,휴업일,20260130,겨울방학,,Y,Y,Y,Y,Y,Y,20260322
I10,세종특별자치시교육청,9300315,나루초등학교,2025,,초등학교,휴업일,20260131,겨울방학,,Y,Y,Y,Y,Y,Y,20260322
I10,세종특별자치시교육청,9300315,나루초등학교,2025,,초등학교,휴업일,20260131,토요휴업일,,Y,Y,Y,Y,Y,Y,20260322
I10,세종특별자치시교육청,9300315,나루초등학교,2025,,초등학교,휴업일,20260201,겨울방학,,Y,Y,Y,Y,Y,Y,20260322
I10,세종특별자치시교육청,9300315,나루초등학교,2025,,초등학교,휴업일,20260202,겨울방학,,Y,Y,Y,Y,Y,Y,20260322
I10,세종특별자치시교육청,9300315,나루초등학교,2025,,초등학교,휴업일,20260203,겨울방학,,Y,Y,Y,Y,Y,Y,20260322
I10,세종특별자치시교육청,9300315,나루초등학교,2025,,초등학교,휴업일,20260204,겨울방학,,Y,Y,Y,Y,Y,Y,20260322
I10,세종특별자치시교육청,9300315,나루초등학교,2025,,초등학교,휴업일,20260205,겨울방학,,Y,Y,Y,Y,Y,Y,20260322
I10,세종특별자치시교육청,9300315,나루초등학교,2025,,초등학교,휴업일,20260206,겨울방학,,Y,Y,Y,Y,Y,Y,20260322
I10,세종특별자치시교육청,9300315,나루초등학교,2025,,초등학교,휴업일,20260207,겨울방학,,Y,Y,Y,Y,Y,Y,20260322
I10,세종특별자치시교육청,9300315,나루초등학교,2025,,초등학교,휴업일,20260207,토요휴업일,,Y,Y,Y,Y,Y,Y,20260322
I10,세종특별자치시교육청,9300315,나루초등학교,2025,,초등학교,휴업일,20260208,겨울방학,,Y,Y,Y,Y,Y,Y,20260322
I10,세종특별자치시교육청,9300315,나루초등학교,2025,,초등학교,휴업일,20260209,겨울방학,,Y,Y,Y,Y,Y,Y,20260322
I10,세종특별자치시교육청,9300315,나루초등학교,2025,,초등학교,휴업일,20260210,겨울방학,,Y,Y,Y,Y,Y,Y,20260322
I10,세종특별자치시교육청,9300315,나루초등학교,2025,,초등학교,휴업일,20260211,겨울방학,,Y,Y,Y,Y,Y,Y,20260322
I10,세종특별자치시교육청,9300315,나루초등학교,2025,,초등학교,휴업일,20260212,겨울방학,,Y,Y,Y,Y,Y,Y,20260322
I10,세종특별자치시교육청,9300315,나루초등학교,2025,,초등학교,휴업일,20260213,겨울방학,,Y,Y,Y,Y,Y,Y,20260322
I10,세종특별자치시교육청,9300315,나루초등학교,2025,,초등학교,휴업일,20260214,겨울방학,,Y,Y,Y,Y,Y,Y,20260322
I10,세종특별자치시교육청,9300315,나루초등학교,2025,,초등학교,휴업일,20260214,토요휴업일,,Y,Y,Y,Y,Y,Y,20260322
I10,세종특별자치시교육청,9300315,나루초등학교,2025,,초등학교,휴업일,20260215,겨울방학,,Y,Y,Y,Y,Y,Y,20260322
I10,세종특별자치시교육청,9300315,나루초등학교,2025,,초등학교,휴업일,20260216,겨울방학,,Y,Y,Y,Y,Y,Y,20260322
I10,세종특별자치시교육청,9300315,나루초등학교,2025,,초등학교,공휴일,20260216,설날,,Y,Y,Y,Y,Y,Y,20260322
I10,세종특별자치시교육청,9300315,나루초등학교,2025,,초등학교,휴업일,20260217,겨울방학,,Y,Y,Y,Y,Y,Y,20260322
I10,세종특별자치시교육청,9300315,나루초등학교,2025,,초등학교,공휴일,20260217,설날,,Y,Y,Y,Y,Y,Y,20260322
I10,세종특별자치시교육청,9300315,나루초등학교,2025,,초등학교,휴업일,20260218,겨울방학,,Y,Y,Y,Y,Y,Y,20260322
I10,세종특별자치시교육청,9300315,나루초등학교,2025,,초등학교,공휴일,20260218,설날,,Y,Y,Y,Y,Y,Y,20260322
I10,세종특별자치시교육청,9300315,나루초등학교,2025,,초등학교,휴업일,20260219,겨울방학,,Y,Y,Y,Y,Y,Y,20260322
I10,세종특별자치시교육청,9300315,나루초등학교,2025,,초등학교,휴업일,20260220,겨울방학,,Y,Y,Y,Y,Y,Y,20260322
I10,세종특별자치시교육청,9300315,나루초등학교,2025,,초등학교,휴업일,20260221,겨울방학,,Y,Y,Y,Y,Y,Y,20260322
I10,세종특별자치시교육청,9300315,나루초등학교,2025,,초등학교,휴업일,20260221,토요휴업일,,Y,Y,Y,Y,Y,Y,20260322
I10,세종특별자치시교육청,9300315,나루초등학교,2025,,초등학교,휴업일,20260222,겨울방학,,Y,Y,Y,Y,Y,Y,20260322
I10,세종특별자치시교육청,9300315,나루초등학교,2025,,초등학교,휴업일,20260223,겨울방학,,Y,Y,Y,Y,Y,Y,20260322
I10,세종특별자치시교육청,9300315,나루초등학교,2025,,초등학교,휴업일,20260224,겨울방학,,Y,Y,Y,Y,Y,Y,20260322
I10,세종특별자치시교육청,9300315,나루초등학교,2025,,초등학교,휴업일,20260225,겨울방학,,Y,Y,Y,Y,Y,Y,20260322
I10,세종특별자치시교육청,9300315,나루초등학교,2025,,초등학교,휴업일,20260226,겨울방학,,Y,Y,Y,Y,Y,Y,20260322
I10,세종특별자치시교육청,9300315,나루초등학교,2025,,초등학교,휴업일,20260227,겨울방학,,Y,Y,Y,Y,Y,Y,20260322
I10,세종특별자치시교육청,9300315,나루초등학교,2025,,초등학교,휴업일,20260228,겨울방학,,Y,Y,Y,Y,Y,Y,20260322
I10,세종특별자치시교육청,9300315,나루초등학교,2025,,초등학교,휴업일,20260228,토요휴업일,,Y,Y,Y,Y,Y,Y,20260322
I10,세종특별자치시교육청,9300315,나루초등학교,2026,,초등학교,공휴일,20260301,3·1절,,Y,Y,Y,Y,Y,Y,20260322
I10,세종특별자치시교육청,9300315,나루초등학교,2026,,초등학교,공휴일,20260302,대체공휴일,,Y,Y,Y,Y,Y,Y,20260322
I10,세종특별자치시교육청,9300315,나루초등학교,2026,,초등학교,해당없음,20260303,입학식,,Y,N,N,N,N,N,20260322
I10,세종특별자치시교육청,9300315,나루초등학교,2026,,초등학교,해당없음,20260303,시업식,,N,Y,Y,Y,Y,Y,20260322
I10,세종특별자치시교육청,9300315,나루초등학교,2026,,초등학교,휴업일,20260307,토요휴업일,,Y,Y,Y,Y,Y,Y,20260322
I10,세종특별자치시교육청,9300315,나루초등학교,2026,,초등학교,휴업일,20260314,토요휴업일,,Y,Y,Y,Y,Y,Y,20260322
I10,세종특별자치시교육청,9300315,나루초등학교,2026,,초등학교,휴업일,20260321,토요휴업일,,Y,Y,Y,Y,Y,Y,20260322
I10,세종특별자치시교육청,9300315,나루초등학교,2026,,초등학교,휴업일,20260328,토요휴업일,,Y,Y,Y,Y,Y,Y,20260322
I10,세종특별자치시교육청,9300315,나루초등학교,2026,,초등학교,휴업일,20260404,토요휴업일,,Y,Y,Y,Y,Y,Y,20260322
I10,세종특별자치시교육청,9300315,나루초등학교,2026,,초등학교,휴업일,20260411,토요휴업일,,Y,Y,Y,Y,Y,Y,20260322
I10,세종특별자치시교육청,9300315,나루초등학교,2026,,초등학교,휴업일,20260418,토요휴업일,,Y,Y,Y,Y,Y,Y,20260322
I10,세종특별자치시교육청,9300315,나루초등학교,2026,,초등학교,휴업일,20260425,토요휴업일,,Y,Y,Y,Y,Y,Y,20260322
I10,세종특별자치시교육청,9300315,나루초등학교,2026,,초등학교,휴업일,20260501,개교기념일,,Y,Y,Y,Y,Y,Y,20260322
I10,세종특별자치시교육청,9300315,나루초등학교,2026,,초등학교,휴업일,20260502,토요휴업일,,Y,Y,Y,Y,Y,Y,20260322
I10,세종특별자치시교육청,9300315,나루초등학교,2026,,초등학교,휴업일,20260504,재량휴업일,,Y,Y,Y,Y,Y,Y,20260322
I10,세종특별자치시교육청,9300315,나루초등학교,2026,,초등학교,공휴일,20260505,어린이날,,Y,Y,Y,Y,Y,Y,20260322
I10,세종특별자치시교육청,9300315,나루초등학교,2026,,초등학교,휴업일,20260509,토요휴업일,,Y,Y,Y,Y,Y,Y,20260322
I10,세종특별자치시교육청,9300315,나루초등학교,2026,,초등학교,휴업일,20260516,토요휴업일,,Y,Y,Y,Y,Y,Y,20260322
I10,세종특별자치시교육청,9300315,나루초등학교,2026,,초등학교,휴업일,20260523,토요휴업일,,Y,Y,Y,Y,Y,Y,20260322
I10,세종특별자치시교육청,9300315,나루초등학교,2026,,초등학교,공휴일,20260524,석가탄신일,,Y,Y,Y,Y,Y,Y,20260322
I10,세종특별자치시교육청,9300315,나루초등학교,2026,,초등학교,공휴일,20260525,대체공휴일,,Y,Y,Y,Y,Y,Y,20260322
I10,세종특별자치시교육청,9300315,나루초등학교,2026,,초등학교,휴업일,20260530,토요휴업일,,Y,Y,Y,Y,Y,Y,20260322
I10,세종특별자치시교육청,9300315,나루초등학교,2026,,초등학교,공휴일,20260603,국회의원선거,,Y,Y,Y,Y,Y,Y,20260322
I10,세종특별자치시교육청,9300315,나루초등학교,2026,,초등학교,공휴일,20260606,현충일,,Y,Y,Y,Y,Y,Y,20260322
I10,세종특별자치시교육청,9300315,나루초등학교,2026,,초등학교,휴업일,20260613,토요휴업일,,Y,Y,Y,Y,Y,Y,20260322
I10,세종특별자치시교육청,9300315,나루초등학교,2026,,초등학교,휴업일,20260620,토요휴업일,,Y,Y,Y,Y,Y,Y,20260322
I10,세종특별자치시교육청,9300315,나루초등학교,2026,,초등학교,휴업일,20260627,토요휴업일,,Y,Y,Y,Y,Y,Y,20260322
I10,세종특별자치시교육청,9300315,나루초등학교,2026,,초등학교,휴업일,20260704,토요휴업일,,Y,Y,Y,Y,Y,Y,20260322
I10,세종특별자치시교육청,9300315,나루초등학교,2026,,초등학교,휴업일,20260711,토요휴업일,,Y,Y,Y,Y,Y,Y,20260322
I10,세종특별자치시교육청,9300315,나루초등학교,2026,,초등학교,공휴일,20260717,제헌절,,Y,Y,Y,Y,Y,Y,20260322
I10,세종특별자치시교육청,9300315,나루초등학교,2026,,초등학교,휴업일,20260718,토요휴업일,,Y,Y,Y,Y,Y,Y,20260322
I10,세종특별자치시교육청,9300315,나루초등학교,2026,,초등학교,해당없음,20260721,여름방학식,,Y,Y,Y,Y,Y,Y,20260322
I10,세종특별자치시교육청,9300315,나루초등학교,2026,,초등학교,휴업일,20260722,여름방학,,Y,Y,Y,Y,Y,Y,20260322
I10,세종특별자치시교육청,9300315,나루초등학교,2026,,초등학교,휴업일,20260723,여름방학,,Y,Y,Y,Y,Y,Y,20260322
I10,세종특별자치시교육청,9300315,나루초등학교,2026,,초등학교,휴업일,20260724,여름방학,,Y,Y,Y,Y,Y,Y,20260322
I10,세종특별자치시교육청,9300315,나루초등학교,2026,,초등학교,휴업일,20260725,여름방학,,Y,Y,Y,Y,Y,Y,20260322
I10,세종특별자치시교육청,9300315,나루초등학교,2026,,초등학교,휴업일,20260725,토요휴업일,,Y,Y,Y,Y,Y,Y,20260322
I10,세종특별자치시교육청,9300315,나루초등학교,2026,,초등학교,휴업일,20260726,여름방학,,Y,Y,Y,Y,Y,Y,20260322
I10,세종특별자치시교육청,9300315,나루초등학교,2026,,초등학교,휴업일,20260727,여름방학,,Y,Y,Y,Y,Y,Y,20260322
I10,세종특별자치시교육청,9300315,나루초등학교,2026,,초등학교,휴업일,20260728,여름방학,,Y,Y,Y,Y,Y,Y,20260322
I10,세종특별자치시교육청,9300315,나루초등학교,2026,,초등학교,휴업일,20260729,여름방학,,Y,Y,Y,Y,Y,Y,20260322
I10,세종특별자치시교육청,9300315,나루초등학교,2026,,초등학교,휴업일,20260730,여름방학,,Y,Y,Y,Y,Y,Y,20260322
I10,세종특별자치시교육청,9300315,나루초등학교,2026,,초등학교,휴업일,20260731,여름방학,,Y,Y,Y,Y,Y,Y,20260322
I10,세종특별자치시교육청,9300315,나루초등학교,2026,,초등학교,휴업일,20260801,여름방학,,Y,Y,Y,Y,Y,Y,20260322
I10,세종특별자치시교육청,9300315,나루초등학교,2026,,초등학교,휴업일,20260801,토요휴업일,,Y,Y,Y,Y,Y,Y,20260322
I10,세종특별자치시교육청,9300315,나루초등학교,2026,,초등학교,휴업일,20260802,여름방학,,Y,Y,Y,Y,Y,Y,20260322
I10,세종특별자치시교육청,9300315,나루초등학교,2026,,초등학교,휴업일,20260803,여름방학,,Y,Y,Y,Y,Y,Y,20260322
I10,세종특별자치시교육청,9300315,나루초등학교,2026,,초등학교,휴업일,20260804,여름방학,,Y,Y,Y,Y,Y,Y,20260322
I10,세종특별자치시교육청,9300315,나루초등학교,2026,,초등학교,휴업일,20260805,여름방학,,Y,Y,Y,Y,Y,Y,20260322
I10,세종특별자치시교육청,9300315,나루초등학교,2026,,초등학교,휴업일,20260806,여름방학,,Y,Y,Y,Y,Y,Y,20260322
I10,세종특별자치시교육청,9300315,나루초등학교,2026,,초등학교,휴업일,20260807,여름방학,,Y,Y,Y,Y,Y,Y,20260322
I10,세종특별자치시교육청,9300315,나루초등학교,2026,,초등학교,휴업일,20260808,여름방학,,Y,Y,Y,Y,Y,Y,20260322
I10,세종특별자치시교육청,9300315,나루초등학교,2026,,초등학교,휴업일,20260808,토요휴업일,,Y,Y,Y,Y,Y,Y,20260322
I10,세종특별자치시교육청,9300315,나루초등학교,2026,,초등학교,휴업일,20260809,여름방학,,Y,Y,Y,Y,Y,Y,20260322
I10,세종특별자치시교육청,9300315,나루초등학교,2026,,초등학교,휴업일,20260810,여름방학,,Y,Y,Y,Y,Y,Y,20260322
I10,세종특별자치시교육청,9300315,나루초등학교,2026,,초등학교,휴업일,20260811,여름방학,,Y,Y,Y,Y,Y,Y,20260322
I10,세종특별자치시교육청,9300315,나루초등학교,2026,,초등학교,휴업일,20260812,여름방학,,Y,Y,Y,Y,Y,Y,20260322
I10,세종특별자치시교육청,9300315,나루초등학교,2026,,초등학교,휴업일,20260813,여름방학,,Y,Y,Y,Y,Y,Y,20260322
I10,세종특별자치시교육청,9300315,나루초등학교,2026,,초등학교,휴업일,20260814,여름방학,,Y,Y,Y,Y,Y,Y,20260322
I10,세종특별자치시교육청,9300315,나루초등학교,2026,,초등학교,휴업일,20260815,여름방학,,Y,Y,Y,Y,Y,Y,20260322
I10,세종특별자치시교육청,9300315,나루초등학교,2026,,초등학교,공휴일,20260815,광복절,,Y,Y,Y,Y,Y,Y,20260322
I10,세종특별자치시교육청,9300315,나루초등학교,2026,,초등학교,휴업일,20260816,여름방학,,Y,Y,Y,Y,Y,Y,20260322
I10,세종특별자치시교육청,9300315,나루초등학교,2026,,초등학교,휴업일,20260817,여름방학,,Y,Y,Y,Y,Y,Y,20260322
I10,세종특별자치시교육청,9300315,나루초등학교,2026,,초등학교,공휴일,20260817,대체공휴일,,Y,Y,Y,Y,Y,Y,20260322
I10,세종특별자치시교육청,9300315,나루초등학교,2026,,초등학교,휴업일,20260818,여름방학,,Y,Y,Y,Y,Y,Y,20260322
I10,세종특별자치시교육청,9300315,나루초등학교,2026,,초등학교,휴업일,20260819,여름방학,,Y,Y,Y,Y,Y,Y,20260322
I10,세종특별자치시교육청,9300315,나루초등학교,2026,,초등학교,휴업일,20260820,여름방학,,Y,Y,Y,Y,Y,Y,20260322
I10,세종특별자치시교육청,9300315,나루초등학교,2026,,초등학교,해당없음,20260821,개학식,,Y,Y,Y,Y,Y,Y,20260322
I10,세종특별자치시교육청,9300315,나루초등학교,2026,,초등학교,휴업일,20260822,토요휴업일,,Y,Y,Y,Y,Y,Y,20260322
I10,세종특별자치시교육청,9300315,나루초등학교,2026,,초등학교,휴업일,20260829,토요휴업일,,Y,Y,Y,Y,Y,Y,20260322
I10,세종특별자치시교육청,9300315,나루초등학교,2026,,초등학교,휴업일,20260905,토요휴업일,,Y,Y,Y,Y,Y,Y,20260322
I10,세종특별자치시교육청,9300315,나루초등학교,2026,,초등학교,휴업일,20260912,토요휴업일,,Y,Y,Y,Y,Y,Y,20260322
I10,세종특별자치시교육청,9300315,나루초등학교,2026,,초등학교,휴업일,20260919,토요휴업일,,Y,Y,Y,Y,Y,Y,20260322
I10,세종특별자치시교육청,9300315,나루초등학교,2026,,초등학교,공휴일,20260924,대체공휴일,,Y,Y,Y,Y,Y,Y,20260322
I10,세종특별자치시교육청,9300315,나루초등학교,2026,,초등학교,공휴일,20260925,추석,,Y,Y,Y,Y,Y,Y,20260322
I10,세종특별자치시교육청,9300315,나루초등학교,2026,,초등학교,휴업일,20260926,토요휴업일,,Y,Y,Y,Y,Y,Y,20260322
I10,세종특별자치시교육청,9300315,나루초등학교,2026,,초등학교,공휴일,20261003,개천절,,Y,Y,Y,Y,Y,Y,20260322
I10,세종특별자치시교육청,9300315,나루초등학교,2026,,초등학교,공휴일,20261005,대체공휴일,,Y,Y,Y,Y,Y,Y,20260322
I10,세종특별자치시교육청,9300315,나루초등학교,2026,,초등학교,공휴일,20261009,한글날,,Y,Y,Y,Y,Y,Y,20260322
I10,세종특별자치시교육청,9300315,나루초등학교,2026,,초등학교,휴업일,20261010,토요휴업일,,Y,Y,Y,Y,Y,Y,20260322
I10,세종특별자치시교육청,9300315,나루초등학교,2026,,초등학교,휴업일,20261017,토요휴업일,,Y,Y,Y,Y,Y,Y,20260322
I10,세종특별자치시교육청,9300315,나루초등학교,2026,,초등학교,휴업일,20261024,토요휴업일,,Y,Y,Y,Y,Y,Y,20260322
I10,세종특별자치시교육청,9300315,나루초등학교,2026,,초등학교,휴업일,20261031,토요휴업일,,Y,Y,Y,Y,Y,Y,20260322
I10,세종특별자치시교육청,9300315,나루초등학교,2026,,초등학교,휴업일,20261107,토요휴업일,,Y,Y,Y,Y,Y,Y,20260322
I10,세종특별자치시교육청,9300315,나루초등학교,2026,,초등학교,휴업일,20261114,토요휴업일,,Y,Y,Y,Y,Y,Y,20260322
I10,세종특별자치시교육청,9300315,나루초등학교,2026,,초등학교,휴업일,20261121,토요휴업일,,Y,Y,Y,Y,Y,Y,20260322
I10,세종특별자치시교육청,9300315,나루초등학교,2026,,초등학교,휴업일,20261128,토요휴업일,,Y,Y,Y,Y,Y,Y,20260322
I10,세종특별자치시교육청,9300315,나루초등학교,2026,,초등학교,휴업일,20261205,토요휴업일,,Y,Y,Y,Y,Y,Y,20260322
I10,세종특별자치시교육청,9300315,나루초등학교,2026,,초등학교,휴업일,20261212,토요휴업일,,Y,Y,Y,Y,Y,Y,20260322
I10,세종특별자치시교육청,9300315,나루초등학교,2026,,초등학교,휴업일,20261219,토요휴업일,,Y,Y,Y,Y,Y,Y,20260322
I10,세종특별자치시교육청,9300315,나루초등학교,2026,,초등학교,공휴일,20261225,성탄절,,Y,Y,Y,Y,Y,Y,20260322
I10,세종특별자치시교육청,9300315,나루초등학교,2026,,초등학교,휴업일,20261226,토요휴업일,,Y,Y,Y,Y,Y,Y,20260322
I10,세종특별자치시교육청,9300315,나루초등학교,2026,,초등학교,공휴일,20270101,신정,,Y,Y,Y,Y,Y,Y,20260322
I10,세종특별자치시교육청,9300315,나루초등학교,2026,,초등학교,휴업일,20270102,토요휴업일,,Y,Y,Y,Y,Y,Y,20260322
I10,세종특별자치시교육청,9300315,나루초등학교,2026,,초등학교,해당없음,20270108,졸업식,,N,N,N,N,N,Y,20260322
I10,세종특별자치시교육청,9300315,나루초등학교,2026,,초등학교,해당없음,20270108,종업식,,Y,Y,Y,Y,Y,N,20260322
I10,세종특별자치시교육청,9300315,나루초등학교,2026,,초등학교,휴업일,20270109,겨울방학,,Y,Y,Y,Y,Y,Y,20260322
I10,세종특별자치시교육청,9300315,나루초등학교,2026,,초등학교,휴업일,20270109,토요휴업일,,Y,Y,Y,Y,Y,Y,20260322
I10,세종특별자치시교육청,9300315,나루초등학교,2026,,초등학교,휴업일,20270110,겨울방학,,Y,Y,Y,Y,Y,Y,20260322
I10,세종특별자치시교육청,9300315,나루초등학교,2026,,초등학교,휴업일,20270111,겨울방학,,Y,Y,Y,Y,Y,Y,20260322
I10,세종특별자치시교육청,9300315,나루초등학교,2026,,초등학교,휴업일,20270112,겨울방학,,Y,Y,Y,Y,Y,Y,20260322
I10,세종특별자치시교육청,9300315,나루초등학교,2026,,초등학교,휴업일,20270113,겨울방학,,Y,Y,Y,Y,Y,Y,20260322
I10,세종특별자치시교육청,9300315,나루초등학교,2026,,초등학교,휴업일,20270114,겨울방학,,Y,Y,Y,Y,Y,Y,20260322
I10,세종특별자치시교육청,9300315,나루초등학교,2026,,초등학교,휴업일,20270115,겨울방학,,Y,Y,Y,Y,Y,Y,20260322
I10,세종특별자치시교육청,9300315,나루초등학교,2026,,초등학교,휴업일,20270116,겨울방학,,Y,Y,Y,Y,Y,Y,20260322
I10,세종특별자치시교육청,9300315,나루초등학교,2026,,초등학교,휴업일,20270116,토요휴업일,,Y,Y,Y,Y,Y,Y,20260322
I10,세종특별자치시교육청,9300315,나루초등학교,2026,,초등학교,휴업일,20270117,겨울방학,,Y,Y,Y,Y,Y,Y,20260322
I10,세종특별자치시교육청,9300315,나루초등학교,2026,,초등학교,휴업일,20270118,겨울방학,,Y,Y,Y,Y,Y,Y,20260322
I10,세종특별자치시교육청,9300315,나루초등학교,2026,,초등학교,휴업일,20270119,겨울방학,,Y,Y,Y,Y,Y,Y,20260322
I10,세종특별자치시교육청,9300315,나루초등학교,2026,,초등학교,휴업일,20270120,겨울방학,,Y,Y,Y,Y,Y,Y,20260322
I10,세종특별자치시교육청,9300315,나루초등학교,2026,,초등학교,휴업일,20270121,겨울방학,,Y,Y,Y,Y,Y,Y,20260322
I10,세종특별자치시교육청,9300315,나루초등학교,2026,,초등학교,휴업일,20270122,겨울방학,,Y,Y,Y,Y,Y,Y,20260322
I10,세종특별자치시교육청,9300315,나루초등학교,2026,,초등학교,휴업일,20270123,겨울방학,,Y,Y,Y,Y,Y,Y,20260322
I10,세종특별자치시교육청,9300315,나루초등학교,2026,,초등학교,휴업일,20270123,토요휴업일,,Y,Y,Y,Y,Y,Y,20260322
I10,세종특별자치시교육청,9300315,나루초등학교,2026,,초등학교,휴업일,20270124,겨울방학,,Y,Y,Y,Y,Y,Y,20260322
I10,세종특별자치시교육청,9300315,나루초등학교,2026,,초등학교,휴업일,20270125,겨울방학,,Y,Y,Y,Y,Y,Y,20260322
I10,세종특별자치시교육청,9300315,나루초등학교,2026,,초등학교,휴업일,20270126,겨울방학,,Y,Y,Y,Y,Y,Y,20260322
I10,세종특별자치시교육청,9300315,나루초등학교,2026,,초등학교,휴업일,20270127,겨울방학,,Y,Y,Y,Y,Y,Y,20260322
I10,세종특별자치시교육청,9300315,나루초등학교,2026,,초등학교,휴업일,20270128,겨울방학,,Y,Y,Y,Y,Y,Y,20260322
I10,세종특별자치시교육청,9300315,나루초등학교,2026,,초등학교,휴업일,20270129,겨울방학,,Y,Y,Y,Y,Y,Y,20260322
I10,세종특별자치시교육청,9300315,나루초등학교,2026,,초등학교,휴업일,20270130,겨울방학,,Y,Y,Y,Y,Y,Y,20260322
I10,세종특별자치시교육청,9300315,나루초등학교,2026,,초등학교,휴업일,20270130,토요휴업일,,Y,Y,Y,Y,Y,Y,20260322
I10,세종특별자치시교육청,9300315,나루초등학교,2026,,초등학교,휴업일,20270131,겨울방학,,Y,Y,Y,Y,Y,Y,20260322
I10,세종특별자치시교육청,9300315,나루초등학교,2026,,초등학교,휴업일,20270201,겨울방학,,Y,Y,Y,Y,Y,Y,20260322
I10,세종특별자치시교육청,9300315,나루초등학교,2026,,초등학교,휴업일,20270202,겨울방학,,Y,Y,Y,Y,Y,Y,20260322
﻿I10,세종특별자치시교육청,9300315,나루초등학교,2026,,초등학교,휴업일,20270203,겨울방학,,Y,Y,Y,Y,Y,Y,20260322
I10,세종특별자치시교육청,9300315,나루초등학교,2026,,초등학교,휴업일,20270204,겨울방학,,Y,Y,Y,Y,Y,Y,20260322
I10,세종특별자치시교육청,9300315,나루초등학교,2026,,초등학교,휴업일,20270205,겨울방학,,Y,Y,Y,Y,Y,Y,20260322
I10,세종특별자치시교육청,9300315,나루초등학교,2026,,초등학교,휴업일,20270206,겨울방학,,Y,Y,Y,Y,Y,Y,20260322
I10,세종특별자치시교육청,9300315,나루초등학교,2026,,초등학교,휴업일,20270206,토요휴업일,,Y,Y,Y,Y,Y,Y,20260322
I10,세종특별자치시교육청,9300315,나루초등학교,2026,,초등학교,휴업일,20270207,겨울방학,,Y,Y,Y,Y,Y,Y,20260322
I10,세종특별자치시교육청,9300315,나루초등학교,2026,,초등학교,공휴일,20270207,설날,,Y,Y,Y,Y,Y,Y,20260322
I10,세종특별자치시교육청,9300315,나루초등학교,2026,,초등학교,휴업일,20270208,겨울방학,,Y,Y,Y,Y,Y,Y,20260322
I10,세종특별자치시교육청,9300315,나루초등학교,2026,,초등학교,휴업일,20270209,겨울방학,,Y,Y,Y,Y,Y,Y,20260322
I10,세종특별자치시교육청,9300315,나루초등학교,2026,,초등학교,휴업일,20270210,겨울방학,,Y,Y,Y,Y,Y,Y,20260322
I10,세종특별자치시교육청,9300315,나루초등학교,2026,,초등학교,휴업일,20270211,겨울방학,,Y,Y,Y,Y,Y,Y,20260322
I10,세종특별자치시교육청,9300315,나루초등학교,2026,,초등학교,휴업일,20270212,겨울방학,,Y,Y,Y,Y,Y,Y,20260322
I10,세종특별자치시교육청,9300315,나루초등학교,2026,,초등학교,휴업일,20270213,겨울방학,,Y,Y,Y,Y,Y,Y,20260322
I10,세종특별자치시교육청,9300315,나루초등학교,2026,,초등학교,휴업일,20270213,토요휴업일,,Y,Y,Y,Y,Y,Y,20260322
I10,세종특별자치시교육청,9300315,나루초등학교,2026,,초등학교,휴업일,20270214,겨울방학,,Y,Y,Y,Y,Y,Y,20260322
I10,세종특별자치시교육청,9300315,나루초등학교,2026,,초등학교,휴업일,20270215,겨울방학,,Y,Y,Y,Y,Y,Y,20260322
I10,세종특별자치시교육청,9300315,나루초등학교,2026,,초등학교,휴업일,20270216,겨울방학,,Y,Y,Y,Y,Y,Y,20260322
I10,세종특별자치시교육청,9300315,나루초등학교,2026,,초등학교,휴업일,20270217,겨울방학,,Y,Y,Y,Y,Y,Y,20260322
I10,세종특별자치시교육청,9300315,나루초등학교,2026,,초등학교,휴업일,20270218,겨울방학,,Y,Y,Y,Y,Y,Y,20260322
I10,세종특별자치시교육청,9300315,나루초등학교,2026,,초등학교,휴업일,20270219,겨울방학,,Y,Y,Y,Y,Y,Y,20260322
I10,세종특별자치시교육청,9300315,나루초등학교,2026,,초등학교,휴업일,20270220,겨울방학,,Y,Y,Y,Y,Y,Y,20260322
I10,세종특별자치시교육청,9300315,나루초등학교,2026,,초등학교,휴업일,20270220,토요휴업일,,Y,Y,Y,Y,Y,Y,20260322
I10,세종특별자치시교육청,9300315,나루초등학교,2026,,초등학교,휴업일,20270221,겨울방학,,Y,Y,Y,Y,Y,Y,20260322
I10,세종특별자치시교육청,9300315,나루초등학교,2026,,초등학교,휴업일,20270222,겨울방학,,Y,Y,Y,Y,Y,Y,20260322
I10,세종특별자치시교육청,9300315,나루초등학교,2026,,초등학교,휴업일,20270223,겨울방학,,Y,Y,Y,Y,Y,Y,20260322
I10,세종특별자치시교육청,9300315,나루초등학교,2026,,초등학교,휴업일,20270224,겨울방학,,Y,Y,Y,Y,Y,Y,20260322
I10,세종특별자치시교육청,9300315,나루초등학교,2026,,초등학교,휴업일,20270225,겨울방학,,Y,Y,Y,Y,Y,Y,20260322
I10,세종특별자치시교육청,9300315,나루초등학교,2026,,초등학교,휴업일,20270226,겨울방학,,Y,Y,Y,Y,Y,Y,20260322
I10,세종특별자치시교육청,9300315,나루초등학교,2026,,초등학교,휴업일,20270227,겨울방학,,Y,Y,Y,Y,Y,Y,20260322
I10,세종특별자치시교육청,9300315,나루초등학교,2026,,초등학교,휴업일,20270227,토요휴업일,,Y,Y,Y,Y,Y,Y,20260322
I10,세종특별자치시교육청,9300315,나루초등학교,2026,,초등학교,휴업일,20270228,겨울방학,,Y,Y,Y,Y,Y,Y,20260322
I10,세종특별자치시교육청,9300286,나성중학교,2025,주간,중학교,공휴일,20250301,3·1절,,Y,Y,Y,*,*,*,20260322
I10,세종특별자치시교육청,9300286,나성중학교,2025,주간,중학교,공휴일,20250303,대체공휴일,,Y,Y,Y,*,*,*,20260322
I10,세종특별자치시교육청,9300286,나성중학교,2025,주간,중학교,해당없음,20250304,입학식,,Y,N,N,*,*,*,20260322
I10,세종특별자치시교육청,9300286,나성중학교,2025,주간,중학교,해당없음,20250304,개학식,,N,Y,Y,*,*,*,20260322
I10,세종특별자치시교육청,9300286,나성중학교,2025,주간,중학교,해당없음,20250307,기초학력진단평가,,Y,Y,Y,*,*,*,20260322
I10,세종특별자치시교육청,9300286,나성중학교,2025,주간,중학교,휴업일,20250308,토요휴업일,,Y,Y,Y,*,*,*,20260322
I10,세종특별자치시교육청,9300286,나성중학교,2025,주간,중학교,휴업일,20250315,토요휴업일,,Y,Y,Y,*,*,*,20260322
I10,세종특별자치시교육청,9300286,나성중학교,2025,주간,중학교,휴업일,20250322,토요휴업일,,Y,Y,Y,*,*,*,20260322
I10,세종특별자치시교육청,9300286,나성중학교,2025,주간,중학교,휴업일,20250329,토요휴업일,,Y,Y,Y,*,*,*,20260322
I10,세종특별자치시교육청,9300286,나성중학교,2025,주간,중학교,해당없음,20250404,호수공원 걷기,,Y,Y,Y,*,*,*,20260322
I10,세종특별자치시교육청,9300286,나성중학교,2025,주간,중학교,휴업일,20250405,토요휴업일,,Y,Y,Y,*,*,*,20260322
I10,세종특별자치시교육청,9300286,나성중학교,2025,주간,중학교,휴업일,20250412,토요휴업일,,Y,Y,Y,*,*,*,20260322
I10,세종특별자치시교육청,9300286,나성중학교,2025,주간,중학교,휴업일,20250419,토요휴업일,,Y,Y,Y,*,*,*,20260322
I10,세종특별자치시교육청,9300286,나성중학교,2025,주간,중학교,해당없음,20250424,1회고사,,N,Y,Y,*,*,*,20260322
I10,세종특별자치시교육청,9300286,나성중학교,2025,주간,중학교,해당없음,20250425,1회고사,,N,Y,Y,*,*,*,20260322
I10,세종특별자치시교육청,9300286,나성중학교,2025,주간,중학교,휴업일,20250426,토요휴업일,,Y,Y,Y,*,*,*,20260322
I10,세종특별자치시교육청,9300286,나성중학교,2025,주간,중학교,휴업일,20250501,재량휴업일,,Y,Y,Y,*,*,*,20260322
I10,세종특별자치시교육청,9300286,나성중학교,2025,주간,중학교,휴업일,20250502,재량휴업일,,Y,Y,Y,*,*,*,20260322
I10,세종특별자치시교육청,9300286,나성중학교,2025,주간,중학교,휴업일,20250503,토요휴업일,,Y,Y,Y,*,*,*,20260322
I10,세종특별자치시교육청,9300286,나성중학교,2025,주간,중학교,공휴일,20250505,어린이날,,Y,Y,Y,*,*,*,20260322
I10,세종특별자치시교육청,9300286,나성중학교,2025,주간,중학교,공휴일,20250506,대체공휴일,,Y,Y,Y,*,*,*,20260322
I10,세종특별자치시교육청,9300286,나성중학교,2025,주간,중학교,휴업일,20250510,토요휴업일,,Y,Y,Y,*,*,*,20260322
I10,세종특별자치시교육청,9300286,나성중학교,2025,주간,중학교,해당없음,20250512,수학여행,,N,Y,N,*,*,*,20260322
I10,세종특별자치시교육청,9300286,나성중학교,2025,주간,중학교,해당없음,20250513,현장체험학습,,Y,N,Y,*,*,*,20260322
I10,세종특별자치시교육청,9300286,나성중학교,2025,주간,중학교,해당없음,20250513,수학여행,,N,Y,N,*,*,*,20260322
I10,세종특별자치시교육청,9300286,나성중학교,2025,주간,중학교,해당없음,20250514,수학여행,,N,Y,N,*,*,*,20260322
I10,세종특별자치시교육청,9300286,나성중학교,2025,주간,중학교,휴업일,20250517,토요휴업일,,Y,Y,Y,*,*,*,20260322
I10,세종특별자치시교육청,9300286,나성중학교,2025,주간,중학교,휴업일,20250524,토요휴업일,,Y,Y,Y,*,*,*,20260322
I10,세종특별자치시교육청,9300286,나성중학교,2025,주간,중학교,휴업일,20250531,토요휴업일,,Y,Y,Y,*,*,*,20260322
I10,세종특별자치시교육청,9300286,나성중학교,2025,주간,중학교,공휴일,20250603,대통령선거,,Y,Y,Y,*,*,*,20260322
I10,세종특별자치시교육청,9300286,나성중학교,2025,주간,중학교,공휴일,20250606,현충일,,Y,Y,Y,*,*,*,20260322
I10,세종특별자치시교육청,9300286,나성중학교,2025,주간,중학교,휴업일,20250607,토요휴업일,,Y,Y,Y,*,*,*,20260322
I10,세종특별자치시교육청,9300286,나성중학교,2025,주간,중학교,휴업일,20250614,토요휴업일,,Y,Y,Y,*,*,*,20260322
I10,세종특별자치시교육청,9300286,나성중학교,2025,주간,중학교,휴업일,20250621,토요휴업일,,Y,Y,Y,*,*,*,20260322
I10,세종특별자치시교육청,9300286,나성중학교,2025,주간,중학교,휴업일,20250628,토요휴업일,,Y,Y,Y,*,*,*,20260322
I10,세종특별자치시교육청,9300286,나성중학교,2025,주간,중학교,해당없음,20250701,2회고사,,N,Y,Y,*,*,*,20260322
I10,세종특별자치시교육청,9300286,나성중학교,2025,주간,중학교,해당없음,20250702,2회고사,,N,Y,Y,*,*,*,20260322
I10,세종특별자치시교육청,9300286,나성중학교,2025,주간,중학교,휴업일,20250705,토요휴업일,,Y,Y,Y,*,*,*,20260322
I10,세종특별자치시교육청,9300286,나성중학교,2025,주간,중학교,휴업일,20250712,토요휴업일,,Y,Y,Y,*,*,*,20260322
I10,세종특별자치시교육청,9300286,나성중학교,2025,주간,중학교,휴업일,20250719,토요휴업일,,Y,Y,Y,*,*,*,20260322
I10,세종특별자치시교육청,9300286,나성중학교,2025,주간,중학교,해당없음,20250721,여름방학식,,Y,Y,Y,*,*,*,20260322
I10,세종특별자치시교육청,9300286,나성중학교,2025,주간,중학교,휴업일,20250722,하계방학,,Y,Y,Y,*,*,*,20260322
I10,세종특별자치시교육청,9300286,나성중학교,2025,주간,중학교,휴업일,20250723,하계방학,,Y,Y,Y,*,*,*,20260322
I10,세종특별자치시교육청,9300286,나성중학교,2025,주간,중학교,휴업일,20250724,하계방학,,Y,Y,Y,*,*,*,20260322
I10,세종특별자치시교육청,9300286,나성중학교,2025,주간,중학교,휴업일,20250725,하계방학,,Y,Y,Y,*,*,*,20260322
I10,세종특별자치시교육청,9300286,나성중학교,2025,주간,중학교,휴업일,20250726,하계방학,,Y,Y,Y,*,*,*,20260322
I10,세종특별자치시교육청,9300286,나성중학교,2025,주간,중학교,휴업일,20250726,토요휴업일,,Y,Y,Y,*,*,*,20260322
I10,세종특별자치시교육청,9300286,나성중학교,2025,주간,중학교,휴업일,20250727,하계방학,,Y,Y,Y,*,*,*,20260322
I10,세종특별자치시교육청,9300286,나성중학교,2025,주간,중학교,휴업일,20250728,하계방학,,Y,Y,Y,*,*,*,20260322
I10,세종특별자치시교육청,9300286,나성중학교,2025,주간,중학교,휴업일,20250729,하계방학,,Y,Y,Y,*,*,*,20260322
I10,세종특별자치시교육청,9300286,나성중학교,2025,주간,중학교,휴업일,20250730,하계방학,,Y,Y,Y,*,*,*,20260322
I10,세종특별자치시교육청,9300286,나성중학교,2025,주간,중학교,휴업일,20250731,하계방학,,Y,Y,Y,*,*,*,20260322
I10,세종특별자치시교육청,9300286,나성중학교,2025,주간,중학교,휴업일,20250801,하계방학,,Y,Y,Y,*,*,*,20260322
I10,세종특별자치시교육청,9300286,나성중학교,2025,주간,중학교,휴업일,20250802,하계방학,,Y,Y,Y,*,*,*,20260322
I10,세종특별자치시교육청,9300286,나성중학교,2025,주간,중학교,휴업일,20250802,토요휴업일,,Y,Y,Y,*,*,*,20260322
I10,세종특별자치시교육청,9300286,나성중학교,2025,주간,중학교,휴업일,20250803,하계방학,,Y,Y,Y,*,*,*,20260322
I10,세종특별자치시교육청,9300286,나성중학교,2025,주간,중학교,휴업일,20250804,하계방학,,Y,Y,Y,*,*,*,20260322
I10,세종특별자치시교육청,9300286,나성중학교,2025,주간,중학교,휴업일,20250805,하계방학,,Y,Y,Y,*,*,*,20260322
I10,세종특별자치시교육청,9300286,나성중학교,2025,주간,중학교,휴업일,20250806,하계방학,,Y,Y,Y,*,*,*,20260322
I10,세종특별자치시교육청,9300286,나성중학교,2025,주간,중학교,휴업일,20250807,하계방학,,Y,Y,Y,*,*,*,20260322
I10,세종특별자치시교육청,9300286,나성중학교,2025,주간,중학교,휴업일,20250808,하계방학,,Y,Y,Y,*,*,*,20260322
I10,세종특별자치시교육청,9300286,나성중학교,2025,주간,중학교,휴업일,20250809,하계방학,,Y,Y,Y,*,*,*,20260322
I10,세종특별자치시교육청,9300286,나성중학교,2025,주간,중학교,휴업일,20250809,토요휴업일,,Y,Y,Y,*,*,*,20260322
I10,세종특별자치시교육청,9300286,나성중학교,2025,주간,중학교,휴업일,20250810,하계방학,,Y,Y,Y,*,*,*,20260322
I10,세종특별자치시교육청,9300286,나성중학교,2025,주간,중학교,휴업일,20250811,하계방학,,Y,Y,Y,*,*,*,20260322
I10,세종특별자치시교육청,9300286,나성중학교,2025,주간,중학교,휴업일,20250812,하계방학,,Y,Y,Y,*,*,*,20260322
I10,세종특별자치시교육청,9300286,나성중학교,2025,주간,중학교,휴업일,20250813,하계방학,,Y,Y,Y,*,*,*,20260322
I10,세종특별자치시교육청,9300286,나성중학교,2025,주간,중학교,휴업일,20250814,하계방학,,Y,Y,Y,*,*,*,20260322
I10,세종특별자치시교육청,9300286,나성중학교,2025,주간,중학교,휴업일,20250815,하계방학,,Y,Y,Y,*,*,*,20260322
I10,세종특별자치시교육청,9300286,나성중학교,2025,주간,중학교,공휴일,20250815,광복절,,Y,Y,Y,*,*,*,20260322
I10,세종특별자치시교육청,9300286,나성중학교,2025,주간,중학교,휴업일,20250816,하계방학,,Y,Y,Y,*,*,*,20260322
I10,세종특별자치시교육청,9300286,나성중학교,2025,주간,중학교,휴업일,20250816,토요휴업일,,Y,Y,Y,*,*,*,20260322
I10,세종특별자치시교육청,9300286,나성중학교,2025,주간,중학교,휴업일,20250817,하계방학,,Y,Y,Y,*,*,*,20260322
I10,세종특별자치시교육청,9300286,나성중학교,2025,주간,중학교,해당없음,20250818,개학식,,Y,Y,Y,*,*,*,20260322
I10,세종특별자치시교육청,9300286,나성중학교,2025,주간,중학교,휴업일,20250823,토요휴업일,,Y,Y,Y,*,*,*,20260322
I10,세종특별자치시교육청,9300286,나성중학교,2025,주간,중학교,휴업일,20250830,토요휴업일,,Y,Y,Y,*,*,*,20260322
I10,세종특별자치시교육청,9300286,나성중학교,2025,주간,중학교,휴업일,20250906,토요휴업일,,Y,Y,Y,*,*,*,20260322
I10,세종특별자치시교육청,9300286,나성중학교,2025,주간,중학교,휴업일,20250913,토요휴업일,,Y,Y,Y,*,*,*,20260322
I10,세종특별자치시교육청,9300286,나성중학교,2025,주간,중학교,휴업일,20250920,토요휴업일,,Y,Y,Y,*,*,*,20260322
I10,세종특별자치시교육청,9300286,나성중학교,2025,주간,중학교,휴업일,20250927,토요휴업일,,Y,Y,Y,*,*,*,20260322
I10,세종특별자치시교육청,9300286,나성중학교,2025,주간,중학교,해당없음,20250929,1회고사,,Y,Y,Y,*,*,*,20260322
I10,세종특별자치시교육청,9300286,나성중학교,2025,주간,중학교,해당없음,20250930,1회고사,,Y,Y,Y,*,*,*,20260322
I10,세종특별자치시교육청,9300286,나성중학교,2025,주간,중학교,공휴일,20251003,개천절,,Y,Y,Y,*,*,*,20260322
I10,세종특별자치시교육청,9300286,나성중학교,2025,주간,중학교,휴업일,20251004,토요휴업일,,Y,Y,Y,*,*,*,20260322
I10,세종특별자치시교육청,9300286,나성중학교,2025,주간,중학교,공휴일,20251005,추석,,Y,Y,Y,*,*,*,20260322
I10,세종특별자치시교육청,9300286,나성중학교,2025,주간,중학교,공휴일,20251006,추석,,Y,Y,Y,*,*,*,20260322
I10,세종특별자치시교육청,9300286,나성중학교,2025,주간,중학교,공휴일,20251007,추석,,Y,Y,Y,*,*,*,20260322
I10,세종특별자치시교육청,9300286,나성중학교,2025,주간,중학교,공휴일,20251008,대체공휴일,,Y,Y,Y,*,*,*,20260322
I10,세종특별자치시교육청,9300286,나성중학교,2025,주간,중학교,공휴일,20251009,한글날,,Y,Y,Y,*,*,*,20260322
I10,세종특별자치시교육청,9300286,나성중학교,2025,주간,중학교,휴업일,20251010,재량휴업일,,Y,Y,Y,*,*,*,20260322
I10,세종특별자치시교육청,9300286,나성중학교,2025,주간,중학교,휴업일,20251011,토요휴업일,,Y,Y,Y,*,*,*,20260322
I10,세종특별자치시교육청,9300286,나성중학교,2025,주간,중학교,해당없음,20251016,안전체험교육,1~4반,Y,N,N,*,*,*,20260322
I10,세종특별자치시교육청,9300286,나성중학교,2025,주간,중학교,휴업일,20251018,토요휴업일,,Y,Y,Y,*,*,*,20260322
I10,세종특별자치시교육청,9300286,나성중학교,2025,주간,중학교,해당없음,20251024,어울림한마당,,Y,Y,Y,*,*,*,20260322
I10,세종특별자치시교육청,9300286,나성중학교,2025,주간,중학교,휴업일,20251025,토요휴업일,,Y,Y,Y,*,*,*,20260322
I10,세종특별자치시교육청,9300286,나성중학교,2025,주간,중학교,해당없음,20251030,안전체험교육,5~8반,Y,N,N,*,*,*,20260322
I10,세종특별자치시교육청,9300286,나성중학교,2025,주간,중학교,휴업일,20251101,토요휴업일,,Y,Y,Y,*,*,*,20260322
I10,세종특별자치시교육청,9300286,나성중학교,2025,주간,중학교,휴업일,20251108,토요휴업일,,Y,Y,Y,*,*,*,20260322
I10,세종특별자치시교육청,9300286,나성중학교,2025,주간,중학교,해당없음,20251111,2회고사(3학년),,Y,Y,Y,*,*,*,20260322
I10,세종특별자치시교육청,9300286,나성중학교,2025,주간,중학교,해당없음,20251112,2회고사(3학년),,Y,Y,Y,*,*,*,20260322
I10,세종특별자치시교육청,9300286,나성중학교,2025,주간,중학교,휴업일,20251113,재량휴업일,,Y,Y,Y,*,*,*,20260322
I10,세종특별자치시교육청,9300286,나성중학교,2025,주간,중학교,휴업일,20251115,토요휴업일,,Y,Y,Y,*,*,*,20260322
I10,세종특별자치시교육청,9300286,나성중학교,2025,주간,중학교,휴업일,20251122,토요휴업일,,Y,Y,Y,*,*,*,20260322
I10,세종특별자치시교육청,9300286,나성중학교,2025,주간,중학교,휴업일,20251129,토요휴업일,,Y,Y,Y,*,*,*,20260322
I10,세종특별자치시교육청,9300286,나성중학교,2025,주간,중학교,휴업일,20251206,토요휴업일,,Y,Y,Y,*,*,*,20260322
I10,세종특별자치시교육청,9300286,나성중학교,2025,주간,중학교,휴업일,20251213,토요휴업일,,Y,Y,Y,*,*,*,20260322
I10,세종특별자치시교육청,9300286,나성중학교,2025,주간,중학교,해당없음,20251215,"2회고사(1,2학년)",,Y,Y,Y,*,*,*,20260322
I10,세종특별자치시교육청,9300286,나성중학교,2025,주간,중학교,해당없음,20251216,"2회고사(1,2학년)",,Y,Y,Y,*,*,*,20260322
I10,세종특별자치시교육청,9300286,나성중학교,2025,주간,중학교,휴업일,20251220,토요휴업일,,Y,Y,Y,*,*,*,20260322
I10,세종특별자치시교육청,9300286,나성중학교,2025,주간,중학교,공휴일,20251225,성탄절,,Y,Y,Y,*,*,*,20260322
I10,세종특별자치시교육청,9300286,나성중학교,2025,주간,중학교,휴업일,20251227,토요휴업일,,Y,Y,Y,*,*,*,20260322
I10,세종특별자치시교육청,9300286,나성중학교,2025,주간,중학교,해당없음,20251231,나성축제,,Y,Y,Y,*,*,*,20260322
I10,세종특별자치시교육청,9300286,나성중학교,2025,주간,중학교,공휴일,20260101,신정,,Y,Y,Y,*,*,*,20260322
I10,세종특별자치시교육청,9300286,나성중학교,2025,주간,중학교,휴업일,20260103,토요휴업일,,Y,Y,Y,*,*,*,20260322
I10,세종특별자치시교육청,9300286,나성중학교,2025,주간,중학교,해당없음,20260109,졸업식,,N,N,Y,*,*,*,20260322
I10,세종특별자치시교육청,9300286,나성중학교,2025,주간,중학교,해당없음,20260109,종업식,,Y,Y,N,*,*,*,20260322
I10,세종특별자치시교육청,9300286,나성중학교,2025,주간,중학교,휴업일,20260110,동계방학,,Y,Y,Y,*,*,*,20260322
I10,세종특별자치시교육청,9300286,나성중학교,2025,주간,중학교,휴업일,20260110,토요휴업일,,Y,Y,Y,*,*,*,20260322
I10,세종특별자치시교육청,9300286,나성중학교,2025,주간,중학교,휴업일,20260111,동계방학,,Y,Y,Y,*,*,*,20260322
I10,세종특별자치시교육청,9300286,나성중학교,2025,주간,중학교,휴업일,20260112,동계방학,,Y,Y,Y,*,*,*,20260322
I10,세종특별자치시교육청,9300286,나성중학교,2025,주간,중학교,휴업일,20260113,동계방학,,Y,Y,Y,*,*,*,20260322
I10,세종특별자치시교육청,9300286,나성중학교,2025,주간,중학교,휴업일,20260114,동계방학,,Y,Y,Y,*,*,*,20260322
I10,세종특별자치시교육청,9300286,나성중학교,2025,주간,중학교,휴업일,20260115,동계방학,,Y,Y,Y,*,*,*,20260322
I10,세종특별자치시교육청,9300286,나성중학교,2025,주간,중학교,휴업일,20260116,동계방학,,Y,Y,Y,*,*,*,20260322
I10,세종특별자치시교육청,9300286,나성중학교,2025,주간,중학교,휴업일,20260117,동계방학,,Y,Y,Y,*,*,*,20260322
I10,세종특별자치시교육청,9300286,나성중학교,2025,주간,중학교,휴업일,20260117,토요휴업일,,Y,Y,Y,*,*,*,20260322
I10,세종특별자치시교육청,9300286,나성중학교,2025,주간,중학교,휴업일,20260118,동계방학,,Y,Y,Y,*,*,*,20260322
I10,세종특별자치시교육청,9300286,나성중학교,2025,주간,중학교,휴업일,20260119,동계방학,,Y,Y,Y,*,*,*,20260322
I10,세종특별자치시교육청,9300286,나성중학교,2025,주간,중학교,휴업일,20260120,동계방학,,Y,Y,Y,*,*,*,20260322
I10,세종특별자치시교육청,9300286,나성중학교,2025,주간,중학교,휴업일,20260121,동계방학,,Y,Y,Y,*,*,*,20260322
I10,세종특별자치시교육청,9300286,나성중학교,2025,주간,중학교,휴업일,20260122,동계방학,,Y,Y,Y,*,*,*,20260322
I10,세종특별자치시교육청,9300286,나성중학교,2025,주간,중학교,휴업일,20260123,동계방학,,Y,Y,Y,*,*,*,20260322
I10,세종특별자치시교육청,9300286,나성중학교,2025,주간,중학교,휴업일,20260124,동계방학,,Y,Y,Y,*,*,*,20260322
I10,세종특별자치시교육청,9300286,나성중학교,2025,주간,중학교,휴업일,20260124,토요휴업일,,Y,Y,Y,*,*,*,20260322
I10,세종특별자치시교육청,9300286,나성중학교,2025,주간,중학교,휴업일,20260125,동계방학,,Y,Y,Y,*,*,*,20260322
I10,세종특별자치시교육청,9300286,나성중학교,2025,주간,중학교,휴업일,20260126,동계방학,,Y,Y,Y,*,*,*,20260322
I10,세종특별자치시교육청,9300286,나성중학교,2025,주간,중학교,휴업일,20260127,동계방학,,Y,Y,Y,*,*,*,20260322
I10,세종특별자치시교육청,9300286,나성중학교,2025,주간,중학교,휴업일,20260128,동계방학,,Y,Y,Y,*,*,*,20260322
I10,세종특별자치시교육청,9300286,나성중학교,2025,주간,중학교,휴업일,20260129,동계방학,,Y,Y,Y,*,*,*,20260322
I10,세종특별자치시교육청,9300286,나성중학교,2025,주간,중학교,휴업일,20260130,동계방학,,Y,Y,Y,*,*,*,20260322
I10,세종특별자치시교육청,9300286,나성중학교,2025,주간,중학교,휴업일,20260131,동계방학,,Y,Y,Y,*,*,*,20260322
I10,세종특별자치시교육청,9300286,나성중학교,2025,주간,중학교,휴업일,20260131,토요휴업일,,Y,Y,Y,*,*,*,20260322
I10,세종특별자치시교육청,9300286,나성중학교,2025,주간,중학교,휴업일,20260201,동계방학,,Y,Y,Y,*,*,*,20260322
I10,세종특별자치시교육청,9300286,나성중학교,2025,주간,중학교,휴업일,20260202,동계방학,,Y,Y,Y,*,*,*,20260322
I10,세종특별자치시교육청,9300286,나성중학교,2025,주간,중학교,휴업일,20260203,동계방학,,Y,Y,Y,*,*,*,20260322
I10,세종특별자치시교육청,9300286,나성중학교,2025,주간,중학교,휴업일,20260204,동계방학,,Y,Y,Y,*,*,*,20260322
I10,세종특별자치시교육청,9300286,나성중학교,2025,주간,중학교,휴업일,20260205,동계방학,,Y,Y,Y,*,*,*,20260322
I10,세종특별자치시교육청,9300286,나성중학교,2025,주간,중학교,휴업일,20260206,동계방학,,Y,Y,Y,*,*,*,20260322
I10,세종특별자치시교육청,9300286,나성중학교,2025,주간,중학교,휴업일,20260207,동계방학,,Y,Y,Y,*,*,*,20260322
I10,세종특별자치시교육청,9300286,나성중학교,2025,주간,중학교,휴업일,20260207,토요휴업일,,Y,Y,Y,*,*,*,20260322
I10,세종특별자치시교육청,9300286,나성중학교,2025,주간,중학교,휴업일,20260208,동계방학,,Y,Y,Y,*,*,*,20260322
I10,세종특별자치시교육청,9300286,나성중학교,2025,주간,중학교,휴업일,20260209,동계방학,,Y,Y,Y,*,*,*,20260322
I10,세종특별자치시교육청,9300286,나성중학교,2025,주간,중학교,휴업일,20260210,동계방학,,Y,Y,Y,*,*,*,20260322
I10,세종특별자치시교육청,9300286,나성중학교,2025,주간,중학교,휴업일,20260211,동계방학,,Y,Y,Y,*,*,*,20260322
I10,세종특별자치시교육청,9300286,나성중학교,2025,주간,중학교,휴업일,20260212,동계방학,,Y,Y,Y,*,*,*,20260322
I10,세종특별자치시교육청,9300286,나성중학교,2025,주간,중학교,휴업일,20260213,동계방학,,Y,Y,Y,*,*,*,20260322
I10,세종특별자치시교육청,9300286,나성중학교,2025,주간,중학교,휴업일,20260214,동계방학,,Y,Y,Y,*,*,*,20260322
I10,세종특별자치시교육청,9300286,나성중학교,2025,주간,중학교,휴업일,20260214,토요휴업일,,Y,Y,Y,*,*,*,20260322
I10,세종특별자치시교육청,9300286,나성중학교,2025,주간,중학교,휴업일,20260215,동계방학,,Y,Y,Y,*,*,*,20260322
I10,세종특별자치시교육청,9300286,나성중학교,2025,주간,중학교,휴업일,20260216,동계방학,,Y,Y,Y,*,*,*,20260322
I10,세종특별자치시교육청,9300286,나성중학교,2025,주간,중학교,공휴일,20260216,설날,,Y,Y,Y,*,*,*,20260322
I10,세종특별자치시교육청,9300286,나성중학교,2025,주간,중학교,휴업일,20260217,동계방학,,Y,Y,Y,*,*,*,20260322
I10,세종특별자치시교육청,9300286,나성중학교,2025,주간,중학교,공휴일,20260217,설날,,Y,Y,Y,*,*,*,20260322
I10,세종특별자치시교육청,9300286,나성중학교,2025,주간,중학교,휴업일,20260218,동계방학,,Y,Y,Y,*,*,*,20260322
I10,세종특별자치시교육청,9300286,나성중학교,2025,주간,중학교,공휴일,20260218,설날,,Y,Y,Y,*,*,*,20260322
I10,세종특별자치시교육청,9300286,나성중학교,2025,주간,중학교,휴업일,20260219,동계방학,,Y,Y,Y,*,*,*,20260322
I10,세종특별자치시교육청,9300286,나성중학교,2025,주간,중학교,휴업일,20260220,동계방학,,Y,Y,Y,*,*,*,20260322
I10,세종특별자치시교육청,9300286,나성중학교,2025,주간,중학교,휴업일,20260221,동계방학,,Y,Y,Y,*,*,*,20260322
I10,세종특별자치시교육청,9300286,나성중학교,2025,주간,중학교,휴업일,20260221,토요휴업일,,Y,Y,Y,*,*,*,20260322
I10,세종특별자치시교육청,9300286,나성중학교,2025,주간,중학교,휴업일,20260222,동계방학,,Y,Y,Y,*,*,*,20260322
I10,세종특별자치시교육청,9300286,나성중학교,2025,주간,중학교,휴업일,20260223,동계방학,,Y,Y,Y,*,*,*,20260322
I10,세종특별자치시교육청,9300286,나성중학교,2025,주간,중학교,휴업일,20260224,동계방학,,Y,Y,Y,*,*,*,20260322
I10,세종특별자치시교육청,9300286,나성중학교,2025,주간,중학교,휴업일,20260225,동계방학,,Y,Y,Y,*,*,*,20260322
I10,세종특별자치시교육청,9300286,나성중학교,2025,주간,중학교,휴업일,20260226,동계방학,,Y,Y,Y,*,*,*,20260322
I10,세종특별자치시교육청,9300286,나성중학교,2025,주간,중학교,휴업일,20260227,동계방학,,Y,Y,Y,*,*,*,20260322
I10,세종특별자치시교육청,9300286,나성중학교,2025,주간,중학교,휴업일,20260228,동계방학,,Y,Y,Y,*,*,*,20260322
I10,세종특별자치시교육청,9300286,나성중학교,2025,주간,중학교,휴업일,20260228,토요휴업일,,Y,Y,Y,*,*,*,20260322
I10,세종특별자치시교육청,9300286,나성중학교,2026,주간,중학교,공휴일,20260301,3·1절,,Y,Y,Y,*,*,*,20260322
I10,세종특별자치시교육청,9300286,나성중학교,2026,주간,중학교,공휴일,20260302,대체공휴일,,Y,Y,Y,*,*,*,20260322
I10,세종특별자치시교육청,9300286,나성중학교,2026,주간,중학교,해당없음,20260303,입학식,입학식,Y,N,N,*,*,*,20260322
I10,세종특별자치시교육청,9300286,나성중학교,2026,주간,중학교,해당없음,20260303,개학식,개학식,N,Y,Y,*,*,*,20260322
I10,세종특별자치시교육청,9300286,나성중학교,2026,주간,중학교,휴업일,20260307,토요휴업일,,Y,Y,Y,*,*,*,20260322
I10,세종특별자치시교육청,9300286,나성중학교,2026,주간,중학교,휴업일,20260314,토요휴업일,,Y,Y,Y,*,*,*,20260322
I10,세종특별자치시교육청,9300286,나성중학교,2026,주간,중학교,휴업일,20260321,토요휴업일,,Y,Y,Y,*,*,*,20260322
I10,세종특별자치시교육청,9300286,나성중학교,2026,주간,중학교,휴업일,20260328,토요휴업일,,Y,Y,Y,*,*,*,20260322
I10,세종특별자치시교육청,9300286,나성중학교,2026,주간,중학교,휴업일,20260404,토요휴업일,,Y,Y,Y,*,*,*,20260322
I10,세종특별자치시교육청,9300286,나성중학교,2026,주간,중학교,휴업일,20260411,토요휴업일,,Y,Y,Y,*,*,*,20260322
I10,세종특별자치시교육청,9300286,나성중학교,2026,주간,중학교,휴업일,20260418,토요휴업일,,Y,Y,Y,*,*,*,20260322
I10,세종특별자치시교육청,9300286,나성중학교,2026,주간,중학교,휴업일,20260425,토요휴업일,,Y,Y,Y,*,*,*,20260322
I10,세종특별자치시교육청,9300286,나성중학교,2026,주간,중학교,해당없음,20260429,1회고사,"1회고사(2,3학년)",N,Y,Y,*,*,*,20260322
I10,세종특별자치시교육청,9300286,나성중학교,2026,주간,중학교,해당없음,20260430,1회고사,"1회고사(2,3학년)",N,Y,Y,*,*,*,20260322
I10,세종특별자치시교육청,9300286,나성중학교,2026,주간,중학교,휴업일,20260501,재량휴업일,재량휴업일(개교기념일),Y,Y,Y,*,*,*,20260322
I10,세종특별자치시교육청,9300286,나성중학교,2026,주간,중학교,휴업일,20260502,토요휴업일,,Y,Y,Y,*,*,*,20260322
I10,세종특별자치시교육청,9300286,나성중학교,2026,주간,중학교,휴업일,20260504,재량휴업일,재량휴업일,Y,Y,Y,*,*,*,20260322
I10,세종특별자치시교육청,9300286,나성중학교,2026,주간,중학교,공휴일,20260505,어린이날,,Y,Y,Y,*,*,*,20260322
I10,세종특별자치시교육청,9300286,나성중학교,2026,주간,중학교,휴업일,20260509,토요휴업일,,Y,Y,Y,*,*,*,20260322
I10,세종특별자치시교육청,9300286,나성중학교,2026,주간,중학교,휴업일,20260516,토요휴업일,,Y,Y,Y,*,*,*,20260322
I10,세종특별자치시교육청,9300286,나성중학교,2026,주간,중학교,해당없음,20260518,수학여행,수학여행(2학년),N,Y,N,*,*,*,20260322
I10,세종특별자치시교육청,9300286,나성중학교,2026,주간,중학교,해당없음,20260519,현장체험학습,"현장체험학습(1,3학년)",Y,N,Y,*,*,*,20260322
I10,세종특별자치시교육청,9300286,나성중학교,2026,주간,중학교,해당없음,20260519,수학여행,수학여행(2학년),N,Y,N,*,*,*,20260322
I10,세종특별자치시교육청,9300286,나성중학교,2026,주간,중학교,해당없음,20260520,수학여행,수학여행(2학년),N,Y,N,*,*,*,20260322
I10,세종특별자치시교육청,9300286,나성중학교,2026,주간,중학교,휴업일,20260523,토요휴업일,,Y,Y,Y,*,*,*,20260322
I10,세종특별자치시교육청,9300286,나성중학교,2026,주간,중학교,공휴일,20260524,석가탄신일,,Y,Y,Y,*,*,*,20260322
I10,세종특별자치시교육청,9300286,나성중학교,2026,주간,중학교,공휴일,20260525,대체공휴일,,Y,Y,Y,*,*,*,20260322
I10,세종특별자치시교육청,9300286,나성중학교,2026,주간,중학교,휴업일,20260530,토요휴업일,,Y,Y,Y,*,*,*,20260322
I10,세종특별자치시교육청,9300286,나성중학교,2026,주간,중학교,공휴일,20260603,지방선거,지방선거,Y,Y,Y,*,*,*,20260322
I10,세종특별자치시교육청,9300286,나성중학교,2026,주간,중학교,공휴일,20260606,현충일,,Y,Y,Y,*,*,*,20260322
I10,세종특별자치시교육청,9300286,나성중학교,2026,주간,중학교,휴업일,20260613,토요휴업일,,Y,Y,Y,*,*,*,20260322
I10,세종특별자치시교육청,9300286,나성중학교,2026,주간,중학교,휴업일,20260620,토요휴업일,,Y,Y,Y,*,*,*,20260322
I10,세종특별자치시교육청,9300286,나성중학교,2026,주간,중학교,휴업일,20260627,토요휴업일,,Y,Y,Y,*,*,*,20260322
I10,세종특별자치시교육청,9300286,나성중학교,2026,주간,중학교,해당없음,20260702,2회고사,"2회고사(2,3학년)",N,Y,Y,*,*,*,20260322
I10,세종특별자치시교육청,9300286,나성중학교,2026,주간,중학교,해당없음,20260703,2회고사,"2회고사(2,3학년)",N,Y,Y,*,*,*,20260322
I10,세종특별자치시교육청,9300286,나성중학교,2026,주간,중학교,휴업일,20260704,토요휴업일,,Y,Y,Y,*,*,*,20260322
I10,세종특별자치시교육청,9300286,나성중학교,2026,주간,중학교,휴업일,20260711,토요휴업일,,Y,Y,Y,*,*,*,20260322
I10,세종특별자치시교육청,9300286,나성중학교,2026,주간,중학교,공휴일,20260717,제헌절,,Y,Y,Y,*,*,*,20260322
I10,세종특별자치시교육청,9300286,나성중학교,2026,주간,중학교,휴업일,20260718,토요휴업일,,Y,Y,Y,*,*,*,20260322
I10,세종특별자치시교육청,9300286,나성중학교,2026,주간,중학교,해당없음,20260720,여름방학식,방학식,Y,Y,Y,*,*,*,20260322
I10,세종특별자치시교육청,9300286,나성중학교,2026,주간,중학교,휴업일,20260721,하계방학,"여름방학(1,2,3학년)",Y,Y,Y,*,*,*,20260322
I10,세종특별자치시교육청,9300286,나성중학교,2026,주간,중학교,휴업일,20260722,하계방학,"여름방학(1,2,3학년)",Y,Y,Y,*,*,*,20260322
I10,세종특별자치시교육청,9300286,나성중학교,2026,주간,중학교,휴업일,20260723,하계방학,"여름방학(1,2,3학년)",Y,Y,Y,*,*,*,20260322
I10,세종특별자치시교육청,9300286,나성중학교,2026,주간,중학교,휴업일,20260724,하계방학,"여름방학(1,2,3학년)",Y,Y,Y,*,*,*,20260322
I10,세종특별자치시교육청,9300286,나성중학교,2026,주간,중학교,휴업일,20260725,하계방학,"여름방학(1,2,3학년)",Y,Y,Y,*,*,*,20260322
I10,세종특별자치시교육청,9300286,나성중학교,2026,주간,중학교,휴업일,20260725,토요휴업일,,Y,Y,Y,*,*,*,20260322
I10,세종특별자치시교육청,9300286,나성중학교,2026,주간,중학교,휴업일,20260726,하계방학,"여름방학(1,2,3학년)",Y,Y,Y,*,*,*,20260322
I10,세종특별자치시교육청,9300286,나성중학교,2026,주간,중학교,휴업일,20260727,하계방학,"여름방학(1,2,3학년)",Y,Y,Y,*,*,*,20260322
I10,세종특별자치시교육청,9300286,나성중학교,2026,주간,중학교,휴업일,20260728,하계방학,"여름방학(1,2,3학년)",Y,Y,Y,*,*,*,20260322
I10,세종특별자치시교육청,9300286,나성중학교,2026,주간,중학교,휴업일,20260729,하계방학,"여름방학(1,2,3학년)",Y,Y,Y,*,*,*,20260322
I10,세종특별자치시교육청,9300286,나성중학교,2026,주간,중학교,휴업일,20260730,하계방학,"여름방학(1,2,3학년)",Y,Y,Y,*,*,*,20260322
I10,세종특별자치시교육청,9300286,나성중학교,2026,주간,중학교,휴업일,20260731,하계방학,"여름방학(1,2,3학년)",Y,Y,Y,*,*,*,20260322
I10,세종특별자치시교육청,9300286,나성중학교,2026,주간,중학교,휴업일,20260801,하계방학,"여름방학(1,2,3학년)",Y,Y,Y,*,*,*,20260322
I10,세종특별자치시교육청,9300286,나성중학교,2026,주간,중학교,휴업일,20260801,토요휴업일,,Y,Y,Y,*,*,*,20260322
I10,세종특별자치시교육청,9300286,나성중학교,2026,주간,중학교,휴업일,20260802,하계방학,"여름방학(1,2,3학년)",Y,Y,Y,*,*,*,20260322
I10,세종특별자치시교육청,9300286,나성중학교,2026,주간,중학교,휴업일,20260803,하계방학,"여름방학(1,2,3학년)",Y,Y,Y,*,*,*,20260322
I10,세종특별자치시교육청,9300286,나성중학교,2026,주간,중학교,휴업일,20260804,하계방학,"여름방학(1,2,3학년)",Y,Y,Y,*,*,*,20260322
I10,세종특별자치시교육청,9300286,나성중학교,2026,주간,중학교,휴업일,20260805,하계방학,"여름방학(1,2,3학년)",Y,Y,Y,*,*,*,20260322
I10,세종특별자치시교육청,9300286,나성중학교,2026,주간,중학교,휴업일,20260806,하계방학,"여름방학(1,2,3학년)",Y,Y,Y,*,*,*,20260322
I10,세종특별자치시교육청,9300286,나성중학교,2026,주간,중학교,휴업일,20260807,하계방학,"여름방학(1,2,3학년)",Y,Y,Y,*,*,*,20260322
I10,세종특별자치시교육청,9300286,나성중학교,2026,주간,중학교,휴업일,20260808,하계방학,"여름방학(1,2,3학년)",Y,Y,Y,*,*,*,20260322
I10,세종특별자치시교육청,9300286,나성중학교,2026,주간,중학교,휴업일,20260808,토요휴업일,,Y,Y,Y,*,*,*,20260322
I10,세종특별자치시교육청,9300286,나성중학교,2026,주간,중학교,휴업일,20260809,하계방학,"여름방학(1,2,3학년)",Y,Y,Y,*,*,*,20260322
I10,세종특별자치시교육청,9300286,나성중학교,2026,주간,중학교,휴업일,20260810,하계방학,"여름방학(1,2,3학년)",Y,Y,Y,*,*,*,20260322
I10,세종특별자치시교육청,9300286,나성중학교,2026,주간,중학교,휴업일,20260811,하계방학,"여름방학(1,2,3학년)",Y,Y,Y,*,*,*,20260322
I10,세종특별자치시교육청,9300286,나성중학교,2026,주간,중학교,휴업일,20260812,하계방학,"여름방학(1,2,3학년)",Y,Y,Y,*,*,*,20260322
I10,세종특별자치시교육청,9300286,나성중학교,2026,주간,중학교,휴업일,20260813,하계방학,"여름방학(1,2,3학년)",Y,Y,Y,*,*,*,20260322
I10,세종특별자치시교육청,9300286,나성중학교,2026,주간,중학교,휴업일,20260814,하계방학,"여름방학(1,2,3학년)",Y,Y,Y,*,*,*,20260322
I10,세종특별자치시교육청,9300286,나성중학교,2026,주간,중학교,휴업일,20260815,하계방학,"여름방학(1,2,3학년)",Y,Y,Y,*,*,*,20260322
I10,세종특별자치시교육청,9300286,나성중학교,2026,주간,중학교,공휴일,20260815,광복절,,Y,Y,Y,*,*,*,20260322
I10,세종특별자치시교육청,9300286,나성중학교,2026,주간,중학교,휴업일,20260816,하계방학,"여름방학(1,2,3학년)",Y,Y,Y,*,*,*,20260322
I10,세종특별자치시교육청,9300286,나성중학교,2026,주간,중학교,휴업일,20260817,하계방학,"여름방학(1,2,3학년)",Y,Y,Y,*,*,*,20260322
I10,세종특별자치시교육청,9300286,나성중학교,2026,주간,중학교,공휴일,20260817,대체공휴일,,Y,Y,Y,*,*,*,20260322
I10,세종특별자치시교육청,9300286,나성중학교,2026,주간,중학교,휴업일,20260818,하계방학,"여름방학(1,2,3학년)",Y,Y,Y,*,*,*,20260322
I10,세종특별자치시교육청,9300286,나성중학교,2026,주간,중학교,해당없음,20260819,개학식,개학식,Y,Y,Y,*,*,*,20260322
I10,세종특별자치시교육청,9300286,나성중학교,2026,주간,중학교,휴업일,20260822,토요휴업일,,Y,Y,Y,*,*,*,20260322
I10,세종특별자치시교육청,9300286,나성중학교,2026,주간,중학교,휴업일,20260829,토요휴업일,,Y,Y,Y,*,*,*,20260322
I10,세종특별자치시교육청,9300286,나성중학교,2026,주간,중학교,휴업일,20260905,토요휴업일,,Y,Y,Y,*,*,*,20260322
I10,세종특별자치시교육청,9300286,나성중학교,2026,주간,중학교,휴업일,20260912,토요휴업일,,Y,Y,Y,*,*,*,20260322
I10,세종특별자치시교육청,9300286,나성중학교,2026,주간,중학교,휴업일,20260919,토요휴업일,,Y,Y,Y,*,*,*,20260322
I10,세종특별자치시교육청,9300286,나성중학교,2026,주간,중학교,해당없음,20260921,1회고사,"1회고사(1,2,3학년)",Y,Y,Y,*,*,*,20260322
I10,세종특별자치시교육청,9300286,나성중학교,2026,주간,중학교,해당없음,20260922,1회고사,"1회고사(1,2,3학년)",Y,Y,Y,*,*,*,20260322
I10,세종특별자치시교육청,9300286,나성중학교,2026,주간,중학교,공휴일,20260924,추석연휴,추석연휴,Y,Y,Y,*,*,*,20260322
I10,세종특별자치시교육청,9300286,나성중학교,2026,주간,중학교,공휴일,20260925,추석,,Y,Y,Y,*,*,*,20260322
I10,세종특별자치시교육청,9300286,나성중학교,2026,주간,중학교,휴업일,20260926,토요휴업일,,Y,Y,Y,*,*,*,20260322
I10,세종특별자치시교육청,9300286,나성중학교,2026,주간,중학교,공휴일,20261003,개천절,,Y,Y,Y,*,*,*,20260322
I10,세종특별자치시교육청,9300286,나성중학교,2026,주간,중학교,공휴일,20261005,대체공휴일,,Y,Y,Y,*,*,*,20260322
I10,세종특별자치시교육청,9300286,나성중학교,2026,주간,중학교,해당없음,20261008,어울림한마당,어울림한마당,Y,Y,Y,*,*,*,20260322
I10,세종특별자치시교육청,9300286,나성중학교,2026,주간,중학교,공휴일,20261009,한글날,,Y,Y,Y,*,*,*,20260322
I10,세종특별자치시교육청,9300286,나성중학교,2026,주간,중학교,휴업일,20261010,토요휴업일,,Y,Y,Y,*,*,*,20260322
I10,세종특별자치시교육청,9300286,나성중학교,2026,주간,중학교,휴업일,20261017,토요휴업일,,Y,Y,Y,*,*,*,20260322
I10,세종특별자치시교육청,9300286,나성중학교,2026,주간,중학교,휴업일,20261024,토요휴업일,,Y,Y,Y,*,*,*,20260322
I10,세종특별자치시교육청,9300286,나성중학교,2026,주간,중학교,휴업일,20261031,토요휴업일,,Y,Y,Y,*,*,*,20260322
I10,세종특별자치시교육청,9300286,나성중학교,2026,주간,중학교,휴업일,20261107,토요휴업일,,Y,Y,Y,*,*,*,20260322
I10,세종특별자치시교육청,9300286,나성중학교,2026,주간,중학교,해당없음,20261110,2회고사(3학년),2회고사(3학년),N,N,Y,*,*,*,20260322
I10,세종특별자치시교육청,9300286,나성중학교,2026,주간,중학교,해당없음,20261111,2회고사(3학년),2회고사(3학년),N,N,Y,*,*,*,20260322
I10,세종특별자치시교육청,9300286,나성중학교,2026,주간,중학교,휴업일,20261114,토요휴업일,,Y,Y,Y,*,*,*,20260322
I10,세종특별자치시교육청,9300286,나성중학교,2026,주간,중학교,휴업일,20261119,재량휴업일,재량휴업일(수학능력시험),Y,Y,Y,*,*,*,20260322
I10,세종특별자치시교육청,9300286,나성중학교,2026,주간,중학교,휴업일,20261121,토요휴업일,,Y,Y,Y,*,*,*,20260322
I10,세종특별자치시교육청,9300286,나성중학교,2026,주간,중학교,휴업일,20261128,토요휴업일,,Y,Y,Y,*,*,*,20260322
I10,세종특별자치시교육청,9300286,나성중학교,2026,주간,중학교,휴업일,20261205,토요휴업일,,Y,Y,Y,*,*,*,20260322
I10,세종특별자치시교육청,9300286,나성중학교,2026,주간,중학교,휴업일,20261212,토요휴업일,,Y,Y,Y,*,*,*,20260322
I10,세종특별자치시교육청,9300286,나성중학교,2026,주간,중학교,해당없음,20261214,"2회고사(1,2학년)","2회고사(1,2학년)",Y,Y,N,*,*,*,20260322
I10,세종특별자치시교육청,9300286,나성중학교,2026,주간,중학교,해당없음,20261215,"2회고사(1,2학년)","2회고사(1,2학년)",Y,Y,N,*,*,*,20260322
I10,세종특별자치시교육청,9300286,나성중학교,2026,주간,중학교,휴업일,20261219,토요휴업일,,Y,Y,Y,*,*,*,20260322
I10,세종특별자치시교육청,9300286,나성중학교,2026,주간,중학교,공휴일,20261225,성탄절,,Y,Y,Y,*,*,*,20260322
I10,세종특별자치시교육청,9300286,나성중학교,2026,주간,중학교,휴업일,20261226,토요휴업일,,Y,Y,Y,*,*,*,20260322
I10,세종특별자치시교육청,9300286,나성중학교,2026,주간,중학교,해당없음,20261231,나성축제,"축제(1,2,3학년)",Y,Y,Y,*,*,*,20260322
I10,세종특별자치시교육청,9300286,나성중학교,2026,주간,중학교,공휴일,20270101,신정,,Y,Y,Y,*,*,*,20260322
I10,세종특별자치시교육청,9300286,나성중학교,2026,주간,중학교,휴업일,20270102,토요휴업일,,Y,Y,Y,*,*,*,20260322
I10,세종특별자치시교육청,9300286,나성중학교,2026,주간,중학교,해당없음,20270108,졸업식,졸업식(3학년),N,N,Y,*,*,*,20260322
I10,세종특별자치시교육청,9300286,나성중학교,2026,주간,중학교,해당없음,20270108,종업식,"종업식(1,2학년)",Y,Y,N,*,*,*,20260322
I10,세종특별자치시교육청,9300286,나성중학교,2026,주간,중학교,휴업일,20270109,동계방학,동게방학,Y,Y,Y,*,*,*,20260322
I10,세종특별자치시교육청,9300286,나성중학교,2026,주간,중학교,휴업일,20270109,토요휴업일,,Y,Y,Y,*,*,*,20260322
I10,세종특별자치시교육청,9300286,나성중학교,2026,주간,중학교,휴업일,20270110,동계방학,동게방학,Y,Y,Y,*,*,*,20260322
I10,세종특별자치시교육청,9300286,나성중학교,2026,주간,중학교,휴업일,20270111,동계방학,동게방학,Y,Y,Y,*,*,*,20260322
I10,세종특별자치시교육청,9300286,나성중학교,2026,주간,중학교,휴업일,20270112,동계방학,동게방학,Y,Y,Y,*,*,*,20260322
I10,세종특별자치시교육청,9300286,나성중학교,2026,주간,중학교,휴업일,20270113,동계방학,동게방학,Y,Y,Y,*,*,*,20260322
I10,세종특별자치시교육청,9300286,나성중학교,2026,주간,중학교,휴업일,20270114,동계방학,동게방학,Y,Y,Y,*,*,*,20260322
I10,세종특별자치시교육청,9300286,나성중학교,2026,주간,중학교,휴업일,20270115,동계방학,동게방학,Y,Y,Y,*,*,*,20260322
I10,세종특별자치시교육청,9300286,나성중학교,2026,주간,중학교,휴업일,20270116,동계방학,동게방학,Y,Y,Y,*,*,*,20260322
I10,세종특별자치시교육청,9300286,나성중학교,2026,주간,중학교,휴업일,20270116,토요휴업일,,Y,Y,Y,*,*,*,20260322
I10,세종특별자치시교육청,9300286,나성중학교,2026,주간,중학교,휴업일,20270117,동계방학,동게방학,Y,Y,Y,*,*,*,20260322
I10,세종특별자치시교육청,9300286,나성중학교,2026,주간,중학교,휴업일,20270118,동계방학,동게방학,Y,Y,Y,*,*,*,20260322
I10,세종특별자치시교육청,9300286,나성중학교,2026,주간,중학교,휴업일,20270119,동계방학,동게방학,Y,Y,Y,*,*,*,20260322
I10,세종특별자치시교육청,9300286,나성중학교,2026,주간,중학교,휴업일,20270120,동계방학,동게방학,Y,Y,Y,*,*,*,20260322
I10,세종특별자치시교육청,9300286,나성중학교,2026,주간,중학교,휴업일,20270121,동계방학,동게방학,Y,Y,Y,*,*,*,20260322
I10,세종특별자치시교육청,9300286,나성중학교,2026,주간,중학교,휴업일,20270122,동계방학,동게방학,Y,Y,Y,*,*,*,20260322
I10,세종특별자치시교육청,9300286,나성중학교,2026,주간,중학교,휴업일,20270123,동계방학,동게방학,Y,Y,Y,*,*,*,20260322
I10,세종특별자치시교육청,9300286,나성중학교,2026,주간,중학교,휴업일,20270123,토요휴업일,,Y,Y,Y,*,*,*,20260322
I10,세종특별자치시교육청,9300286,나성중학교,2026,주간,중학교,휴업일,20270124,동계방학,동게방학,Y,Y,Y,*,*,*,20260322
I10,세종특별자치시교육청,9300286,나성중학교,2026,주간,중학교,휴업일,20270125,동계방학,동게방학,Y,Y,Y,*,*,*,20260322
I10,세종특별자치시교육청,9300286,나성중학교,2026,주간,중학교,휴업일,20270126,동계방학,동게방학,Y,Y,Y,*,*,*,20260322
I10,세종특별자치시교육청,9300286,나성중학교,2026,주간,중학교,휴업일,20270127,동계방학,동게방학,Y,Y,Y,*,*,*,20260322
I10,세종특별자치시교육청,9300286,나성중학교,2026,주간,중학교,휴업일,20270128,동계방학,동게방학,Y,Y,Y,*,*,*,20260322
I10,세종특별자치시교육청,9300286,나성중학교,2026,주간,중학교,휴업일,20270129,동계방학,동게방학,Y,Y,Y,*,*,*,20260322
I10,세종특별자치시교육청,9300286,나성중학교,2026,주간,중학교,휴업일,20270130,동계방학,동게방학,Y,Y,Y,*,*,*,20260322
I10,세종특별자치시교육청,9300286,나성중학교,2026,주간,중학교,휴업일,20270130,토요휴업일,,Y,Y,Y,*,*,*,20260322
I10,세종특별자치시교육청,9300286,나성중학교,2026,주간,중학교,휴업일,20270131,동계방학,동게방학,Y,Y,Y,*,*,*,20260322
I10,세종특별자치시교육청,9300286,나성중학교,2026,주간,중학교,휴업일,20270201,동계방학,동게방학,Y,Y,Y,*,*,*,20260322
I10,세종특별자치시교육청,9300286,나성중학교,2026,주간,중학교,휴업일,20270202,동계방학,동게방학,Y,Y,Y,*,*,*,20260322
I10,세종특별자치시교육청,9300286,나성중학교,2026,주간,중학교,휴업일,20270203,동계방학,동게방학,Y,Y,Y,*,*,*,20260322
I10,세종특별자치시교육청,9300286,나성중학교,2026,주간,중학교,휴업일,20270204,동계방학,동게방학,Y,Y,Y,*,*,*,20260322
I10,세종특별자치시교육청,9300286,나성중학교,2026,주간,중학교,휴업일,20270205,동계방학,동게방학,Y,Y,Y,*,*,*,20260322
I10,세종특별자치시교육청,9300286,나성중학교,2026,주간,중학교,휴업일,20270206,동계방학,동게방학,Y,Y,Y,*,*,*,20260322
I10,세종특별자치시교육청,9300286,나성중학교,2026,주간,중학교,휴업일,20270206,토요휴업일,,Y,Y,Y,*,*,*,20260322
I10,세종특별자치시교육청,9300286,나성중학교,2026,주간,중학교,휴업일,20270207,동계방학,동게방학,Y,Y,Y,*,*,*,20260322
I10,세종특별자치시교육청,9300286,나성중학교,2026,주간,중학교,공휴일,20270207,설날,,Y,Y,Y,*,*,*,20260322
I10,세종특별자치시교육청,9300286,나성중학교,2026,주간,중학교,휴업일,20270208,동계방학,동게방학,Y,Y,Y,*,*,*,20260322
I10,세종특별자치시교육청,9300286,나성중학교,2026,주간,중학교,휴업일,20270209,동계방학,동게방학,Y,Y,Y,*,*,*,20260322
I10,세종특별자치시교육청,9300286,나성중학교,2026,주간,중학교,휴업일,20270210,동계방학,동게방학,Y,Y,Y,*,*,*,20260322
I10,세종특별자치시교육청,9300286,나성중학교,2026,주간,중학교,휴업일,20270211,동계방학,동게방학,Y,Y,Y,*,*,*,20260322
I10,세종특별자치시교육청,9300286,나성중학교,2026,주간,중학교,휴업일,20270212,동계방학,동게방학,Y,Y,Y,*,*,*,20260322
I10,세종특별자치시교육청,9300286,나성중학교,2026,주간,중학교,휴업일,20270213,동계방학,동게방학,Y,Y,Y,*,*,*,20260322
I10,세종특별자치시교육청,9300286,나성중학교,2026,주간,중학교,휴업일,20270213,토요휴업일,,Y,Y,Y,*,*,*,20260322
I10,세종특별자치시교육청,9300286,나성중학교,2026,주간,중학교,휴업일,20270214,동계방학,동게방학,Y,Y,Y,*,*,*,20260322
I10,세종특별자치시교육청,9300286,나성중학교,2026,주간,중학교,휴업일,20270215,동계방학,동게방학,Y,Y,Y,*,*,*,20260322
I10,세종특별자치시교육청,9300286,나성중학교,2026,주간,중학교,휴업일,20270216,동계방학,동게방학,Y,Y,Y,*,*,*,20260322
I10,세종특별자치시교육청,9300286,나성중학교,2026,주간,중학교,휴업일,20270217,동계방학,동게방학,Y,Y,Y,*,*,*,20260322
I10,세종특별자치시교육청,9300286,나성중학교,2026,주간,중학교,휴업일,20270218,동계방학,동게방학,Y,Y,Y,*,*,*,20260322
I10,세종특별자치시교육청,9300286,나성중학교,2026,주간,중학교,휴업일,20270219,동계방학,동게방학,Y,Y,Y,*,*,*,20260322
I10,세종특별자치시교육청,9300286,나성중학교,2026,주간,중학교,휴업일,20270220,동계방학,동게방학,Y,Y,Y,*,*,*,20260322
I10,세종특별자치시교육청,9300286,나성중학교,2026,주간,중학교,휴업일,20270220,토요휴업일,,Y,Y,Y,*,*,*,20260322
I10,세종특별자치시교육청,9300286,나성중학교,2026,주간,중학교,휴업일,20270221,동계방학,동게방학,Y,Y,Y,*,*,*,20260322
I10,세종특별자치시교육청,9300286,나성중학교,2026,주간,중학교,휴업일,20270222,동계방학,동게방학,Y,Y,Y,*,*,*,20260322
I10,세종특별자치시교육청,9300286,나성중학교,2026,주간,중학교,휴업일,20270223,동계방학,동게방학,Y,Y,Y,*,*,*,20260322
I10,세종특별자치시교육청,9300286,나성중학교,2026,주간,중학교,휴업일,20270224,동계방학,동게방학,Y,Y,Y,*,*,*,20260322
I10,세종특별자치시교육청,9300286,나성중학교,2026,주간,중학교,휴업일,20270225,동계방학,동게방학,Y,Y,Y,*,*,*,20260322
I10,세종특별자치시교육청,9300286,나성중학교,2026,주간,중학교,휴업일,20270226,동계방학,동게방학,Y,Y,Y,*,*,*,20260322
I10,세종특별자치시교육청,9300286,나성중학교,2026,주간,중학교,휴업일,20270227,동계방학,동게방학,Y,Y,Y,*,*,*,20260322
I10,세종특별자치시교육청,9300286,나성중학교,2026,주간,중학교,휴업일,20270227,토요휴업일,,Y,Y,Y,*,*,*,20260322
I10,세종특별자치시교육청,9300286,나성중학교,2026,주간,중학교,휴업일,20270228,동계방학,동게방학,Y,Y,Y,*,*,*,20260322
I10,세종특별자치시교육청,9300285,나성초등학교,2025,,초등학교,공휴일,20250301,3·1절,,Y,Y,Y,Y,Y,Y,20260322
I10,세종특별자치시교육청,9300285,나성초등학교,2025,,초등학교,공휴일,20250303,대체공휴일,,Y,Y,Y,Y,Y,Y,20260322
I10,세종특별자치시교육청,9300285,나성초등학교,2025,,초등학교,해당없음,20250304,입학식,,Y,N,N,N,N,N,20260322
I10,세종특별자치시교육청,9300285,나성초등학교,2025,,초등학교,해당없음,20250304,시업식,,N,Y,Y,Y,Y,Y,20260322
I10,세종특별자치시교육청,9300285,나성초등학교,2025,,초등학교,휴업일,20250308,토요휴업일,,Y,Y,Y,Y,Y,Y,20260322
I10,세종특별자치시교육청,9300285,나성초등학교,2025,,초등학교,휴업일,20250315,토요휴업일,,Y,Y,Y,Y,Y,Y,20260322
I10,세종특별자치시교육청,9300285,나성초등학교,2025,,초등학교,휴업일,20250322,토요휴업일,,Y,Y,Y,Y,Y,Y,20260322
I10,세종특별자치시교육청,9300285,나성초등학교,2025,,초등학교,휴업일,20250329,토요휴업일,,Y,Y,Y,Y,Y,Y,20260322
I10,세종특별자치시교육청,9300285,나성초등학교,2025,,초등학교,휴업일,20250405,토요휴업일,,Y,Y,Y,Y,Y,Y,20260322
I10,세종특별자치시교육청,9300285,나성초등학교,2025,,초등학교,휴업일,20250412,토요휴업일,,Y,Y,Y,Y,Y,Y,20260322
I10,세종특별자치시교육청,9300285,나성초등학교,2025,,초등학교,휴업일,20250419,토요휴업일,,Y,Y,Y,Y,Y,Y,20260322
I10,세종특별자치시교육청,9300285,나성초등학교,2025,,초등학교,휴업일,20250426,토요휴업일,,Y,Y,Y,Y,Y,Y,20260322
I10,세종특별자치시교육청,9300285,나성초등학교,2025,,초등학교,휴업일,20250501,개교기념일(재량휴업일),,Y,Y,Y,Y,Y,Y,20260322
I10,세종특별자치시교육청,9300285,나성초등학교,2025,,초등학교,공휴일,20250502,재량휴업일,,Y,Y,Y,Y,Y,Y,20260322
I10,세종특별자치시교육청,9300285,나성초등학교,2025,,초등학교,휴업일,20250503,토요휴업일,,Y,Y,Y,Y,Y,Y,20260322
I10,세종특별자치시교육청,9300285,나성초등학교,2025,,초등학교,공휴일,20250505,석가탄신일,,Y,Y,Y,Y,Y,Y,20260322
I10,세종특별자치시교육청,9300285,나성초등학교,2025,,초등학교,공휴일,20250506,대체공휴일,,Y,Y,Y,Y,Y,Y,20260322
I10,세종특별자치시교육청,9300285,나성초등학교,2025,,초등학교,휴업일,20250510,토요휴업일,,Y,Y,Y,Y,Y,Y,20260322
I10,세종특별자치시교육청,9300285,나성초등학교,2025,,초등학교,휴업일,20250517,토요휴업일,,Y,Y,Y,Y,Y,Y,20260322
I10,세종특별자치시교육청,9300285,나성초등학교,2025,,초등학교,휴업일,20250524,토요휴업일,,Y,Y,Y,Y,Y,Y,20260322
I10,세종특별자치시교육청,9300285,나성초등학교,2025,,초등학교,휴업일,20250531,토요휴업일,,Y,Y,Y,Y,Y,Y,20260322
I10,세종특별자치시교육청,9300285,나성초등학교,2025,,초등학교,공휴일,20250603,제21대 대통령 선거일,,Y,Y,Y,Y,Y,Y,20260322
I10,세종특별자치시교육청,9300285,나성초등학교,2025,,초등학교,공휴일,20250606,현충일,,Y,Y,Y,Y,Y,Y,20260322
I10,세종특별자치시교육청,9300285,나성초등학교,2025,,초등학교,휴업일,20250607,토요휴업일,,Y,Y,Y,Y,Y,Y,20260322
I10,세종특별자치시교육청,9300285,나성초등학교,2025,,초등학교,휴업일,20250614,토요휴업일,,Y,Y,Y,Y,Y,Y,20260322
I10,세종특별자치시교육청,9300285,나성초등학교,2025,,초등학교,휴업일,20250621,토요휴업일,,Y,Y,Y,Y,Y,Y,20260322
I10,세종특별자치시교육청,9300285,나성초등학교,2025,,초등학교,휴업일,20250628,토요휴업일,,Y,Y,Y,Y,Y,Y,20260322
I10,세종특별자치시교육청,9300285,나성초등학교,2025,,초등학교,휴업일,20250705,토요휴업일,,Y,Y,Y,Y,Y,Y,20260322
I10,세종특별자치시교육청,9300285,나성초등학교,2025,,초등학교,휴업일,20250712,토요휴업일,,Y,Y,Y,Y,Y,Y,20260322
I10,세종특별자치시교육청,9300285,나성초등학교,2025,,초등학교,휴업일,20250719,토요휴업일,,Y,Y,Y,Y,Y,Y,20260322
I10,세종특별자치시교육청,9300285,나성초등학교,2025,,초등학교,해당없음,20250722,여름방학식,,Y,Y,Y,Y,Y,Y,20260322
I10,세종특별자치시교육청,9300285,나성초등학교,2025,,초등학교,휴업일,20250723,여름방학,,Y,Y,Y,Y,Y,Y,20260322
I10,세종특별자치시교육청,9300285,나성초등학교,2025,,초등학교,휴업일,20250724,여름방학,,Y,Y,Y,Y,Y,Y,20260322
I10,세종특별자치시교육청,9300285,나성초등학교,2025,,초등학교,휴업일,20250725,여름방학,,Y,Y,Y,Y,Y,Y,20260322
I10,세종특별자치시교육청,9300285,나성초등학교,2025,,초등학교,휴업일,20250726,여름방학,,Y,Y,Y,Y,Y,Y,20260322
I10,세종특별자치시교육청,9300285,나성초등학교,2025,,초등학교,휴업일,20250726,토요휴업일,,Y,Y,Y,Y,Y,Y,20260322
I10,세종특별자치시교육청,9300285,나성초등학교,2025,,초등학교,휴업일,20250727,여름방학,,Y,Y,Y,Y,Y,Y,20260322
I10,세종특별자치시교육청,9300285,나성초등학교,2025,,초등학교,휴업일,20250728,여름방학,,Y,Y,Y,Y,Y,Y,20260322
I10,세종특별자치시교육청,9300285,나성초등학교,2025,,초등학교,휴업일,20250729,여름방학,,Y,Y,Y,Y,Y,Y,20260322
I10,세종특별자치시교육청,9300285,나성초등학교,2025,,초등학교,휴업일,20250730,여름방학,,Y,Y,Y,Y,Y,Y,20260322
I10,세종특별자치시교육청,9300285,나성초등학교,2025,,초등학교,휴업일,20250731,여름방학,,Y,Y,Y,Y,Y,Y,20260322
I10,세종특별자치시교육청,9300285,나성초등학교,2025,,초등학교,휴업일,20250801,여름방학,,Y,Y,Y,Y,Y,Y,20260322
I10,세종특별자치시교육청,9300285,나성초등학교,2025,,초등학교,휴업일,20250802,여름방학,,Y,Y,Y,Y,Y,Y,20260322
I10,세종특별자치시교육청,9300285,나성초등학교,2025,,초등학교,휴업일,20250802,토요휴업일,,Y,Y,Y,Y,Y,Y,20260322
I10,세종특별자치시교육청,9300285,나성초등학교,2025,,초등학교,휴업일,20250803,여름방학,,Y,Y,Y,Y,Y,Y,20260322
I10,세종특별자치시교육청,9300285,나성초등학교,2025,,초등학교,휴업일,20250804,여름방학,,Y,Y,Y,Y,Y,Y,20260322
I10,세종특별자치시교육청,9300285,나성초등학교,2025,,초등학교,휴업일,20250805,여름방학,,Y,Y,Y,Y,Y,Y,20260322
I10,세종특별자치시교육청,9300285,나성초등학교,2025,,초등학교,휴업일,20250806,여름방학,,Y,Y,Y,Y,Y,Y,20260322
I10,세종특별자치시교육청,9300285,나성초등학교,2025,,초등학교,휴업일,20250807,여름방학,,Y,Y,Y,Y,Y,Y,20260322
I10,세종특별자치시교육청,9300285,나성초등학교,2025,,초등학교,휴업일,20250808,여름방학,,Y,Y,Y,Y,Y,Y,20260322
I10,세종특별자치시교육청,9300285,나성초등학교,2025,,초등학교,휴업일,20250809,여름방학,,Y,Y,Y,Y,Y,Y,20260322
I10,세종특별자치시교육청,9300285,나성초등학교,2025,,초등학교,휴업일,20250809,토요휴업일,,Y,Y,Y,Y,Y,Y,20260322
I10,세종특별자치시교육청,9300285,나성초등학교,2025,,초등학교,휴업일,20250810,여름방학,,Y,Y,Y,Y,Y,Y,20260322
I10,세종특별자치시교육청,9300285,나성초등학교,2025,,초등학교,휴업일,20250811,여름방학,,Y,Y,Y,Y,Y,Y,20260322
I10,세종특별자치시교육청,9300285,나성초등학교,2025,,초등학교,휴업일,20250812,여름방학,,Y,Y,Y,Y,Y,Y,20260322
I10,세종특별자치시교육청,9300285,나성초등학교,2025,,초등학교,휴업일,20250813,여름방학,,Y,Y,Y,Y,Y,Y,20260322
I10,세종특별자치시교육청,9300285,나성초등학교,2025,,초등학교,휴업일,20250814,여름방학,,Y,Y,Y,Y,Y,Y,20260322
I10,세종특별자치시교육청,9300285,나성초등학교,2025,,초등학교,휴업일,20250815,여름방학,,Y,Y,Y,Y,Y,Y,20260322
I10,세종특별자치시교육청,9300285,나성초등학교,2025,,초등학교,공휴일,20250815,광복절,,Y,Y,Y,Y,Y,Y,20260322
I10,세종특별자치시교육청,9300285,나성초등학교,2025,,초등학교,휴업일,20250816,여름방학,,Y,Y,Y,Y,Y,Y,20260322
I10,세종특별자치시교육청,9300285,나성초등학교,2025,,초등학교,휴업일,20250816,토요휴업일,,Y,Y,Y,Y,Y,Y,20260322
I10,세종특별자치시교육청,9300285,나성초등학교,2025,,초등학교,휴업일,20250817,여름방학,,Y,Y,Y,Y,Y,Y,20260322
I10,세종특별자치시교육청,9300285,나성초등학교,2025,,초등학교,해당없음,20250818,개학식,,Y,Y,Y,Y,Y,Y,20260322
I10,세종특별자치시교육청,9300285,나성초등학교,2025,,초등학교,휴업일,20250823,토요휴업일,,Y,Y,Y,Y,Y,Y,20260322
I10,세종특별자치시교육청,9300285,나성초등학교,2025,,초등학교,휴업일,20250830,토요휴업일,,Y,Y,Y,Y,Y,Y,20260322
I10,세종특별자치시교육청,9300285,나성초등학교,2025,,초등학교,휴업일,20250906,토요휴업일,,Y,Y,Y,Y,Y,Y,20260322
I10,세종특별자치시교육청,9300285,나성초등학교,2025,,초등학교,휴업일,20250913,토요휴업일,,Y,Y,Y,Y,Y,Y,20260322
I10,세종특별자치시교육청,9300285,나성초등학교,2025,,초등학교,휴업일,20250920,토요휴업일,,Y,Y,Y,Y,Y,Y,20260322
I10,세종특별자치시교육청,9300285,나성초등학교,2025,,초등학교,휴업일,20250927,토요휴업일,,Y,Y,Y,Y,Y,Y,20260322
I10,세종특별자치시교육청,9300285,나성초등학교,2025,,초등학교,공휴일,20251003,개천절,,Y,Y,Y,Y,Y,Y,20260322
I10,세종특별자치시교육청,9300285,나성초등학교,2025,,초등학교,휴업일,20251004,토요휴업일,,Y,Y,Y,Y,Y,Y,20260322
I10,세종특별자치시교육청,9300285,나성초등학교,2025,,초등학교,공휴일,20251005,추석,,Y,Y,Y,Y,Y,Y,20260322
I10,세종특별자치시교육청,9300285,나성초등학교,2025,,초등학교,공휴일,20251006,추석,,Y,Y,Y,Y,Y,Y,20260322
I10,세종특별자치시교육청,9300285,나성초등학교,2025,,초등학교,공휴일,20251007,추석,,Y,Y,Y,Y,Y,Y,20260322
I10,세종특별자치시교육청,9300285,나성초등학교,2025,,초등학교,공휴일,20251008,대체공휴일,,Y,Y,Y,Y,Y,Y,20260322
I10,세종특별자치시교육청,9300285,나성초등학교,2025,,초등학교,공휴일,20251009,한글날,,Y,Y,Y,Y,Y,Y,20260322
I10,세종특별자치시교육청,9300285,나성초등학교,2025,,초등학교,공휴일,20251010,재량휴업일,,Y,Y,Y,Y,Y,Y,20260322
I10,세종특별자치시교육청,9300285,나성초등학교,2025,,초등학교,휴업일,20251011,토요휴업일,,Y,Y,Y,Y,Y,Y,20260322
I10,세종특별자치시교육청,9300285,나성초등학교,2025,,초등학교,휴업일,20251018,토요휴업일,,Y,Y,Y,Y,Y,Y,20260322
I10,세종특별자치시교육청,9300285,나성초등학교,2025,,초등학교,휴업일,20251025,토요휴업일,,Y,Y,Y,Y,Y,Y,20260322
I10,세종특별자치시교육청,9300285,나성초등학교,2025,,초등학교,휴업일,20251101,토요휴업일,,Y,Y,Y,Y,Y,Y,20260322
I10,세종특별자치시교육청,9300285,나성초등학교,2025,,초등학교,휴업일,20251108,토요휴업일,,Y,Y,Y,Y,Y,Y,20260322
I10,세종특별자치시교육청,9300285,나성초등학교,2025,,초등학교,휴업일,20251115,토요휴업일,,Y,Y,Y,Y,Y,Y,20260322
I10,세종특별자치시교육청,9300285,나성초등학교,2025,,초등학교,휴업일,20251122,토요휴업일,,Y,Y,Y,Y,Y,Y,20260322
I10,세종특별자치시교육청,9300285,나성초등학교,2025,,초등학교,휴업일,20251129,토요휴업일,,Y,Y,Y,Y,Y,Y,20260322
I10,세종특별자치시교육청,9300285,나성초등학교,2025,,초등학교,휴업일,20251206,토요휴업일,,Y,Y,Y,Y,Y,Y,20260322
I10,세종특별자치시교육청,9300285,나성초등학교,2025,,초등학교,휴업일,20251213,토요휴업일,,Y,Y,Y,Y,Y,Y,20260322
I10,세종특별자치시교육청,9300285,나성초등학교,2025,,초등학교,휴업일,20251220,토요휴업일,,Y,Y,Y,Y,Y,Y,20260322
I10,세종특별자치시교육청,9300285,나성초등학교,2025,,초등학교,공휴일,20251225,성탄절,,Y,Y,Y,Y,Y,Y,20260322
I10,세종특별자치시교육청,9300285,나성초등학교,2025,,초등학교,휴업일,20251227,토요휴업일,,Y,Y,Y,Y,Y,Y,20260322
I10,세종특별자치시교육청,9300285,나성초등학교,2025,,초등학교,공휴일,20260101,신정,,Y,Y,Y,Y,Y,Y,20260322
I10,세종특별자치시교육청,9300285,나성초등학교,2025,,초등학교,휴업일,20260103,토요휴업일,,Y,Y,Y,Y,Y,Y,20260322
I10,세종특별자치시교육청,9300285,나성초등학교,2025,,초등학교,해당없음,20260107,졸업식,,N,N,N,N,N,Y,20260322
I10,세종특별자치시교육청,9300285,나성초등학교,2025,,초등학교,해당없음,20260107,종업식,,Y,Y,Y,Y,Y,N,20260322
I10,세종특별자치시교육청,9300285,나성초등학교,2025,,초등학교,휴업일,20260108,겨울방학,,Y,Y,Y,Y,Y,Y,20260322
I10,세종특별자치시교육청,9300285,나성초등학교,2025,,초등학교,휴업일,20260109,겨울방학,,Y,Y,Y,Y,Y,Y,20260322
I10,세종특별자치시교육청,9300285,나성초등학교,2025,,초등학교,휴업일,20260110,겨울방학,,Y,Y,Y,Y,Y,Y,20260322
I10,세종특별자치시교육청,9300285,나성초등학교,2025,,초등학교,휴업일,20260110,토요휴업일,,Y,Y,Y,Y,Y,Y,20260322
I10,세종특별자치시교육청,9300285,나성초등학교,2025,,초등학교,휴업일,20260111,겨울방학,,Y,Y,Y,Y,Y,Y,20260322
I10,세종특별자치시교육청,9300285,나성초등학교,2025,,초등학교,휴업일,20260112,겨울방학,,Y,Y,Y,Y,Y,Y,20260322
I10,세종특별자치시교육청,9300285,나성초등학교,2025,,초등학교,휴업일,20260113,겨울방학,,Y,Y,Y,Y,Y,Y,20260322
I10,세종특별자치시교육청,9300285,나성초등학교,2025,,초등학교,휴업일,20260114,겨울방학,,Y,Y,Y,Y,Y,Y,20260322
I10,세종특별자치시교육청,9300285,나성초등학교,2025,,초등학교,휴업일,20260115,겨울방학,,Y,Y,Y,Y,Y,Y,20260322
I10,세종특별자치시교육청,9300285,나성초등학교,2025,,초등학교,휴업일,20260116,겨울방학,,Y,Y,Y,Y,Y,Y,20260322
I10,세종특별자치시교육청,9300285,나성초등학교,2025,,초등학교,휴업일,20260117,겨울방학,,Y,Y,Y,Y,Y,Y,20260322
I10,세종특별자치시교육청,9300285,나성초등학교,2025,,초등학교,휴업일,20260117,토요휴업일,,Y,Y,Y,Y,Y,Y,20260322
I10,세종특별자치시교육청,9300285,나성초등학교,2025,,초등학교,휴업일,20260118,겨울방학,,Y,Y,Y,Y,Y,Y,20260322
I10,세종특별자치시교육청,9300285,나성초등학교,2025,,초등학교,휴업일,20260119,겨울방학,,Y,Y,Y,Y,Y,Y,20260322
I10,세종특별자치시교육청,9300285,나성초등학교,2025,,초등학교,휴업일,20260120,겨울방학,,Y,Y,Y,Y,Y,Y,20260322
I10,세종특별자치시교육청,9300285,나성초등학교,2025,,초등학교,휴업일,20260121,겨울방학,,Y,Y,Y,Y,Y,Y,20260322
I10,세종특별자치시교육청,9300285,나성초등학교,2025,,초등학교,휴업일,20260122,겨울방학,,Y,Y,Y,Y,Y,Y,20260322
I10,세종특별자치시교육청,9300285,나성초등학교,2025,,초등학교,휴업일,20260123,겨울방학,,Y,Y,Y,Y,Y,Y,20260322
I10,세종특별자치시교육청,9300285,나성초등학교,2025,,초등학교,휴업일,20260124,겨울방학,,Y,Y,Y,Y,Y,Y,20260322
I10,세종특별자치시교육청,9300285,나성초등학교,2025,,초등학교,휴업일,20260124,토요휴업일,,Y,Y,Y,Y,Y,Y,20260322
I10,세종특별자치시교육청,9300285,나성초등학교,2025,,초등학교,휴업일,20260125,겨울방학,,Y,Y,Y,Y,Y,Y,20260322
I10,세종특별자치시교육청,9300285,나성초등학교,2025,,초등학교,휴업일,20260126,겨울방학,,Y,Y,Y,Y,Y,Y,20260322
I10,세종특별자치시교육청,9300285,나성초등학교,2025,,초등학교,휴업일,20260127,겨울방학,,Y,Y,Y,Y,Y,Y,20260322
I10,세종특별자치시교육청,9300285,나성초등학교,2025,,초등학교,휴업일,20260128,겨울방학,,Y,Y,Y,Y,Y,Y,20260322
I10,세종특별자치시교육청,9300285,나성초등학교,2025,,초등학교,휴업일,20260129,겨울방학,,Y,Y,Y,Y,Y,Y,20260322
I10,세종특별자치시교육청,9300285,나성초등학교,2025,,초등학교,휴업일,20260130,겨울방학,,Y,Y,Y,Y,Y,Y,20260322
I10,세종특별자치시교육청,9300285,나성초등학교,2025,,초등학교,휴업일,20260131,겨울방학,,Y,Y,Y,Y,Y,Y,20260322
I10,세종특별자치시교육청,9300285,나성초등학교,2025,,초등학교,휴업일,20260131,토요휴업일,,Y,Y,Y,Y,Y,Y,20260322
I10,세종특별자치시교육청,9300285,나성초등학교,2025,,초등학교,휴업일,20260201,겨울방학,,Y,Y,Y,Y,Y,Y,20260322
I10,세종특별자치시교육청,9300285,나성초등학교,2025,,초등학교,휴업일,20260202,겨울방학,,Y,Y,Y,Y,Y,Y,20260322
I10,세종특별자치시교육청,9300285,나성초등학교,2025,,초등학교,휴업일,20260203,겨울방학,,Y,Y,Y,Y,Y,Y,20260322
I10,세종특별자치시교육청,9300285,나성초등학교,2025,,초등학교,휴업일,20260204,겨울방학,,Y,Y,Y,Y,Y,Y,20260322
I10,세종특별자치시교육청,9300285,나성초등학교,2025,,초등학교,휴업일,20260205,겨울방학,,Y,Y,Y,Y,Y,Y,20260322
I10,세종특별자치시교육청,9300285,나성초등학교,2025,,초등학교,휴업일,20260206,겨울방학,,Y,Y,Y,Y,Y,Y,20260322
I10,세종특별자치시교육청,9300285,나성초등학교,2025,,초등학교,휴업일,20260207,겨울방학,,Y,Y,Y,Y,Y,Y,20260322
I10,세종특별자치시교육청,9300285,나성초등학교,2025,,초등학교,휴업일,20260207,토요휴업일,,Y,Y,Y,Y,Y,Y,20260322
I10,세종특별자치시교육청,9300285,나성초등학교,2025,,초등학교,휴업일,20260208,겨울방학,,Y,Y,Y,Y,Y,Y,20260322
I10,세종특별자치시교육청,9300285,나성초등학교,2025,,초등학교,휴업일,20260209,겨울방학,,Y,Y,Y,Y,Y,Y,20260322
I10,세종특별자치시교육청,9300285,나성초등학교,2025,,초등학교,휴업일,20260210,겨울방학,,Y,Y,Y,Y,Y,Y,20260322
I10,세종특별자치시교육청,9300285,나성초등학교,2025,,초등학교,휴업일,20260211,겨울방학,,Y,Y,Y,Y,Y,Y,20260322
I10,세종특별자치시교육청,9300285,나성초등학교,2025,,초등학교,휴업일,20260212,겨울방학,,Y,Y,Y,Y,Y,Y,20260322
I10,세종특별자치시교육청,9300285,나성초등학교,2025,,초등학교,휴업일,20260213,겨울방학,,Y,Y,Y,Y,Y,Y,20260322
I10,세종특별자치시교육청,9300285,나성초등학교,2025,,초등학교,휴업일,20260214,겨울방학,,Y,Y,Y,Y,Y,Y,20260322
I10,세종특별자치시교육청,9300285,나성초등학교,2025,,초등학교,휴업일,20260214,토요휴업일,,Y,Y,Y,Y,Y,Y,20260322
I10,세종특별자치시교육청,9300285,나성초등학교,2025,,초등학교,휴업일,20260215,겨울방학,,Y,Y,Y,Y,Y,Y,20260322
I10,세종특별자치시교육청,9300285,나성초등학교,2025,,초등학교,휴업일,20260216,겨울방학,,Y,Y,Y,Y,Y,Y,20260322
I10,세종특별자치시교육청,9300285,나성초등학교,2025,,초등학교,공휴일,20260216,설날,,Y,Y,Y,Y,Y,Y,20260322
I10,세종특별자치시교육청,9300285,나성초등학교,2025,,초등학교,휴업일,20260217,겨울방학,,Y,Y,Y,Y,Y,Y,20260322
I10,세종특별자치시교육청,9300285,나성초등학교,2025,,초등학교,공휴일,20260217,설날,,Y,Y,Y,Y,Y,Y,20260322
I10,세종특별자치시교육청,9300285,나성초등학교,2025,,초등학교,휴업일,20260218,겨울방학,,Y,Y,Y,Y,Y,Y,20260322
I10,세종특별자치시교육청,9300285,나성초등학교,2025,,초등학교,공휴일,20260218,설날,,Y,Y,Y,Y,Y,Y,20260322
I10,세종특별자치시교육청,9300285,나성초등학교,2025,,초등학교,휴업일,20260219,겨울방학,,Y,Y,Y,Y,Y,Y,20260322
I10,세종특별자치시교육청,9300285,나성초등학교,2025,,초등학교,휴업일,20260220,겨울방학,,Y,Y,Y,Y,Y,Y,20260322
I10,세종특별자치시교육청,9300285,나성초등학교,2025,,초등학교,휴업일,20260221,겨울방학,,Y,Y,Y,Y,Y,Y,20260322
I10,세종특별자치시교육청,9300285,나성초등학교,2025,,초등학교,휴업일,20260221,토요휴업일,,Y,Y,Y,Y,Y,Y,20260322
I10,세종특별자치시교육청,9300285,나성초등학교,2025,,초등학교,휴업일,20260222,겨울방학,,Y,Y,Y,Y,Y,Y,20260322
I10,세종특별자치시교육청,9300285,나성초등학교,2025,,초등학교,휴업일,20260223,겨울방학,,Y,Y,Y,Y,Y,Y,20260322
I10,세종특별자치시교육청,9300285,나성초등학교,2025,,초등학교,휴업일,20260224,겨울방학,,Y,Y,Y,Y,Y,Y,20260322
I10,세종특별자치시교육청,9300285,나성초등학교,2025,,초등학교,휴업일,20260225,겨울방학,,Y,Y,Y,Y,Y,Y,20260322
I10,세종특별자치시교육청,9300285,나성초등학교,2025,,초등학교,휴업일,20260226,겨울방학,,Y,Y,Y,Y,Y,Y,20260322
I10,세종특별자치시교육청,9300285,나성초등학교,2025,,초등학교,휴업일,20260227,겨울방학,,Y,Y,Y,Y,Y,Y,20260322
I10,세종특별자치시교육청,9300285,나성초등학교,2025,,초등학교,휴업일,20260228,겨울방학,,Y,Y,Y,Y,Y,Y,20260322
I10,세종특별자치시교육청,9300285,나성초등학교,2025,,초등학교,휴업일,20260228,토요휴업일,,Y,Y,Y,Y,Y,Y,20260322
I10,세종특별자치시교육청,9300285,나성초등학교,2026,,초등학교,공휴일,20260301,3·1절,,Y,Y,Y,Y,Y,Y,20260322
I10,세종특별자치시교육청,9300285,나성초등학교,2026,,초등학교,공휴일,20260302,대체공휴일,,Y,Y,Y,Y,Y,Y,20260322
I10,세종특별자치시교육청,9300285,나성초등학교,2026,,초등학교,해당없음,20260303,입학식,,Y,N,N,N,N,N,20260322
I10,세종특별자치시교육청,9300285,나성초등학교,2026,,초등학교,해당없음,20260303,시업식,,N,Y,Y,Y,Y,Y,20260322
I10,세종특별자치시교육청,9300285,나성초등학교,2026,,초등학교,휴업일,20260307,토요휴업일,,Y,Y,Y,Y,Y,Y,20260322
I10,세종특별자치시교육청,9300285,나성초등학교,2026,,초등학교,휴업일,20260314,토요휴업일,,Y,Y,Y,Y,Y,Y,20260322
I10,세종특별자치시교육청,9300285,나성초등학교,2026,,초등학교,휴업일,20260321,토요휴업일,,Y,Y,Y,Y,Y,Y,20260322
I10,세종특별자치시교육청,9300285,나성초등학교,2026,,초등학교,휴업일,20260328,토요휴업일,,Y,Y,Y,Y,Y,Y,20260322
I10,세종특별자치시교육청,9300285,나성초등학교,2026,,초등학교,휴업일,20260404,토요휴업일,,Y,Y,Y,Y,Y,Y,20260322
I10,세종특별자치시교육청,9300285,나성초등학교,2026,,초등학교,휴업일,20260411,토요휴업일,,Y,Y,Y,Y,Y,Y,20260322
I10,세종특별자치시교육청,9300285,나성초등학교,2026,,초등학교,휴업일,20260418,토요휴업일,,Y,Y,Y,Y,Y,Y,20260322
I10,세종특별자치시교육청,9300285,나성초등학교,2026,,초등학교,휴업일,20260425,토요휴업일,,Y,Y,Y,Y,Y,Y,20260322
I10,세종특별자치시교육청,9300285,나성초등학교,2026,,초등학교,공휴일,20260501,재량휴업일,,Y,Y,Y,Y,Y,Y,20260322
I10,세종특별자치시교육청,9300285,나성초등학교,2026,,초등학교,휴업일,20260502,토요휴업일,,Y,Y,Y,Y,Y,Y,20260322
I10,세종특별자치시교육청,9300285,나성초등학교,2026,,초등학교,공휴일,20260504,재량휴업일,,Y,Y,Y,Y,Y,Y,20260322
I10,세종특별자치시교육청,9300285,나성초등학교,2026,,초등학교,공휴일,20260505,어린이날,,Y,Y,Y,Y,Y,Y,20260322
I10,세종특별자치시교육청,9300285,나성초등학교,2026,,초등학교,휴업일,20260509,토요휴업일,,Y,Y,Y,Y,Y,Y,20260322
I10,세종특별자치시교육청,9300285,나성초등학교,2026,,초등학교,휴업일,20260516,토요휴업일,,Y,Y,Y,Y,Y,Y,20260322
I10,세종특별자치시교육청,9300285,나성초등학교,2026,,초등학교,휴업일,20260523,토요휴업일,,Y,Y,Y,Y,Y,Y,20260322
I10,세종특별자치시교육청,9300285,나성초등학교,2026,,초등학교,공휴일,20260524,석가탄신일,,Y,Y,Y,Y,Y,Y,20260322
I10,세종특별자치시교육청,9300285,나성초등학교,2026,,초등학교,공휴일,20260525,대체공휴일,,Y,Y,Y,Y,Y,Y,20260322
I10,세종특별자치시교육청,9300285,나성초등학교,2026,,초등학교,휴업일,20260530,토요휴업일,,Y,Y,Y,Y,Y,Y,20260322
I10,세종특별자치시교육청,9300285,나성초등학교,2026,,초등학교,공휴일,20260603,제9회 전국동시지방선거일,,Y,Y,Y,Y,Y,Y,20260322
I10,세종특별자치시교육청,9300285,나성초등학교,2026,,초등학교,공휴일,20260606,현충일,,Y,Y,Y,Y,Y,Y,20260322
I10,세종특별자치시교육청,9300285,나성초등학교,2026,,초등학교,휴업일,20260613,토요휴업일,,Y,Y,Y,Y,Y,Y,20260322
I10,세종특별자치시교육청,9300285,나성초등학교,2026,,초등학교,휴업일,20260620,토요휴업일,,Y,Y,Y,Y,Y,Y,20260322
I10,세종특별자치시교육청,9300285,나성초등학교,2026,,초등학교,휴업일,20260627,토요휴업일,,Y,Y,Y,Y,Y,Y,20260322
I10,세종특별자치시교육청,9300285,나성초등학교,2026,,초등학교,휴업일,20260704,토요휴업일,,Y,Y,Y,Y,Y,Y,20260322
I10,세종특별자치시교육청,9300285,나성초등학교,2026,,초등학교,휴업일,20260711,토요휴업일,,Y,Y,Y,Y,Y,Y,20260322
I10,세종특별자치시교육청,9300285,나성초등학교,2026,,초등학교,공휴일,20260717,제헌절,,Y,Y,Y,Y,Y,Y,20260322
I10,세종특별자치시교육청,9300285,나성초등학교,2026,,초등학교,휴업일,20260718,토요휴업일,,Y,Y,Y,Y,Y,Y,20260322
I10,세종특별자치시교육청,9300285,나성초등학교,2026,,초등학교,해당없음,20260721,여름방학식,,Y,Y,Y,Y,Y,Y,20260322
I10,세종특별자치시교육청,9300285,나성초등학교,2026,,초등학교,휴업일,20260722,여름방학,,Y,Y,Y,Y,Y,Y,20260322
I10,세종특별자치시교육청,9300285,나성초등학교,2026,,초등학교,휴업일,20260723,여름방학,,Y,Y,Y,Y,Y,Y,20260322
I10,세종특별자치시교육청,9300285,나성초등학교,2026,,초등학교,휴업일,20260724,여름방학,,Y,Y,Y,Y,Y,Y,20260322
I10,세종특별자치시교육청,9300285,나성초등학교,2026,,초등학교,휴업일,20260725,여름방학,,Y,Y,Y,Y,Y,Y,20260322
I10,세종특별자치시교육청,9300285,나성초등학교,2026,,초등학교,휴업일,20260725,토요휴업일,,Y,Y,Y,Y,Y,Y,20260322
I10,세종특별자치시교육청,9300285,나성초등학교,2026,,초등학교,휴업일,20260726,여름방학,,Y,Y,Y,Y,Y,Y,20260322
I10,세종특별자치시교육청,9300285,나성초등학교,2026,,초등학교,휴업일,20260727,여름방학,,Y,Y,Y,Y,Y,Y,20260322
I10,세종특별자치시교육청,9300285,나성초등학교,2026,,초등학교,휴업일,20260728,여름방학,,Y,Y,Y,Y,Y,Y,20260322
I10,세종특별자치시교육청,9300285,나성초등학교,2026,,초등학교,휴업일,20260729,여름방학,,Y,Y,Y,Y,Y,Y,20260322
I10,세종특별자치시교육청,9300285,나성초등학교,2026,,초등학교,휴업일,20260730,여름방학,,Y,Y,Y,Y,Y,Y,20260322
I10,세종특별자치시교육청,9300285,나성초등학교,2026,,초등학교,휴업일,20260731,여름방학,,Y,Y,Y,Y,Y,Y,20260322
I10,세종특별자치시교육청,9300285,나성초등학교,2026,,초등학교,휴업일,20260801,여름방학,,Y,Y,Y,Y,Y,Y,20260322
I10,세종특별자치시교육청,9300285,나성초등학교,2026,,초등학교,휴업일,20260801,토요휴업일,,Y,Y,Y,Y,Y,Y,20260322
I10,세종특별자치시교육청,9300285,나성초등학교,2026,,초등학교,휴업일,20260802,여름방학,,Y,Y,Y,Y,Y,Y,20260322
I10,세종특별자치시교육청,9300285,나성초등학교,2026,,초등학교,휴업일,20260803,여름방학,,Y,Y,Y,Y,Y,Y,20260322
I10,세종특별자치시교육청,9300285,나성초등학교,2026,,초등학교,휴업일,20260804,여름방학,,Y,Y,Y,Y,Y,Y,20260322
I10,세종특별자치시교육청,9300285,나성초등학교,2026,,초등학교,휴업일,20260805,여름방학,,Y,Y,Y,Y,Y,Y,20260322
I10,세종특별자치시교육청,9300285,나성초등학교,2026,,초등학교,휴업일,20260806,여름방학,,Y,Y,Y,Y,Y,Y,20260322
I10,세종특별자치시교육청,9300285,나성초등학교,2026,,초등학교,휴업일,20260807,여름방학,,Y,Y,Y,Y,Y,Y,20260322
I10,세종특별자치시교육청,9300285,나성초등학교,2026,,초등학교,휴업일,20260808,여름방학,,Y,Y,Y,Y,Y,Y,20260322
I10,세종특별자치시교육청,9300285,나성초등학교,2026,,초등학교,휴업일,20260808,토요휴업일,,Y,Y,Y,Y,Y,Y,20260322
I10,세종특별자치시교육청,9300285,나성초등학교,2026,,초등학교,휴업일,20260809,여름방학,,Y,Y,Y,Y,Y,Y,20260322
I10,세종특별자치시교육청,9300285,나성초등학교,2026,,초등학교,휴업일,20260810,여름방학,,Y,Y,Y,Y,Y,Y,20260322
I10,세종특별자치시교육청,9300285,나성초등학교,2026,,초등학교,휴업일,20260811,여름방학,,Y,Y,Y,Y,Y,Y,20260322
I10,세종특별자치시교육청,9300285,나성초등학교,2026,,초등학교,휴업일,20260812,여름방학,,Y,Y,Y,Y,Y,Y,20260322
I10,세종특별자치시교육청,9300285,나성초등학교,2026,,초등학교,휴업일,20260813,여름방학,,Y,Y,Y,Y,Y,Y,20260322
I10,세종특별자치시교육청,9300285,나성초등학교,2026,,초등학교,휴업일,20260814,여름방학,,Y,Y,Y,Y,Y,Y,20260322
I10,세종특별자치시교육청,9300285,나성초등학교,2026,,초등학교,휴업일,20260815,여름방학,,Y,Y,Y,Y,Y,Y,20260322
I10,세종특별자치시교육청,9300285,나성초등학교,2026,,초등학교,공휴일,20260815,광복절,,Y,Y,Y,Y,Y,Y,20260322
I10,세종특별자치시교육청,9300285,나성초등학교,2026,,초등학교,휴업일,20260816,여름방학,,Y,Y,Y,Y,Y,Y,20260322
I10,세종특별자치시교육청,9300285,나성초등학교,2026,,초등학교,휴업일,20260817,여름방학,,Y,Y,Y,Y,Y,Y,20260322
I10,세종특별자치시교육청,9300285,나성초등학교,2026,,초등학교,공휴일,20260817,대체공휴일,,Y,Y,Y,Y,Y,Y,20260322
I10,세종특별자치시교육청,9300285,나성초등학교,2026,,초등학교,해당없음,20260818,개학식,,Y,Y,Y,Y,Y,Y,20260322
I10,세종특별자치시교육청,9300285,나성초등학교,2026,,초등학교,휴업일,20260822,토요휴업일,,Y,Y,Y,Y,Y,Y,20260322
I10,세종특별자치시교육청,9300285,나성초등학교,2026,,초등학교,휴업일,20260829,토요휴업일,,Y,Y,Y,Y,Y,Y,20260322
I10,세종특별자치시교육청,9300285,나성초등학교,2026,,초등학교,휴업일,20260905,토요휴업일,,Y,Y,Y,Y,Y,Y,20260322
I10,세종특별자치시교육청,9300285,나성초등학교,2026,,초등학교,휴업일,20260912,토요휴업일,,Y,Y,Y,Y,Y,Y,20260322
I10,세종특별자치시교육청,9300285,나성초등학교,2026,,초등학교,휴업일,20260919,토요휴업일,,Y,Y,Y,Y,Y,Y,20260322
I10,세종특별자치시교육청,9300285,나성초등학교,2026,,초등학교,공휴일,20260924,추석연휴,,Y,Y,Y,Y,Y,Y,20260322
I10,세종특별자치시교육청,9300285,나성초등학교,2026,,초등학교,공휴일,20260925,추석,,Y,Y,Y,Y,Y,Y,20260322
I10,세종특별자치시교육청,9300285,나성초등학교,2026,,초등학교,공휴일,20260926,추석연휴,,Y,Y,Y,Y,Y,Y,20260322
I10,세종특별자치시교육청,9300285,나성초등학교,2026,,초등학교,휴업일,20260926,토요휴업일,,Y,Y,Y,Y,Y,Y,20260322
I10,세종특별자치시교육청,9300285,나성초등학교,2026,,초등학교,공휴일,20261003,개천절,,Y,Y,Y,Y,Y,Y,20260322
I10,세종특별자치시교육청,9300285,나성초등학교,2026,,초등학교,공휴일,20261005,대체공휴일,,Y,Y,Y,Y,Y,Y,20260322
I10,세종특별자치시교육청,9300285,나성초등학교,2026,,초등학교,공휴일,20261009,한글날,,Y,Y,Y,Y,Y,Y,20260322
I10,세종특별자치시교육청,9300285,나성초등학교,2026,,초등학교,휴업일,20261010,토요휴업일,,Y,Y,Y,Y,Y,Y,20260322
I10,세종특별자치시교육청,9300285,나성초등학교,2026,,초등학교,휴업일,20261017,토요휴업일,,Y,Y,Y,Y,Y,Y,20260322
I10,세종특별자치시교육청,9300285,나성초등학교,2026,,초등학교,휴업일,20261024,토요휴업일,,Y,Y,Y,Y,Y,Y,20260322
I10,세종특별자치시교육청,9300285,나성초등학교,2026,,초등학교,휴업일,20261031,토요휴업일,,Y,Y,Y,Y,Y,Y,20260322
I10,세종특별자치시교육청,9300285,나성초등학교,2026,,초등학교,휴업일,20261107,토요휴업일,,Y,Y,Y,Y,Y,Y,20260322
I10,세종특별자치시교육청,9300285,나성초등학교,2026,,초등학교,휴업일,20261114,토요휴업일,,Y,Y,Y,Y,Y,Y,20260322
I10,세종특별자치시교육청,9300285,나성초등학교,2026,,초등학교,휴업일,20261121,토요휴업일,,Y,Y,Y,Y,Y,Y,20260322
I10,세종특별자치시교육청,9300285,나성초등학교,2026,,초등학교,휴업일,20261128,토요휴업일,,Y,Y,Y,Y,Y,Y,20260322
I10,세종특별자치시교육청,9300285,나성초등학교,2026,,초등학교,휴업일,20261205,토요휴업일,,Y,Y,Y,Y,Y,Y,20260322
I10,세종특별자치시교육청,9300285,나성초등학교,2026,,초등학교,휴업일,20261212,토요휴업일,,Y,Y,Y,Y,Y,Y,20260322
I10,세종특별자치시교육청,9300285,나성초등학교,2026,,초등학교,휴업일,20261219,토요휴업일,,Y,Y,Y,Y,Y,Y,20260322
I10,세종특별자치시교육청,9300285,나성초등학교,2026,,초등학교,공휴일,20261225,성탄절,,Y,Y,Y,Y,Y,Y,20260322
I10,세종특별자치시교육청,9300285,나성초등학교,2026,,초등학교,휴업일,20261226,토요휴업일,,Y,Y,Y,Y,Y,Y,20260322
I10,세종특별자치시교육청,9300285,나성초등학교,2026,,초등학교,공휴일,20270101,신정,,Y,Y,Y,Y,Y,Y,20260322
I10,세종특별자치시교육청,9300285,나성초등학교,2026,,초등학교,휴업일,20270102,토요휴업일,,Y,Y,Y,Y,Y,Y,20260322
I10,세종특별자치시교육청,9300285,나성초등학교,2026,,초등학교,해당없음,20270105,졸업식,,N,N,N,N,N,Y,20260322
I10,세종특별자치시교육청,9300285,나성초등학교,2026,,초등학교,해당없음,20270105,종업식,,Y,Y,Y,Y,Y,N,20260322
I10,세종특별자치시교육청,9300285,나성초등학교,2026,,초등학교,휴업일,20270106,겨울방학,,Y,Y,Y,Y,Y,Y,20260322
I10,세종특별자치시교육청,9300285,나성초등학교,2026,,초등학교,휴업일,20270107,겨울방학,,Y,Y,Y,Y,Y,Y,20260322
I10,세종특별자치시교육청,9300285,나성초등학교,2026,,초등학교,휴업일,20270108,겨울방학,,Y,Y,Y,Y,Y,Y,20260322
I10,세종특별자치시교육청,9300285,나성초등학교,2026,,초등학교,휴업일,20270109,겨울방학,,Y,Y,Y,Y,Y,Y,20260322
I10,세종특별자치시교육청,9300285,나성초등학교,2026,,초등학교,휴업일,20270109,토요휴업일,,Y,Y,Y,Y,Y,Y,20260322
I10,세종특별자치시교육청,9300285,나성초등학교,2026,,초등학교,휴업일,20270110,겨울방학,,Y,Y,Y,Y,Y,Y,20260322
I10,세종특별자치시교육청,9300285,나성초등학교,2026,,초등학교,휴업일,20270111,겨울방학,,Y,Y,Y,Y,Y,Y,20260322
I10,세종특별자치시교육청,9300285,나성초등학교,2026,,초등학교,휴업일,20270112,겨울방학,,Y,Y,Y,Y,Y,Y,20260322
I10,세종특별자치시교육청,9300285,나성초등학교,2026,,초등학교,휴업일,20270113,겨울방학,,Y,Y,Y,Y,Y,Y,20260322
I10,세종특별자치시교육청,9300285,나성초등학교,2026,,초등학교,휴업일,20270114,겨울방학,,Y,Y,Y,Y,Y,Y,20260322
I10,세종특별자치시교육청,9300285,나성초등학교,2026,,초등학교,휴업일,20270115,겨울방학,,Y,Y,Y,Y,Y,Y,20260322
I10,세종특별자치시교육청,9300285,나성초등학교,2026,,초등학교,휴업일,20270116,겨울방학,,Y,Y,Y,Y,Y,Y,20260322
I10,세종특별자치시교육청,9300285,나성초등학교,2026,,초등학교,휴업일,20270116,토요휴업일,,Y,Y,Y,Y,Y,Y,20260322
I10,세종특별자치시교육청,9300285,나성초등학교,2026,,초등학교,휴업일,20270117,겨울방학,,Y,Y,Y,Y,Y,Y,20260322
I10,세종특별자치시교육청,9300285,나성초등학교,2026,,초등학교,휴업일,20270118,겨울방학,,Y,Y,Y,Y,Y,Y,20260322
I10,세종특별자치시교육청,9300285,나성초등학교,2026,,초등학교,휴업일,20270119,겨울방학,,Y,Y,Y,Y,Y,Y,20260322
I10,세종특별자치시교육청,9300285,나성초등학교,2026,,초등학교,휴업일,20270120,겨울방학,,Y,Y,Y,Y,Y,Y,20260322
I10,세종특별자치시교육청,9300285,나성초등학교,2026,,초등학교,휴업일,20270121,겨울방학,,Y,Y,Y,Y,Y,Y,20260322
I10,세종특별자치시교육청,9300285,나성초등학교,2026,,초등학교,휴업일,20270122,겨울방학,,Y,Y,Y,Y,Y,Y,20260322
I10,세종특별자치시교육청,9300285,나성초등학교,2026,,초등학교,휴업일,20270123,겨울방학,,Y,Y,Y,Y,Y,Y,20260322
I10,세종특별자치시교육청,9300285,나성초등학교,2026,,초등학교,휴업일,20270123,토요휴업일,,Y,Y,Y,Y,Y,Y,20260322
I10,세종특별자치시교육청,9300285,나성초등학교,2026,,초등학교,휴업일,20270124,겨울방학,,Y,Y,Y,Y,Y,Y,20260322
I10,세종특별자치시교육청,9300285,나성초등학교,2026,,초등학교,휴업일,20270125,겨울방학,,Y,Y,Y,Y,Y,Y,20260322
I10,세종특별자치시교육청,9300285,나성초등학교,2026,,초등학교,휴업일,20270126,겨울방학,,Y,Y,Y,Y,Y,Y,20260322
I10,세종특별자치시교육청,9300285,나성초등학교,2026,,초등학교,휴업일,20270127,겨울방학,,Y,Y,Y,Y,Y,Y,20260322
I10,세종특별자치시교육청,9300285,나성초등학교,2026,,초등학교,휴업일,20270128,겨울방학,,Y,Y,Y,Y,Y,Y,20260322
I10,세종특별자치시교육청,9300285,나성초등학교,2026,,초등학교,휴업일,20270129,겨울방학,,Y,Y,Y,Y,Y,Y,20260322
I10,세종특별자치시교육청,9300285,나성초등학교,2026,,초등학교,휴업일,20270130,겨울방학,,Y,Y,Y,Y,Y,Y,20260322
I10,세종특별자치시교육청,9300285,나성초등학교,2026,,초등학교,휴업일,20270130,토요휴업일,,Y,Y,Y,Y,Y,Y,20260322
I10,세종특별자치시교육청,9300285,나성초등학교,2026,,초등학교,휴업일,20270131,겨울방학,,Y,Y,Y,Y,Y,Y,20260322
I10,세종특별자치시교육청,9300285,나성초등학교,2026,,초등학교,휴업일,20270201,겨울방학,,Y,Y,Y,Y,Y,Y,20260322
I10,세종특별자치시교육청,9300285,나성초등학교,2026,,초등학교,휴업일,20270202,겨울방학,,Y,Y,Y,Y,Y,Y,20260322
I10,세종특별자치시교육청,9300285,나성초등학교,2026,,초등학교,휴업일,20270203,겨울방학,,Y,Y,Y,Y,Y,Y,20260322
I10,세종특별자치시교육청,9300285,나성초등학교,2026,,초등학교,휴업일,20270204,겨울방학,,Y,Y,Y,Y,Y,Y,20260322
I10,세종특별자치시교육청,9300285,나성초등학교,2026,,초등학교,휴업일,20270205,겨울방학,,Y,Y,Y,Y,Y,Y,20260322
I10,세종특별자치시교육청,9300285,나성초등학교,2026,,초등학교,휴업일,20270206,겨울방학,,Y,Y,Y,Y,Y,Y,20260322
I10,세종특별자치시교육청,9300285,나성초등학교,2026,,초등학교,휴업일,20270206,토요휴업일,,Y,Y,Y,Y,Y,Y,20260322
I10,세종특별자치시교육청,9300285,나성초등학교,2026,,초등학교,휴업일,20270207,겨울방학,,Y,Y,Y,Y,Y,Y,20260322
I10,세종특별자치시교육청,9300285,나성초등학교,2026,,초등학교,공휴일,20270207,설날,,Y,Y,Y,Y,Y,Y,20260322
I10,세종특별자치시교육청,9300285,나성초등학교,2026,,초등학교,휴업일,20270208,겨울방학,,Y,Y,Y,Y,Y,Y,20260322
I10,세종특별자치시교육청,9300285,나성초등학교,2026,,초등학교,휴업일,20270209,겨울방학,,Y,Y,Y,Y,Y,Y,20260322
I10,세종특별자치시교육청,9300285,나성초등학교,2026,,초등학교,휴업일,20270210,겨울방학,,Y,Y,Y,Y,Y,Y,20260322
I10,세종특별자치시교육청,9300285,나성초등학교,2026,,초등학교,휴업일,20270211,겨울방학,,Y,Y,Y,Y,Y,Y,20260322
I10,세종특별자치시교육청,9300285,나성초등학교,2026,,초등학교,휴업일,20270212,겨울방학,,Y,Y,Y,Y,Y,Y,20260322
I10,세종특별자치시교육청,9300285,나성초등학교,2026,,초등학교,휴업일,20270213,겨울방학,,Y,Y,Y,Y,Y,Y,20260322
I10,세종특별자치시교육청,9300285,나성초등학교,2026,,초등학교,휴업일,20270213,토요휴업일,,Y,Y,Y,Y,Y,Y,20260322
I10,세종특별자치시교육청,9300285,나성초등학교,2026,,초등학교,휴업일,20270214,겨울방학,,Y,Y,Y,Y,Y,Y,20260322
I10,세종특별자치시교육청,9300285,나성초등학교,2026,,초등학교,휴업일,20270215,겨울방학,,Y,Y,Y,Y,Y,Y,20260322
I10,세종특별자치시교육청,9300285,나성초등학교,2026,,초등학교,휴업일,20270216,겨울방학,,Y,Y,Y,Y,Y,Y,20260322
I10,세종특별자치시교육청,9300285,나성초등학교,2026,,초등학교,휴업일,20270217,겨울방학,,Y,Y,Y,Y,Y,Y,20260322
I10,세종특별자치시교육청,9300285,나성초등학교,2026,,초등학교,휴업일,20270218,겨울방학,,Y,Y,Y,Y,Y,Y,20260322
I10,세종특별자치시교육청,9300285,나성초등학교,2026,,초등학교,휴업일,20270219,겨울방학,,Y,Y,Y,Y,Y,Y,20260322
I10,세종특별자치시교육청,9300285,나성초등학교,2026,,초등학교,휴업일,20270220,겨울방학,,Y,Y,Y,Y,Y,Y,20260322
I10,세종특별자치시교육청,9300285,나성초등학교,2026,,초등학교,휴업일,20270220,토요휴업일,,Y,Y,Y,Y,Y,Y,20260322
I10,세종특별자치시교육청,9300285,나성초등학교,2026,,초등학교,휴업일,20270221,겨울방학,,Y,Y,Y,Y,Y,Y,20260322
I10,세종특별자치시교육청,9300285,나성초등학교,2026,,초등학교,휴업일,20270222,겨울방학,,Y,Y,Y,Y,Y,Y,20260322
I10,세종특별자치시교육청,9300285,나성초등학교,2026,,초등학교,휴업일,20270223,겨울방학,,Y,Y,Y,Y,Y,Y,20260322
I10,세종특별자치시교육청,9300285,나성초등학교,2026,,초등학교,휴업일,20270224,겨울방학,,Y,Y,Y,Y,Y,Y,20260322
I10,세종특별자치시교육청,9300285,나성초등학교,2026,,초등학교,휴업일,20270225,겨울방학,,Y,Y,Y,Y,Y,Y,20260322
I10,세종특별자치시교육청,9300285,나성초등학교,2026,,초등학교,휴업일,20270226,겨울방학,,Y,Y,Y,Y,Y,Y,20260322
I10,세종특별자치시교육청,9300285,나성초등학교,2026,,초등학교,휴업일,20270227,겨울방학,,Y,Y,Y,Y,Y,Y,20260322
I10,세종특별자치시교육청,9300285,나성초등학교,2026,,초등학교,휴업일,20270227,토요휴업일,,Y,Y,Y,Y,Y,Y,20260322
I10,세종특별자치시교육청,9300285,나성초등학교,2026,,초등학교,휴업일,20270228,겨울방학,,Y,Y,Y,Y,Y,Y,20260322
I10,세종특별자치시교육청,9300172,늘봄초등학교,2025,,초등학교,공휴일,20250301,3·1절,,Y,Y,Y,Y,Y,Y,20260322
I10,세종특별자치시교육청,9300172,늘봄초등학교,2025,,초등학교,공휴일,20250303,대체공휴일,,Y,Y,Y,Y,Y,Y,20260322
I10,세종특별자치시교육청,9300172,늘봄초등학교,2025,,초등학교,해당없음,20250304,시업식,,N,Y,Y,Y,Y,Y,20260322
I10,세종특별자치시교육청,9300172,늘봄초등학교,2025,,초등학교,해당없음,20250304,입학식,,Y,N,N,N,N,N,20260322
I10,세종특별자치시교육청,9300172,늘봄초등학교,2025,,초등학교,해당없음,20250307,학급임원선거,,N,Y,Y,Y,Y,Y,20260322
I10,세종특별자치시교육청,9300172,늘봄초등학교,2025,,초등학교,휴업일,20250308,토요휴업일,,Y,Y,Y,Y,Y,Y,20260322
I10,세종특별자치시교육청,9300172,늘봄초등학교,2025,,초등학교,해당없음,20250314,학교교육과정 설명회,,Y,Y,Y,Y,Y,Y,20260322
I10,세종특별자치시교육청,9300172,늘봄초등학교,2025,,초등학교,휴업일,20250315,토요휴업일,,Y,Y,Y,Y,Y,Y,20260322
I10,세종특별자치시교육청,9300172,늘봄초등학교,2025,,초등학교,휴업일,20250322,토요휴업일,,Y,Y,Y,Y,Y,Y,20260322
I10,세종특별자치시교육청,9300172,늘봄초등학교,2025,,초등학교,휴업일,20250329,토요휴업일,,Y,Y,Y,Y,Y,Y,20260322
I10,세종특별자치시교육청,9300172,늘봄초등학교,2025,,초등학교,휴업일,20250405,토요휴업일,,Y,Y,Y,Y,Y,Y,20260322
I10,세종특별자치시교육청,9300172,늘봄초등학교,2025,,초등학교,휴업일,20250412,토요휴업일,,Y,Y,Y,Y,Y,Y,20260322
I10,세종특별자치시교육청,9300172,늘봄초등학교,2025,,초등학교,휴업일,20250419,토요휴업일,,Y,Y,Y,Y,Y,Y,20260322
I10,세종특별자치시교육청,9300172,늘봄초등학교,2025,,초등학교,휴업일,20250426,토요휴업일,,Y,Y,Y,Y,Y,Y,20260322
I10,세종특별자치시교육청,9300172,늘봄초등학교,2025,,초등학교,휴업일,20250501,개교기념일,,Y,Y,Y,Y,Y,Y,20260322
I10,세종특별자치시교육청,9300172,늘봄초등학교,2025,,초등학교,휴업일,20250503,토요휴업일,,Y,Y,Y,Y,Y,Y,20260322
I10,세종특별자치시교육청,9300172,늘봄초등학교,2025,,초등학교,공휴일,20250505,석가탄신일,,Y,Y,Y,Y,Y,Y,20260322
I10,세종특별자치시교육청,9300172,늘봄초등학교,2025,,초등학교,공휴일,20250506,대체공휴일,,Y,Y,Y,Y,Y,Y,20260322
I10,세종특별자치시교육청,9300172,늘봄초등학교,2025,,초등학교,휴업일,20250510,토요휴업일,,Y,Y,Y,Y,Y,Y,20260322
I10,세종특별자치시교육청,9300172,늘봄초등학교,2025,,초등학교,휴업일,20250517,토요휴업일,,Y,Y,Y,Y,Y,Y,20260322
I10,세종특별자치시교육청,9300172,늘봄초등학교,2025,,초등학교,휴업일,20250524,토요휴업일,,Y,Y,Y,Y,Y,Y,20260322
I10,세종특별자치시교육청,9300172,늘봄초등학교,2025,,초등학교,휴업일,20250531,토요휴업일,,Y,Y,Y,Y,Y,Y,20260322
I10,세종특별자치시교육청,9300172,늘봄초등학교,2025,,초등학교,휴업일,20250603,대통령 선거,,Y,Y,Y,Y,Y,Y,20260322
I10,세종특별자치시교육청,9300172,늘봄초등학교,2025,,초등학교,공휴일,20250606,현충일,,Y,Y,Y,Y,Y,Y,20260322
I10,세종특별자치시교육청,9300172,늘봄초등학교,2025,,초등학교,휴업일,20250607,토요휴업일,,Y,Y,Y,Y,Y,Y,20260322
I10,세종특별자치시교육청,9300172,늘봄초등학교,2025,,초등학교,휴업일,20250614,토요휴업일,,Y,Y,Y,Y,Y,Y,20260322
I10,세종특별자치시교육청,9300172,늘봄초등학교,2025,,초등학교,휴업일,20250621,토요휴업일,,Y,Y,Y,Y,Y,Y,20260322
I10,세종특별자치시교육청,9300172,늘봄초등학교,2025,,초등학교,휴업일,20250628,토요휴업일,,Y,Y,Y,Y,Y,Y,20260322
I10,세종특별자치시교육청,9300172,늘봄초등학교,2025,,초등학교,휴업일,20250705,토요휴업일,,Y,Y,Y,Y,Y,Y,20260322
I10,세종특별자치시교육청,9300172,늘봄초등학교,2025,,초등학교,휴업일,20250712,토요휴업일,,Y,Y,Y,Y,Y,Y,20260322
I10,세종특별자치시교육청,9300172,늘봄초등학교,2025,,초등학교,해당없음,20250718,여름 방학식,,Y,Y,Y,Y,Y,Y,20260322
I10,세종특별자치시교육청,9300172,늘봄초등학교,2025,,초등학교,휴업일,20250719,토요휴업일,,Y,Y,Y,Y,Y,Y,20260322
I10,세종특별자치시교육청,9300172,늘봄초등학교,2025,,초등학교,휴업일,20250721,여름방학,,Y,Y,Y,Y,Y,Y,20260322
I10,세종특별자치시교육청,9300172,늘봄초등학교,2025,,초등학교,휴업일,20250722,여름방학,,Y,Y,Y,Y,Y,Y,20260322
I10,세종특별자치시교육청,9300172,늘봄초등학교,2025,,초등학교,휴업일,20250723,여름방학,,Y,Y,Y,Y,Y,Y,20260322
I10,세종특별자치시교육청,9300172,늘봄초등학교,2025,,초등학교,휴업일,20250724,여름방학,,Y,Y,Y,Y,Y,Y,20260322
I10,세종특별자치시교육청,9300172,늘봄초등학교,2025,,초등학교,휴업일,20250725,여름방학,,Y,Y,Y,Y,Y,Y,20260322
I10,세종특별자치시교육청,9300172,늘봄초등학교,2025,,초등학교,휴업일,20250726,여름방학,,Y,Y,Y,Y,Y,Y,20260322
I10,세종특별자치시교육청,9300172,늘봄초등학교,2025,,초등학교,휴업일,20250726,토요휴업일,,Y,Y,Y,Y,Y,Y,20260322
I10,세종특별자치시교육청,9300172,늘봄초등학교,2025,,초등학교,휴업일,20250727,여름방학,,Y,Y,Y,Y,Y,Y,20260322
I10,세종특별자치시교육청,9300172,늘봄초등학교,2025,,초등학교,휴업일,20250728,여름방학,,Y,Y,Y,Y,Y,Y,20260322
I10,세종특별자치시교육청,9300172,늘봄초등학교,2025,,초등학교,휴업일,20250729,여름방학,,Y,Y,Y,Y,Y,Y,20260322
I10,세종특별자치시교육청,9300172,늘봄초등학교,2025,,초등학교,휴업일,20250730,여름방학,,Y,Y,Y,Y,Y,Y,20260322
I10,세종특별자치시교육청,9300172,늘봄초등학교,2025,,초등학교,휴업일,20250731,여름방학,,Y,Y,Y,Y,Y,Y,20260322
I10,세종특별자치시교육청,9300172,늘봄초등학교,2025,,초등학교,휴업일,20250801,여름방학,,Y,Y,Y,Y,Y,Y,20260322
I10,세종특별자치시교육청,9300172,늘봄초등학교,2025,,초등학교,휴업일,20250802,여름방학,,Y,Y,Y,Y,Y,Y,20260322
I10,세종특별자치시교육청,9300172,늘봄초등학교,2025,,초등학교,휴업일,20250802,토요휴업일,,Y,Y,Y,Y,Y,Y,20260322
I10,세종특별자치시교육청,9300172,늘봄초등학교,2025,,초등학교,휴업일,20250803,여름방학,,Y,Y,Y,Y,Y,Y,20260322
I10,세종특별자치시교육청,9300172,늘봄초등학교,2025,,초등학교,휴업일,20250804,여름방학,,Y,Y,Y,Y,Y,Y,20260322
I10,세종특별자치시교육청,9300172,늘봄초등학교,2025,,초등학교,휴업일,20250805,여름방학,,Y,Y,Y,Y,Y,Y,20260322
I10,세종특별자치시교육청,9300172,늘봄초등학교,2025,,초등학교,휴업일,20250806,여름방학,,Y,Y,Y,Y,Y,Y,20260322
I10,세종특별자치시교육청,9300172,늘봄초등학교,2025,,초등학교,휴업일,20250807,여름방학,,Y,Y,Y,Y,Y,Y,20260322
I10,세종특별자치시교육청,9300172,늘봄초등학교,2025,,초등학교,휴업일,20250808,여름방학,,Y,Y,Y,Y,Y,Y,20260322
I10,세종특별자치시교육청,9300172,늘봄초등학교,2025,,초등학교,휴업일,20250809,여름방학,,Y,Y,Y,Y,Y,Y,20260322
I10,세종특별자치시교육청,9300172,늘봄초등학교,2025,,초등학교,휴업일,20250809,토요휴업일,,Y,Y,Y,Y,Y,Y,20260322
I10,세종특별자치시교육청,9300172,늘봄초등학교,2025,,초등학교,휴업일,20250810,여름방학,,Y,Y,Y,Y,Y,Y,20260322
I10,세종특별자치시교육청,9300172,늘봄초등학교,2025,,초등학교,휴업일,20250811,여름방학,,Y,Y,Y,Y,Y,Y,20260322
I10,세종특별자치시교육청,9300172,늘봄초등학교,2025,,초등학교,휴업일,20250812,여름방학,,Y,Y,Y,Y,Y,Y,20260322
I10,세종특별자치시교육청,9300172,늘봄초등학교,2025,,초등학교,휴업일,20250813,여름방학,,Y,Y,Y,Y,Y,Y,20260322
I10,세종특별자치시교육청,9300172,늘봄초등학교,2025,,초등학교,휴업일,20250814,여름방학,,Y,Y,Y,Y,Y,Y,20260322
I10,세종특별자치시교육청,9300172,늘봄초등학교,2025,,초등학교,휴업일,20250815,여름방학,,Y,Y,Y,Y,Y,Y,20260322
I10,세종특별자치시교육청,9300172,늘봄초등학교,2025,,초등학교,공휴일,20250815,광복절,,Y,Y,Y,Y,Y,Y,20260322
I10,세종특별자치시교육청,9300172,늘봄초등학교,2025,,초등학교,휴업일,20250816,여름방학,,Y,Y,Y,Y,Y,Y,20260322
I10,세종특별자치시교육청,9300172,늘봄초등학교,2025,,초등학교,휴업일,20250816,토요휴업일,,Y,Y,Y,Y,Y,Y,20260322
I10,세종특별자치시교육청,9300172,늘봄초등학교,2025,,초등학교,휴업일,20250817,여름방학,,Y,Y,Y,Y,Y,Y,20260322
I10,세종특별자치시교육청,9300172,늘봄초등학교,2025,,초등학교,휴업일,20250818,여름방학,,Y,Y,Y,Y,Y,Y,20260322
I10,세종특별자치시교육청,9300172,늘봄초등학교,2025,,초등학교,해당없음,20250819,여름 개학식,,Y,Y,Y,Y,Y,Y,20260322
I10,세종특별자치시교육청,9300172,늘봄초등학교,2025,,초등학교,휴업일,20250823,토요휴업일,,Y,Y,Y,Y,Y,Y,20260322
I10,세종특별자치시교육청,9300172,늘봄초등학교,2025,,초등학교,휴업일,20250830,토요휴업일,,Y,Y,Y,Y,Y,Y,20260322
I10,세종특별자치시교육청,9300172,늘봄초등학교,2025,,초등학교,휴업일,20250906,토요휴업일,,Y,Y,Y,Y,Y,Y,20260322
I10,세종특별자치시교육청,9300172,늘봄초등학교,2025,,초등학교,휴업일,20250913,토요휴업일,,Y,Y,Y,Y,Y,Y,20260322
I10,세종특별자치시교육청,9300172,늘봄초등학교,2025,,초등학교,휴업일,20250920,토요휴업일,,Y,Y,Y,Y,Y,Y,20260322
I10,세종특별자치시교육청,9300172,늘봄초등학교,2025,,초등학교,휴업일,20250927,토요휴업일,,Y,Y,Y,Y,Y,Y,20260322
I10,세종특별자치시교육청,9300172,늘봄초등학교,2025,,초등학교,공휴일,20251003,개천절,,Y,Y,Y,Y,Y,Y,20260322
I10,세종특별자치시교육청,9300172,늘봄초등학교,2025,,초등학교,휴업일,20251004,토요휴업일,,Y,Y,Y,Y,Y,Y,20260322
I10,세종특별자치시교육청,9300172,늘봄초등학교,2025,,초등학교,공휴일,20251005,추석,,Y,Y,Y,Y,Y,Y,20260322
I10,세종특별자치시교육청,9300172,늘봄초등학교,2025,,초등학교,공휴일,20251006,추석,,Y,Y,Y,Y,Y,Y,20260322
I10,세종특별자치시교육청,9300172,늘봄초등학교,2025,,초등학교,공휴일,20251007,추석,,Y,Y,Y,Y,Y,Y,20260322
I10,세종특별자치시교육청,9300172,늘봄초등학교,2025,,초등학교,공휴일,20251008,대체공휴일,,Y,Y,Y,Y,Y,Y,20260322
I10,세종특별자치시교육청,9300172,늘봄초등학교,2025,,초등학교,공휴일,20251009,한글날,,Y,Y,Y,Y,Y,Y,20260322
I10,세종특별자치시교육청,9300172,늘봄초등학교,2025,,초등학교,휴업일,20251010,학교장재량휴업일,,Y,Y,Y,Y,Y,Y,20260322
I10,세종특별자치시교육청,9300172,늘봄초등학교,2025,,초등학교,휴업일,20251011,토요휴업일,,Y,Y,Y,Y,Y,Y,20260322
I10,세종특별자치시교육청,9300172,늘봄초등학교,2025,,초등학교,휴업일,20251018,토요휴업일,,Y,Y,Y,Y,Y,Y,20260322
I10,세종특별자치시교육청,9300172,늘봄초등학교,2025,,초등학교,휴업일,20251025,토요휴업일,,Y,Y,Y,Y,Y,Y,20260322
I10,세종특별자치시교육청,9300172,늘봄초등학교,2025,,초등학교,휴업일,20251101,토요휴업일,,Y,Y,Y,Y,Y,Y,20260322
I10,세종특별자치시교육청,9300172,늘봄초등학교,2025,,초등학교,휴업일,20251108,토요휴업일,,Y,Y,Y,Y,Y,Y,20260322
I10,세종특별자치시교육청,9300172,늘봄초등학교,2025,,초등학교,휴업일,20251115,토요휴업일,,Y,Y,Y,Y,Y,Y,20260322
I10,세종특별자치시교육청,9300172,늘봄초등학교,2025,,초등학교,해당없음,20251120,늘봄축제,,Y,Y,Y,Y,Y,Y,20260322
I10,세종특별자치시교육청,9300172,늘봄초등학교,2025,,초등학교,해당없음,20251121,늘봄축제,,Y,Y,Y,Y,Y,Y,20260322
I10,세종특별자치시교육청,9300172,늘봄초등학교,2025,,초등학교,휴업일,20251122,토요휴업일,,Y,Y,Y,Y,Y,Y,20260322
I10,세종특별자치시교육청,9300172,늘봄초등학교,2025,,초등학교,휴업일,20251129,토요휴업일,,Y,Y,Y,Y,Y,Y,20260322
I10,세종특별자치시교육청,9300172,늘봄초등학교,2025,,초등학교,휴업일,20251206,토요휴업일,,Y,Y,Y,Y,Y,Y,20260322
I10,세종특별자치시교육청,9300172,늘봄초등학교,2025,,초등학교,휴업일,20251213,토요휴업일,,Y,Y,Y,Y,Y,Y,20260322
I10,세종특별자치시교육청,9300172,늘봄초등학교,2025,,초등학교,휴업일,20251220,토요휴업일,,Y,Y,Y,Y,Y,Y,20260322
I10,세종특별자치시교육청,9300172,늘봄초등학교,2025,,초등학교,공휴일,20251225,성탄절,,Y,Y,Y,Y,Y,Y,20260322
I10,세종특별자치시교육청,9300172,늘봄초등학교,2025,,초등학교,휴업일,20251227,토요휴업일,,Y,Y,Y,Y,Y,Y,20260322
I10,세종특별자치시교육청,9300172,늘봄초등학교,2025,,초등학교,공휴일,20260101,신정,,Y,Y,Y,Y,Y,Y,20260322
I10,세종특별자치시교육청,9300172,늘봄초등학교,2025,,초등학교,휴업일,20260103,토요휴업일,,Y,Y,Y,Y,Y,Y,20260322
I10,세종특별자치시교육청,9300172,늘봄초등학교,2025,,초등학교,해당없음,20260109,졸업식,,N,N,N,N,N,Y,20260322
I10,세종특별자치시교육청,9300172,늘봄초등학교,2025,,초등학교,휴업일,20260110,토요휴업일,,Y,Y,Y,Y,Y,Y,20260322
I10,세종특별자치시교육청,9300172,늘봄초등학교,2025,,초등학교,휴업일,20260112,겨울방학,,Y,Y,Y,Y,Y,Y,20260322
I10,세종특별자치시교육청,9300172,늘봄초등학교,2025,,초등학교,휴업일,20260113,겨울방학,,Y,Y,Y,Y,Y,Y,20260322
I10,세종특별자치시교육청,9300172,늘봄초등학교,2025,,초등학교,휴업일,20260114,겨울방학,,Y,Y,Y,Y,Y,Y,20260322
I10,세종특별자치시교육청,9300172,늘봄초등학교,2025,,초등학교,휴업일,20260115,겨울방학,,Y,Y,Y,Y,Y,Y,20260322
I10,세종특별자치시교육청,9300172,늘봄초등학교,2025,,초등학교,휴업일,20260116,겨울방학,,Y,Y,Y,Y,Y,Y,20260322
I10,세종특별자치시교육청,9300172,늘봄초등학교,2025,,초등학교,휴업일,20260117,겨울방학,,Y,Y,Y,Y,Y,Y,20260322
I10,세종특별자치시교육청,9300172,늘봄초등학교,2025,,초등학교,휴업일,20260117,토요휴업일,,Y,Y,Y,Y,Y,Y,20260322
I10,세종특별자치시교육청,9300172,늘봄초등학교,2025,,초등학교,휴업일,20260118,겨울방학,,Y,Y,Y,Y,Y,Y,20260322
I10,세종특별자치시교육청,9300172,늘봄초등학교,2025,,초등학교,휴업일,20260119,겨울방학,,Y,Y,Y,Y,Y,Y,20260322
I10,세종특별자치시교육청,9300172,늘봄초등학교,2025,,초등학교,휴업일,20260120,겨울방학,,Y,Y,Y,Y,Y,Y,20260322
I10,세종특별자치시교육청,9300172,늘봄초등학교,2025,,초등학교,휴업일,20260121,겨울방학,,Y,Y,Y,Y,Y,Y,20260322
I10,세종특별자치시교육청,9300172,늘봄초등학교,2025,,초등학교,휴업일,20260122,겨울방학,,Y,Y,Y,Y,Y,Y,20260322
I10,세종특별자치시교육청,9300172,늘봄초등학교,2025,,초등학교,휴업일,20260123,겨울방학,,Y,Y,Y,Y,Y,Y,20260322
I10,세종특별자치시교육청,9300172,늘봄초등학교,2025,,초등학교,휴업일,20260124,겨울방학,,Y,Y,Y,Y,Y,Y,20260322
I10,세종특별자치시교육청,9300172,늘봄초등학교,2025,,초등학교,휴업일,20260124,토요휴업일,,Y,Y,Y,Y,Y,Y,20260322
I10,세종특별자치시교육청,9300172,늘봄초등학교,2025,,초등학교,휴업일,20260125,겨울방학,,Y,Y,Y,Y,Y,Y,20260322
I10,세종특별자치시교육청,9300172,늘봄초등학교,2025,,초등학교,휴업일,20260126,겨울방학,,Y,Y,Y,Y,Y,Y,20260322
I10,세종특별자치시교육청,9300172,늘봄초등학교,2025,,초등학교,휴업일,20260127,겨울방학,,Y,Y,Y,Y,Y,Y,20260322
I10,세종특별자치시교육청,9300172,늘봄초등학교,2025,,초등학교,휴업일,20260128,겨울방학,,Y,Y,Y,Y,Y,Y,20260322
I10,세종특별자치시교육청,9300172,늘봄초등학교,2025,,초등학교,휴업일,20260129,겨울방학,,Y,Y,Y,Y,Y,Y,20260322
I10,세종특별자치시교육청,9300172,늘봄초등학교,2025,,초등학교,휴업일,20260130,겨울방학,,Y,Y,Y,Y,Y,Y,20260322
I10,세종특별자치시교육청,9300172,늘봄초등학교,2025,,초등학교,휴업일,20260131,겨울방학,,Y,Y,Y,Y,Y,Y,20260322
I10,세종특별자치시교육청,9300172,늘봄초등학교,2025,,초등학교,휴업일,20260131,토요휴업일,,Y,Y,Y,Y,Y,Y,20260322
I10,세종특별자치시교육청,9300172,늘봄초등학교,2025,,초등학교,휴업일,20260201,겨울방학,,Y,Y,Y,Y,Y,Y,20260322
I10,세종특별자치시교육청,9300172,늘봄초등학교,2025,,초등학교,휴업일,20260202,겨울방학,,Y,Y,Y,Y,Y,Y,20260322
I10,세종특별자치시교육청,9300172,늘봄초등학교,2025,,초등학교,휴업일,20260203,겨울방학,,Y,Y,Y,Y,Y,Y,20260322
I10,세종특별자치시교육청,9300172,늘봄초등학교,2025,,초등학교,휴업일,20260204,겨울방학,,Y,Y,Y,Y,Y,Y,20260322
I10,세종특별자치시교육청,9300172,늘봄초등학교,2025,,초등학교,휴업일,20260205,겨울방학,,Y,Y,Y,Y,Y,Y,20260322
I10,세종특별자치시교육청,9300172,늘봄초등학교,2025,,초등학교,휴업일,20260206,겨울방학,,Y,Y,Y,Y,Y,Y,20260322
I10,세종특별자치시교육청,9300172,늘봄초등학교,2025,,초등학교,휴업일,20260207,겨울방학,,Y,Y,Y,Y,Y,Y,20260322
I10,세종특별자치시교육청,9300172,늘봄초등학교,2025,,초등학교,휴업일,20260207,토요휴업일,,Y,Y,Y,Y,Y,Y,20260322
I10,세종특별자치시교육청,9300172,늘봄초등학교,2025,,초등학교,휴업일,20260208,겨울방학,,Y,Y,Y,Y,Y,Y,20260322
I10,세종특별자치시교육청,9300172,늘봄초등학교,2025,,초등학교,휴업일,20260209,겨울방학,,Y,Y,Y,Y,Y,Y,20260322
I10,세종특별자치시교육청,9300172,늘봄초등학교,2025,,초등학교,휴업일,20260210,겨울방학,,Y,Y,Y,Y,Y,Y,20260322
I10,세종특별자치시교육청,9300172,늘봄초등학교,2025,,초등학교,휴업일,20260211,겨울방학,,Y,Y,Y,Y,Y,Y,20260322
I10,세종특별자치시교육청,9300172,늘봄초등학교,2025,,초등학교,휴업일,20260212,겨울방학,,Y,Y,Y,Y,Y,Y,20260322
I10,세종특별자치시교육청,9300172,늘봄초등학교,2025,,초등학교,휴업일,20260213,겨울방학,,Y,Y,Y,Y,Y,Y,20260322
I10,세종특별자치시교육청,9300172,늘봄초등학교,2025,,초등학교,휴업일,20260214,겨울방학,,Y,Y,Y,Y,Y,Y,20260322
I10,세종특별자치시교육청,9300172,늘봄초등학교,2025,,초등학교,휴업일,20260214,토요휴업일,,Y,Y,Y,Y,Y,Y,20260322
I10,세종특별자치시교육청,9300172,늘봄초등학교,2025,,초등학교,휴업일,20260215,겨울방학,,Y,Y,Y,Y,Y,Y,20260322
I10,세종특별자치시교육청,9300172,늘봄초등학교,2025,,초등학교,휴업일,20260216,겨울방학,,Y,Y,Y,Y,Y,Y,20260322
I10,세종특별자치시교육청,9300172,늘봄초등학교,2025,,초등학교,공휴일,20260216,설날,,Y,Y,Y,Y,Y,Y,20260322
I10,세종특별자치시교육청,9300172,늘봄초등학교,2025,,초등학교,휴업일,20260217,겨울방학,,Y,Y,Y,Y,Y,Y,20260322
I10,세종특별자치시교육청,9300172,늘봄초등학교,2025,,초등학교,공휴일,20260217,설날,,Y,Y,Y,Y,Y,Y,20260322
I10,세종특별자치시교육청,9300172,늘봄초등학교,2025,,초등학교,휴업일,20260218,겨울방학,,Y,Y,Y,Y,Y,Y,20260322
I10,세종특별자치시교육청,9300172,늘봄초등학교,2025,,초등학교,공휴일,20260218,설날,,Y,Y,Y,Y,Y,Y,20260322
I10,세종특별자치시교육청,9300172,늘봄초등학교,2025,,초등학교,휴업일,20260219,겨울방학,,Y,Y,Y,Y,Y,Y,20260322
I10,세종특별자치시교육청,9300172,늘봄초등학교,2025,,초등학교,휴업일,20260220,겨울방학,,Y,Y,Y,Y,Y,Y,20260322
I10,세종특별자치시교육청,9300172,늘봄초등학교,2025,,초등학교,휴업일,20260221,겨울방학,,Y,Y,Y,Y,Y,Y,20260322
I10,세종특별자치시교육청,9300172,늘봄초등학교,2025,,초등학교,휴업일,20260221,토요휴업일,,Y,Y,Y,Y,Y,Y,20260322
I10,세종특별자치시교육청,9300172,늘봄초등학교,2025,,초등학교,휴업일,20260222,겨울방학,,Y,Y,Y,Y,Y,Y,20260322
I10,세종특별자치시교육청,9300172,늘봄초등학교,2025,,초등학교,휴업일,20260223,겨울방학,,Y,Y,Y,Y,Y,Y,20260322
I10,세종특별자치시교육청,9300172,늘봄초등학교,2025,,초등학교,휴업일,20260224,겨울방학,,Y,Y,Y,Y,Y,Y,20260322
I10,세종특별자치시교육청,9300172,늘봄초등학교,2025,,초등학교,휴업일,20260225,겨울방학,,Y,Y,Y,Y,Y,Y,20260322
I10,세종특별자치시교육청,9300172,늘봄초등학교,2025,,초등학교,휴업일,20260226,겨울방학,,Y,Y,Y,Y,Y,Y,20260322
I10,세종특별자치시교육청,9300172,늘봄초등학교,2025,,초등학교,휴업일,20260227,겨울방학,,Y,Y,Y,Y,Y,Y,20260322
I10,세종특별자치시교육청,9300172,늘봄초등학교,2025,,초등학교,휴업일,20260228,겨울방학,,Y,Y,Y,Y,Y,Y,20260322
I10,세종특별자치시교육청,9300172,늘봄초등학교,2025,,초등학교,휴업일,20260228,토요휴업일,,Y,Y,Y,Y,Y,Y,20260322
I10,세종특별자치시교육청,9300172,늘봄초등학교,2026,,초등학교,공휴일,20260301,3·1절,,Y,Y,Y,Y,Y,Y,20260322
I10,세종특별자치시교육청,9300172,늘봄초등학교,2026,,초등학교,공휴일,20260302,대체공휴일,,Y,Y,Y,Y,Y,Y,20260322
I10,세종특별자치시교육청,9300172,늘봄초등학교,2026,,초등학교,해당없음,20260303,시업식,,N,Y,Y,Y,Y,Y,20260322
I10,세종특별자치시교육청,9300172,늘봄초등학교,2026,,초등학교,해당없음,20260303,입학식,,Y,N,N,N,N,N,20260322
I10,세종특별자치시교육청,9300172,늘봄초등학교,2026,,초등학교,해당없음,20260305,전교생 다모임,,Y,Y,Y,Y,Y,Y,20260322
I10,세종특별자치시교육청,9300172,늘봄초등학교,2026,,초등학교,해당없음,20260306,학급임원선거,,N,N,Y,Y,Y,Y,20260322
I10,세종특별자치시교육청,9300172,늘봄초등학교,2026,,초등학교,휴업일,20260307,토요휴업일,,Y,Y,Y,Y,Y,Y,20260322
I10,세종특별자치시교육청,9300172,늘봄초등학교,2026,,초등학교,휴업일,20260314,토요휴업일,,Y,Y,Y,Y,Y,Y,20260322
I10,세종특별자치시교육청,9300172,늘봄초등학교,2026,,초등학교,휴업일,20260321,토요휴업일,,Y,Y,Y,Y,Y,Y,20260322
I10,세종특별자치시교육청,9300172,늘봄초등학교,2026,,초등학교,해당없음,20260327,학부모 공개수업,,Y,Y,Y,Y,Y,Y,20260322
I10,세종특별자치시교육청,9300172,늘봄초등학교,2026,,초등학교,해당없음,20260327,학교교육과정 설명회,,Y,Y,Y,Y,Y,Y,20260322
I10,세종특별자치시교육청,9300172,늘봄초등학교,2026,,초등학교,휴업일,20260328,토요휴업일,,Y,Y,Y,Y,Y,Y,20260322
I10,세종특별자치시교육청,9300172,늘봄초등학교,2026,,초등학교,휴업일,20260404,토요휴업일,,Y,Y,Y,Y,Y,Y,20260322
I10,세종특별자치시교육청,9300172,늘봄초등학교,2026,,초등학교,휴업일,20260411,토요휴업일,,Y,Y,Y,Y,Y,Y,20260322
I10,세종특별자치시교육청,9300172,늘봄초등학교,2026,,초등학교,휴업일,20260418,토요휴업일,,Y,Y,Y,Y,Y,Y,20260322
I10,세종특별자치시교육청,9300172,늘봄초등학교,2026,,초등학교,휴업일,20260425,토요휴업일,,Y,Y,Y,Y,Y,Y,20260322
I10,세종특별자치시교육청,9300172,늘봄초등학교,2026,,초등학교,휴업일,20260501,개교기념일,,Y,Y,Y,Y,Y,Y,20260322
I10,세종특별자치시교육청,9300172,늘봄초등학교,2026,,초등학교,휴업일,20260502,토요휴업일,,Y,Y,Y,Y,Y,Y,20260322
I10,세종특별자치시교육청,9300172,늘봄초등학교,2026,,초등학교,휴업일,20260504,학교장재량휴업일,,Y,Y,Y,Y,Y,Y,20260322
I10,세종특별자치시교육청,9300172,늘봄초등학교,2026,,초등학교,공휴일,20260505,어린이날,,Y,Y,Y,Y,Y,Y,20260322
I10,세종특별자치시교육청,9300172,늘봄초등학교,2026,,초등학교,휴업일,20260509,토요휴업일,,Y,Y,Y,Y,Y,Y,20260322
I10,세종특별자치시교육청,9300172,늘봄초등학교,2026,,초등학교,휴업일,20260516,토요휴업일,,Y,Y,Y,Y,Y,Y,20260322
I10,세종특별자치시교육청,9300172,늘봄초등학교,2026,,초등학교,휴업일,20260523,토요휴업일,,Y,Y,Y,Y,Y,Y,20260322
I10,세종특별자치시교육청,9300172,늘봄초등학교,2026,,초등학교,공휴일,20260524,석가탄신일,,Y,Y,Y,Y,Y,Y,20260322
I10,세종특별자치시교육청,9300172,늘봄초등학교,2026,,초등학교,공휴일,20260525,대체공휴일,,Y,Y,Y,Y,Y,Y,20260322
I10,세종특별자치시교육청,9300172,늘봄초등학교,2026,,초등학교,휴업일,20260530,토요휴업일,,Y,Y,Y,Y,Y,Y,20260322
I10,세종특별자치시교육청,9300172,늘봄초등학교,2026,,초등학교,공휴일,20260603,국회의원선거,,Y,Y,Y,Y,Y,Y,20260322
I10,세종특별자치시교육청,9300172,늘봄초등학교,2026,,초등학교,공휴일,20260606,현충일,,Y,Y,Y,Y,Y,Y,20260322
I10,세종특별자치시교육청,9300172,늘봄초등학교,2026,,초등학교,휴업일,20260613,토요휴업일,,Y,Y,Y,Y,Y,Y,20260322
I10,세종특별자치시교육청,9300172,늘봄초등학교,2026,,초등학교,휴업일,20260620,토요휴업일,,Y,Y,Y,Y,Y,Y,20260322
I10,세종특별자치시교육청,9300172,늘봄초등학교,2026,,초등학교,휴업일,20260627,토요휴업일,,Y,Y,Y,Y,Y,Y,20260322
I10,세종특별자치시교육청,9300172,늘봄초등학교,2026,,초등학교,휴업일,20260704,토요휴업일,,Y,Y,Y,Y,Y,Y,20260322
I10,세종특별자치시교육청,9300172,늘봄초등학교,2026,,초등학교,해당없음,20260709,전교임원선거,,N,N,N,Y,Y,Y,20260322
I10,세종특별자치시교육청,9300172,늘봄초등학교,2026,,초등학교,휴업일,20260711,토요휴업일,,Y,Y,Y,Y,Y,Y,20260322
I10,세종특별자치시교육청,9300172,늘봄초등학교,2026,,초등학교,해당없음,20260716,여름 방학식,,Y,Y,Y,Y,Y,Y,20260322
I10,세종특별자치시교육청,9300172,늘봄초등학교,2026,,초등학교,휴업일,20260717,여름방학,,Y,Y,Y,Y,Y,Y,20260322
I10,세종특별자치시교육청,9300172,늘봄초등학교,2026,,초등학교,공휴일,20260717,제헌절,,Y,Y,Y,Y,Y,Y,20260322
I10,세종특별자치시교육청,9300172,늘봄초등학교,2026,,초등학교,휴업일,20260718,여름방학,,Y,Y,Y,Y,Y,Y,20260322
I10,세종특별자치시교육청,9300172,늘봄초등학교,2026,,초등학교,휴업일,20260718,토요휴업일,,Y,Y,Y,Y,Y,Y,20260322
I10,세종특별자치시교육청,9300172,늘봄초등학교,2026,,초등학교,휴업일,20260719,여름방학,,Y,Y,Y,Y,Y,Y,20260322
I10,세종특별자치시교육청,9300172,늘봄초등학교,2026,,초등학교,휴업일,20260720,여름방학,,Y,Y,Y,Y,Y,Y,20260322
I10,세종특별자치시교육청,9300172,늘봄초등학교,2026,,초등학교,휴업일,20260721,여름방학,,Y,Y,Y,Y,Y,Y,20260322
I10,세종특별자치시교육청,9300172,늘봄초등학교,2026,,초등학교,휴업일,20260722,여름방학,,Y,Y,Y,Y,Y,Y,20260322
I10,세종특별자치시교육청,9300172,늘봄초등학교,2026,,초등학교,휴업일,20260723,여름방학,,Y,Y,Y,Y,Y,Y,20260322
I10,세종특별자치시교육청,9300172,늘봄초등학교,2026,,초등학교,휴업일,20260724,여름방학,,Y,Y,Y,Y,Y,Y,20260322
I10,세종특별자치시교육청,9300172,늘봄초등학교,2026,,초등학교,휴업일,20260725,여름방학,,Y,Y,Y,Y,Y,Y,20260322
I10,세종특별자치시교육청,9300172,늘봄초등학교,2026,,초등학교,휴업일,20260725,토요휴업일,,Y,Y,Y,Y,Y,Y,20260322
I10,세종특별자치시교육청,9300172,늘봄초등학교,2026,,초등학교,휴업일,20260726,여름방학,,Y,Y,Y,Y,Y,Y,20260322
I10,세종특별자치시교육청,9300172,늘봄초등학교,2026,,초등학교,휴업일,20260727,여름방학,,Y,Y,Y,Y,Y,Y,20260322
I10,세종특별자치시교육청,9300172,늘봄초등학교,2026,,초등학교,휴업일,20260728,여름방학,,Y,Y,Y,Y,Y,Y,20260322
I10,세종특별자치시교육청,9300172,늘봄초등학교,2026,,초등학교,휴업일,20260729,여름방학,,Y,Y,Y,Y,Y,Y,20260322
I10,세종특별자치시교육청,9300172,늘봄초등학교,2026,,초등학교,휴업일,20260730,여름방학,,Y,Y,Y,Y,Y,Y,20260322
I10,세종특별자치시교육청,9300172,늘봄초등학교,2026,,초등학교,휴업일,20260731,여름방학,,Y,Y,Y,Y,Y,Y,20260322
I10,세종특별자치시교육청,9300172,늘봄초등학교,2026,,초등학교,휴업일,20260801,여름방학,,Y,Y,Y,Y,Y,Y,20260322
I10,세종특별자치시교육청,9300172,늘봄초등학교,2026,,초등학교,휴업일,20260801,토요휴업일,,Y,Y,Y,Y,Y,Y,20260322
I10,세종특별자치시교육청,9300172,늘봄초등학교,2026,,초등학교,휴업일,20260802,여름방학,,Y,Y,Y,Y,Y,Y,20260322
I10,세종특별자치시교육청,9300172,늘봄초등학교,2026,,초등학교,휴업일,20260803,여름방학,,Y,Y,Y,Y,Y,Y,20260322
I10,세종특별자치시교육청,9300172,늘봄초등학교,2026,,초등학교,휴업일,20260804,여름방학,,Y,Y,Y,Y,Y,Y,20260322
I10,세종특별자치시교육청,9300172,늘봄초등학교,2026,,초등학교,휴업일,20260805,여름방학,,Y,Y,Y,Y,Y,Y,20260322
I10,세종특별자치시교육청,9300172,늘봄초등학교,2026,,초등학교,휴업일,20260806,여름방학,,Y,Y,Y,Y,Y,Y,20260322
I10,세종특별자치시교육청,9300172,늘봄초등학교,2026,,초등학교,휴업일,20260807,여름방학,,Y,Y,Y,Y,Y,Y,20260322
I10,세종특별자치시교육청,9300172,늘봄초등학교,2026,,초등학교,휴업일,20260808,여름방학,,Y,Y,Y,Y,Y,Y,20260322
I10,세종특별자치시교육청,9300172,늘봄초등학교,2026,,초등학교,휴업일,20260808,토요휴업일,,Y,Y,Y,Y,Y,Y,20260322
I10,세종특별자치시교육청,9300172,늘봄초등학교,2026,,초등학교,휴업일,20260809,여름방학,,Y,Y,Y,Y,Y,Y,20260322
I10,세종특별자치시교육청,9300172,늘봄초등학교,2026,,초등학교,휴업일,20260810,여름방학,,Y,Y,Y,Y,Y,Y,20260322
I10,세종특별자치시교육청,9300172,늘봄초등학교,2026,,초등학교,휴업일,20260811,여름방학,,Y,Y,Y,Y,Y,Y,20260322
I10,세종특별자치시교육청,9300172,늘봄초등학교,2026,,초등학교,휴업일,20260812,여름방학,,Y,Y,Y,Y,Y,Y,20260322
I10,세종특별자치시교육청,9300172,늘봄초등학교,2026,,초등학교,휴업일,20260813,여름방학,,Y,Y,Y,Y,Y,Y,20260322
I10,세종특별자치시교육청,9300172,늘봄초등학교,2026,,초등학교,휴업일,20260814,여름방학,,Y,Y,Y,Y,Y,Y,20260322
I10,세종특별자치시교육청,9300172,늘봄초등학교,2026,,초등학교,휴업일,20260815,여름방학,,Y,Y,Y,Y,Y,Y,20260322
I10,세종특별자치시교육청,9300172,늘봄초등학교,2026,,초등학교,공휴일,20260815,광복절,,Y,Y,Y,Y,Y,Y,20260322
I10,세종특별자치시교육청,9300172,늘봄초등학교,2026,,초등학교,휴업일,20260816,여름방학,,Y,Y,Y,Y,Y,Y,20260322
I10,세종특별자치시교육청,9300172,늘봄초등학교,2026,,초등학교,휴업일,20260817,여름방학,,Y,Y,Y,Y,Y,Y,20260322
I10,세종특별자치시교육청,9300172,늘봄초등학교,2026,,초등학교,공휴일,20260817,대체공휴일,,Y,Y,Y,Y,Y,Y,20260322
I10,세종특별자치시교육청,9300172,늘봄초등학교,2026,,초등학교,해당없음,20260818,여름 개학식,,Y,Y,Y,Y,Y,Y,20260322
I10,세종특별자치시교육청,9300172,늘봄초등학교,2026,,초등학교,휴업일,20260822,토요휴업일,,Y,Y,Y,Y,Y,Y,20260322
I10,세종특별자치시교육청,9300172,늘봄초등학교,2026,,초등학교,해당없음,20260827,학급임원선거,,N,N,Y,Y,Y,Y,20260322
I10,세종특별자치시교육청,9300172,늘봄초등학교,2026,,초등학교,휴업일,20260829,토요휴업일,,Y,Y,Y,Y,Y,Y,20260322
I10,세종특별자치시교육청,9300172,늘봄초등학교,2026,,초등학교,해당없음,20260903,전교생 다모임,,Y,Y,Y,Y,Y,Y,20260322
I10,세종특별자치시교육청,9300172,늘봄초등학교,2026,,초등학교,휴업일,20260905,토요휴업일,,Y,Y,Y,Y,Y,Y,20260322
I10,세종특별자치시교육청,9300172,늘봄초등학교,2026,,초등학교,휴업일,20260912,토요휴업일,,Y,Y,Y,Y,Y,Y,20260322
I10,세종특별자치시교육청,9300172,늘봄초등학교,2026,,초등학교,휴업일,20260919,토요휴업일,,Y,Y,Y,Y,Y,Y,20260322
I10,세종특별자치시교육청,9300172,늘봄초등학교,2026,,초등학교,공휴일,20260924,추석연휴,,Y,Y,Y,Y,Y,Y,20260322
I10,세종특별자치시교육청,9300172,늘봄초등학교,2026,,초등학교,공휴일,20260925,추석,,Y,Y,Y,Y,Y,Y,20260322
I10,세종특별자치시교육청,9300172,늘봄초등학교,2026,,초등학교,휴업일,20260926,토요휴업일,,Y,Y,Y,Y,Y,Y,20260322
I10,세종특별자치시교육청,9300172,늘봄초등학교,2026,,초등학교,공휴일,20261003,개천절,,Y,Y,Y,Y,Y,Y,20260322
I10,세종특별자치시교육청,9300172,늘봄초등학교,2026,,초등학교,공휴일,20261005,대체공휴일,,Y,Y,Y,Y,Y,Y,20260322
I10,세종특별자치시교육청,9300172,늘봄초등학교,2026,,초등학교,공휴일,20261009,한글날,,Y,Y,Y,Y,Y,Y,20260322
I10,세종특별자치시교육청,9300172,늘봄초등학교,2026,,초등학교,휴업일,20261010,토요휴업일,,Y,Y,Y,Y,Y,Y,20260322
I10,세종특별자치시교육청,9300172,늘봄초등학교,2026,,초등학교,휴업일,20261017,토요휴업일,,Y,Y,Y,Y,Y,Y,20260322
I10,세종특별자치시교육청,9300172,늘봄초등학교,2026,,초등학교,휴업일,20261024,토요휴업일,,Y,Y,Y,Y,Y,Y,20260322
I10,세종특별자치시교육청,9300172,늘봄초등학교,2026,,초등학교,휴업일,20261031,토요휴업일,,Y,Y,Y,Y,Y,Y,20260322
I10,세종특별자치시교육청,9300172,늘봄초등학교,2026,,초등학교,휴업일,20261107,토요휴업일,,Y,Y,Y,Y,Y,Y,20260322
I10,세종특별자치시교육청,9300172,늘봄초등학교,2026,,초등학교,휴업일,20261114,토요휴업일,,Y,Y,Y,Y,Y,Y,20260322
I10,세종특별자치시교육청,9300172,늘봄초등학교,2026,,초등학교,휴업일,20261121,토요휴업일,,Y,Y,Y,Y,Y,Y,20260322
I10,세종특별자치시교육청,9300172,늘봄초등학교,2026,,초등학교,휴업일,20261128,토요휴업일,,Y,Y,Y,Y,Y,Y,20260322
I10,세종특별자치시교육청,9300172,늘봄초등학교,2026,,초등학교,휴업일,20261205,토요휴업일,,Y,Y,Y,Y,Y,Y,20260322
I10,세종특별자치시교육청,9300172,늘봄초등학교,2026,,초등학교,휴업일,20261212,토요휴업일,,Y,Y,Y,Y,Y,Y,20260322
I10,세종특별자치시교육청,9300172,늘봄초등학교,2026,,초등학교,휴업일,20261219,토요휴업일,,Y,Y,Y,Y,Y,Y,20260322
I10,세종특별자치시교육청,9300172,늘봄초등학교,2026,,초등학교,공휴일,20261225,성탄절,,Y,Y,Y,Y,Y,Y,20260322
I10,세종특별자치시교육청,9300172,늘봄초등학교,2026,,초등학교,휴업일,20261226,토요휴업일,,Y,Y,Y,Y,Y,Y,20260322
I10,세종특별자치시교육청,9300172,늘봄초등학교,2026,,초등학교,해당없음,20261231,전교임원선거,,N,N,Y,Y,Y,N,20260322
I10,세종특별자치시교육청,9300172,늘봄초등학교,2026,,초등학교,공휴일,20270101,신정,,Y,Y,Y,Y,Y,Y,20260322
I10,세종특별자치시교육청,9300172,늘봄초등학교,2026,,초등학교,휴업일,20270102,토요휴업일,,Y,Y,Y,Y,Y,Y,20260322
I10,세종특별자치시교육청,9300172,늘봄초등학교,2026,,초등학교,해당없음,20270107,졸업식,,N,N,N,N,N,Y,20260322
I10,세종특별자치시교육청,9300172,늘봄초등학교,2026,,초등학교,해당없음,20270107,종업식,,Y,Y,Y,Y,Y,N,20260322
I10,세종특별자치시교육청,9300172,늘봄초등학교,2026,,초등학교,휴업일,20270108,겨울방학,,Y,Y,Y,Y,Y,Y,20260322
I10,세종특별자치시교육청,9300172,늘봄초등학교,2026,,초등학교,휴업일,20270109,겨울방학,,Y,Y,Y,Y,Y,Y,20260322
I10,세종특별자치시교육청,9300172,늘봄초등학교,2026,,초등학교,휴업일,20270109,토요휴업일,,Y,Y,Y,Y,Y,Y,20260322
I10,세종특별자치시교육청,9300172,늘봄초등학교,2026,,초등학교,휴업일,20270110,겨울방학,,Y,Y,Y,Y,Y,Y,20260322
I10,세종특별자치시교육청,9300172,늘봄초등학교,2026,,초등학교,휴업일,20270111,겨울방학,,Y,Y,Y,Y,Y,Y,20260322
I10,세종특별자치시교육청,9300172,늘봄초등학교,2026,,초등학교,휴업일,20270112,겨울방학,,Y,Y,Y,Y,Y,Y,20260322
I10,세종특별자치시교육청,9300172,늘봄초등학교,2026,,초등학교,휴업일,20270113,겨울방학,,Y,Y,Y,Y,Y,Y,20260322
I10,세종특별자치시교육청,9300172,늘봄초등학교,2026,,초등학교,휴업일,20270114,겨울방학,,Y,Y,Y,Y,Y,Y,20260322
I10,세종특별자치시교육청,9300172,늘봄초등학교,2026,,초등학교,휴업일,20270115,겨울방학,,Y,Y,Y,Y,Y,Y,20260322
I10,세종특별자치시교육청,9300172,늘봄초등학교,2026,,초등학교,휴업일,20270116,겨울방학,,Y,Y,Y,Y,Y,Y,20260322
I10,세종특별자치시교육청,9300172,늘봄초등학교,2026,,초등학교,휴업일,20270116,토요휴업일,,Y,Y,Y,Y,Y,Y,20260322
I10,세종특별자치시교육청,9300172,늘봄초등학교,2026,,초등학교,휴업일,20270117,겨울방학,,Y,Y,Y,Y,Y,Y,20260322
I10,세종특별자치시교육청,9300172,늘봄초등학교,2026,,초등학교,휴업일,20270118,겨울방학,,Y,Y,Y,Y,Y,Y,20260322
I10,세종특별자치시교육청,9300172,늘봄초등학교,2026,,초등학교,휴업일,20270119,겨울방학,,Y,Y,Y,Y,Y,Y,20260322
I10,세종특별자치시교육청,9300172,늘봄초등학교,2026,,초등학교,휴업일,20270120,겨울방학,,Y,Y,Y,Y,Y,Y,20260322
I10,세종특별자치시교육청,9300172,늘봄초등학교,2026,,초등학교,휴업일,20270121,겨울방학,,Y,Y,Y,Y,Y,Y,20260322
I10,세종특별자치시교육청,9300172,늘봄초등학교,2026,,초등학교,휴업일,20270122,겨울방학,,Y,Y,Y,Y,Y,Y,20260322
I10,세종특별자치시교육청,9300172,늘봄초등학교,2026,,초등학교,휴업일,20270123,겨울방학,,Y,Y,Y,Y,Y,Y,20260322
I10,세종특별자치시교육청,9300172,늘봄초등학교,2026,,초등학교,휴업일,20270123,토요휴업일,,Y,Y,Y,Y,Y,Y,20260322
I10,세종특별자치시교육청,9300172,늘봄초등학교,2026,,초등학교,휴업일,20270124,겨울방학,,Y,Y,Y,Y,Y,Y,20260322
I10,세종특별자치시교육청,9300172,늘봄초등학교,2026,,초등학교,휴업일,20270125,겨울방학,,Y,Y,Y,Y,Y,Y,20260322
I10,세종특별자치시교육청,9300172,늘봄초등학교,2026,,초등학교,휴업일,20270126,겨울방학,,Y,Y,Y,Y,Y,Y,20260322
I10,세종특별자치시교육청,9300172,늘봄초등학교,2026,,초등학교,휴업일,20270127,겨울방학,,Y,Y,Y,Y,Y,Y,20260322
I10,세종특별자치시교육청,9300172,늘봄초등학교,2026,,초등학교,휴업일,20270128,겨울방학,,Y,Y,Y,Y,Y,Y,20260322
I10,세종특별자치시교육청,9300172,늘봄초등학교,2026,,초등학교,휴업일,20270129,겨울방학,,Y,Y,Y,Y,Y,Y,20260322
I10,세종특별자치시교육청,9300172,늘봄초등학교,2026,,초등학교,휴업일,20270130,겨울방학,,Y,Y,Y,Y,Y,Y,20260322
I10,세종특별자치시교육청,9300172,늘봄초등학교,2026,,초등학교,휴업일,20270130,토요휴업일,,Y,Y,Y,Y,Y,Y,20260322
I10,세종특별자치시교육청,9300172,늘봄초등학교,2026,,초등학교,휴업일,20270131,겨울방학,,Y,Y,Y,Y,Y,Y,20260322
I10,세종특별자치시교육청,9300172,늘봄초등학교,2026,,초등학교,휴업일,20270201,겨울방학,,Y,Y,Y,Y,Y,Y,20260322
I10,세종특별자치시교육청,9300172,늘봄초등학교,2026,,초등학교,휴업일,20270202,겨울방학,,Y,Y,Y,Y,Y,Y,20260322
I10,세종특별자치시교육청,9300172,늘봄초등학교,2026,,초등학교,휴업일,20270203,겨울방학,,Y,Y,Y,Y,Y,Y,20260322
I10,세종특별자치시교육청,9300172,늘봄초등학교,2026,,초등학교,휴업일,20270204,겨울방학,,Y,Y,Y,Y,Y,Y,20260322
I10,세종특별자치시교육청,9300172,늘봄초등학교,2026,,초등학교,휴업일,20270205,겨울방학,,Y,Y,Y,Y,Y,Y,20260322
I10,세종특별자치시교육청,9300172,늘봄초등학교,2026,,초등학교,휴업일,20270206,겨울방학,,Y,Y,Y,Y,Y,Y,20260322
I10,세종특별자치시교육청,9300172,늘봄초등학교,2026,,초등학교,공휴일,20270206,설날,,Y,Y,Y,Y,Y,Y,20260322
I10,세종특별자치시교육청,9300172,늘봄초등학교,2026,,초등학교,휴업일,20270206,토요휴업일,,Y,Y,Y,Y,Y,Y,20260322
I10,세종특별자치시교육청,9300172,늘봄초등학교,2026,,초등학교,휴업일,20270207,겨울방학,,Y,Y,Y,Y,Y,Y,20260322
I10,세종특별자치시교육청,9300172,늘봄초등학교,2026,,초등학교,공휴일,20270207,설날,,Y,Y,Y,Y,Y,Y,20260322
I10,세종특별자치시교육청,9300172,늘봄초등학교,2026,,초등학교,휴업일,20270208,겨울방학,,Y,Y,Y,Y,Y,Y,20260322
I10,세종특별자치시교육청,9300172,늘봄초등학교,2026,,초등학교,공휴일,20270208,설날,,Y,Y,Y,Y,Y,Y,20260322
I10,세종특별자치시교육청,9300172,늘봄초등학교,2026,,초등학교,휴업일,20270209,겨울방학,,Y,Y,Y,Y,Y,Y,20260322
I10,세종특별자치시교육청,9300172,늘봄초등학교,2026,,초등학교,공휴일,20270209,대체공휴일,,Y,Y,Y,Y,Y,Y,20260322
﻿I10,세종특별자치시교육청,9300172,늘봄초등학교,2026,,초등학교,휴업일,20270210,겨울방학,,Y,Y,Y,Y,Y,Y,20260322
I10,세종특별자치시교육청,9300172,늘봄초등학교,2026,,초등학교,휴업일,20270211,겨울방학,,Y,Y,Y,Y,Y,Y,20260322
I10,세종특별자치시교육청,9300172,늘봄초등학교,2026,,초등학교,휴업일,20270212,겨울방학,,Y,Y,Y,Y,Y,Y,20260322
I10,세종특별자치시교육청,9300172,늘봄초등학교,2026,,초등학교,휴업일,20270213,겨울방학,,Y,Y,Y,Y,Y,Y,20260322
I10,세종특별자치시교육청,9300172,늘봄초등학교,2026,,초등학교,휴업일,20270213,토요휴업일,,Y,Y,Y,Y,Y,Y,20260322
I10,세종특별자치시교육청,9300172,늘봄초등학교,2026,,초등학교,휴업일,20270214,겨울방학,,Y,Y,Y,Y,Y,Y,20260322
I10,세종특별자치시교육청,9300172,늘봄초등학교,2026,,초등학교,휴업일,20270215,겨울방학,,Y,Y,Y,Y,Y,Y,20260322
I10,세종특별자치시교육청,9300172,늘봄초등학교,2026,,초등학교,휴업일,20270216,겨울방학,,Y,Y,Y,Y,Y,Y,20260322
I10,세종특별자치시교육청,9300172,늘봄초등학교,2026,,초등학교,휴업일,20270217,겨울방학,,Y,Y,Y,Y,Y,Y,20260322
I10,세종특별자치시교육청,9300172,늘봄초등학교,2026,,초등학교,휴업일,20270218,겨울방학,,Y,Y,Y,Y,Y,Y,20260322
I10,세종특별자치시교육청,9300172,늘봄초등학교,2026,,초등학교,휴업일,20270219,겨울방학,,Y,Y,Y,Y,Y,Y,20260322
I10,세종특별자치시교육청,9300172,늘봄초등학교,2026,,초등학교,휴업일,20270220,겨울방학,,Y,Y,Y,Y,Y,Y,20260322
I10,세종특별자치시교육청,9300172,늘봄초등학교,2026,,초등학교,휴업일,20270220,토요휴업일,,Y,Y,Y,Y,Y,Y,20260322
I10,세종특별자치시교육청,9300172,늘봄초등학교,2026,,초등학교,휴업일,20270221,겨울방학,,Y,Y,Y,Y,Y,Y,20260322
I10,세종특별자치시교육청,9300172,늘봄초등학교,2026,,초등학교,휴업일,20270222,겨울방학,,Y,Y,Y,Y,Y,Y,20260322
I10,세종특별자치시교육청,9300172,늘봄초등학교,2026,,초등학교,휴업일,20270223,겨울방학,,Y,Y,Y,Y,Y,Y,20260322
I10,세종특별자치시교육청,9300172,늘봄초등학교,2026,,초등학교,휴업일,20270224,겨울방학,,Y,Y,Y,Y,Y,Y,20260322
I10,세종특별자치시교육청,9300172,늘봄초등학교,2026,,초등학교,휴업일,20270225,겨울방학,,Y,Y,Y,Y,Y,Y,20260322
I10,세종특별자치시교육청,9300172,늘봄초등학교,2026,,초등학교,휴업일,20270226,겨울방학,,Y,Y,Y,Y,Y,Y,20260322
I10,세종특별자치시교육청,9300172,늘봄초등학교,2026,,초등학교,휴업일,20270227,겨울방학,,Y,Y,Y,Y,Y,Y,20260322
I10,세종특별자치시교육청,9300172,늘봄초등학교,2026,,초등학교,휴업일,20270227,토요휴업일,,Y,Y,Y,Y,Y,Y,20260322
I10,세종특별자치시교육청,9300172,늘봄초등학교,2026,,초등학교,휴업일,20270228,겨울방학,,Y,Y,Y,Y,Y,Y,20260322
I10,세종특별자치시교육청,9300171,다빛초등학교,2025,,초등학교,공휴일,20250301,3·1절,3·1절,Y,Y,Y,Y,Y,Y,20260322
I10,세종특별자치시교육청,9300171,다빛초등학교,2025,,초등학교,공휴일,20250303,대체공휴일,대체공휴일,Y,Y,Y,Y,Y,Y,20260322
I10,세종특별자치시교육청,9300171,다빛초등학교,2025,,초등학교,공휴일,20250303,대체공휴일,,Y,Y,Y,Y,Y,Y,20260322
I10,세종특별자치시교육청,9300171,다빛초등학교,2025,,초등학교,해당없음,20250304,입학식,입학식,Y,N,N,N,N,N,20260322
I10,세종특별자치시교육청,9300171,다빛초등학교,2025,,초등학교,해당없음,20250304,시업식,시업식,N,Y,Y,Y,Y,Y,20260322
I10,세종특별자치시교육청,9300171,다빛초등학교,2025,,초등학교,휴업일,20250308,토요휴업일,,Y,Y,Y,Y,Y,Y,20260322
I10,세종특별자치시교육청,9300171,다빛초등학교,2025,,초등학교,휴업일,20250315,토요휴업일,,Y,Y,Y,Y,Y,Y,20260322
I10,세종특별자치시교육청,9300171,다빛초등학교,2025,,초등학교,휴업일,20250322,토요휴업일,,Y,Y,Y,Y,Y,Y,20260322
I10,세종특별자치시교육청,9300171,다빛초등학교,2025,,초등학교,해당없음,20250326,교육과정설명회,교육과정설명회,Y,Y,Y,Y,Y,Y,20260322
I10,세종특별자치시교육청,9300171,다빛초등학교,2025,,초등학교,휴업일,20250329,토요휴업일,,Y,Y,Y,Y,Y,Y,20260322
I10,세종특별자치시교육청,9300171,다빛초등학교,2025,,초등학교,휴업일,20250405,토요휴업일,,Y,Y,Y,Y,Y,Y,20260322
I10,세종특별자치시교육청,9300171,다빛초등학교,2025,,초등학교,휴업일,20250412,토요휴업일,,Y,Y,Y,Y,Y,Y,20260322
I10,세종특별자치시교육청,9300171,다빛초등학교,2025,,초등학교,휴업일,20250419,토요휴업일,,Y,Y,Y,Y,Y,Y,20260322
I10,세종특별자치시교육청,9300171,다빛초등학교,2025,,초등학교,휴업일,20250426,토요휴업일,,Y,Y,Y,Y,Y,Y,20260322
I10,세종특별자치시교육청,9300171,다빛초등학교,2025,,초등학교,해당없음,20250430,학부모수업공개,학부모수업공개,Y,Y,Y,Y,Y,Y,20260322
I10,세종특별자치시교육청,9300171,다빛초등학교,2025,,초등학교,휴업일,20250501,재량휴업일,재량휴업일,Y,Y,Y,Y,Y,Y,20260322
I10,세종특별자치시교육청,9300171,다빛초등학교,2025,,초등학교,휴업일,20250503,토요휴업일,,Y,Y,Y,Y,Y,Y,20260322
I10,세종특별자치시교육청,9300171,다빛초등학교,2025,,초등학교,공휴일,20250505,어린이날,어린이날,Y,Y,Y,Y,Y,Y,20260322
I10,세종특별자치시교육청,9300171,다빛초등학교,2025,,초등학교,공휴일,20250505,석가탄신일,석가탄신일,Y,Y,Y,Y,Y,Y,20260322
I10,세종특별자치시교육청,9300171,다빛초등학교,2025,,초등학교,공휴일,20250506,대체공휴일,대체공휴일,Y,Y,Y,Y,Y,Y,20260322
I10,세종특별자치시교육청,9300171,다빛초등학교,2025,,초등학교,공휴일,20250506,대체공휴일,,Y,Y,Y,Y,Y,Y,20260322
I10,세종특별자치시교육청,9300171,다빛초등학교,2025,,초등학교,휴업일,20250510,토요휴업일,,Y,Y,Y,Y,Y,Y,20260322
I10,세종특별자치시교육청,9300171,다빛초등학교,2025,,초등학교,휴업일,20250517,토요휴업일,,Y,Y,Y,Y,Y,Y,20260322
I10,세종특별자치시교육청,9300171,다빛초등학교,2025,,초등학교,휴업일,20250524,토요휴업일,,Y,Y,Y,Y,Y,Y,20260322
I10,세종특별자치시교육청,9300171,다빛초등학교,2025,,초등학교,휴업일,20250531,토요휴업일,,Y,Y,Y,Y,Y,Y,20260322
I10,세종특별자치시교육청,9300171,다빛초등학교,2025,,초등학교,공휴일,20250603,대통령 선거일,대통령 선거일,Y,Y,Y,Y,Y,Y,20260322
I10,세종특별자치시교육청,9300171,다빛초등학교,2025,,초등학교,공휴일,20250606,현충일,현충일,Y,Y,Y,Y,Y,Y,20260322
I10,세종특별자치시교육청,9300171,다빛초등학교,2025,,초등학교,휴업일,20250607,토요휴업일,,Y,Y,Y,Y,Y,Y,20260322
I10,세종특별자치시교육청,9300171,다빛초등학교,2025,,초등학교,휴업일,20250614,토요휴업일,,Y,Y,Y,Y,Y,Y,20260322
I10,세종특별자치시교육청,9300171,다빛초등학교,2025,,초등학교,휴업일,20250621,토요휴업일,,Y,Y,Y,Y,Y,Y,20260322
I10,세종특별자치시교육청,9300171,다빛초등학교,2025,,초등학교,휴업일,20250628,토요휴업일,,Y,Y,Y,Y,Y,Y,20260322
I10,세종특별자치시교육청,9300171,다빛초등학교,2025,,초등학교,해당없음,20250702,교육과정평가회,교육과정평가회,Y,Y,Y,Y,Y,Y,20260322
I10,세종특별자치시교육청,9300171,다빛초등학교,2025,,초등학교,휴업일,20250705,토요휴업일,,Y,Y,Y,Y,Y,Y,20260322
I10,세종특별자치시교육청,9300171,다빛초등학교,2025,,초등학교,휴업일,20250712,토요휴업일,,Y,Y,Y,Y,Y,Y,20260322
I10,세종특별자치시교육청,9300171,다빛초등학교,2025,,초등학교,휴업일,20250719,토요휴업일,,Y,Y,Y,Y,Y,Y,20260322
I10,세종특별자치시교육청,9300171,다빛초등학교,2025,,초등학교,해당없음,20250723,여름방학식,여름방학식,Y,Y,Y,Y,Y,Y,20260322
I10,세종특별자치시교육청,9300171,다빛초등학교,2025,,초등학교,휴업일,20250724,여름방학,,Y,Y,Y,Y,Y,Y,20260322
I10,세종특별자치시교육청,9300171,다빛초등학교,2025,,초등학교,휴업일,20250725,여름방학,,Y,Y,Y,Y,Y,Y,20260322
I10,세종특별자치시교육청,9300171,다빛초등학교,2025,,초등학교,휴업일,20250726,여름방학,,Y,Y,Y,Y,Y,Y,20260322
I10,세종특별자치시교육청,9300171,다빛초등학교,2025,,초등학교,휴업일,20250726,토요휴업일,,Y,Y,Y,Y,Y,Y,20260322
I10,세종특별자치시교육청,9300171,다빛초등학교,2025,,초등학교,휴업일,20250727,여름방학,,Y,Y,Y,Y,Y,Y,20260322
I10,세종특별자치시교육청,9300171,다빛초등학교,2025,,초등학교,휴업일,20250728,여름방학,,Y,Y,Y,Y,Y,Y,20260322
I10,세종특별자치시교육청,9300171,다빛초등학교,2025,,초등학교,휴업일,20250729,여름방학,,Y,Y,Y,Y,Y,Y,20260322
I10,세종특별자치시교육청,9300171,다빛초등학교,2025,,초등학교,휴업일,20250730,여름방학,,Y,Y,Y,Y,Y,Y,20260322
I10,세종특별자치시교육청,9300171,다빛초등학교,2025,,초등학교,휴업일,20250731,여름방학,,Y,Y,Y,Y,Y,Y,20260322
I10,세종특별자치시교육청,9300171,다빛초등학교,2025,,초등학교,휴업일,20250801,여름방학,,Y,Y,Y,Y,Y,Y,20260322
I10,세종특별자치시교육청,9300171,다빛초등학교,2025,,초등학교,휴업일,20250802,여름방학,,Y,Y,Y,Y,Y,Y,20260322
I10,세종특별자치시교육청,9300171,다빛초등학교,2025,,초등학교,휴업일,20250802,토요휴업일,,Y,Y,Y,Y,Y,Y,20260322
I10,세종특별자치시교육청,9300171,다빛초등학교,2025,,초등학교,휴업일,20250803,여름방학,,Y,Y,Y,Y,Y,Y,20260322
I10,세종특별자치시교육청,9300171,다빛초등학교,2025,,초등학교,휴업일,20250804,여름방학,,Y,Y,Y,Y,Y,Y,20260322
I10,세종특별자치시교육청,9300171,다빛초등학교,2025,,초등학교,휴업일,20250805,여름방학,,Y,Y,Y,Y,Y,Y,20260322
I10,세종특별자치시교육청,9300171,다빛초등학교,2025,,초등학교,휴업일,20250806,여름방학,,Y,Y,Y,Y,Y,Y,20260322
I10,세종특별자치시교육청,9300171,다빛초등학교,2025,,초등학교,휴업일,20250807,여름방학,,Y,Y,Y,Y,Y,Y,20260322
I10,세종특별자치시교육청,9300171,다빛초등학교,2025,,초등학교,휴업일,20250808,여름방학,,Y,Y,Y,Y,Y,Y,20260322
I10,세종특별자치시교육청,9300171,다빛초등학교,2025,,초등학교,휴업일,20250809,여름방학,,Y,Y,Y,Y,Y,Y,20260322
I10,세종특별자치시교육청,9300171,다빛초등학교,2025,,초등학교,휴업일,20250809,토요휴업일,,Y,Y,Y,Y,Y,Y,20260322
I10,세종특별자치시교육청,9300171,다빛초등학교,2025,,초등학교,휴업일,20250810,여름방학,,Y,Y,Y,Y,Y,Y,20260322
I10,세종특별자치시교육청,9300171,다빛초등학교,2025,,초등학교,휴업일,20250811,여름방학,,Y,Y,Y,Y,Y,Y,20260322
I10,세종특별자치시교육청,9300171,다빛초등학교,2025,,초등학교,휴업일,20250812,여름방학,,Y,Y,Y,Y,Y,Y,20260322
I10,세종특별자치시교육청,9300171,다빛초등학교,2025,,초등학교,휴업일,20250813,여름방학,,Y,Y,Y,Y,Y,Y,20260322
I10,세종특별자치시교육청,9300171,다빛초등학교,2025,,초등학교,휴업일,20250814,여름방학,,Y,Y,Y,Y,Y,Y,20260322
I10,세종특별자치시교육청,9300171,다빛초등학교,2025,,초등학교,휴업일,20250815,여름방학,,Y,Y,Y,Y,Y,Y,20260322
I10,세종특별자치시교육청,9300171,다빛초등학교,2025,,초등학교,공휴일,20250815,광복절,광복절,Y,Y,Y,Y,Y,Y,20260322
I10,세종특별자치시교육청,9300171,다빛초등학교,2025,,초등학교,휴업일,20250816,여름방학,,Y,Y,Y,Y,Y,Y,20260322
I10,세종특별자치시교육청,9300171,다빛초등학교,2025,,초등학교,휴업일,20250816,토요휴업일,,Y,Y,Y,Y,Y,Y,20260322
I10,세종특별자치시교육청,9300171,다빛초등학교,2025,,초등학교,휴업일,20250817,여름방학,,Y,Y,Y,Y,Y,Y,20260322
I10,세종특별자치시교육청,9300171,다빛초등학교,2025,,초등학교,휴업일,20250818,여름방학,,Y,Y,Y,Y,Y,Y,20260322
I10,세종특별자치시교육청,9300171,다빛초등학교,2025,,초등학교,휴업일,20250819,여름방학,,Y,Y,Y,Y,Y,Y,20260322
I10,세종특별자치시교육청,9300171,다빛초등학교,2025,,초등학교,휴업일,20250820,여름방학,,Y,Y,Y,Y,Y,Y,20260322
I10,세종특별자치시교육청,9300171,다빛초등학교,2025,,초등학교,휴업일,20250821,여름방학,,Y,Y,Y,Y,Y,Y,20260322
I10,세종특별자치시교육청,9300171,다빛초등학교,2025,,초등학교,휴업일,20250822,여름방학,,Y,Y,Y,Y,Y,Y,20260322
I10,세종특별자치시교육청,9300171,다빛초등학교,2025,,초등학교,휴업일,20250823,여름방학,,Y,Y,Y,Y,Y,Y,20260322
I10,세종특별자치시교육청,9300171,다빛초등학교,2025,,초등학교,휴업일,20250823,토요휴업일,,Y,Y,Y,Y,Y,Y,20260322
I10,세종특별자치시교육청,9300171,다빛초등학교,2025,,초등학교,휴업일,20250824,여름방학,,Y,Y,Y,Y,Y,Y,20260322
I10,세종특별자치시교육청,9300171,다빛초등학교,2025,,초등학교,휴업일,20250825,여름방학,,Y,Y,Y,Y,Y,Y,20260322
I10,세종특별자치시교육청,9300171,다빛초등학교,2025,,초등학교,해당없음,20250826,여름개학식,,Y,Y,Y,Y,Y,Y,20260322
I10,세종특별자치시교육청,9300171,다빛초등학교,2025,,초등학교,휴업일,20250830,토요휴업일,,Y,Y,Y,Y,Y,Y,20260322
I10,세종특별자치시교육청,9300171,다빛초등학교,2025,,초등학교,휴업일,20250906,토요휴업일,,Y,Y,Y,Y,Y,Y,20260322
I10,세종특별자치시교육청,9300171,다빛초등학교,2025,,초등학교,휴업일,20250913,토요휴업일,,Y,Y,Y,Y,Y,Y,20260322
I10,세종특별자치시교육청,9300171,다빛초등학교,2025,,초등학교,휴업일,20250920,토요휴업일,,Y,Y,Y,Y,Y,Y,20260322
I10,세종특별자치시교육청,9300171,다빛초등학교,2025,,초등학교,휴업일,20250927,토요휴업일,,Y,Y,Y,Y,Y,Y,20260322
I10,세종특별자치시교육청,9300171,다빛초등학교,2025,,초등학교,공휴일,20251003,개천절,개천절,Y,Y,Y,Y,Y,Y,20260322
I10,세종특별자치시교육청,9300171,다빛초등학교,2025,,초등학교,휴업일,20251004,토요휴업일,,Y,Y,Y,Y,Y,Y,20260322
I10,세종특별자치시교육청,9300171,다빛초등학교,2025,,초등학교,공휴일,20251005,추석연휴,추석연휴,Y,Y,Y,Y,Y,Y,20260322
I10,세종특별자치시교육청,9300171,다빛초등학교,2025,,초등학교,공휴일,20251005,추석,,Y,Y,Y,Y,Y,Y,20260322
I10,세종특별자치시교육청,9300171,다빛초등학교,2025,,초등학교,공휴일,20251006,추석,추석,Y,Y,Y,Y,Y,Y,20260322
I10,세종특별자치시교육청,9300171,다빛초등학교,2025,,초등학교,공휴일,20251007,추석연휴,추석연휴,Y,Y,Y,Y,Y,Y,20260322
I10,세종특별자치시교육청,9300171,다빛초등학교,2025,,초등학교,공휴일,20251007,추석,,Y,Y,Y,Y,Y,Y,20260322
I10,세종특별자치시교육청,9300171,다빛초등학교,2025,,초등학교,공휴일,20251008,대체공휴일,대체공휴일,Y,Y,Y,Y,Y,Y,20260322
I10,세종특별자치시교육청,9300171,다빛초등학교,2025,,초등학교,공휴일,20251008,대체공휴일,,Y,Y,Y,Y,Y,Y,20260322
I10,세종특별자치시교육청,9300171,다빛초등학교,2025,,초등학교,공휴일,20251009,한글날,한글날,Y,Y,Y,Y,Y,Y,20260322
I10,세종특별자치시교육청,9300171,다빛초등학교,2025,,초등학교,휴업일,20251010,재량휴업일,재량휴업일,Y,Y,Y,Y,Y,Y,20260322
I10,세종특별자치시교육청,9300171,다빛초등학교,2025,,초등학교,휴업일,20251011,토요휴업일,,Y,Y,Y,Y,Y,Y,20260322
I10,세종특별자치시교육청,9300171,다빛초등학교,2025,,초등학교,휴업일,20251018,토요휴업일,,Y,Y,Y,Y,Y,Y,20260322
I10,세종특별자치시교육청,9300171,다빛초등학교,2025,,초등학교,휴업일,20251025,토요휴업일,,Y,Y,Y,Y,Y,Y,20260322
I10,세종특별자치시교육청,9300171,다빛초등학교,2025,,초등학교,휴업일,20251101,토요휴업일,,Y,Y,Y,Y,Y,Y,20260322
I10,세종특별자치시교육청,9300171,다빛초등학교,2025,,초등학교,휴업일,20251108,토요휴업일,,Y,Y,Y,Y,Y,Y,20260322
I10,세종특별자치시교육청,9300171,다빛초등학교,2025,,초등학교,휴업일,20251115,토요휴업일,,Y,Y,Y,Y,Y,Y,20260322
I10,세종특별자치시교육청,9300171,다빛초등학교,2025,,초등학교,휴업일,20251122,토요휴업일,,Y,Y,Y,Y,Y,Y,20260322
I10,세종특별자치시교육청,9300171,다빛초등학교,2025,,초등학교,휴업일,20251129,토요휴업일,,Y,Y,Y,Y,Y,Y,20260322
I10,세종특별자치시교육청,9300171,다빛초등학교,2025,,초등학교,휴업일,20251206,토요휴업일,,Y,Y,Y,Y,Y,Y,20260322
I10,세종특별자치시교육청,9300171,다빛초등학교,2025,,초등학교,해당없음,20251210,교육과정평가회,교육과정평가회,Y,Y,Y,Y,Y,Y,20260322
I10,세종특별자치시교육청,9300171,다빛초등학교,2025,,초등학교,휴업일,20251213,토요휴업일,,Y,Y,Y,Y,Y,Y,20260322
I10,세종특별자치시교육청,9300171,다빛초등학교,2025,,초등학교,휴업일,20251220,토요휴업일,,Y,Y,Y,Y,Y,Y,20260322
I10,세종특별자치시교육청,9300171,다빛초등학교,2025,,초등학교,공휴일,20251225,성탄절,성탄절,Y,Y,Y,Y,Y,Y,20260322
I10,세종특별자치시교육청,9300171,다빛초등학교,2025,,초등학교,휴업일,20251227,토요휴업일,,Y,Y,Y,Y,Y,Y,20260322
I10,세종특별자치시교육청,9300171,다빛초등학교,2025,,초등학교,공휴일,20260101,신정,신정,Y,Y,Y,Y,Y,Y,20260322
I10,세종특별자치시교육청,9300171,다빛초등학교,2025,,초등학교,휴업일,20260103,토요휴업일,,Y,Y,Y,Y,Y,Y,20260322
I10,세종특별자치시교육청,9300171,다빛초등학교,2025,,초등학교,휴업일,20260110,토요휴업일,,Y,Y,Y,Y,Y,Y,20260322
I10,세종특별자치시교육청,9300171,다빛초등학교,2025,,초등학교,해당없음,20260113,졸업식,졸업식,N,N,N,N,N,Y,20260322
I10,세종특별자치시교육청,9300171,다빛초등학교,2025,,초등학교,해당없음,20260113,종업식,종업식,Y,Y,Y,Y,Y,N,20260322
I10,세종특별자치시교육청,9300171,다빛초등학교,2025,,초등학교,휴업일,20260114,학년말방학,학년말방학,Y,Y,Y,Y,Y,Y,20260322
I10,세종특별자치시교육청,9300171,다빛초등학교,2025,,초등학교,휴업일,20260115,학년말방학,학년말방학,Y,Y,Y,Y,Y,Y,20260322
I10,세종특별자치시교육청,9300171,다빛초등학교,2025,,초등학교,휴업일,20260116,학년말방학,학년말방학,Y,Y,Y,Y,Y,Y,20260322
I10,세종특별자치시교육청,9300171,다빛초등학교,2025,,초등학교,휴업일,20260117,학년말방학,학년말방학,Y,Y,Y,Y,Y,Y,20260322
I10,세종특별자치시교육청,9300171,다빛초등학교,2025,,초등학교,휴업일,20260117,토요휴업일,,Y,Y,Y,Y,Y,Y,20260322
I10,세종특별자치시교육청,9300171,다빛초등학교,2025,,초등학교,휴업일,20260118,학년말방학,학년말방학,Y,Y,Y,Y,Y,Y,20260322
I10,세종특별자치시교육청,9300171,다빛초등학교,2025,,초등학교,휴업일,20260119,학년말방학,학년말방학,Y,Y,Y,Y,Y,Y,20260322
I10,세종특별자치시교육청,9300171,다빛초등학교,2025,,초등학교,휴업일,20260120,학년말방학,학년말방학,Y,Y,Y,Y,Y,Y,20260322
I10,세종특별자치시교육청,9300171,다빛초등학교,2025,,초등학교,휴업일,20260121,학년말방학,학년말방학,Y,Y,Y,Y,Y,Y,20260322
I10,세종특별자치시교육청,9300171,다빛초등학교,2025,,초등학교,휴업일,20260122,학년말방학,학년말방학,Y,Y,Y,Y,Y,Y,20260322
I10,세종특별자치시교육청,9300171,다빛초등학교,2025,,초등학교,휴업일,20260123,학년말방학,학년말방학,Y,Y,Y,Y,Y,Y,20260322
I10,세종특별자치시교육청,9300171,다빛초등학교,2025,,초등학교,휴업일,20260124,학년말방학,학년말방학,Y,Y,Y,Y,Y,Y,20260322
I10,세종특별자치시교육청,9300171,다빛초등학교,2025,,초등학교,휴업일,20260124,토요휴업일,,Y,Y,Y,Y,Y,Y,20260322
I10,세종특별자치시교육청,9300171,다빛초등학교,2025,,초등학교,휴업일,20260125,학년말방학,학년말방학,Y,Y,Y,Y,Y,Y,20260322
I10,세종특별자치시교육청,9300171,다빛초등학교,2025,,초등학교,휴업일,20260126,학년말방학,학년말방학,Y,Y,Y,Y,Y,Y,20260322
I10,세종특별자치시교육청,9300171,다빛초등학교,2025,,초등학교,휴업일,20260127,학년말방학,학년말방학,Y,Y,Y,Y,Y,Y,20260322
I10,세종특별자치시교육청,9300171,다빛초등학교,2025,,초등학교,휴업일,20260128,학년말방학,학년말방학,Y,Y,Y,Y,Y,Y,20260322
I10,세종특별자치시교육청,9300171,다빛초등학교,2025,,초등학교,휴업일,20260129,학년말방학,학년말방학,Y,Y,Y,Y,Y,Y,20260322
I10,세종특별자치시교육청,9300171,다빛초등학교,2025,,초등학교,휴업일,20260130,학년말방학,학년말방학,Y,Y,Y,Y,Y,Y,20260322
I10,세종특별자치시교육청,9300171,다빛초등학교,2025,,초등학교,휴업일,20260131,학년말방학,학년말방학,Y,Y,Y,Y,Y,Y,20260322
I10,세종특별자치시교육청,9300171,다빛초등학교,2025,,초등학교,휴업일,20260131,토요휴업일,,Y,Y,Y,Y,Y,Y,20260322
I10,세종특별자치시교육청,9300171,다빛초등학교,2025,,초등학교,휴업일,20260201,학년말방학,학년말방학,Y,Y,Y,Y,Y,Y,20260322
I10,세종특별자치시교육청,9300171,다빛초등학교,2025,,초등학교,휴업일,20260202,학년말방학,학년말방학,Y,Y,Y,Y,Y,Y,20260322
I10,세종특별자치시교육청,9300171,다빛초등학교,2025,,초등학교,휴업일,20260203,학년말방학,학년말방학,Y,Y,Y,Y,Y,Y,20260322
I10,세종특별자치시교육청,9300171,다빛초등학교,2025,,초등학교,휴업일,20260204,학년말방학,학년말방학,Y,Y,Y,Y,Y,Y,20260322
I10,세종특별자치시교육청,9300171,다빛초등학교,2025,,초등학교,휴업일,20260205,학년말방학,학년말방학,Y,Y,Y,Y,Y,Y,20260322
I10,세종특별자치시교육청,9300171,다빛초등학교,2025,,초등학교,휴업일,20260206,학년말방학,학년말방학,Y,Y,Y,Y,Y,Y,20260322
I10,세종특별자치시교육청,9300171,다빛초등학교,2025,,초등학교,휴업일,20260207,학년말방학,학년말방학,Y,Y,Y,Y,Y,Y,20260322
I10,세종특별자치시교육청,9300171,다빛초등학교,2025,,초등학교,휴업일,20260207,토요휴업일,,Y,Y,Y,Y,Y,Y,20260322
I10,세종특별자치시교육청,9300171,다빛초등학교,2025,,초등학교,휴업일,20260208,학년말방학,학년말방학,Y,Y,Y,Y,Y,Y,20260322
I10,세종특별자치시교육청,9300171,다빛초등학교,2025,,초등학교,휴업일,20260209,학년말방학,학년말방학,Y,Y,Y,Y,Y,Y,20260322
I10,세종특별자치시교육청,9300171,다빛초등학교,2025,,초등학교,휴업일,20260210,학년말방학,학년말방학,Y,Y,Y,Y,Y,Y,20260322
I10,세종특별자치시교육청,9300171,다빛초등학교,2025,,초등학교,휴업일,20260211,학년말방학,학년말방학,Y,Y,Y,Y,Y,Y,20260322
I10,세종특별자치시교육청,9300171,다빛초등학교,2025,,초등학교,휴업일,20260212,학년말방학,학년말방학,Y,Y,Y,Y,Y,Y,20260322
I10,세종특별자치시교육청,9300171,다빛초등학교,2025,,초등학교,휴업일,20260213,학년말방학,학년말방학,Y,Y,Y,Y,Y,Y,20260322
I10,세종특별자치시교육청,9300171,다빛초등학교,2025,,초등학교,휴업일,20260214,학년말방학,학년말방학,Y,Y,Y,Y,Y,Y,20260322
I10,세종특별자치시교육청,9300171,다빛초등학교,2025,,초등학교,휴업일,20260214,토요휴업일,,Y,Y,Y,Y,Y,Y,20260322
I10,세종특별자치시교육청,9300171,다빛초등학교,2025,,초등학교,휴업일,20260215,학년말방학,학년말방학,Y,Y,Y,Y,Y,Y,20260322
I10,세종특별자치시교육청,9300171,다빛초등학교,2025,,초등학교,휴업일,20260216,학년말방학,학년말방학,Y,Y,Y,Y,Y,Y,20260322
I10,세종특별자치시교육청,9300171,다빛초등학교,2025,,초등학교,공휴일,20260216,설 연휴,설 연휴,Y,Y,Y,Y,Y,Y,20260322
I10,세종특별자치시교육청,9300171,다빛초등학교,2025,,초등학교,공휴일,20260216,설날,,Y,Y,Y,Y,Y,Y,20260322
I10,세종특별자치시교육청,9300171,다빛초등학교,2025,,초등학교,휴업일,20260217,학년말방학,학년말방학,Y,Y,Y,Y,Y,Y,20260322
I10,세종특별자치시교육청,9300171,다빛초등학교,2025,,초등학교,공휴일,20260217,설날,설날,Y,Y,Y,Y,Y,Y,20260322
I10,세종특별자치시교육청,9300171,다빛초등학교,2025,,초등학교,휴업일,20260218,학년말방학,학년말방학,Y,Y,Y,Y,Y,Y,20260322
I10,세종특별자치시교육청,9300171,다빛초등학교,2025,,초등학교,공휴일,20260218,설 연휴,설 연휴,Y,Y,Y,Y,Y,Y,20260322
I10,세종특별자치시교육청,9300171,다빛초등학교,2025,,초등학교,공휴일,20260218,설날,,Y,Y,Y,Y,Y,Y,20260322
I10,세종특별자치시교육청,9300171,다빛초등학교,2025,,초등학교,휴업일,20260219,학년말방학,학년말방학,Y,Y,Y,Y,Y,Y,20260322
I10,세종특별자치시교육청,9300171,다빛초등학교,2025,,초등학교,휴업일,20260220,학년말방학,학년말방학,Y,Y,Y,Y,Y,Y,20260322
I10,세종특별자치시교육청,9300171,다빛초등학교,2025,,초등학교,휴업일,20260221,학년말방학,학년말방학,Y,Y,Y,Y,Y,Y,20260322
I10,세종특별자치시교육청,9300171,다빛초등학교,2025,,초등학교,휴업일,20260221,토요휴업일,,Y,Y,Y,Y,Y,Y,20260322
I10,세종특별자치시교육청,9300171,다빛초등학교,2025,,초등학교,휴업일,20260222,학년말방학,학년말방학,Y,Y,Y,Y,Y,Y,20260322
I10,세종특별자치시교육청,9300171,다빛초등학교,2025,,초등학교,휴업일,20260223,학년말방학,학년말방학,Y,Y,Y,Y,Y,Y,20260322
I10,세종특별자치시교육청,9300171,다빛초등학교,2025,,초등학교,휴업일,20260224,학년말방학,학년말방학,Y,Y,Y,Y,Y,Y,20260322
I10,세종특별자치시교육청,9300171,다빛초등학교,2025,,초등학교,휴업일,20260225,학년말방학,학년말방학,Y,Y,Y,Y,Y,Y,20260322
I10,세종특별자치시교육청,9300171,다빛초등학교,2025,,초등학교,휴업일,20260226,학년말방학,학년말방학,Y,Y,Y,Y,Y,Y,20260322
I10,세종특별자치시교육청,9300171,다빛초등학교,2025,,초등학교,휴업일,20260227,학년말방학,학년말방학,Y,Y,Y,Y,Y,Y,20260322
I10,세종특별자치시교육청,9300171,다빛초등학교,2025,,초등학교,휴업일,20260228,학년말방학,학년말방학,Y,Y,Y,Y,Y,Y,20260322
I10,세종특별자치시교육청,9300171,다빛초등학교,2025,,초등학교,휴업일,20260228,토요휴업일,,Y,Y,Y,Y,Y,Y,20260322
I10,세종특별자치시교육청,9300171,다빛초등학교,2026,,초등학교,공휴일,20260301,3·1절,,Y,Y,Y,Y,Y,Y,20260322
I10,세종특별자치시교육청,9300171,다빛초등학교,2026,,초등학교,공휴일,20260302,대체공휴일,,Y,Y,Y,Y,Y,Y,20260322
I10,세종특별자치시교육청,9300171,다빛초등학교,2026,,초등학교,해당없음,20260303,입학식,,Y,Y,Y,Y,Y,Y,20260322
I10,세종특별자치시교육청,9300171,다빛초등학교,2026,,초등학교,해당없음,20260303,시업식,,Y,Y,Y,Y,Y,Y,20260322
I10,세종특별자치시교육청,9300171,다빛초등학교,2026,,초등학교,휴업일,20260307,토요휴업일,,Y,Y,Y,Y,Y,Y,20260322
I10,세종특별자치시교육청,9300171,다빛초등학교,2026,,초등학교,휴업일,20260314,토요휴업일,,Y,Y,Y,Y,Y,Y,20260322
I10,세종특별자치시교육청,9300171,다빛초등학교,2026,,초등학교,휴업일,20260321,토요휴업일,,Y,Y,Y,Y,Y,Y,20260322
I10,세종특별자치시교육청,9300171,다빛초등학교,2026,,초등학교,해당없음,20260325,교육과정설명회,,Y,Y,Y,Y,Y,Y,20260322
I10,세종특별자치시교육청,9300171,다빛초등학교,2026,,초등학교,휴업일,20260328,토요휴업일,,Y,Y,Y,Y,Y,Y,20260322
I10,세종특별자치시교육청,9300171,다빛초등학교,2026,,초등학교,휴업일,20260404,토요휴업일,,Y,Y,Y,Y,Y,Y,20260322
I10,세종특별자치시교육청,9300171,다빛초등학교,2026,,초등학교,휴업일,20260411,토요휴업일,,Y,Y,Y,Y,Y,Y,20260322
I10,세종특별자치시교육청,9300171,다빛초등학교,2026,,초등학교,휴업일,20260418,토요휴업일,,Y,Y,Y,Y,Y,Y,20260322
I10,세종특별자치시교육청,9300171,다빛초등학교,2026,,초등학교,휴업일,20260425,토요휴업일,,Y,Y,Y,Y,Y,Y,20260322
I10,세종특별자치시교육청,9300171,다빛초등학교,2026,,초등학교,해당없음,20260429,학부모 수업공개,,Y,Y,Y,Y,Y,Y,20260322
I10,세종특별자치시교육청,9300171,다빛초등학교,2026,,초등학교,휴업일,20260501,개교기념일,,Y,Y,Y,Y,Y,Y,20260322
I10,세종특별자치시교육청,9300171,다빛초등학교,2026,,초등학교,휴업일,20260502,토요휴업일,,Y,Y,Y,Y,Y,Y,20260322
I10,세종특별자치시교육청,9300171,다빛초등학교,2026,,초등학교,휴업일,20260504,재량휴업일,,Y,Y,Y,Y,Y,Y,20260322
I10,세종특별자치시교육청,9300171,다빛초등학교,2026,,초등학교,공휴일,20260505,어린이날,,Y,Y,Y,Y,Y,Y,20260322
I10,세종특별자치시교육청,9300171,다빛초등학교,2026,,초등학교,휴업일,20260509,토요휴업일,,Y,Y,Y,Y,Y,Y,20260322
I10,세종특별자치시교육청,9300171,다빛초등학교,2026,,초등학교,휴업일,20260516,토요휴업일,,Y,Y,Y,Y,Y,Y,20260322
I10,세종특별자치시교육청,9300171,다빛초등학교,2026,,초등학교,휴업일,20260523,토요휴업일,,Y,Y,Y,Y,Y,Y,20260322
I10,세종특별자치시교육청,9300171,다빛초등학교,2026,,초등학교,공휴일,20260524,석가탄신일,,Y,Y,Y,Y,Y,Y,20260322
I10,세종특별자치시교육청,9300171,다빛초등학교,2026,,초등학교,공휴일,20260525,대체공휴일,,Y,Y,Y,Y,Y,Y,20260322
I10,세종특별자치시교육청,9300171,다빛초등학교,2026,,초등학교,휴업일,20260530,토요휴업일,,Y,Y,Y,Y,Y,Y,20260322
I10,세종특별자치시교육청,9300171,다빛초등학교,2026,,초등학교,공휴일,20260603,재9회 전국동시지방선거,,Y,Y,Y,Y,Y,Y,20260322
I10,세종특별자치시교육청,9300171,다빛초등학교,2026,,초등학교,공휴일,20260606,현충일,,Y,Y,Y,Y,Y,Y,20260322
I10,세종특별자치시교육청,9300171,다빛초등학교,2026,,초등학교,휴업일,20260613,토요휴업일,,Y,Y,Y,Y,Y,Y,20260322
I10,세종특별자치시교육청,9300171,다빛초등학교,2026,,초등학교,휴업일,20260620,토요휴업일,,Y,Y,Y,Y,Y,Y,20260322
I10,세종특별자치시교육청,9300171,다빛초등학교,2026,,초등학교,휴업일,20260627,토요휴업일,,Y,Y,Y,Y,Y,Y,20260322
I10,세종특별자치시교육청,9300171,다빛초등학교,2026,,초등학교,휴업일,20260704,토요휴업일,,Y,Y,Y,Y,Y,Y,20260322
I10,세종특별자치시교육청,9300171,다빛초등학교,2026,,초등학교,휴업일,20260711,토요휴업일,,Y,Y,Y,Y,Y,Y,20260322
I10,세종특별자치시교육청,9300171,다빛초등학교,2026,,초등학교,공휴일,20260717,제헌절,,Y,Y,Y,Y,Y,Y,20260322
I10,세종특별자치시교육청,9300171,다빛초등학교,2026,,초등학교,휴업일,20260718,토요휴업일,,Y,Y,Y,Y,Y,Y,20260322
I10,세종특별자치시교육청,9300171,다빛초등학교,2026,,초등학교,해당없음,20260724,여름방학식,,Y,Y,Y,Y,Y,Y,20260322
I10,세종특별자치시교육청,9300171,다빛초등학교,2026,,초등학교,휴업일,20260725,여름방학,,Y,Y,Y,Y,Y,Y,20260322
I10,세종특별자치시교육청,9300171,다빛초등학교,2026,,초등학교,휴업일,20260725,토요휴업일,,Y,Y,Y,Y,Y,Y,20260322
I10,세종특별자치시교육청,9300171,다빛초등학교,2026,,초등학교,휴업일,20260726,여름방학,,Y,Y,Y,Y,Y,Y,20260322
I10,세종특별자치시교육청,9300171,다빛초등학교,2026,,초등학교,휴업일,20260727,여름방학,,Y,Y,Y,Y,Y,Y,20260322
I10,세종특별자치시교육청,9300171,다빛초등학교,2026,,초등학교,휴업일,20260728,여름방학,,Y,Y,Y,Y,Y,Y,20260322
I10,세종특별자치시교육청,9300171,다빛초등학교,2026,,초등학교,휴업일,20260729,여름방학,,Y,Y,Y,Y,Y,Y,20260322
I10,세종특별자치시교육청,9300171,다빛초등학교,2026,,초등학교,휴업일,20260730,여름방학,,Y,Y,Y,Y,Y,Y,20260322
I10,세종특별자치시교육청,9300171,다빛초등학교,2026,,초등학교,휴업일,20260731,여름방학,,Y,Y,Y,Y,Y,Y,20260322
I10,세종특별자치시교육청,9300171,다빛초등학교,2026,,초등학교,휴업일,20260801,여름방학,,Y,Y,Y,Y,Y,Y,20260322
I10,세종특별자치시교육청,9300171,다빛초등학교,2026,,초등학교,휴업일,20260801,토요휴업일,,Y,Y,Y,Y,Y,Y,20260322
I10,세종특별자치시교육청,9300171,다빛초등학교,2026,,초등학교,휴업일,20260802,여름방학,,Y,Y,Y,Y,Y,Y,20260322
I10,세종특별자치시교육청,9300171,다빛초등학교,2026,,초등학교,휴업일,20260803,여름방학,,Y,Y,Y,Y,Y,Y,20260322
I10,세종특별자치시교육청,9300171,다빛초등학교,2026,,초등학교,휴업일,20260804,여름방학,,Y,Y,Y,Y,Y,Y,20260322
I10,세종특별자치시교육청,9300171,다빛초등학교,2026,,초등학교,휴업일,20260805,여름방학,,Y,Y,Y,Y,Y,Y,20260322
I10,세종특별자치시교육청,9300171,다빛초등학교,2026,,초등학교,휴업일,20260806,여름방학,,Y,Y,Y,Y,Y,Y,20260322
I10,세종특별자치시교육청,9300171,다빛초등학교,2026,,초등학교,휴업일,20260807,여름방학,,Y,Y,Y,Y,Y,Y,20260322
I10,세종특별자치시교육청,9300171,다빛초등학교,2026,,초등학교,휴업일,20260808,여름방학,,Y,Y,Y,Y,Y,Y,20260322
I10,세종특별자치시교육청,9300171,다빛초등학교,2026,,초등학교,휴업일,20260808,토요휴업일,,Y,Y,Y,Y,Y,Y,20260322
I10,세종특별자치시교육청,9300171,다빛초등학교,2026,,초등학교,휴업일,20260809,여름방학,,Y,Y,Y,Y,Y,Y,20260322
I10,세종특별자치시교육청,9300171,다빛초등학교,2026,,초등학교,휴업일,20260810,여름방학,,Y,Y,Y,Y,Y,Y,20260322
I10,세종특별자치시교육청,9300171,다빛초등학교,2026,,초등학교,휴업일,20260811,여름방학,,Y,Y,Y,Y,Y,Y,20260322
I10,세종특별자치시교육청,9300171,다빛초등학교,2026,,초등학교,휴업일,20260812,여름방학,,Y,Y,Y,Y,Y,Y,20260322
I10,세종특별자치시교육청,9300171,다빛초등학교,2026,,초등학교,휴업일,20260813,여름방학,,Y,Y,Y,Y,Y,Y,20260322
I10,세종특별자치시교육청,9300171,다빛초등학교,2026,,초등학교,휴업일,20260814,여름방학,,Y,Y,Y,Y,Y,Y,20260322
I10,세종특별자치시교육청,9300171,다빛초등학교,2026,,초등학교,휴업일,20260815,여름방학,,Y,Y,Y,Y,Y,Y,20260322
I10,세종특별자치시교육청,9300171,다빛초등학교,2026,,초등학교,공휴일,20260815,광복절,,Y,Y,Y,Y,Y,Y,20260322
I10,세종특별자치시교육청,9300171,다빛초등학교,2026,,초등학교,휴업일,20260816,여름방학,,Y,Y,Y,Y,Y,Y,20260322
I10,세종특별자치시교육청,9300171,다빛초등학교,2026,,초등학교,휴업일,20260817,여름방학,,Y,Y,Y,Y,Y,Y,20260322
I10,세종특별자치시교육청,9300171,다빛초등학교,2026,,초등학교,공휴일,20260817,대체공휴일,,Y,Y,Y,Y,Y,Y,20260322
I10,세종특별자치시교육청,9300171,다빛초등학교,2026,,초등학교,휴업일,20260818,여름방학,,Y,Y,Y,Y,Y,Y,20260322
I10,세종특별자치시교육청,9300171,다빛초등학교,2026,,초등학교,휴업일,20260819,여름방학,,Y,Y,Y,Y,Y,Y,20260322
I10,세종특별자치시교육청,9300171,다빛초등학교,2026,,초등학교,휴업일,20260820,여름방학,,Y,Y,Y,Y,Y,Y,20260322
I10,세종특별자치시교육청,9300171,다빛초등학교,2026,,초등학교,휴업일,20260821,여름방학,,Y,Y,Y,Y,Y,Y,20260322
I10,세종특별자치시교육청,9300171,다빛초등학교,2026,,초등학교,휴업일,20260822,여름방학,,Y,Y,Y,Y,Y,Y,20260322
I10,세종특별자치시교육청,9300171,다빛초등학교,2026,,초등학교,휴업일,20260822,토요휴업일,,Y,Y,Y,Y,Y,Y,20260322
I10,세종특별자치시교육청,9300171,다빛초등학교,2026,,초등학교,휴업일,20260823,여름방학,,Y,Y,Y,Y,Y,Y,20260322
I10,세종특별자치시교육청,9300171,다빛초등학교,2026,,초등학교,휴업일,20260824,여름방학,,Y,Y,Y,Y,Y,Y,20260322
I10,세종특별자치시교육청,9300171,다빛초등학교,2026,,초등학교,휴업일,20260825,여름방학,,Y,Y,Y,Y,Y,Y,20260322
I10,세종특별자치시교육청,9300171,다빛초등학교,2026,,초등학교,해당없음,20260826,여름개학식,,Y,Y,Y,Y,Y,Y,20260322
I10,세종특별자치시교육청,9300171,다빛초등학교,2026,,초등학교,휴업일,20260829,토요휴업일,,Y,Y,Y,Y,Y,Y,20260322
I10,세종특별자치시교육청,9300171,다빛초등학교,2026,,초등학교,휴업일,20260905,토요휴업일,,Y,Y,Y,Y,Y,Y,20260322
I10,세종특별자치시교육청,9300171,다빛초등학교,2026,,초등학교,휴업일,20260912,토요휴업일,,Y,Y,Y,Y,Y,Y,20260322
I10,세종특별자치시교육청,9300171,다빛초등학교,2026,,초등학교,휴업일,20260919,토요휴업일,,Y,Y,Y,Y,Y,Y,20260322
I10,세종특별자치시교육청,9300171,다빛초등학교,2026,,초등학교,공휴일,20260925,추석,,Y,Y,Y,Y,Y,Y,20260322
I10,세종특별자치시교육청,9300171,다빛초등학교,2026,,초등학교,휴업일,20260926,토요휴업일,,Y,Y,Y,Y,Y,Y,20260322
I10,세종특별자치시교육청,9300171,다빛초등학교,2026,,초등학교,공휴일,20261003,개천절,,Y,Y,Y,Y,Y,Y,20260322
I10,세종특별자치시교육청,9300171,다빛초등학교,2026,,초등학교,공휴일,20261005,대체공휴일,,Y,Y,Y,Y,Y,Y,20260322
I10,세종특별자치시교육청,9300171,다빛초등학교,2026,,초등학교,공휴일,20261009,한글날,,Y,Y,Y,Y,Y,Y,20260322
I10,세종특별자치시교육청,9300171,다빛초등학교,2026,,초등학교,휴업일,20261010,토요휴업일,,Y,Y,Y,Y,Y,Y,20260322
I10,세종특별자치시교육청,9300171,다빛초등학교,2026,,초등학교,휴업일,20261017,토요휴업일,,Y,Y,Y,Y,Y,Y,20260322
I10,세종특별자치시교육청,9300171,다빛초등학교,2026,,초등학교,휴업일,20261024,토요휴업일,,Y,Y,Y,Y,Y,Y,20260322
I10,세종특별자치시교육청,9300171,다빛초등학교,2026,,초등학교,휴업일,20261031,토요휴업일,,Y,Y,Y,Y,Y,Y,20260322
I10,세종특별자치시교육청,9300171,다빛초등학교,2026,,초등학교,휴업일,20261107,토요휴업일,,Y,Y,Y,Y,Y,Y,20260322
I10,세종특별자치시교육청,9300171,다빛초등학교,2026,,초등학교,휴업일,20261114,토요휴업일,,Y,Y,Y,Y,Y,Y,20260322
I10,세종특별자치시교육청,9300171,다빛초등학교,2026,,초등학교,휴업일,20261121,토요휴업일,,Y,Y,Y,Y,Y,Y,20260322
I10,세종특별자치시교육청,9300171,다빛초등학교,2026,,초등학교,휴업일,20261128,토요휴업일,,Y,Y,Y,Y,Y,Y,20260322
I10,세종특별자치시교육청,9300171,다빛초등학교,2026,,초등학교,해당없음,20261202,교육과정평가회,,Y,Y,Y,Y,Y,Y,20260322
I10,세종특별자치시교육청,9300171,다빛초등학교,2026,,초등학교,휴업일,20261205,토요휴업일,,Y,Y,Y,Y,Y,Y,20260322
I10,세종특별자치시교육청,9300171,다빛초등학교,2026,,초등학교,해당없음,20261209,교육과정평가회,,Y,Y,Y,Y,Y,Y,20260322
I10,세종특별자치시교육청,9300171,다빛초등학교,2026,,초등학교,휴업일,20261212,토요휴업일,,Y,Y,Y,Y,Y,Y,20260322
I10,세종특별자치시교육청,9300171,다빛초등학교,2026,,초등학교,휴업일,20261219,토요휴업일,,Y,Y,Y,Y,Y,Y,20260322
I10,세종특별자치시교육청,9300171,다빛초등학교,2026,,초등학교,공휴일,20261225,성탄절,,Y,Y,Y,Y,Y,Y,20260322
I10,세종특별자치시교육청,9300171,다빛초등학교,2026,,초등학교,휴업일,20261226,토요휴업일,,Y,Y,Y,Y,Y,Y,20260322
I10,세종특별자치시교육청,9300171,다빛초등학교,2026,,초등학교,공휴일,20270101,신정,,Y,Y,Y,Y,Y,Y,20260322
I10,세종특별자치시교육청,9300171,다빛초등학교,2026,,초등학교,휴업일,20270102,토요휴업일,,Y,Y,Y,Y,Y,Y,20260322
I10,세종특별자치시교육청,9300171,다빛초등학교,2026,,초등학교,해당없음,20270108,졸업식,,Y,Y,Y,Y,Y,Y,20260322
I10,세종특별자치시교육청,9300171,다빛초등학교,2026,,초등학교,해당없음,20270108,겨울방학식,,Y,Y,Y,Y,Y,Y,20260322
I10,세종특별자치시교육청,9300171,다빛초등학교,2026,,초등학교,휴업일,20270109,겨울방학,,Y,Y,Y,Y,Y,Y,20260322
I10,세종특별자치시교육청,9300171,다빛초등학교,2026,,초등학교,휴업일,20270109,토요휴업일,,Y,Y,Y,Y,Y,Y,20260322
I10,세종특별자치시교육청,9300171,다빛초등학교,2026,,초등학교,휴업일,20270110,겨울방학,,Y,Y,Y,Y,Y,Y,20260322
I10,세종특별자치시교육청,9300171,다빛초등학교,2026,,초등학교,휴업일,20270111,겨울방학,,Y,Y,Y,Y,Y,Y,20260322
I10,세종특별자치시교육청,9300171,다빛초등학교,2026,,초등학교,휴업일,20270112,겨울방학,,Y,Y,Y,Y,Y,Y,20260322
I10,세종특별자치시교육청,9300171,다빛초등학교,2026,,초등학교,휴업일,20270113,겨울방학,,Y,Y,Y,Y,Y,Y,20260322
I10,세종특별자치시교육청,9300171,다빛초등학교,2026,,초등학교,휴업일,20270114,겨울방학,,Y,Y,Y,Y,Y,Y,20260322
I10,세종특별자치시교육청,9300171,다빛초등학교,2026,,초등학교,휴업일,20270115,겨울방학,,Y,Y,Y,Y,Y,Y,20260322
I10,세종특별자치시교육청,9300171,다빛초등학교,2026,,초등학교,휴업일,20270116,겨울방학,,Y,Y,Y,Y,Y,Y,20260322
I10,세종특별자치시교육청,9300171,다빛초등학교,2026,,초등학교,휴업일,20270116,토요휴업일,,Y,Y,Y,Y,Y,Y,20260322
I10,세종특별자치시교육청,9300171,다빛초등학교,2026,,초등학교,휴업일,20270117,겨울방학,,Y,Y,Y,Y,Y,Y,20260322
I10,세종특별자치시교육청,9300171,다빛초등학교,2026,,초등학교,휴업일,20270118,겨울방학,,Y,Y,Y,Y,Y,Y,20260322
I10,세종특별자치시교육청,9300171,다빛초등학교,2026,,초등학교,휴업일,20270119,겨울방학,,Y,Y,Y,Y,Y,Y,20260322
I10,세종특별자치시교육청,9300171,다빛초등학교,2026,,초등학교,휴업일,20270120,겨울방학,,Y,Y,Y,Y,Y,Y,20260322
I10,세종특별자치시교육청,9300171,다빛초등학교,2026,,초등학교,휴업일,20270121,겨울방학,,Y,Y,Y,Y,Y,Y,20260322
I10,세종특별자치시교육청,9300171,다빛초등학교,2026,,초등학교,휴업일,20270122,겨울방학,,Y,Y,Y,Y,Y,Y,20260322
I10,세종특별자치시교육청,9300171,다빛초등학교,2026,,초등학교,휴업일,20270123,겨울방학,,Y,Y,Y,Y,Y,Y,20260322
I10,세종특별자치시교육청,9300171,다빛초등학교,2026,,초등학교,휴업일,20270123,토요휴업일,,Y,Y,Y,Y,Y,Y,20260322
I10,세종특별자치시교육청,9300171,다빛초등학교,2026,,초등학교,휴업일,20270124,겨울방학,,Y,Y,Y,Y,Y,Y,20260322
I10,세종특별자치시교육청,9300171,다빛초등학교,2026,,초등학교,휴업일,20270125,겨울방학,,Y,Y,Y,Y,Y,Y,20260322
I10,세종특별자치시교육청,9300171,다빛초등학교,2026,,초등학교,휴업일,20270126,겨울방학,,Y,Y,Y,Y,Y,Y,20260322
I10,세종특별자치시교육청,9300171,다빛초등학교,2026,,초등학교,휴업일,20270127,겨울방학,,Y,Y,Y,Y,Y,Y,20260322
I10,세종특별자치시교육청,9300171,다빛초등학교,2026,,초등학교,휴업일,20270128,겨울방학,,Y,Y,Y,Y,Y,Y,20260322
I10,세종특별자치시교육청,9300171,다빛초등학교,2026,,초등학교,휴업일,20270129,겨울방학,,Y,Y,Y,Y,Y,Y,20260322
I10,세종특별자치시교육청,9300171,다빛초등학교,2026,,초등학교,휴업일,20270130,겨울방학,,Y,Y,Y,Y,Y,Y,20260322
I10,세종특별자치시교육청,9300171,다빛초등학교,2026,,초등학교,휴업일,20270130,토요휴업일,,Y,Y,Y,Y,Y,Y,20260322
I10,세종특별자치시교육청,9300171,다빛초등학교,2026,,초등학교,휴업일,20270131,겨울방학,,Y,Y,Y,Y,Y,Y,20260322
I10,세종특별자치시교육청,9300171,다빛초등학교,2026,,초등학교,휴업일,20270201,겨울방학,,Y,Y,Y,Y,Y,Y,20260322
I10,세종특별자치시교육청,9300171,다빛초등학교,2026,,초등학교,휴업일,20270202,겨울방학,,Y,Y,Y,Y,Y,Y,20260322
I10,세종특별자치시교육청,9300171,다빛초등학교,2026,,초등학교,휴업일,20270203,겨울방학,,Y,Y,Y,Y,Y,Y,20260322
I10,세종특별자치시교육청,9300171,다빛초등학교,2026,,초등학교,휴업일,20270204,겨울방학,,Y,Y,Y,Y,Y,Y,20260322
I10,세종특별자치시교육청,9300171,다빛초등학교,2026,,초등학교,휴업일,20270205,겨울방학,,Y,Y,Y,Y,Y,Y,20260322
I10,세종특별자치시교육청,9300171,다빛초등학교,2026,,초등학교,휴업일,20270206,겨울방학,,Y,Y,Y,Y,Y,Y,20260322
I10,세종특별자치시교육청,9300171,다빛초등학교,2026,,초등학교,휴업일,20270206,토요휴업일,,Y,Y,Y,Y,Y,Y,20260322
I10,세종특별자치시교육청,9300171,다빛초등학교,2026,,초등학교,휴업일,20270207,겨울방학,,Y,Y,Y,Y,Y,Y,20260322
I10,세종특별자치시교육청,9300171,다빛초등학교,2026,,초등학교,공휴일,20270207,설날,,Y,Y,Y,Y,Y,Y,20260322
I10,세종특별자치시교육청,9300171,다빛초등학교,2026,,초등학교,휴업일,20270208,겨울방학,,Y,Y,Y,Y,Y,Y,20260322
I10,세종특별자치시교육청,9300171,다빛초등학교,2026,,초등학교,휴업일,20270209,겨울방학,,Y,Y,Y,Y,Y,Y,20260322
I10,세종특별자치시교육청,9300171,다빛초등학교,2026,,초등학교,휴업일,20270210,겨울방학,,Y,Y,Y,Y,Y,Y,20260322
I10,세종특별자치시교육청,9300171,다빛초등학교,2026,,초등학교,휴업일,20270211,겨울방학,,Y,Y,Y,Y,Y,Y,20260322
I10,세종특별자치시교육청,9300171,다빛초등학교,2026,,초등학교,휴업일,20270212,겨울방학,,Y,Y,Y,Y,Y,Y,20260322
I10,세종특별자치시교육청,9300171,다빛초등학교,2026,,초등학교,휴업일,20270213,겨울방학,,Y,Y,Y,Y,Y,Y,20260322
I10,세종특별자치시교육청,9300171,다빛초등학교,2026,,초등학교,휴업일,20270213,토요휴업일,,Y,Y,Y,Y,Y,Y,20260322
I10,세종특별자치시교육청,9300171,다빛초등학교,2026,,초등학교,휴업일,20270214,겨울방학,,Y,Y,Y,Y,Y,Y,20260322
I10,세종특별자치시교육청,9300171,다빛초등학교,2026,,초등학교,휴업일,20270215,겨울방학,,Y,Y,Y,Y,Y,Y,20260322
I10,세종특별자치시교육청,9300171,다빛초등학교,2026,,초등학교,휴업일,20270216,겨울방학,,Y,Y,Y,Y,Y,Y,20260322
I10,세종특별자치시교육청,9300171,다빛초등학교,2026,,초등학교,휴업일,20270217,겨울방학,,Y,Y,Y,Y,Y,Y,20260322
I10,세종특별자치시교육청,9300171,다빛초등학교,2026,,초등학교,휴업일,20270218,겨울방학,,Y,Y,Y,Y,Y,Y,20260322
I10,세종특별자치시교육청,9300171,다빛초등학교,2026,,초등학교,휴업일,20270219,겨울방학,,Y,Y,Y,Y,Y,Y,20260322
I10,세종특별자치시교육청,9300171,다빛초등학교,2026,,초등학교,휴업일,20270220,겨울방학,,Y,Y,Y,Y,Y,Y,20260322
I10,세종특별자치시교육청,9300171,다빛초등학교,2026,,초등학교,휴업일,20270220,토요휴업일,,Y,Y,Y,Y,Y,Y,20260322
I10,세종특별자치시교육청,9300171,다빛초등학교,2026,,초등학교,휴업일,20270221,겨울방학,,Y,Y,Y,Y,Y,Y,20260322
I10,세종특별자치시교육청,9300171,다빛초등학교,2026,,초등학교,휴업일,20270222,겨울방학,,Y,Y,Y,Y,Y,Y,20260322
I10,세종특별자치시교육청,9300171,다빛초등학교,2026,,초등학교,휴업일,20270223,겨울방학,,Y,Y,Y,Y,Y,Y,20260322
I10,세종특별자치시교육청,9300171,다빛초등학교,2026,,초등학교,휴업일,20270224,겨울방학,,Y,Y,Y,Y,Y,Y,20260322
I10,세종특별자치시교육청,9300171,다빛초등학교,2026,,초등학교,휴업일,20270225,겨울방학,,Y,Y,Y,Y,Y,Y,20260322
I10,세종특별자치시교육청,9300171,다빛초등학교,2026,,초등학교,휴업일,20270226,겨울방학,,Y,Y,Y,Y,Y,Y,20260322
I10,세종특별자치시교육청,9300171,다빛초등학교,2026,,초등학교,휴업일,20270227,겨울방학,,Y,Y,Y,Y,Y,Y,20260322
I10,세종특별자치시교육청,9300171,다빛초등학교,2026,,초등학교,휴업일,20270227,토요휴업일,,Y,Y,Y,Y,Y,Y,20260322
I10,세종특별자치시교육청,9300171,다빛초등학교,2026,,초등학교,휴업일,20270228,겨울방학,,Y,Y,Y,Y,Y,Y,20260322
I10,세종특별자치시교육청,9300235,다정고등학교,2025,주간,고등학교,공휴일,20250301,3·1절,,Y,Y,Y,*,*,*,20260322
I10,세종특별자치시교육청,9300235,다정고등학교,2025,주간,고등학교,공휴일,20250303,대체공휴일,,Y,Y,Y,*,*,*,20260322
I10,세종특별자치시교육청,9300235,다정고등학교,2025,주간,고등학교,공휴일,20250303,대체공휴일,,Y,Y,Y,*,*,*,20260322
I10,세종특별자치시교육청,9300235,다정고등학교,2025,주간,고등학교,해당없음,20250304,입학식,,Y,N,N,*,*,*,20260322
I10,세종특별자치시교육청,9300235,다정고등학교,2025,주간,고등학교,휴업일,20250308,토요휴업일,,Y,Y,Y,*,*,*,20260322
I10,세종특별자치시교육청,9300235,다정고등학교,2025,주간,고등학교,휴업일,20250315,토요휴업일,,Y,Y,Y,*,*,*,20260322
I10,세종특별자치시교육청,9300235,다정고등학교,2025,주간,고등학교,휴업일,20250322,토요휴업일,,Y,Y,Y,*,*,*,20260322
I10,세종특별자치시교육청,9300235,다정고등학교,2025,주간,고등학교,해당없음,20250326,전국연합학력평가,,Y,Y,Y,*,*,*,20260322
I10,세종특별자치시교육청,9300235,다정고등학교,2025,주간,고등학교,휴업일,20250329,토요휴업일,,Y,Y,Y,*,*,*,20260322
I10,세종특별자치시교육청,9300235,다정고등학교,2025,주간,고등학교,휴업일,20250405,토요휴업일,,Y,Y,Y,*,*,*,20260322
I10,세종특별자치시교육청,9300235,다정고등학교,2025,주간,고등학교,휴업일,20250412,토요휴업일,,Y,Y,Y,*,*,*,20260322
I10,세종특별자치시교육청,9300235,다정고등학교,2025,주간,고등학교,휴업일,20250419,토요휴업일,,Y,Y,Y,*,*,*,20260322
I10,세종특별자치시교육청,9300235,다정고등학교,2025,주간,고등학교,해당없음,20250422,1학기 1회고사,,Y,Y,Y,*,*,*,20260322
I10,세종특별자치시교육청,9300235,다정고등학교,2025,주간,고등학교,해당없음,20250423,1학기 1회고사,,Y,Y,Y,*,*,*,20260322
I10,세종특별자치시교육청,9300235,다정고등학교,2025,주간,고등학교,해당없음,20250424,1학기 1회고사,,Y,Y,Y,*,*,*,20260322
I10,세종특별자치시교육청,9300235,다정고등학교,2025,주간,고등학교,해당없음,20250425,1학기 1회고사,,Y,Y,Y,*,*,*,20260322
I10,세종특별자치시교육청,9300235,다정고등학교,2025,주간,고등학교,휴업일,20250426,토요휴업일,,Y,Y,Y,*,*,*,20260322
I10,세종특별자치시교육청,9300235,다정고등학교,2025,주간,고등학교,해당없음,20250502,체육대회,,Y,Y,N,*,*,*,20260322
I10,세종특별자치시교육청,9300235,다정고등학교,2025,주간,고등학교,휴업일,20250503,토요휴업일,,Y,Y,Y,*,*,*,20260322
I10,세종특별자치시교육청,9300235,다정고등학교,2025,주간,고등학교,공휴일,20250505,어린이날,,Y,Y,Y,*,*,*,20260322
I10,세종특별자치시교육청,9300235,다정고등학교,2025,주간,고등학교,공휴일,20250506,대체공휴일,,Y,Y,Y,*,*,*,20260322
I10,세종특별자치시교육청,9300235,다정고등학교,2025,주간,고등학교,해당없음,20250508,전국연합학력평가,,N,N,Y,*,*,*,20260322
I10,세종특별자치시교육청,9300235,다정고등학교,2025,주간,고등학교,휴업일,20250510,토요휴업일,,Y,Y,Y,*,*,*,20260322
I10,세종특별자치시교육청,9300235,다정고등학교,2025,주간,고등학교,휴업일,20250517,토요휴업일,,Y,Y,Y,*,*,*,20260322
I10,세종특별자치시교육청,9300235,다정고등학교,2025,주간,고등학교,휴업일,20250524,토요휴업일,,Y,Y,Y,*,*,*,20260322
I10,세종특별자치시교육청,9300235,다정고등학교,2025,주간,고등학교,해당없음,20250528,수련활동,,Y,N,N,*,*,*,20260322
I10,세종특별자치시교육청,9300235,다정고등학교,2025,주간,고등학교,해당없음,20250529,수련활동,,Y,N,N,*,*,*,20260322
I10,세종특별자치시교육청,9300235,다정고등학교,2025,주간,고등학교,해당없음,20250530,수련활동,,Y,N,N,*,*,*,20260322
I10,세종특별자치시교육청,9300235,다정고등학교,2025,주간,고등학교,휴업일,20250531,토요휴업일,,Y,Y,Y,*,*,*,20260322
I10,세종특별자치시교육청,9300235,다정고등학교,2025,주간,고등학교,공휴일,20250603,제21대 대통령 선거,,Y,Y,Y,*,*,*,20260322
I10,세종특별자치시교육청,9300235,다정고등학교,2025,주간,고등학교,해당없음,20250604,대수능 모의평가,,N,N,Y,*,*,*,20260322
I10,세종특별자치시교육청,9300235,다정고등학교,2025,주간,고등학교,해당없음,20250604,전국연합학력평가,,Y,Y,N,*,*,*,20260322
I10,세종특별자치시교육청,9300235,다정고등학교,2025,주간,고등학교,공휴일,20250606,현충일,,Y,Y,Y,*,*,*,20260322
I10,세종특별자치시교육청,9300235,다정고등학교,2025,주간,고등학교,휴업일,20250607,토요휴업일,,Y,Y,Y,*,*,*,20260322
I10,세종특별자치시교육청,9300235,다정고등학교,2025,주간,고등학교,휴업일,20250614,토요휴업일,,Y,Y,Y,*,*,*,20260322
I10,세종특별자치시교육청,9300235,다정고등학교,2025,주간,고등학교,휴업일,20250621,토요휴업일,,Y,Y,Y,*,*,*,20260322
I10,세종특별자치시교육청,9300235,다정고등학교,2025,주간,고등학교,해당없음,20250624,1학기 2회고사,,Y,Y,Y,*,*,*,20260322
I10,세종특별자치시교육청,9300235,다정고등학교,2025,주간,고등학교,해당없음,20250625,1학기 2회고사,,Y,Y,Y,*,*,*,20260322
I10,세종특별자치시교육청,9300235,다정고등학교,2025,주간,고등학교,해당없음,20250626,1학기 2회고사,,Y,Y,Y,*,*,*,20260322
I10,세종특별자치시교육청,9300235,다정고등학교,2025,주간,고등학교,해당없음,20250627,1학기 2회고사,,Y,Y,Y,*,*,*,20260322
I10,세종특별자치시교육청,9300235,다정고등학교,2025,주간,고등학교,휴업일,20250628,토요휴업일,,Y,Y,Y,*,*,*,20260322
I10,세종특별자치시교육청,9300235,다정고등학교,2025,주간,고등학교,휴업일,20250705,토요휴업일,,Y,Y,Y,*,*,*,20260322
I10,세종특별자치시교육청,9300235,다정고등학교,2025,주간,고등학교,해당없음,20250710,전국연합학력평가,,N,N,Y,*,*,*,20260322
I10,세종특별자치시교육청,9300235,다정고등학교,2025,주간,고등학교,휴업일,20250712,토요휴업일,,Y,Y,Y,*,*,*,20260322
I10,세종특별자치시교육청,9300235,다정고등학교,2025,주간,고등학교,해당없음,20250718,여름방학식,,Y,Y,Y,*,*,*,20260322
I10,세종특별자치시교육청,9300235,다정고등학교,2025,주간,고등학교,휴업일,20250719,여름방학,,Y,Y,Y,*,*,*,20260322
I10,세종특별자치시교육청,9300235,다정고등학교,2025,주간,고등학교,휴업일,20250719,토요휴업일,,Y,Y,Y,*,*,*,20260322
I10,세종특별자치시교육청,9300235,다정고등학교,2025,주간,고등학교,휴업일,20250720,여름방학,,Y,Y,Y,*,*,*,20260322
I10,세종특별자치시교육청,9300235,다정고등학교,2025,주간,고등학교,휴업일,20250721,여름방학,,Y,Y,Y,*,*,*,20260322
I10,세종특별자치시교육청,9300235,다정고등학교,2025,주간,고등학교,휴업일,20250722,여름방학,,Y,Y,Y,*,*,*,20260322
I10,세종특별자치시교육청,9300235,다정고등학교,2025,주간,고등학교,휴업일,20250723,여름방학,,Y,Y,Y,*,*,*,20260322
I10,세종특별자치시교육청,9300235,다정고등학교,2025,주간,고등학교,휴업일,20250724,여름방학,,Y,Y,Y,*,*,*,20260322
I10,세종특별자치시교육청,9300235,다정고등학교,2025,주간,고등학교,휴업일,20250725,여름방학,,Y,Y,Y,*,*,*,20260322
I10,세종특별자치시교육청,9300235,다정고등학교,2025,주간,고등학교,휴업일,20250726,여름방학,,Y,Y,Y,*,*,*,20260322
I10,세종특별자치시교육청,9300235,다정고등학교,2025,주간,고등학교,휴업일,20250726,토요휴업일,,Y,Y,Y,*,*,*,20260322
I10,세종특별자치시교육청,9300235,다정고등학교,2025,주간,고등학교,휴업일,20250727,여름방학,,Y,Y,Y,*,*,*,20260322
I10,세종특별자치시교육청,9300235,다정고등학교,2025,주간,고등학교,휴업일,20250728,여름방학,,Y,Y,Y,*,*,*,20260322
I10,세종특별자치시교육청,9300235,다정고등학교,2025,주간,고등학교,휴업일,20250729,여름방학,,Y,Y,Y,*,*,*,20260322
I10,세종특별자치시교육청,9300235,다정고등학교,2025,주간,고등학교,휴업일,20250730,여름방학,,Y,Y,Y,*,*,*,20260322
I10,세종특별자치시교육청,9300235,다정고등학교,2025,주간,고등학교,휴업일,20250731,여름방학,,Y,Y,Y,*,*,*,20260322
I10,세종특별자치시교육청,9300235,다정고등학교,2025,주간,고등학교,휴업일,20250801,여름방학,,Y,Y,Y,*,*,*,20260322
I10,세종특별자치시교육청,9300235,다정고등학교,2025,주간,고등학교,휴업일,20250802,여름방학,,Y,Y,Y,*,*,*,20260322
I10,세종특별자치시교육청,9300235,다정고등학교,2025,주간,고등학교,휴업일,20250802,토요휴업일,,Y,Y,Y,*,*,*,20260322
I10,세종특별자치시교육청,9300235,다정고등학교,2025,주간,고등학교,휴업일,20250803,여름방학,,Y,Y,Y,*,*,*,20260322
I10,세종특별자치시교육청,9300235,다정고등학교,2025,주간,고등학교,휴업일,20250804,여름방학,,Y,Y,Y,*,*,*,20260322
I10,세종특별자치시교육청,9300235,다정고등학교,2025,주간,고등학교,휴업일,20250805,여름방학,,Y,Y,Y,*,*,*,20260322
I10,세종특별자치시교육청,9300235,다정고등학교,2025,주간,고등학교,휴업일,20250806,여름방학,,Y,Y,Y,*,*,*,20260322
I10,세종특별자치시교육청,9300235,다정고등학교,2025,주간,고등학교,휴업일,20250807,여름방학,,Y,Y,Y,*,*,*,20260322
I10,세종특별자치시교육청,9300235,다정고등학교,2025,주간,고등학교,휴업일,20250808,여름방학,,Y,Y,Y,*,*,*,20260322
I10,세종특별자치시교육청,9300235,다정고등학교,2025,주간,고등학교,휴업일,20250809,여름방학,,Y,Y,Y,*,*,*,20260322
I10,세종특별자치시교육청,9300235,다정고등학교,2025,주간,고등학교,휴업일,20250809,토요휴업일,,Y,Y,Y,*,*,*,20260322
I10,세종특별자치시교육청,9300235,다정고등학교,2025,주간,고등학교,휴업일,20250810,여름방학,,Y,Y,Y,*,*,*,20260322
I10,세종특별자치시교육청,9300235,다정고등학교,2025,주간,고등학교,휴업일,20250811,여름방학,,Y,Y,Y,*,*,*,20260322
I10,세종특별자치시교육청,9300235,다정고등학교,2025,주간,고등학교,해당없음,20250812,여름개학식,,Y,Y,Y,*,*,*,20260322
I10,세종특별자치시교육청,9300235,다정고등학교,2025,주간,고등학교,공휴일,20250815,광복절,,Y,Y,Y,*,*,*,20260322
I10,세종특별자치시교육청,9300235,다정고등학교,2025,주간,고등학교,휴업일,20250816,토요휴업일,,Y,Y,Y,*,*,*,20260322
I10,세종특별자치시교육청,9300235,다정고등학교,2025,주간,고등학교,휴업일,20250823,토요휴업일,,Y,Y,Y,*,*,*,20260322
I10,세종특별자치시교육청,9300235,다정고등학교,2025,주간,고등학교,휴업일,20250830,토요휴업일,,Y,Y,Y,*,*,*,20260322
I10,세종특별자치시교육청,9300235,다정고등학교,2025,주간,고등학교,해당없음,20250903,대수능 모의평가,,N,N,Y,*,*,*,20260322
I10,세종특별자치시교육청,9300235,다정고등학교,2025,주간,고등학교,해당없음,20250903,전국연합학력평가,,Y,Y,N,*,*,*,20260322
I10,세종특별자치시교육청,9300235,다정고등학교,2025,주간,고등학교,휴업일,20250906,토요휴업일,,Y,Y,Y,*,*,*,20260322
I10,세종특별자치시교육청,9300235,다정고등학교,2025,주간,고등학교,휴업일,20250913,토요휴업일,,Y,Y,Y,*,*,*,20260322
I10,세종특별자치시교육청,9300235,다정고등학교,2025,주간,고등학교,휴업일,20250920,토요휴업일,,Y,Y,Y,*,*,*,20260322
I10,세종특별자치시교육청,9300235,다정고등학교,2025,주간,고등학교,해당없음,20250925,2학기 1회고사,,Y,Y,Y,*,*,*,20260322
I10,세종특별자치시교육청,9300235,다정고등학교,2025,주간,고등학교,해당없음,20250926,2학기 1회고사,,Y,Y,Y,*,*,*,20260322
I10,세종특별자치시교육청,9300235,다정고등학교,2025,주간,고등학교,휴업일,20250927,토요휴업일,,Y,Y,Y,*,*,*,20260322
I10,세종특별자치시교육청,9300235,다정고등학교,2025,주간,고등학교,해당없음,20250929,2학기 1회고사,,Y,Y,Y,*,*,*,20260322
I10,세종특별자치시교육청,9300235,다정고등학교,2025,주간,고등학교,해당없음,20250930,2학기 1회고사,,Y,Y,Y,*,*,*,20260322
I10,세종특별자치시교육청,9300235,다정고등학교,2025,주간,고등학교,공휴일,20251003,개천절,,Y,Y,Y,*,*,*,20260322
I10,세종특별자치시교육청,9300235,다정고등학교,2025,주간,고등학교,휴업일,20251004,토요휴업일,,Y,Y,Y,*,*,*,20260322
I10,세종특별자치시교육청,9300235,다정고등학교,2025,주간,고등학교,공휴일,20251005,추석,,Y,Y,Y,*,*,*,20260322
I10,세종특별자치시교육청,9300235,다정고등학교,2025,주간,고등학교,공휴일,20251006,추석,,Y,Y,Y,*,*,*,20260322
I10,세종특별자치시교육청,9300235,다정고등학교,2025,주간,고등학교,공휴일,20251007,추석,,Y,Y,Y,*,*,*,20260322
I10,세종특별자치시교육청,9300235,다정고등학교,2025,주간,고등학교,공휴일,20251008,대체공휴일,,Y,Y,Y,*,*,*,20260322
I10,세종특별자치시교육청,9300235,다정고등학교,2025,주간,고등학교,공휴일,20251009,한글날,,Y,Y,Y,*,*,*,20260322
I10,세종특별자치시교육청,9300235,다정고등학교,2025,주간,고등학교,휴업일,20251010,재량휴업일,,Y,Y,Y,*,*,*,20260322
I10,세종특별자치시교육청,9300235,다정고등학교,2025,주간,고등학교,휴업일,20251011,토요휴업일,,Y,Y,Y,*,*,*,20260322
I10,세종특별자치시교육청,9300235,다정고등학교,2025,주간,고등학교,해당없음,20251014,전국연합학력평가,,Y,Y,Y,*,*,*,20260322
I10,세종특별자치시교육청,9300235,다정고등학교,2025,주간,고등학교,휴업일,20251018,토요휴업일,,Y,Y,Y,*,*,*,20260322
I10,세종특별자치시교육청,9300235,다정고등학교,2025,주간,고등학교,휴업일,20251025,토요휴업일,,Y,Y,Y,*,*,*,20260322
I10,세종특별자치시교육청,9300235,다정고등학교,2025,주간,고등학교,휴업일,20251101,토요휴업일,,Y,Y,Y,*,*,*,20260322
I10,세종특별자치시교육청,9300235,다정고등학교,2025,주간,고등학교,휴업일,20251108,토요휴업일,,Y,Y,Y,*,*,*,20260322
I10,세종특별자치시교육청,9300235,다정고등학교,2025,주간,고등학교,휴업일,20251113,대학수학능력시험,,Y,Y,Y,*,*,*,20260322
I10,세종특별자치시교육청,9300235,다정고등학교,2025,주간,고등학교,휴업일,20251115,토요휴업일,,Y,Y,Y,*,*,*,20260322
I10,세종특별자치시교육청,9300235,다정고등학교,2025,주간,고등학교,휴업일,20251122,토요휴업일,,Y,Y,Y,*,*,*,20260322
I10,세종특별자치시교육청,9300235,다정고등학교,2025,주간,고등학교,휴업일,20251129,토요휴업일,,Y,Y,Y,*,*,*,20260322
I10,세종특별자치시교육청,9300235,다정고등학교,2025,주간,고등학교,해당없음,20251204,2학기 2회고사,,Y,Y,N,*,*,*,20260322
I10,세종특별자치시교육청,9300235,다정고등학교,2025,주간,고등학교,해당없음,20251205,2학기 2회고사,,Y,Y,N,*,*,*,20260322
I10,세종특별자치시교육청,9300235,다정고등학교,2025,주간,고등학교,휴업일,20251206,토요휴업일,,Y,Y,Y,*,*,*,20260322
I10,세종특별자치시교육청,9300235,다정고등학교,2025,주간,고등학교,해당없음,20251208,2학기 2회고사,,Y,Y,N,*,*,*,20260322
I10,세종특별자치시교육청,9300235,다정고등학교,2025,주간,고등학교,해당없음,20251209,2학기 2회고사,,Y,Y,N,*,*,*,20260322
I10,세종특별자치시교육청,9300235,다정고등학교,2025,주간,고등학교,휴업일,20251213,토요휴업일,,Y,Y,Y,*,*,*,20260322
I10,세종특별자치시교육청,9300235,다정고등학교,2025,주간,고등학교,휴업일,20251220,토요휴업일,,Y,Y,Y,*,*,*,20260322
I10,세종특별자치시교육청,9300235,다정고등학교,2025,주간,고등학교,공휴일,20251225,성탄절,,Y,Y,Y,*,*,*,20260322
I10,세종특별자치시교육청,9300235,다정고등학교,2025,주간,고등학교,휴업일,20251226,재량휴업일,,Y,Y,Y,*,*,*,20260322
I10,세종특별자치시교육청,9300235,다정고등학교,2025,주간,고등학교,휴업일,20251227,토요휴업일,,Y,Y,Y,*,*,*,20260322
I10,세종특별자치시교육청,9300235,다정고등학교,2025,주간,고등학교,해당없음,20251230,학생축제,,Y,Y,Y,*,*,*,20260322
I10,세종특별자치시교육청,9300235,다정고등학교,2025,주간,고등학교,공휴일,20260101,신정,,Y,Y,Y,*,*,*,20260322
I10,세종특별자치시교육청,9300235,다정고등학교,2025,주간,고등학교,휴업일,20260103,토요휴업일,,Y,Y,Y,*,*,*,20260322
I10,세종특별자치시교육청,9300235,다정고등학교,2025,주간,고등학교,해당없음,20260106,종업식,,Y,Y,N,*,*,*,20260322
I10,세종특별자치시교육청,9300235,다정고등학교,2025,주간,고등학교,해당없음,20260106,졸업식,,N,N,Y,*,*,*,20260322
I10,세종특별자치시교육청,9300235,다정고등학교,2025,주간,고등학교,휴업일,20260107,겨울방학,,Y,Y,Y,*,*,*,20260322
I10,세종특별자치시교육청,9300235,다정고등학교,2025,주간,고등학교,휴업일,20260108,겨울방학,,Y,Y,Y,*,*,*,20260322
I10,세종특별자치시교육청,9300235,다정고등학교,2025,주간,고등학교,휴업일,20260109,겨울방학,,Y,Y,Y,*,*,*,20260322
I10,세종특별자치시교육청,9300235,다정고등학교,2025,주간,고등학교,휴업일,20260110,겨울방학,,Y,Y,Y,*,*,*,20260322
I10,세종특별자치시교육청,9300235,다정고등학교,2025,주간,고등학교,휴업일,20260110,토요휴업일,,Y,Y,Y,*,*,*,20260322
I10,세종특별자치시교육청,9300235,다정고등학교,2025,주간,고등학교,휴업일,20260111,겨울방학,,Y,Y,Y,*,*,*,20260322
I10,세종특별자치시교육청,9300235,다정고등학교,2025,주간,고등학교,휴업일,20260112,겨울방학,,Y,Y,Y,*,*,*,20260322
I10,세종특별자치시교육청,9300235,다정고등학교,2025,주간,고등학교,휴업일,20260113,겨울방학,,Y,Y,Y,*,*,*,20260322
I10,세종특별자치시교육청,9300235,다정고등학교,2025,주간,고등학교,휴업일,20260114,겨울방학,,Y,Y,Y,*,*,*,20260322
I10,세종특별자치시교육청,9300235,다정고등학교,2025,주간,고등학교,휴업일,20260115,겨울방학,,Y,Y,Y,*,*,*,20260322
I10,세종특별자치시교육청,9300235,다정고등학교,2025,주간,고등학교,휴업일,20260116,겨울방학,,Y,Y,Y,*,*,*,20260322
I10,세종특별자치시교육청,9300235,다정고등학교,2025,주간,고등학교,휴업일,20260117,겨울방학,,Y,Y,Y,*,*,*,20260322
I10,세종특별자치시교육청,9300235,다정고등학교,2025,주간,고등학교,휴업일,20260117,토요휴업일,,Y,Y,Y,*,*,*,20260322
I10,세종특별자치시교육청,9300235,다정고등학교,2025,주간,고등학교,휴업일,20260118,겨울방학,,Y,Y,Y,*,*,*,20260322
I10,세종특별자치시교육청,9300235,다정고등학교,2025,주간,고등학교,휴업일,20260119,겨울방학,,Y,Y,Y,*,*,*,20260322
I10,세종특별자치시교육청,9300235,다정고등학교,2025,주간,고등학교,휴업일,20260120,겨울방학,,Y,Y,Y,*,*,*,20260322
I10,세종특별자치시교육청,9300235,다정고등학교,2025,주간,고등학교,휴업일,20260121,겨울방학,,Y,Y,Y,*,*,*,20260322
I10,세종특별자치시교육청,9300235,다정고등학교,2025,주간,고등학교,휴업일,20260122,겨울방학,,Y,Y,Y,*,*,*,20260322
I10,세종특별자치시교육청,9300235,다정고등학교,2025,주간,고등학교,휴업일,20260123,겨울방학,,Y,Y,Y,*,*,*,20260322
I10,세종특별자치시교육청,9300235,다정고등학교,2025,주간,고등학교,휴업일,20260124,겨울방학,,Y,Y,Y,*,*,*,20260322
I10,세종특별자치시교육청,9300235,다정고등학교,2025,주간,고등학교,휴업일,20260124,토요휴업일,,Y,Y,Y,*,*,*,20260322
I10,세종특별자치시교육청,9300235,다정고등학교,2025,주간,고등학교,휴업일,20260125,겨울방학,,Y,Y,Y,*,*,*,20260322
I10,세종특별자치시교육청,9300235,다정고등학교,2025,주간,고등학교,휴업일,20260126,겨울방학,,Y,Y,Y,*,*,*,20260322
I10,세종특별자치시교육청,9300235,다정고등학교,2025,주간,고등학교,휴업일,20260127,겨울방학,,Y,Y,Y,*,*,*,20260322
I10,세종특별자치시교육청,9300235,다정고등학교,2025,주간,고등학교,휴업일,20260128,겨울방학,,Y,Y,Y,*,*,*,20260322
I10,세종특별자치시교육청,9300235,다정고등학교,2025,주간,고등학교,휴업일,20260129,겨울방학,,Y,Y,Y,*,*,*,20260322
I10,세종특별자치시교육청,9300235,다정고등학교,2025,주간,고등학교,휴업일,20260130,겨울방학,,Y,Y,Y,*,*,*,20260322
I10,세종특별자치시교육청,9300235,다정고등학교,2025,주간,고등학교,휴업일,20260131,겨울방학,,Y,Y,Y,*,*,*,20260322
I10,세종특별자치시교육청,9300235,다정고등학교,2025,주간,고등학교,휴업일,20260131,토요휴업일,,Y,Y,Y,*,*,*,20260322
I10,세종특별자치시교육청,9300235,다정고등학교,2025,주간,고등학교,휴업일,20260201,겨울방학,,Y,Y,Y,*,*,*,20260322
I10,세종특별자치시교육청,9300235,다정고등학교,2025,주간,고등학교,휴업일,20260202,겨울방학,,Y,Y,Y,*,*,*,20260322
I10,세종특별자치시교육청,9300235,다정고등학교,2025,주간,고등학교,휴업일,20260203,겨울방학,,Y,Y,Y,*,*,*,20260322
I10,세종특별자치시교육청,9300235,다정고등학교,2025,주간,고등학교,휴업일,20260204,겨울방학,,Y,Y,Y,*,*,*,20260322
I10,세종특별자치시교육청,9300235,다정고등학교,2025,주간,고등학교,휴업일,20260205,겨울방학,,Y,Y,Y,*,*,*,20260322
I10,세종특별자치시교육청,9300235,다정고등학교,2025,주간,고등학교,휴업일,20260206,겨울방학,,Y,Y,Y,*,*,*,20260322
I10,세종특별자치시교육청,9300235,다정고등학교,2025,주간,고등학교,휴업일,20260207,겨울방학,,Y,Y,Y,*,*,*,20260322
I10,세종특별자치시교육청,9300235,다정고등학교,2025,주간,고등학교,휴업일,20260207,토요휴업일,,Y,Y,Y,*,*,*,20260322
I10,세종특별자치시교육청,9300235,다정고등학교,2025,주간,고등학교,휴업일,20260208,겨울방학,,Y,Y,Y,*,*,*,20260322
I10,세종특별자치시교육청,9300235,다정고등학교,2025,주간,고등학교,휴업일,20260209,겨울방학,,Y,Y,Y,*,*,*,20260322
I10,세종특별자치시교육청,9300235,다정고등학교,2025,주간,고등학교,휴업일,20260210,겨울방학,,Y,Y,Y,*,*,*,20260322
I10,세종특별자치시교육청,9300235,다정고등학교,2025,주간,고등학교,휴업일,20260211,겨울방학,,Y,Y,Y,*,*,*,20260322
I10,세종특별자치시교육청,9300235,다정고등학교,2025,주간,고등학교,휴업일,20260212,겨울방학,,Y,Y,Y,*,*,*,20260322
I10,세종특별자치시교육청,9300235,다정고등학교,2025,주간,고등학교,휴업일,20260213,겨울방학,,Y,Y,Y,*,*,*,20260322
I10,세종특별자치시교육청,9300235,다정고등학교,2025,주간,고등학교,휴업일,20260214,겨울방학,,Y,Y,Y,*,*,*,20260322
I10,세종특별자치시교육청,9300235,다정고등학교,2025,주간,고등학교,휴업일,20260214,토요휴업일,,Y,Y,Y,*,*,*,20260322
I10,세종특별자치시교육청,9300235,다정고등학교,2025,주간,고등학교,휴업일,20260215,겨울방학,,Y,Y,Y,*,*,*,20260322
I10,세종특별자치시교육청,9300235,다정고등학교,2025,주간,고등학교,휴업일,20260216,겨울방학,,Y,Y,Y,*,*,*,20260322
I10,세종특별자치시교육청,9300235,다정고등학교,2025,주간,고등학교,공휴일,20260216,설날,,Y,Y,Y,*,*,*,20260322
I10,세종특별자치시교육청,9300235,다정고등학교,2025,주간,고등학교,휴업일,20260217,겨울방학,,Y,Y,Y,*,*,*,20260322
I10,세종특별자치시교육청,9300235,다정고등학교,2025,주간,고등학교,공휴일,20260217,설날,,Y,Y,Y,*,*,*,20260322
I10,세종특별자치시교육청,9300235,다정고등학교,2025,주간,고등학교,휴업일,20260218,겨울방학,,Y,Y,Y,*,*,*,20260322
I10,세종특별자치시교육청,9300235,다정고등학교,2025,주간,고등학교,공휴일,20260218,설날,,Y,Y,Y,*,*,*,20260322
I10,세종특별자치시교육청,9300235,다정고등학교,2025,주간,고등학교,휴업일,20260219,겨울방학,,Y,Y,Y,*,*,*,20260322
I10,세종특별자치시교육청,9300235,다정고등학교,2025,주간,고등학교,휴업일,20260220,겨울방학,,Y,Y,Y,*,*,*,20260322
I10,세종특별자치시교육청,9300235,다정고등학교,2025,주간,고등학교,휴업일,20260221,겨울방학,,Y,Y,Y,*,*,*,20260322
I10,세종특별자치시교육청,9300235,다정고등학교,2025,주간,고등학교,휴업일,20260221,토요휴업일,,Y,Y,Y,*,*,*,20260322
I10,세종특별자치시교육청,9300235,다정고등학교,2025,주간,고등학교,휴업일,20260222,겨울방학,,Y,Y,Y,*,*,*,20260322
I10,세종특별자치시교육청,9300235,다정고등학교,2025,주간,고등학교,휴업일,20260223,겨울방학,,Y,Y,Y,*,*,*,20260322
I10,세종특별자치시교육청,9300235,다정고등학교,2025,주간,고등학교,휴업일,20260224,겨울방학,,Y,Y,Y,*,*,*,20260322
I10,세종특별자치시교육청,9300235,다정고등학교,2025,주간,고등학교,휴업일,20260225,겨울방학,,Y,Y,Y,*,*,*,20260322
I10,세종특별자치시교육청,9300235,다정고등학교,2025,주간,고등학교,휴업일,20260226,겨울방학,,Y,Y,Y,*,*,*,20260322
I10,세종특별자치시교육청,9300235,다정고등학교,2025,주간,고등학교,휴업일,20260227,겨울방학,,Y,Y,Y,*,*,*,20260322
I10,세종특별자치시교육청,9300235,다정고등학교,2025,주간,고등학교,휴업일,20260228,겨울방학,,Y,Y,Y,*,*,*,20260322
I10,세종특별자치시교육청,9300235,다정고등학교,2025,주간,고등학교,휴업일,20260228,토요휴업일,,Y,Y,Y,*,*,*,20260322
I10,세종특별자치시교육청,9300235,다정고등학교,2026,주간,고등학교,공휴일,20260301,3·1절,,Y,Y,Y,*,*,*,20260322
I10,세종특별자치시교육청,9300235,다정고등학교,2026,주간,고등학교,공휴일,20260302,대체공휴일,,Y,Y,Y,*,*,*,20260322
I10,세종특별자치시교육청,9300235,다정고등학교,2026,주간,고등학교,해당없음,20260303,입학식,,Y,N,N,*,*,*,20260322
I10,세종특별자치시교육청,9300235,다정고등학교,2026,주간,고등학교,휴업일,20260307,토요휴업일,,Y,Y,Y,*,*,*,20260322
I10,세종특별자치시교육청,9300235,다정고등학교,2026,주간,고등학교,휴업일,20260314,토요휴업일,,Y,Y,Y,*,*,*,20260322
I10,세종특별자치시교육청,9300235,다정고등학교,2026,주간,고등학교,휴업일,20260321,토요휴업일,,Y,Y,Y,*,*,*,20260322
I10,세종특별자치시교육청,9300235,다정고등학교,2026,주간,고등학교,해당없음,20260324,전국연합학력평가,,Y,Y,Y,*,*,*,20260322
I10,세종특별자치시교육청,9300235,다정고등학교,2026,주간,고등학교,휴업일,20260328,토요휴업일,,Y,Y,Y,*,*,*,20260322
I10,세종특별자치시교육청,9300235,다정고등학교,2026,주간,고등학교,휴업일,20260404,토요휴업일,,Y,Y,Y,*,*,*,20260322
I10,세종특별자치시교육청,9300235,다정고등학교,2026,주간,고등학교,휴업일,20260411,토요휴업일,,Y,Y,Y,*,*,*,20260322
I10,세종특별자치시교육청,9300235,다정고등학교,2026,주간,고등학교,휴업일,20260418,토요휴업일,,Y,Y,Y,*,*,*,20260322
I10,세종특별자치시교육청,9300235,다정고등학교,2026,주간,고등학교,해당없음,20260423,1학기 1회고사,,Y,Y,Y,*,*,*,20260322
I10,세종특별자치시교육청,9300235,다정고등학교,2026,주간,고등학교,해당없음,20260424,1학기 1회고사,,Y,Y,Y,*,*,*,20260322
I10,세종특별자치시교육청,9300235,다정고등학교,2026,주간,고등학교,휴업일,20260425,토요휴업일,,Y,Y,Y,*,*,*,20260322
I10,세종특별자치시교육청,9300235,다정고등학교,2026,주간,고등학교,해당없음,20260427,1학기 1회고사,,Y,Y,Y,*,*,*,20260322
I10,세종특별자치시교육청,9300235,다정고등학교,2026,주간,고등학교,해당없음,20260428,1학기 1회고사,,Y,Y,Y,*,*,*,20260322
I10,세종특별자치시교육청,9300235,다정고등학교,2026,주간,고등학교,휴업일,20260502,토요휴업일,,Y,Y,Y,*,*,*,20260322
I10,세종특별자치시교육청,9300235,다정고등학교,2026,주간,고등학교,휴업일,20260504,재량휴업일,,Y,Y,Y,*,*,*,20260322
I10,세종특별자치시교육청,9300235,다정고등학교,2026,주간,고등학교,공휴일,20260505,어린이날,,Y,Y,Y,*,*,*,20260322
I10,세종특별자치시교육청,9300235,다정고등학교,2026,주간,고등학교,해당없음,20260507,전국연합학력평가,,N,N,Y,*,*,*,20260322
I10,세종특별자치시교육청,9300235,다정고등학교,2026,주간,고등학교,휴업일,20260509,토요휴업일,,Y,Y,Y,*,*,*,20260322
I10,세종특별자치시교육청,9300235,다정고등학교,2026,주간,고등학교,해당없음,20260515,체육대회,,Y,Y,N,*,*,*,20260322
I10,세종특별자치시교육청,9300235,다정고등학교,2026,주간,고등학교,휴업일,20260516,토요휴업일,,Y,Y,Y,*,*,*,20260322
I10,세종특별자치시교육청,9300235,다정고등학교,2026,주간,고등학교,휴업일,20260523,토요휴업일,,Y,Y,Y,*,*,*,20260322
I10,세종특별자치시교육청,9300235,다정고등학교,2026,주간,고등학교,공휴일,20260524,석가탄신일,,Y,Y,Y,*,*,*,20260322
I10,세종특별자치시교육청,9300235,다정고등학교,2026,주간,고등학교,공휴일,20260525,대체공휴일,,Y,Y,Y,*,*,*,20260322
I10,세종특별자치시교육청,9300235,다정고등학교,2026,주간,고등학교,해당없음,20260527,수련활동,,Y,N,N,*,*,*,20260322
I10,세종특별자치시교육청,9300235,다정고등학교,2026,주간,고등학교,해당없음,20260527,수학여행,,N,Y,N,*,*,*,20260322
I10,세종특별자치시교육청,9300235,다정고등학교,2026,주간,고등학교,해당없음,20260528,수련활동,,Y,N,N,*,*,*,20260322
I10,세종특별자치시교육청,9300235,다정고등학교,2026,주간,고등학교,해당없음,20260528,수학여행,,N,Y,N,*,*,*,20260322
I10,세종특별자치시교육청,9300235,다정고등학교,2026,주간,고등학교,해당없음,20260529,수련활동,,Y,N,N,*,*,*,20260322
I10,세종특별자치시교육청,9300235,다정고등학교,2026,주간,고등학교,해당없음,20260529,수학여행,,N,Y,N,*,*,*,20260322
I10,세종특별자치시교육청,9300235,다정고등학교,2026,주간,고등학교,휴업일,20260530,토요휴업일,,Y,Y,Y,*,*,*,20260322
I10,세종특별자치시교육청,9300235,다정고등학교,2026,주간,고등학교,공휴일,20260603,선거,,Y,Y,Y,*,*,*,20260322
I10,세종특별자치시교육청,9300235,다정고등학교,2026,주간,고등학교,해당없음,20260604,대수능 모의평가,,N,N,Y,*,*,*,20260322
I10,세종특별자치시교육청,9300235,다정고등학교,2026,주간,고등학교,해당없음,20260604,전국연합학력평가,,Y,Y,N,*,*,*,20260322
I10,세종특별자치시교육청,9300235,다정고등학교,2026,주간,고등학교,공휴일,20260606,현충일,,Y,Y,Y,*,*,*,20260322
I10,세종특별자치시교육청,9300235,다정고등학교,2026,주간,고등학교,휴업일,20260613,토요휴업일,,Y,Y,Y,*,*,*,20260322
I10,세종특별자치시교육청,9300235,다정고등학교,2026,주간,고등학교,휴업일,20260620,토요휴업일,,Y,Y,Y,*,*,*,20260322
I10,세종특별자치시교육청,9300235,다정고등학교,2026,주간,고등학교,휴업일,20260627,토요휴업일,,Y,Y,Y,*,*,*,20260322
I10,세종특별자치시교육청,9300235,다정고등학교,2026,주간,고등학교,해당없음,20260630,1학기 2회고사,,Y,Y,Y,*,*,*,20260322
I10,세종특별자치시교육청,9300235,다정고등학교,2026,주간,고등학교,해당없음,20260701,1학기 2회고사,,Y,Y,Y,*,*,*,20260322
I10,세종특별자치시교육청,9300235,다정고등학교,2026,주간,고등학교,해당없음,20260702,1학기 2회고사,,Y,Y,Y,*,*,*,20260322
I10,세종특별자치시교육청,9300235,다정고등학교,2026,주간,고등학교,해당없음,20260703,1학기 2회고사,,Y,Y,Y,*,*,*,20260322
I10,세종특별자치시교육청,9300235,다정고등학교,2026,주간,고등학교,휴업일,20260704,토요휴업일,,Y,Y,Y,*,*,*,20260322
I10,세종특별자치시교육청,9300235,다정고등학교,2026,주간,고등학교,해당없음,20260708,전국연합학력평가,,N,N,Y,*,*,*,20260322
I10,세종특별자치시교육청,9300235,다정고등학교,2026,주간,고등학교,휴업일,20260711,토요휴업일,,Y,Y,Y,*,*,*,20260322
I10,세종특별자치시교육청,9300235,다정고등학교,2026,주간,고등학교,공휴일,20260717,제헌절,,Y,Y,Y,*,*,*,20260322
I10,세종특별자치시교육청,9300235,다정고등학교,2026,주간,고등학교,휴업일,20260718,토요휴업일,,Y,Y,Y,*,*,*,20260322
I10,세종특별자치시교육청,9300235,다정고등학교,2026,주간,고등학교,해당없음,20260720,여름방학식,,Y,Y,Y,*,*,*,20260322
I10,세종특별자치시교육청,9300235,다정고등학교,2026,주간,고등학교,휴업일,20260721,여름방학,,Y,Y,Y,*,*,*,20260322
I10,세종특별자치시교육청,9300235,다정고등학교,2026,주간,고등학교,휴업일,20260722,여름방학,,Y,Y,Y,*,*,*,20260322
I10,세종특별자치시교육청,9300235,다정고등학교,2026,주간,고등학교,휴업일,20260723,여름방학,,Y,Y,Y,*,*,*,20260322
I10,세종특별자치시교육청,9300235,다정고등학교,2026,주간,고등학교,휴업일,20260724,여름방학,,Y,Y,Y,*,*,*,20260322
I10,세종특별자치시교육청,9300235,다정고등학교,2026,주간,고등학교,휴업일,20260725,여름방학,,Y,Y,Y,*,*,*,20260322
I10,세종특별자치시교육청,9300235,다정고등학교,2026,주간,고등학교,휴업일,20260725,토요휴업일,,Y,Y,Y,*,*,*,20260322
I10,세종특별자치시교육청,9300235,다정고등학교,2026,주간,고등학교,휴업일,20260726,여름방학,,Y,Y,Y,*,*,*,20260322
I10,세종특별자치시교육청,9300235,다정고등학교,2026,주간,고등학교,휴업일,20260727,여름방학,,Y,Y,Y,*,*,*,20260322
I10,세종특별자치시교육청,9300235,다정고등학교,2026,주간,고등학교,휴업일,20260728,여름방학,,Y,Y,Y,*,*,*,20260322
I10,세종특별자치시교육청,9300235,다정고등학교,2026,주간,고등학교,휴업일,20260729,여름방학,,Y,Y,Y,*,*,*,20260322
I10,세종특별자치시교육청,9300235,다정고등학교,2026,주간,고등학교,휴업일,20260730,여름방학,,Y,Y,Y,*,*,*,20260322
I10,세종특별자치시교육청,9300235,다정고등학교,2026,주간,고등학교,휴업일,20260731,여름방학,,Y,Y,Y,*,*,*,20260322
I10,세종특별자치시교육청,9300235,다정고등학교,2026,주간,고등학교,휴업일,20260801,여름방학,,Y,Y,Y,*,*,*,20260322
I10,세종특별자치시교육청,9300235,다정고등학교,2026,주간,고등학교,휴업일,20260801,토요휴업일,,Y,Y,Y,*,*,*,20260322
I10,세종특별자치시교육청,9300235,다정고등학교,2026,주간,고등학교,휴업일,20260802,여름방학,,Y,Y,Y,*,*,*,20260322
I10,세종특별자치시교육청,9300235,다정고등학교,2026,주간,고등학교,휴업일,20260803,여름방학,,Y,Y,Y,*,*,*,20260322
I10,세종특별자치시교육청,9300235,다정고등학교,2026,주간,고등학교,휴업일,20260804,여름방학,,Y,Y,Y,*,*,*,20260322
I10,세종특별자치시교육청,9300235,다정고등학교,2026,주간,고등학교,휴업일,20260805,여름방학,,Y,Y,Y,*,*,*,20260322
I10,세종특별자치시교육청,9300235,다정고등학교,2026,주간,고등학교,휴업일,20260806,여름방학,,Y,Y,Y,*,*,*,20260322
I10,세종특별자치시교육청,9300235,다정고등학교,2026,주간,고등학교,휴업일,20260807,여름방학,,Y,Y,Y,*,*,*,20260322
I10,세종특별자치시교육청,9300235,다정고등학교,2026,주간,고등학교,휴업일,20260808,여름방학,,Y,Y,Y,*,*,*,20260322
I10,세종특별자치시교육청,9300235,다정고등학교,2026,주간,고등학교,휴업일,20260808,토요휴업일,,Y,Y,Y,*,*,*,20260322
I10,세종특별자치시교육청,9300235,다정고등학교,2026,주간,고등학교,휴업일,20260809,여름방학,,Y,Y,Y,*,*,*,20260322
I10,세종특별자치시교육청,9300235,다정고등학교,2026,주간,고등학교,휴업일,20260810,여름방학,,Y,Y,Y,*,*,*,20260322
I10,세종특별자치시교육청,9300235,다정고등학교,2026,주간,고등학교,휴업일,20260811,여름방학,,Y,Y,Y,*,*,*,20260322
I10,세종특별자치시교육청,9300235,다정고등학교,2026,주간,고등학교,휴업일,20260812,여름방학,,Y,Y,Y,*,*,*,20260322
I10,세종특별자치시교육청,9300235,다정고등학교,2026,주간,고등학교,휴업일,20260813,여름방학,,Y,Y,Y,*,*,*,20260322
I10,세종특별자치시교육청,9300235,다정고등학교,2026,주간,고등학교,휴업일,20260814,여름방학,,Y,Y,Y,*,*,*,20260322
I10,세종특별자치시교육청,9300235,다정고등학교,2026,주간,고등학교,공휴일,20260815,광복절,,Y,Y,Y,*,*,*,20260322
I10,세종특별자치시교육청,9300235,다정고등학교,2026,주간,고등학교,공휴일,20260817,대체공휴일,,Y,Y,Y,*,*,*,20260322
I10,세종특별자치시교육청,9300235,다정고등학교,2026,주간,고등학교,휴업일,20260822,토요휴업일,,Y,Y,Y,*,*,*,20260322
I10,세종특별자치시교육청,9300235,다정고등학교,2026,주간,고등학교,휴업일,20260829,토요휴업일,,Y,Y,Y,*,*,*,20260322
I10,세종특별자치시교육청,9300235,다정고등학교,2026,주간,고등학교,휴업일,20260905,토요휴업일,,Y,Y,Y,*,*,*,20260322
I10,세종특별자치시교육청,9300235,다정고등학교,2026,주간,고등학교,휴업일,20260912,토요휴업일,,Y,Y,Y,*,*,*,20260322
I10,세종특별자치시교육청,9300235,다정고등학교,2026,주간,고등학교,휴업일,20260919,토요휴업일,,Y,Y,Y,*,*,*,20260322
I10,세종특별자치시교육청,9300235,다정고등학교,2026,주간,고등학교,공휴일,20260925,추석,,Y,Y,Y,*,*,*,20260322
I10,세종특별자치시교육청,9300235,다정고등학교,2026,주간,고등학교,휴업일,20260926,토요휴업일,,Y,Y,Y,*,*,*,20260322
I10,세종특별자치시교육청,9300235,다정고등학교,2026,주간,고등학교,공휴일,20261003,개천절,,Y,Y,Y,*,*,*,20260322
I10,세종특별자치시교육청,9300235,다정고등학교,2026,주간,고등학교,공휴일,20261005,대체공휴일,,Y,Y,Y,*,*,*,20260322
I10,세종특별자치시교육청,9300235,다정고등학교,2026,주간,고등학교,공휴일,20261009,한글날,,Y,Y,Y,*,*,*,20260322
I10,세종특별자치시교육청,9300235,다정고등학교,2026,주간,고등학교,휴업일,20261010,토요휴업일,,Y,Y,Y,*,*,*,20260322
I10,세종특별자치시교육청,9300235,다정고등학교,2026,주간,고등학교,휴업일,20261017,토요휴업일,,Y,Y,Y,*,*,*,20260322
I10,세종특별자치시교육청,9300235,다정고등학교,2026,주간,고등학교,휴업일,20261024,토요휴업일,,Y,Y,Y,*,*,*,20260322
I10,세종특별자치시교육청,9300235,다정고등학교,2026,주간,고등학교,휴업일,20261031,토요휴업일,,Y,Y,Y,*,*,*,20260322
I10,세종특별자치시교육청,9300235,다정고등학교,2026,주간,고등학교,휴업일,20261107,토요휴업일,,Y,Y,Y,*,*,*,20260322
I10,세종특별자치시교육청,9300235,다정고등학교,2026,주간,고등학교,휴업일,20261114,토요휴업일,,Y,Y,Y,*,*,*,20260322
I10,세종특별자치시교육청,9300235,다정고등학교,2026,주간,고등학교,휴업일,20261121,토요휴업일,,Y,Y,Y,*,*,*,20260322
I10,세종특별자치시교육청,9300235,다정고등학교,2026,주간,고등학교,휴업일,20261128,토요휴업일,,Y,Y,Y,*,*,*,20260322
I10,세종특별자치시교육청,9300235,다정고등학교,2026,주간,고등학교,휴업일,20261205,토요휴업일,,Y,Y,Y,*,*,*,20260322
I10,세종특별자치시교육청,9300235,다정고등학교,2026,주간,고등학교,휴업일,20261212,토요휴업일,,Y,Y,Y,*,*,*,20260322
I10,세종특별자치시교육청,9300235,다정고등학교,2026,주간,고등학교,휴업일,20261219,토요휴업일,,Y,Y,Y,*,*,*,20260322
I10,세종특별자치시교육청,9300235,다정고등학교,2026,주간,고등학교,공휴일,20261225,성탄절,,Y,Y,Y,*,*,*,20260322
I10,세종특별자치시교육청,9300235,다정고등학교,2026,주간,고등학교,휴업일,20261226,토요휴업일,,Y,Y,Y,*,*,*,20260322
I10,세종특별자치시교육청,9300235,다정고등학교,2026,주간,고등학교,공휴일,20270101,신정,,Y,Y,Y,*,*,*,20260322
I10,세종특별자치시교육청,9300235,다정고등학교,2026,주간,고등학교,휴업일,20270102,토요휴업일,,Y,Y,Y,*,*,*,20260322
I10,세종특별자치시교육청,9300235,다정고등학교,2026,주간,고등학교,휴업일,20270109,토요휴업일,,Y,Y,Y,*,*,*,20260322
I10,세종특별자치시교육청,9300235,다정고등학교,2026,주간,고등학교,휴업일,20270116,토요휴업일,,Y,Y,Y,*,*,*,20260322
I10,세종특별자치시교육청,9300235,다정고등학교,2026,주간,고등학교,휴업일,20270123,토요휴업일,,Y,Y,Y,*,*,*,20260322
I10,세종특별자치시교육청,9300235,다정고등학교,2026,주간,고등학교,휴업일,20270130,토요휴업일,,Y,Y,Y,*,*,*,20260322
I10,세종특별자치시교육청,9300235,다정고등학교,2026,주간,고등학교,휴업일,20270206,토요휴업일,,Y,Y,Y,*,*,*,20260322
I10,세종특별자치시교육청,9300235,다정고등학교,2026,주간,고등학교,공휴일,20270207,설날,,Y,Y,Y,*,*,*,20260322
I10,세종특별자치시교육청,9300235,다정고등학교,2026,주간,고등학교,휴업일,20270213,토요휴업일,,Y,Y,Y,*,*,*,20260322
I10,세종특별자치시교육청,9300235,다정고등학교,2026,주간,고등학교,휴업일,20270220,토요휴업일,,Y,Y,Y,*,*,*,20260322
I10,세종특별자치시교육청,9300235,다정고등학교,2026,주간,고등학교,휴업일,20270227,토요휴업일,,Y,Y,Y,*,*,*,20260322
I10,세종특별자치시교육청,9300227,다정중학교,2025,주간,중학교,공휴일,20250301,3·1절,,Y,Y,Y,*,*,*,20260322
I10,세종특별자치시교육청,9300227,다정중학교,2025,주간,중학교,공휴일,20250303,대체공휴일,,Y,Y,Y,*,*,*,20260322
I10,세종특별자치시교육청,9300227,다정중학교,2025,주간,중학교,해당없음,20250304,입학식,,Y,N,N,*,*,*,20260322
I10,세종특별자치시교육청,9300227,다정중학교,2025,주간,중학교,해당없음,20250304,개학식,,N,Y,Y,*,*,*,20260322
I10,세종특별자치시교육청,9300227,다정중학교,2025,주간,중학교,휴업일,20250308,토요휴업일,,Y,Y,Y,*,*,*,20260322
I10,세종특별자치시교육청,9300227,다정중학교,2025,주간,중학교,휴업일,20250315,토요휴업일,,Y,Y,Y,*,*,*,20260322
I10,세종특별자치시교육청,9300227,다정중학교,2025,주간,중학교,휴업일,20250322,토요휴업일,,Y,Y,Y,*,*,*,20260322
I10,세종특별자치시교육청,9300227,다정중학교,2025,주간,중학교,휴업일,20250329,토요휴업일,,Y,Y,Y,*,*,*,20260322
I10,세종특별자치시교육청,9300227,다정중학교,2025,주간,중학교,휴업일,20250405,토요휴업일,,Y,Y,Y,*,*,*,20260322
I10,세종특별자치시교육청,9300227,다정중학교,2025,주간,중학교,휴업일,20250412,토요휴업일,,Y,Y,Y,*,*,*,20260322
I10,세종특별자치시교육청,9300227,다정중학교,2025,주간,중학교,휴업일,20250419,토요휴업일,,Y,Y,Y,*,*,*,20260322
I10,세종특별자치시교육청,9300227,다정중학교,2025,주간,중학교,해당없음,20250424,1학기 1회고사,,Y,Y,Y,*,*,*,20260322
I10,세종특별자치시교육청,9300227,다정중학교,2025,주간,중학교,해당없음,20250425,1학기 1회고사,,Y,Y,Y,*,*,*,20260322
I10,세종특별자치시교육청,9300227,다정중학교,2025,주간,중학교,휴업일,20250426,토요휴업일,,Y,Y,Y,*,*,*,20260322
I10,세종특별자치시교육청,9300227,다정중학교,2025,주간,중학교,휴업일,20250501,개교기념일,,Y,Y,Y,*,*,*,20260322
I10,세종특별자치시교육청,9300227,다정중학교,2025,주간,중학교,휴업일,20250503,토요휴업일,,Y,Y,Y,*,*,*,20260322
I10,세종특별자치시교육청,9300227,다정중학교,2025,주간,중학교,공휴일,20250505,어린이날,,Y,Y,Y,*,*,*,20260322
I10,세종특별자치시교육청,9300227,다정중학교,2025,주간,중학교,공휴일,20250506,대체공휴일,,Y,Y,Y,*,*,*,20260322
I10,세종특별자치시교육청,9300227,다정중학교,2025,주간,중학교,해당없음,20250507,2학년 수학여행,,N,Y,N,*,*,*,20260322
I10,세종특별자치시교육청,9300227,다정중학교,2025,주간,중학교,해당없음,20250508,2학년 수학여행,,N,Y,N,*,*,*,20260322
I10,세종특별자치시교육청,9300227,다정중학교,2025,주간,중학교,해당없음,20250508,3학년 현장체험학습,,N,N,Y,*,*,*,20260322
I10,세종특별자치시교육청,9300227,다정중학교,2025,주간,중학교,해당없음,20250509,2학년 수학여행,,N,Y,N,*,*,*,20260322
I10,세종특별자치시교육청,9300227,다정중학교,2025,주간,중학교,휴업일,20250510,토요휴업일,,Y,Y,Y,*,*,*,20260322
I10,세종특별자치시교육청,9300227,다정중학교,2025,주간,중학교,휴업일,20250517,토요휴업일,,Y,Y,Y,*,*,*,20260322
I10,세종특별자치시교육청,9300227,다정중학교,2025,주간,중학교,해당없음,20250523,예술체육한마당,,Y,Y,Y,*,*,*,20260322
I10,세종특별자치시교육청,9300227,다정중학교,2025,주간,중학교,휴업일,20250524,토요휴업일,,Y,Y,Y,*,*,*,20260322
I10,세종특별자치시교육청,9300227,다정중학교,2025,주간,중학교,휴업일,20250531,토요휴업일,,Y,Y,Y,*,*,*,20260322
I10,세종특별자치시교육청,9300227,다정중학교,2025,주간,중학교,공휴일,20250603,대통령 선거,,Y,Y,Y,*,*,*,20260322
I10,세종특별자치시교육청,9300227,다정중학교,2025,주간,중학교,공휴일,20250606,현충일,,Y,Y,Y,*,*,*,20260322
I10,세종특별자치시교육청,9300227,다정중학교,2025,주간,중학교,휴업일,20250607,토요휴업일,,Y,Y,Y,*,*,*,20260322
I10,세종특별자치시교육청,9300227,다정중학교,2025,주간,중학교,휴업일,20250614,토요휴업일,,Y,Y,Y,*,*,*,20260322
I10,세종특별자치시교육청,9300227,다정중학교,2025,주간,중학교,휴업일,20250621,토요휴업일,,Y,Y,Y,*,*,*,20260322
I10,세종특별자치시교육청,9300227,다정중학교,2025,주간,중학교,해당없음,20250623,1학기 2회고사,,Y,Y,Y,*,*,*,20260322
I10,세종특별자치시교육청,9300227,다정중학교,2025,주간,중학교,해당없음,20250624,1학기 2회고사,,Y,Y,Y,*,*,*,20260322
I10,세종특별자치시교육청,9300227,다정중학교,2025,주간,중학교,해당없음,20250625,1학기 2회고사,,Y,Y,Y,*,*,*,20260322
I10,세종특별자치시교육청,9300227,다정중학교,2025,주간,중학교,휴업일,20250628,토요휴업일,,Y,Y,Y,*,*,*,20260322
I10,세종특별자치시교육청,9300227,다정중학교,2025,주간,중학교,휴업일,20250705,토요휴업일,,Y,Y,Y,*,*,*,20260322
I10,세종특별자치시교육청,9300227,다정중학교,2025,주간,중학교,휴업일,20250712,토요휴업일,,Y,Y,Y,*,*,*,20260322
I10,세종특별자치시교육청,9300227,다정중학교,2025,주간,중학교,휴업일,20250719,토요휴업일,,Y,Y,Y,*,*,*,20260322
I10,세종특별자치시교육청,9300227,다정중학교,2025,주간,중학교,해당없음,20250721,여름방학식,,Y,Y,Y,*,*,*,20260322
I10,세종특별자치시교육청,9300227,다정중학교,2025,주간,중학교,휴업일,20250722,여름방학,,Y,Y,Y,*,*,*,20260322
I10,세종특별자치시교육청,9300227,다정중학교,2025,주간,중학교,휴업일,20250723,여름방학,,Y,Y,Y,*,*,*,20260322
I10,세종특별자치시교육청,9300227,다정중학교,2025,주간,중학교,휴업일,20250724,여름방학,,Y,Y,Y,*,*,*,20260322
I10,세종특별자치시교육청,9300227,다정중학교,2025,주간,중학교,휴업일,20250725,여름방학,,Y,Y,Y,*,*,*,20260322
I10,세종특별자치시교육청,9300227,다정중학교,2025,주간,중학교,휴업일,20250726,여름방학,,Y,Y,Y,*,*,*,20260322
I10,세종특별자치시교육청,9300227,다정중학교,2025,주간,중학교,휴업일,20250726,토요휴업일,,Y,Y,Y,*,*,*,20260322
I10,세종특별자치시교육청,9300227,다정중학교,2025,주간,중학교,휴업일,20250727,여름방학,,Y,Y,Y,*,*,*,20260322
I10,세종특별자치시교육청,9300227,다정중학교,2025,주간,중학교,휴업일,20250728,여름방학,,Y,Y,Y,*,*,*,20260322
I10,세종특별자치시교육청,9300227,다정중학교,2025,주간,중학교,휴업일,20250729,여름방학,,Y,Y,Y,*,*,*,20260322
I10,세종특별자치시교육청,9300227,다정중학교,2025,주간,중학교,휴업일,20250730,여름방학,,Y,Y,Y,*,*,*,20260322
I10,세종특별자치시교육청,9300227,다정중학교,2025,주간,중학교,휴업일,20250731,여름방학,,Y,Y,Y,*,*,*,20260322
I10,세종특별자치시교육청,9300227,다정중학교,2025,주간,중학교,휴업일,20250801,여름방학,,Y,Y,Y,*,*,*,20260322
I10,세종특별자치시교육청,9300227,다정중학교,2025,주간,중학교,휴업일,20250802,여름방학,,Y,Y,Y,*,*,*,20260322
I10,세종특별자치시교육청,9300227,다정중학교,2025,주간,중학교,휴업일,20250802,토요휴업일,,Y,Y,Y,*,*,*,20260322
I10,세종특별자치시교육청,9300227,다정중학교,2025,주간,중학교,휴업일,20250803,여름방학,,Y,Y,Y,*,*,*,20260322
I10,세종특별자치시교육청,9300227,다정중학교,2025,주간,중학교,휴업일,20250804,여름방학,,Y,Y,Y,*,*,*,20260322
I10,세종특별자치시교육청,9300227,다정중학교,2025,주간,중학교,휴업일,20250805,여름방학,,Y,Y,Y,*,*,*,20260322
I10,세종특별자치시교육청,9300227,다정중학교,2025,주간,중학교,휴업일,20250806,여름방학,,Y,Y,Y,*,*,*,20260322
I10,세종특별자치시교육청,9300227,다정중학교,2025,주간,중학교,휴업일,20250807,여름방학,,Y,Y,Y,*,*,*,20260322
I10,세종특별자치시교육청,9300227,다정중학교,2025,주간,중학교,휴업일,20250808,여름방학,,Y,Y,Y,*,*,*,20260322
I10,세종특별자치시교육청,9300227,다정중학교,2025,주간,중학교,휴업일,20250809,여름방학,,Y,Y,Y,*,*,*,20260322
I10,세종특별자치시교육청,9300227,다정중학교,2025,주간,중학교,휴업일,20250809,토요휴업일,,Y,Y,Y,*,*,*,20260322
I10,세종특별자치시교육청,9300227,다정중학교,2025,주간,중학교,휴업일,20250810,여름방학,,Y,Y,Y,*,*,*,20260322
I10,세종특별자치시교육청,9300227,다정중학교,2025,주간,중학교,휴업일,20250811,여름방학,,Y,Y,Y,*,*,*,20260322
I10,세종특별자치시교육청,9300227,다정중학교,2025,주간,중학교,휴업일,20250812,여름방학,,Y,Y,Y,*,*,*,20260322
I10,세종특별자치시교육청,9300227,다정중학교,2025,주간,중학교,휴업일,20250813,여름방학,,Y,Y,Y,*,*,*,20260322
I10,세종특별자치시교육청,9300227,다정중학교,2025,주간,중학교,해당없음,20250814,개학식,,Y,Y,Y,*,*,*,20260322
I10,세종특별자치시교육청,9300227,다정중학교,2025,주간,중학교,공휴일,20250815,광복절,,Y,Y,Y,*,*,*,20260322
I10,세종특별자치시교육청,9300227,다정중학교,2025,주간,중학교,휴업일,20250816,토요휴업일,,Y,Y,Y,*,*,*,20260322
I10,세종특별자치시교육청,9300227,다정중학교,2025,주간,중학교,휴업일,20250823,토요휴업일,,Y,Y,Y,*,*,*,20260322
I10,세종특별자치시교육청,9300227,다정중학교,2025,주간,중학교,휴업일,20250830,토요휴업일,,Y,Y,Y,*,*,*,20260322
I10,세종특별자치시교육청,9300227,다정중학교,2025,주간,중학교,휴업일,20250906,토요휴업일,,Y,Y,Y,*,*,*,20260322
I10,세종특별자치시교육청,9300227,다정중학교,2025,주간,중학교,휴업일,20250913,토요휴업일,,Y,Y,Y,*,*,*,20260322
I10,세종특별자치시교육청,9300227,다정중학교,2025,주간,중학교,휴업일,20250920,토요휴업일,,Y,Y,Y,*,*,*,20260322
I10,세종특별자치시교육청,9300227,다정중학교,2025,주간,중학교,휴업일,20250927,토요휴업일,,Y,Y,Y,*,*,*,20260322
I10,세종특별자치시교육청,9300227,다정중학교,2025,주간,중학교,공휴일,20251003,개천절,,Y,Y,Y,*,*,*,20260322
I10,세종특별자치시교육청,9300227,다정중학교,2025,주간,중학교,휴업일,20251004,토요휴업일,,Y,Y,Y,*,*,*,20260322
I10,세종특별자치시교육청,9300227,다정중학교,2025,주간,중학교,공휴일,20251005,추석,,Y,Y,Y,*,*,*,20260322
I10,세종특별자치시교육청,9300227,다정중학교,2025,주간,중학교,공휴일,20251006,추석,,Y,Y,Y,*,*,*,20260322
I10,세종특별자치시교육청,9300227,다정중학교,2025,주간,중학교,공휴일,20251007,추석,,Y,Y,Y,*,*,*,20260322
I10,세종특별자치시교육청,9300227,다정중학교,2025,주간,중학교,공휴일,20251008,대체공휴일,,Y,Y,Y,*,*,*,20260322
I10,세종특별자치시교육청,9300227,다정중학교,2025,주간,중학교,공휴일,20251009,한글날,,Y,Y,Y,*,*,*,20260322
I10,세종특별자치시교육청,9300227,다정중학교,2025,주간,중학교,휴업일,20251010,재량 휴업일,,Y,Y,Y,*,*,*,20260322
I10,세종특별자치시교육청,9300227,다정중학교,2025,주간,중학교,휴업일,20251011,토요휴업일,,Y,Y,Y,*,*,*,20260322
I10,세종특별자치시교육청,9300227,다정중학교,2025,주간,중학교,휴업일,20251018,토요휴업일,,Y,Y,Y,*,*,*,20260322
I10,세종특별자치시교육청,9300227,다정중학교,2025,주간,중학교,휴업일,20251025,토요휴업일,,Y,Y,Y,*,*,*,20260322
I10,세종특별자치시교육청,9300227,다정중학교,2025,주간,중학교,휴업일,20251101,토요휴업일,,Y,Y,Y,*,*,*,20260322
I10,세종특별자치시교육청,9300227,다정중학교,2025,주간,중학교,휴업일,20251108,토요휴업일,,Y,Y,Y,*,*,*,20260322
I10,세종특별자치시교육청,9300227,다정중학교,2025,주간,중학교,휴업일,20251113,수학능력시험,,Y,Y,Y,*,*,*,20260322
I10,세종특별자치시교육청,9300227,다정중학교,2025,주간,중학교,휴업일,20251114,재량 휴업일,,Y,Y,Y,*,*,*,20260322
I10,세종특별자치시교육청,9300227,다정중학교,2025,주간,중학교,휴업일,20251115,토요휴업일,,Y,Y,Y,*,*,*,20260322
I10,세종특별자치시교육청,9300227,다정중학교,2025,주간,중학교,휴업일,20251122,토요휴업일,,Y,Y,Y,*,*,*,20260322
I10,세종특별자치시교육청,9300227,다정중학교,2025,주간,중학교,휴업일,20251129,토요휴업일,,Y,Y,Y,*,*,*,20260322
I10,세종특별자치시교육청,9300227,다정중학교,2025,주간,중학교,휴업일,20251206,토요휴업일,,Y,Y,Y,*,*,*,20260322
I10,세종특별자치시교육청,9300227,다정중학교,2025,주간,중학교,휴업일,20251213,토요휴업일,,Y,Y,Y,*,*,*,20260322
I10,세종특별자치시교육청,9300227,다정중학교,2025,주간,중학교,휴업일,20251220,토요휴업일,,Y,Y,Y,*,*,*,20260322
I10,세종특별자치시교육청,9300227,다정중학교,2025,주간,중학교,공휴일,20251225,성탄절,,Y,Y,Y,*,*,*,20260322
I10,세종특별자치시교육청,9300227,다정중학교,2025,주간,중학교,휴업일,20251227,토요휴업일,,Y,Y,Y,*,*,*,20260322
I10,세종특별자치시교육청,9300227,다정중학교,2025,주간,중학교,공휴일,20260101,신정,,Y,Y,Y,*,*,*,20260322
I10,세종특별자치시교육청,9300227,다정중학교,2025,주간,중학교,휴업일,20260103,토요휴업일,,Y,Y,Y,*,*,*,20260322
I10,세종특별자치시교육청,9300227,다정중학교,2025,주간,중학교,해당없음,20260108,졸업식,,N,N,Y,*,*,*,20260322
I10,세종특별자치시교육청,9300227,다정중학교,2025,주간,중학교,해당없음,20260108,종업식,,Y,Y,N,*,*,*,20260322
I10,세종특별자치시교육청,9300227,다정중학교,2025,주간,중학교,휴업일,20260109,겨울방학,,Y,Y,Y,*,*,*,20260322
I10,세종특별자치시교육청,9300227,다정중학교,2025,주간,중학교,휴업일,20260110,겨울방학,,Y,Y,Y,*,*,*,20260322
I10,세종특별자치시교육청,9300227,다정중학교,2025,주간,중학교,휴업일,20260110,토요휴업일,,Y,Y,Y,*,*,*,20260322
I10,세종특별자치시교육청,9300227,다정중학교,2025,주간,중학교,휴업일,20260111,겨울방학,,Y,Y,Y,*,*,*,20260322
I10,세종특별자치시교육청,9300227,다정중학교,2025,주간,중학교,휴업일,20260112,겨울방학,,Y,Y,Y,*,*,*,20260322
I10,세종특별자치시교육청,9300227,다정중학교,2025,주간,중학교,휴업일,20260113,겨울방학,,Y,Y,Y,*,*,*,20260322
I10,세종특별자치시교육청,9300227,다정중학교,2025,주간,중학교,휴업일,20260114,겨울방학,,Y,Y,Y,*,*,*,20260322
I10,세종특별자치시교육청,9300227,다정중학교,2025,주간,중학교,휴업일,20260115,겨울방학,,Y,Y,Y,*,*,*,20260322
I10,세종특별자치시교육청,9300227,다정중학교,2025,주간,중학교,휴업일,20260116,겨울방학,,Y,Y,Y,*,*,*,20260322
I10,세종특별자치시교육청,9300227,다정중학교,2025,주간,중학교,휴업일,20260117,겨울방학,,Y,Y,Y,*,*,*,20260322
I10,세종특별자치시교육청,9300227,다정중학교,2025,주간,중학교,휴업일,20260117,토요휴업일,,Y,Y,Y,*,*,*,20260322
I10,세종특별자치시교육청,9300227,다정중학교,2025,주간,중학교,휴업일,20260118,겨울방학,,Y,Y,Y,*,*,*,20260322
I10,세종특별자치시교육청,9300227,다정중학교,2025,주간,중학교,휴업일,20260119,겨울방학,,Y,Y,Y,*,*,*,20260322
I10,세종특별자치시교육청,9300227,다정중학교,2025,주간,중학교,휴업일,20260120,겨울방학,,Y,Y,Y,*,*,*,20260322
I10,세종특별자치시교육청,9300227,다정중학교,2025,주간,중학교,휴업일,20260121,겨울방학,,Y,Y,Y,*,*,*,20260322
I10,세종특별자치시교육청,9300227,다정중학교,2025,주간,중학교,휴업일,20260122,겨울방학,,Y,Y,Y,*,*,*,20260322
I10,세종특별자치시교육청,9300227,다정중학교,2025,주간,중학교,휴업일,20260123,겨울방학,,Y,Y,Y,*,*,*,20260322
I10,세종특별자치시교육청,9300227,다정중학교,2025,주간,중학교,휴업일,20260124,겨울방학,,Y,Y,Y,*,*,*,20260322
I10,세종특별자치시교육청,9300227,다정중학교,2025,주간,중학교,휴업일,20260124,토요휴업일,,Y,Y,Y,*,*,*,20260322
I10,세종특별자치시교육청,9300227,다정중학교,2025,주간,중학교,휴업일,20260125,겨울방학,,Y,Y,Y,*,*,*,20260322
I10,세종특별자치시교육청,9300227,다정중학교,2025,주간,중학교,휴업일,20260126,겨울방학,,Y,Y,Y,*,*,*,20260322
I10,세종특별자치시교육청,9300227,다정중학교,2025,주간,중학교,휴업일,20260127,겨울방학,,Y,Y,Y,*,*,*,20260322
I10,세종특별자치시교육청,9300227,다정중학교,2025,주간,중학교,휴업일,20260128,겨울방학,,Y,Y,Y,*,*,*,20260322
I10,세종특별자치시교육청,9300227,다정중학교,2025,주간,중학교,휴업일,20260129,겨울방학,,Y,Y,Y,*,*,*,20260322
I10,세종특별자치시교육청,9300227,다정중학교,2025,주간,중학교,휴업일,20260130,겨울방학,,Y,Y,Y,*,*,*,20260322
I10,세종특별자치시교육청,9300227,다정중학교,2025,주간,중학교,휴업일,20260131,겨울방학,,Y,Y,Y,*,*,*,20260322
I10,세종특별자치시교육청,9300227,다정중학교,2025,주간,중학교,휴업일,20260131,토요휴업일,,Y,Y,Y,*,*,*,20260322
I10,세종특별자치시교육청,9300227,다정중학교,2025,주간,중학교,휴업일,20260201,겨울방학,,Y,Y,Y,*,*,*,20260322
I10,세종특별자치시교육청,9300227,다정중학교,2025,주간,중학교,휴업일,20260202,겨울방학,,Y,Y,Y,*,*,*,20260322
I10,세종특별자치시교육청,9300227,다정중학교,2025,주간,중학교,휴업일,20260203,겨울방학,,Y,Y,Y,*,*,*,20260322
I10,세종특별자치시교육청,9300227,다정중학교,2025,주간,중학교,휴업일,20260204,겨울방학,,Y,Y,Y,*,*,*,20260322
I10,세종특별자치시교육청,9300227,다정중학교,2025,주간,중학교,휴업일,20260205,겨울방학,,Y,Y,Y,*,*,*,20260322
I10,세종특별자치시교육청,9300227,다정중학교,2025,주간,중학교,휴업일,20260206,겨울방학,,Y,Y,Y,*,*,*,20260322
I10,세종특별자치시교육청,9300227,다정중학교,2025,주간,중학교,휴업일,20260207,겨울방학,,Y,Y,Y,*,*,*,20260322
I10,세종특별자치시교육청,9300227,다정중학교,2025,주간,중학교,휴업일,20260207,토요휴업일,,Y,Y,Y,*,*,*,20260322
I10,세종특별자치시교육청,9300227,다정중학교,2025,주간,중학교,휴업일,20260208,겨울방학,,Y,Y,Y,*,*,*,20260322
I10,세종특별자치시교육청,9300227,다정중학교,2025,주간,중학교,휴업일,20260209,겨울방학,,Y,Y,Y,*,*,*,20260322
I10,세종특별자치시교육청,9300227,다정중학교,2025,주간,중학교,휴업일,20260210,겨울방학,,Y,Y,Y,*,*,*,20260322
I10,세종특별자치시교육청,9300227,다정중학교,2025,주간,중학교,휴업일,20260211,겨울방학,,Y,Y,Y,*,*,*,20260322
I10,세종특별자치시교육청,9300227,다정중학교,2025,주간,중학교,휴업일,20260212,겨울방학,,Y,Y,Y,*,*,*,20260322
I10,세종특별자치시교육청,9300227,다정중학교,2025,주간,중학교,휴업일,20260213,겨울방학,,Y,Y,Y,*,*,*,20260322
I10,세종특별자치시교육청,9300227,다정중학교,2025,주간,중학교,휴업일,20260214,겨울방학,,Y,Y,Y,*,*,*,20260322
I10,세종특별자치시교육청,9300227,다정중학교,2025,주간,중학교,휴업일,20260214,토요휴업일,,Y,Y,Y,*,*,*,20260322
I10,세종특별자치시교육청,9300227,다정중학교,2025,주간,중학교,휴업일,20260215,겨울방학,,Y,Y,Y,*,*,*,20260322
I10,세종특별자치시교육청,9300227,다정중학교,2025,주간,중학교,휴업일,20260216,겨울방학,,Y,Y,Y,*,*,*,20260322
I10,세종특별자치시교육청,9300227,다정중학교,2025,주간,중학교,공휴일,20260216,설날,,Y,Y,Y,*,*,*,20260322
I10,세종특별자치시교육청,9300227,다정중학교,2025,주간,중학교,휴업일,20260217,겨울방학,,Y,Y,Y,*,*,*,20260322
I10,세종특별자치시교육청,9300227,다정중학교,2025,주간,중학교,공휴일,20260217,설날,,Y,Y,Y,*,*,*,20260322
I10,세종특별자치시교육청,9300227,다정중학교,2025,주간,중학교,휴업일,20260218,겨울방학,,Y,Y,Y,*,*,*,20260322
I10,세종특별자치시교육청,9300227,다정중학교,2025,주간,중학교,공휴일,20260218,설날,,Y,Y,Y,*,*,*,20260322
I10,세종특별자치시교육청,9300227,다정중학교,2025,주간,중학교,휴업일,20260219,겨울방학,,Y,Y,Y,*,*,*,20260322
I10,세종특별자치시교육청,9300227,다정중학교,2025,주간,중학교,휴업일,20260220,겨울방학,,Y,Y,Y,*,*,*,20260322
I10,세종특별자치시교육청,9300227,다정중학교,2025,주간,중학교,휴업일,20260221,겨울방학,,Y,Y,Y,*,*,*,20260322
I10,세종특별자치시교육청,9300227,다정중학교,2025,주간,중학교,휴업일,20260221,토요휴업일,,Y,Y,Y,*,*,*,20260322
I10,세종특별자치시교육청,9300227,다정중학교,2025,주간,중학교,휴업일,20260222,겨울방학,,Y,Y,Y,*,*,*,20260322
I10,세종특별자치시교육청,9300227,다정중학교,2025,주간,중학교,휴업일,20260223,겨울방학,,Y,Y,Y,*,*,*,20260322
I10,세종특별자치시교육청,9300227,다정중학교,2025,주간,중학교,휴업일,20260224,겨울방학,,Y,Y,Y,*,*,*,20260322
I10,세종특별자치시교육청,9300227,다정중학교,2025,주간,중학교,휴업일,20260225,겨울방학,,Y,Y,Y,*,*,*,20260322
I10,세종특별자치시교육청,9300227,다정중학교,2025,주간,중학교,휴업일,20260226,겨울방학,,Y,Y,Y,*,*,*,20260322
I10,세종특별자치시교육청,9300227,다정중학교,2025,주간,중학교,휴업일,20260227,겨울방학,,Y,Y,Y,*,*,*,20260322
I10,세종특별자치시교육청,9300227,다정중학교,2025,주간,중학교,휴업일,20260228,겨울방학,,Y,Y,Y,*,*,*,20260322
I10,세종특별자치시교육청,9300227,다정중학교,2025,주간,중학교,휴업일,20260228,토요휴업일,,Y,Y,Y,*,*,*,20260322
I10,세종특별자치시교육청,9300227,다정중학교,2026,주간,중학교,공휴일,20260301,3·1절,,Y,Y,Y,*,*,*,20260322
I10,세종특별자치시교육청,9300227,다정중학교,2026,주간,중학교,공휴일,20260302,대체공휴일,,Y,Y,Y,*,*,*,20260322
I10,세종특별자치시교육청,9300227,다정중학교,2026,주간,중학교,휴업일,20260307,토요휴업일,,Y,Y,Y,*,*,*,20260322
I10,세종특별자치시교육청,9300227,다정중학교,2026,주간,중학교,해당없음,20260312,학급회조직,학급회조직,Y,Y,Y,*,*,*,20260322
I10,세종특별자치시교육청,9300227,다정중학교,2026,주간,중학교,휴업일,20260314,토요휴업일,,Y,Y,Y,*,*,*,20260322
I10,세종특별자치시교육청,9300227,다정중학교,2026,주간,중학교,휴업일,20260321,토요휴업일,,Y,Y,Y,*,*,*,20260322
I10,세종특별자치시교육청,9300227,다정중학교,2026,주간,중학교,휴업일,20260328,토요휴업일,,Y,Y,Y,*,*,*,20260322
I10,세종특별자치시교육청,9300227,다정중학교,2026,주간,중학교,해당없음,20260330,교육과정 설명회,교육과정설명회,Y,Y,Y,*,*,*,20260322
I10,세종특별자치시교육청,9300227,다정중학교,2026,주간,중학교,휴업일,20260404,토요휴업일,,Y,Y,Y,*,*,*,20260322
I10,세종특별자치시교육청,9300227,다정중학교,2026,주간,중학교,휴업일,20260411,토요휴업일,,Y,Y,Y,*,*,*,20260322
I10,세종특별자치시교육청,9300227,다정중학교,2026,주간,중학교,해당없음,20260416,과학의 달 행사,과학의 달 행사,Y,Y,Y,*,*,*,20260322
I10,세종특별자치시교육청,9300227,다정중학교,2026,주간,중학교,휴업일,20260418,토요휴업일,,Y,Y,Y,*,*,*,20260322
I10,세종특별자치시교육청,9300227,다정중학교,2026,주간,중학교,해당없음,20260423,1학기 1회고사,1학기 1회고사,Y,Y,Y,*,*,*,20260322
I10,세종특별자치시교육청,9300227,다정중학교,2026,주간,중학교,해당없음,20260424,1학기 1회고사,1학기 1회고사,Y,Y,Y,*,*,*,20260322
I10,세종특별자치시교육청,9300227,다정중학교,2026,주간,중학교,휴업일,20260425,토요휴업일,,Y,Y,Y,*,*,*,20260322
I10,세종특별자치시교육청,9300227,다정중학교,2026,주간,중학교,휴업일,20260501,개교기념일,개교기념일,Y,Y,Y,*,*,*,20260322
I10,세종특별자치시교육청,9300227,다정중학교,2026,주간,중학교,휴업일,20260502,토요휴업일,,Y,Y,Y,*,*,*,20260322
I10,세종특별자치시교육청,9300227,다정중학교,2026,주간,중학교,공휴일,20260505,어린이날,,Y,Y,Y,*,*,*,20260322
I10,세종특별자치시교육청,9300227,다정중학교,2026,주간,중학교,해당없음,20260506,2학년 수학여행,2학년 수학여행,N,Y,N,*,*,*,20260322
I10,세종특별자치시교육청,9300227,다정중학교,2026,주간,중학교,해당없음,20260507,2학년 수학여행,2학년 수학여행,N,Y,N,*,*,*,20260322
I10,세종특별자치시교육청,9300227,다정중학교,2026,주간,중학교,해당없음,20260507,3학년 현장체험학습,3학년 현장체험학습,N,N,Y,*,*,*,20260322
I10,세종특별자치시교육청,9300227,다정중학교,2026,주간,중학교,해당없음,20260508,2학년 수학여행,2학년 수학여행,N,Y,N,*,*,*,20260322
I10,세종특별자치시교육청,9300227,다정중학교,2026,주간,중학교,휴업일,20260509,토요휴업일,,Y,Y,Y,*,*,*,20260322
I10,세종특별자치시교육청,9300227,다정중학교,2026,주간,중학교,휴업일,20260516,토요휴업일,,Y,Y,Y,*,*,*,20260322
I10,세종특별자치시교육청,9300227,다정중학교,2026,주간,중학교,해당없음,20260522,예술체육한마당,예술체육한마당,Y,Y,Y,*,*,*,20260322
I10,세종특별자치시교육청,9300227,다정중학교,2026,주간,중학교,휴업일,20260523,토요휴업일,,Y,Y,Y,*,*,*,20260322
I10,세종특별자치시교육청,9300227,다정중학교,2026,주간,중학교,공휴일,20260524,석가탄신일,,Y,Y,Y,*,*,*,20260322
I10,세종특별자치시교육청,9300227,다정중학교,2026,주간,중학교,공휴일,20260525,대체공휴일,,Y,Y,Y,*,*,*,20260322
I10,세종특별자치시교육청,9300227,다정중학교,2026,주간,중학교,휴업일,20260530,토요휴업일,,Y,Y,Y,*,*,*,20260322
I10,세종특별자치시교육청,9300227,다정중학교,2026,주간,중학교,공휴일,20260603,지방선거,지방선거,Y,Y,Y,*,*,*,20260322
I10,세종특별자치시교육청,9300227,다정중학교,2026,주간,중학교,공휴일,20260606,현충일,,Y,Y,Y,*,*,*,20260322
I10,세종특별자치시교육청,9300227,다정중학교,2026,주간,중학교,휴업일,20260613,토요휴업일,,Y,Y,Y,*,*,*,20260322
I10,세종특별자치시교육청,9300227,다정중학교,2026,주간,중학교,휴업일,20260620,토요휴업일,,Y,Y,Y,*,*,*,20260322
I10,세종특별자치시교육청,9300227,다정중학교,2026,주간,중학교,휴업일,20260627,토요휴업일,,Y,Y,Y,*,*,*,20260322
I10,세종특별자치시교육청,9300227,다정중학교,2026,주간,중학교,해당없음,20260629,1학기 2회고사,1학기 2회고사,Y,Y,Y,*,*,*,20260322
I10,세종특별자치시교육청,9300227,다정중학교,2026,주간,중학교,해당없음,20260630,1학기 2회고사,1학기 2회고사,Y,Y,Y,*,*,*,20260322
I10,세종특별자치시교육청,9300227,다정중학교,2026,주간,중학교,해당없음,20260701,1학기 2회고사,1학기 2회고사,Y,Y,Y,*,*,*,20260322
I10,세종특별자치시교육청,9300227,다정중학교,2026,주간,중학교,휴업일,20260704,토요휴업일,,Y,Y,Y,*,*,*,20260322
I10,세종특별자치시교육청,9300227,다정중학교,2026,주간,중학교,휴업일,20260711,토요휴업일,,Y,Y,Y,*,*,*,20260322
I10,세종특별자치시교육청,9300227,다정중학교,2026,주간,중학교,공휴일,20260717,제헌절,,Y,Y,Y,*,*,*,20260322
I10,세종특별자치시교육청,9300227,다정중학교,2026,주간,중학교,휴업일,20260718,토요휴업일,,Y,Y,Y,*,*,*,20260322
I10,세종특별자치시교육청,9300227,다정중학교,2026,주간,중학교,해당없음,20260720,여름방학식,여름방학식,Y,Y,Y,*,*,*,20260322
I10,세종특별자치시교육청,9300227,다정중학교,2026,주간,중학교,휴업일,20260721,여름방학,여름방학,Y,Y,Y,*,*,*,20260322
I10,세종특별자치시교육청,9300227,다정중학교,2026,주간,중학교,휴업일,20260722,여름방학,여름방학,Y,Y,Y,*,*,*,20260322
I10,세종특별자치시교육청,9300227,다정중학교,2026,주간,중학교,휴업일,20260723,여름방학,여름방학,Y,Y,Y,*,*,*,20260322
I10,세종특별자치시교육청,9300227,다정중학교,2026,주간,중학교,휴업일,20260724,여름방학,여름방학,Y,Y,Y,*,*,*,20260322
I10,세종특별자치시교육청,9300227,다정중학교,2026,주간,중학교,휴업일,20260725,여름방학,여름방학,Y,Y,Y,*,*,*,20260322
I10,세종특별자치시교육청,9300227,다정중학교,2026,주간,중학교,휴업일,20260725,토요휴업일,,Y,Y,Y,*,*,*,20260322
I10,세종특별자치시교육청,9300227,다정중학교,2026,주간,중학교,휴업일,20260726,여름방학,여름방학,Y,Y,Y,*,*,*,20260322
I10,세종특별자치시교육청,9300227,다정중학교,2026,주간,중학교,휴업일,20260727,여름방학,여름방학,Y,Y,Y,*,*,*,20260322
I10,세종특별자치시교육청,9300227,다정중학교,2026,주간,중학교,휴업일,20260728,여름방학,여름방학,Y,Y,Y,*,*,*,20260322
I10,세종특별자치시교육청,9300227,다정중학교,2026,주간,중학교,휴업일,20260729,여름방학,여름방학,Y,Y,Y,*,*,*,20260322
I10,세종특별자치시교육청,9300227,다정중학교,2026,주간,중학교,휴업일,20260730,여름방학,여름방학,Y,Y,Y,*,*,*,20260322
I10,세종특별자치시교육청,9300227,다정중학교,2026,주간,중학교,휴업일,20260731,여름방학,여름방학,Y,Y,Y,*,*,*,20260322
I10,세종특별자치시교육청,9300227,다정중학교,2026,주간,중학교,휴업일,20260801,여름방학,여름방학,Y,Y,Y,*,*,*,20260322
I10,세종특별자치시교육청,9300227,다정중학교,2026,주간,중학교,휴업일,20260801,토요휴업일,,Y,Y,Y,*,*,*,20260322
I10,세종특별자치시교육청,9300227,다정중학교,2026,주간,중학교,휴업일,20260802,여름방학,여름방학,Y,Y,Y,*,*,*,20260322
I10,세종특별자치시교육청,9300227,다정중학교,2026,주간,중학교,휴업일,20260803,여름방학,여름방학,Y,Y,Y,*,*,*,20260322
I10,세종특별자치시교육청,9300227,다정중학교,2026,주간,중학교,휴업일,20260804,여름방학,여름방학,Y,Y,Y,*,*,*,20260322
I10,세종특별자치시교육청,9300227,다정중학교,2026,주간,중학교,휴업일,20260805,여름방학,여름방학,Y,Y,Y,*,*,*,20260322
I10,세종특별자치시교육청,9300227,다정중학교,2026,주간,중학교,휴업일,20260806,여름방학,여름방학,Y,Y,Y,*,*,*,20260322
I10,세종특별자치시교육청,9300227,다정중학교,2026,주간,중학교,휴업일,20260807,여름방학,여름방학,Y,Y,Y,*,*,*,20260322
I10,세종특별자치시교육청,9300227,다정중학교,2026,주간,중학교,휴업일,20260808,여름방학,여름방학,Y,Y,Y,*,*,*,20260322
I10,세종특별자치시교육청,9300227,다정중학교,2026,주간,중학교,휴업일,20260808,토요휴업일,,Y,Y,Y,*,*,*,20260322
I10,세종특별자치시교육청,9300227,다정중학교,2026,주간,중학교,휴업일,20260809,여름방학,여름방학,Y,Y,Y,*,*,*,20260322
I10,세종특별자치시교육청,9300227,다정중학교,2026,주간,중학교,휴업일,20260810,여름방학,여름방학,Y,Y,Y,*,*,*,20260322
I10,세종특별자치시교육청,9300227,다정중학교,2026,주간,중학교,휴업일,20260811,여름방학,여름방학,Y,Y,Y,*,*,*,20260322
I10,세종특별자치시교육청,9300227,다정중학교,2026,주간,중학교,휴업일,20260812,여름방학,여름방학,Y,Y,Y,*,*,*,20260322
I10,세종특별자치시교육청,9300227,다정중학교,2026,주간,중학교,휴업일,20260813,여름방학,여름방학,Y,Y,Y,*,*,*,20260322
I10,세종특별자치시교육청,9300227,다정중학교,2026,주간,중학교,휴업일,20260814,여름방학,여름방학,Y,Y,Y,*,*,*,20260322
I10,세종특별자치시교육청,9300227,다정중학교,2026,주간,중학교,휴업일,20260815,여름방학,여름방학,Y,Y,Y,*,*,*,20260322
I10,세종특별자치시교육청,9300227,다정중학교,2026,주간,중학교,공휴일,20260815,광복절,,Y,Y,Y,*,*,*,20260322
I10,세종특별자치시교육청,9300227,다정중학교,2026,주간,중학교,휴업일,20260816,여름방학,여름방학,Y,Y,Y,*,*,*,20260322
I10,세종특별자치시교육청,9300227,다정중학교,2026,주간,중학교,휴업일,20260817,여름방학,여름방학,Y,Y,Y,*,*,*,20260322
I10,세종특별자치시교육청,9300227,다정중학교,2026,주간,중학교,공휴일,20260817,대체공휴일,,Y,Y,Y,*,*,*,20260322
I10,세종특별자치시교육청,9300227,다정중학교,2026,주간,중학교,해당없음,20260818,여름개학식,여름개학식,Y,Y,Y,*,*,*,20260322
I10,세종특별자치시교육청,9300227,다정중학교,2026,주간,중학교,휴업일,20260822,토요휴업일,,Y,Y,Y,*,*,*,20260322
I10,세종특별자치시교육청,9300227,다정중학교,2026,주간,중학교,해당없음,20260827,학급회조직,학급회조직,Y,Y,Y,*,*,*,20260322
I10,세종특별자치시교육청,9300227,다정중학교,2026,주간,중학교,휴업일,20260829,토요휴업일,,Y,Y,Y,*,*,*,20260322
I10,세종특별자치시교육청,9300227,다정중학교,2026,주간,중학교,휴업일,20260905,토요휴업일,,Y,Y,Y,*,*,*,20260322
I10,세종특별자치시교육청,9300227,다정중학교,2026,주간,중학교,휴업일,20260912,토요휴업일,,Y,Y,Y,*,*,*,20260322
I10,세종특별자치시교육청,9300227,다정중학교,2026,주간,중학교,휴업일,20260919,토요휴업일,,Y,Y,Y,*,*,*,20260322
I10,세종특별자치시교육청,9300227,다정중학교,2026,주간,중학교,공휴일,20260924,추석연휴,추석연휴,Y,Y,Y,*,*,*,20260322
I10,세종특별자치시교육청,9300227,다정중학교,2026,주간,중학교,공휴일,20260925,추석,,Y,Y,Y,*,*,*,20260322
I10,세종특별자치시교육청,9300227,다정중학교,2026,주간,중학교,휴업일,20260926,토요휴업일,,Y,Y,Y,*,*,*,20260322
I10,세종특별자치시교육청,9300227,다정중학교,2026,주간,중학교,해당없음,20260929,"2,3학년 2학기 1회고사",2학기 1회고사,N,Y,Y,*,*,*,20260322
I10,세종특별자치시교육청,9300227,다정중학교,2026,주간,중학교,해당없음,20260930,"2,3학년 2학기 1회고사",2학기 1회고사,N,Y,Y,*,*,*,20260322
I10,세종특별자치시교육청,9300227,다정중학교,2026,주간,중학교,해당없음,20261001,교육과정 설명회,2학기학교교육과정및고입전형설명회,Y,Y,Y,*,*,*,20260322
I10,세종특별자치시교육청,9300227,다정중학교,2026,주간,중학교,공휴일,20261003,개천절,,Y,Y,Y,*,*,*,20260322
I10,세종특별자치시교육청,9300227,다정중학교,2026,주간,중학교,공휴일,20261005,대체공휴일,,Y,Y,Y,*,*,*,20260322
I10,세종특별자치시교육청,9300227,다정중학교,2026,주간,중학교,공휴일,20261009,한글날,,Y,Y,Y,*,*,*,20260322
I10,세종특별자치시교육청,9300227,다정중학교,2026,주간,중학교,휴업일,20261010,토요휴업일,,Y,Y,Y,*,*,*,20260322
I10,세종특별자치시교육청,9300227,다정중학교,2026,주간,중학교,휴업일,20261017,토요휴업일,,Y,Y,Y,*,*,*,20260322
I10,세종특별자치시교육청,9300227,다정중학교,2026,주간,중학교,휴업일,20261024,토요휴업일,,Y,Y,Y,*,*,*,20260322
I10,세종특별자치시교육청,9300227,다정중학교,2026,주간,중학교,휴업일,20261031,토요휴업일,,Y,Y,Y,*,*,*,20260322
I10,세종특별자치시교육청,9300227,다정중학교,2026,주간,중학교,해당없음,20261102,1학년 수련활동,1학년 수련활동,Y,N,N,*,*,*,20260322
I10,세종특별자치시교육청,9300227,다정중학교,2026,주간,중학교,해당없음,20261103,1학년 수련활동,1학년 수련활동,Y,N,N,*,*,*,20260322
I10,세종특별자치시교육청,9300227,다정중학교,2026,주간,중학교,휴업일,20261107,토요휴업일,,Y,Y,Y,*,*,*,20260322
I10,세종특별자치시교육청,9300227,다정중학교,2026,주간,중학교,휴업일,20261114,토요휴업일,,Y,Y,Y,*,*,*,20260322
I10,세종특별자치시교육청,9300227,다정중학교,2026,주간,중학교,해당없음,20261116,3학년 2학기 2회고사,3학년 2학기 2회고사,N,N,Y,*,*,*,20260322
I10,세종특별자치시교육청,9300227,다정중학교,2026,주간,중학교,해당없음,20261117,3학년 2학기 2회고사,3학년 2학기 2회고사,N,N,Y,*,*,*,20260322
I10,세종특별자치시교육청,9300227,다정중학교,2026,주간,중학교,해당없음,20261118,3학년 2학기 2회고사,3학년 2학기 2회고사,N,N,Y,*,*,*,20260322
I10,세종특별자치시교육청,9300227,다정중학교,2026,주간,중학교,휴업일,20261119,수학능력시험,수학능력시험,Y,Y,Y,*,*,*,20260322
I10,세종특별자치시교육청,9300227,다정중학교,2026,주간,중학교,휴업일,20261120,재량 휴업일,재량휴업일,Y,Y,Y,*,*,*,20260322
I10,세종특별자치시교육청,9300227,다정중학교,2026,주간,중학교,휴업일,20261121,토요휴업일,,Y,Y,Y,*,*,*,20260322
I10,세종특별자치시교육청,9300227,다정중학교,2026,주간,중학교,휴업일,20261128,토요휴업일,,Y,Y,Y,*,*,*,20260322
I10,세종특별자치시교육청,9300227,다정중학교,2026,주간,중학교,휴업일,20261205,토요휴업일,,Y,Y,Y,*,*,*,20260322
I10,세종특별자치시교육청,9300227,다정중학교,2026,주간,중학교,휴업일,20261212,토요휴업일,,Y,Y,Y,*,*,*,20260322
I10,세종특별자치시교육청,9300227,다정중학교,2026,주간,중학교,휴업일,20261215,재량 휴업일,재량휴업일,N,Y,N,*,*,*,20260322
I10,세종특별자치시교육청,9300227,다정중학교,2026,주간,중학교,휴업일,20261216,재량 휴업일,재량휴업일,N,Y,N,*,*,*,20260322
I10,세종특별자치시교육청,9300227,다정중학교,2026,주간,중학교,휴업일,20261217,재량 휴업일,재량휴업일,N,Y,N,*,*,*,20260322
I10,세종특별자치시교육청,9300227,다정중학교,2026,주간,중학교,휴업일,20261219,토요휴업일,,Y,Y,Y,*,*,*,20260322
I10,세종특별자치시교육청,9300227,다정중학교,2026,주간,중학교,공휴일,20261225,성탄절,,Y,Y,Y,*,*,*,20260322
I10,세종특별자치시교육청,9300227,다정중학교,2026,주간,중학교,휴업일,20261226,토요휴업일,,Y,Y,Y,*,*,*,20260322
I10,세종특별자치시교육청,9300227,다정중학교,2026,주간,중학교,해당없음,20261231,다정가온마루 학생 축제,가온마루학생축제,Y,Y,Y,*,*,*,20260322
I10,세종특별자치시교육청,9300227,다정중학교,2026,주간,중학교,공휴일,20270101,신정,,Y,Y,Y,*,*,*,20260322
I10,세종특별자치시교육청,9300227,다정중학교,2026,주간,중학교,휴업일,20270102,토요휴업일,,Y,Y,Y,*,*,*,20260322
I10,세종특별자치시교육청,9300227,다정중학교,2026,주간,중학교,해당없음,20270107,졸업식,졸업식,N,N,Y,*,*,*,20260322
I10,세종특별자치시교육청,9300227,다정중학교,2026,주간,중학교,해당없음,20270107,종업식,종업식,Y,Y,N,*,*,*,20260322
I10,세종특별자치시교육청,9300227,다정중학교,2026,주간,중학교,휴업일,20270108,겨울방학,겨울방학,Y,Y,Y,*,*,*,20260322
I10,세종특별자치시교육청,9300227,다정중학교,2026,주간,중학교,휴업일,20270109,겨울방학,겨울방학,Y,Y,Y,*,*,*,20260322
I10,세종특별자치시교육청,9300227,다정중학교,2026,주간,중학교,휴업일,20270109,토요휴업일,,Y,Y,Y,*,*,*,20260322
I10,세종특별자치시교육청,9300227,다정중학교,2026,주간,중학교,휴업일,20270110,겨울방학,겨울방학,Y,Y,Y,*,*,*,20260322
I10,세종특별자치시교육청,9300227,다정중학교,2026,주간,중학교,휴업일,20270111,겨울방학,겨울방학,Y,Y,Y,*,*,*,20260322
I10,세종특별자치시교육청,9300227,다정중학교,2026,주간,중학교,휴업일,20270112,겨울방학,겨울방학,Y,Y,Y,*,*,*,20260322
I10,세종특별자치시교육청,9300227,다정중학교,2026,주간,중학교,휴업일,20270113,겨울방학,겨울방학,Y,Y,Y,*,*,*,20260322
I10,세종특별자치시교육청,9300227,다정중학교,2026,주간,중학교,휴업일,20270114,겨울방학,겨울방학,Y,Y,Y,*,*,*,20260322
I10,세종특별자치시교육청,9300227,다정중학교,2026,주간,중학교,휴업일,20270115,겨울방학,겨울방학,Y,Y,Y,*,*,*,20260322
I10,세종특별자치시교육청,9300227,다정중학교,2026,주간,중학교,휴업일,20270116,겨울방학,겨울방학,Y,Y,Y,*,*,*,20260322
I10,세종특별자치시교육청,9300227,다정중학교,2026,주간,중학교,휴업일,20270116,토요휴업일,,Y,Y,Y,*,*,*,20260322
I10,세종특별자치시교육청,9300227,다정중학교,2026,주간,중학교,휴업일,20270117,겨울방학,겨울방학,Y,Y,Y,*,*,*,20260322
I10,세종특별자치시교육청,9300227,다정중학교,2026,주간,중학교,휴업일,20270118,겨울방학,겨울방학,Y,Y,Y,*,*,*,20260322
I10,세종특별자치시교육청,9300227,다정중학교,2026,주간,중학교,휴업일,20270119,겨울방학,겨울방학,Y,Y,Y,*,*,*,20260322
I10,세종특별자치시교육청,9300227,다정중학교,2026,주간,중학교,휴업일,20270120,겨울방학,겨울방학,Y,Y,Y,*,*,*,20260322
I10,세종특별자치시교육청,9300227,다정중학교,2026,주간,중학교,휴업일,20270121,겨울방학,겨울방학,Y,Y,Y,*,*,*,20260322
I10,세종특별자치시교육청,9300227,다정중학교,2026,주간,중학교,휴업일,20270122,겨울방학,겨울방학,Y,Y,Y,*,*,*,20260322
I10,세종특별자치시교육청,9300227,다정중학교,2026,주간,중학교,휴업일,20270123,겨울방학,겨울방학,Y,Y,Y,*,*,*,20260322
I10,세종특별자치시교육청,9300227,다정중학교,2026,주간,중학교,휴업일,20270123,토요휴업일,,Y,Y,Y,*,*,*,20260322
I10,세종특별자치시교육청,9300227,다정중학교,2026,주간,중학교,휴업일,20270124,겨울방학,겨울방학,Y,Y,Y,*,*,*,20260322
I10,세종특별자치시교육청,9300227,다정중학교,2026,주간,중학교,휴업일,20270125,겨울방학,겨울방학,Y,Y,Y,*,*,*,20260322
I10,세종특별자치시교육청,9300227,다정중학교,2026,주간,중학교,휴업일,20270126,겨울방학,겨울방학,Y,Y,Y,*,*,*,20260322
I10,세종특별자치시교육청,9300227,다정중학교,2026,주간,중학교,휴업일,20270127,겨울방학,겨울방학,Y,Y,Y,*,*,*,20260322
I10,세종특별자치시교육청,9300227,다정중학교,2026,주간,중학교,휴업일,20270128,겨울방학,겨울방학,Y,Y,Y,*,*,*,20260322
I10,세종특별자치시교육청,9300227,다정중학교,2026,주간,중학교,휴업일,20270129,겨울방학,겨울방학,Y,Y,Y,*,*,*,20260322
I10,세종특별자치시교육청,9300227,다정중학교,2026,주간,중학교,휴업일,20270130,겨울방학,겨울방학,Y,Y,Y,*,*,*,20260322
I10,세종특별자치시교육청,9300227,다정중학교,2026,주간,중학교,휴업일,20270130,토요휴업일,,Y,Y,Y,*,*,*,20260322
I10,세종특별자치시교육청,9300227,다정중학교,2026,주간,중학교,휴업일,20270131,겨울방학,겨울방학,Y,Y,Y,*,*,*,20260322
I10,세종특별자치시교육청,9300227,다정중학교,2026,주간,중학교,휴업일,20270201,겨울방학,겨울방학,Y,Y,Y,*,*,*,20260322
I10,세종특별자치시교육청,9300227,다정중학교,2026,주간,중학교,휴업일,20270202,겨울방학,겨울방학,Y,Y,Y,*,*,*,20260322
I10,세종특별자치시교육청,9300227,다정중학교,2026,주간,중학교,휴업일,20270203,겨울방학,겨울방학,Y,Y,Y,*,*,*,20260322
I10,세종특별자치시교육청,9300227,다정중학교,2026,주간,중학교,휴업일,20270204,겨울방학,겨울방학,Y,Y,Y,*,*,*,20260322
I10,세종특별자치시교육청,9300227,다정중학교,2026,주간,중학교,휴업일,20270205,겨울방학,겨울방학,Y,Y,Y,*,*,*,20260322
I10,세종특별자치시교육청,9300227,다정중학교,2026,주간,중학교,휴업일,20270206,겨울방학,겨울방학,Y,Y,Y,*,*,*,20260322
I10,세종특별자치시교육청,9300227,다정중학교,2026,주간,중학교,휴업일,20270206,토요휴업일,,Y,Y,Y,*,*,*,20260322
I10,세종특별자치시교육청,9300227,다정중학교,2026,주간,중학교,휴업일,20270207,겨울방학,겨울방학,Y,Y,Y,*,*,*,20260322
I10,세종특별자치시교육청,9300227,다정중학교,2026,주간,중학교,공휴일,20270207,설날,,Y,Y,Y,*,*,*,20260322
I10,세종특별자치시교육청,9300227,다정중학교,2026,주간,중학교,휴업일,20270208,겨울방학,겨울방학,Y,Y,Y,*,*,*,20260322
I10,세종특별자치시교육청,9300227,다정중학교,2026,주간,중학교,휴업일,20270209,겨울방학,겨울방학,Y,Y,Y,*,*,*,20260322
I10,세종특별자치시교육청,9300227,다정중학교,2026,주간,중학교,휴업일,20270210,겨울방학,겨울방학,Y,Y,Y,*,*,*,20260322
I10,세종특별자치시교육청,9300227,다정중학교,2026,주간,중학교,휴업일,20270211,겨울방학,겨울방학,Y,Y,Y,*,*,*,20260322
I10,세종특별자치시교육청,9300227,다정중학교,2026,주간,중학교,휴업일,20270212,겨울방학,겨울방학,Y,Y,Y,*,*,*,20260322
I10,세종특별자치시교육청,9300227,다정중학교,2026,주간,중학교,휴업일,20270213,겨울방학,겨울방학,Y,Y,Y,*,*,*,20260322
I10,세종특별자치시교육청,9300227,다정중학교,2026,주간,중학교,휴업일,20270213,토요휴업일,,Y,Y,Y,*,*,*,20260322
I10,세종특별자치시교육청,9300227,다정중학교,2026,주간,중학교,휴업일,20270214,겨울방학,겨울방학,Y,Y,Y,*,*,*,20260322
I10,세종특별자치시교육청,9300227,다정중학교,2026,주간,중학교,휴업일,20270215,겨울방학,겨울방학,Y,Y,Y,*,*,*,20260322
I10,세종특별자치시교육청,9300227,다정중학교,2026,주간,중학교,휴업일,20270216,겨울방학,겨울방학,Y,Y,Y,*,*,*,20260322
I10,세종특별자치시교육청,9300227,다정중학교,2026,주간,중학교,휴업일,20270217,겨울방학,겨울방학,Y,Y,Y,*,*,*,20260322
I10,세종특별자치시교육청,9300227,다정중학교,2026,주간,중학교,휴업일,20270218,겨울방학,겨울방학,Y,Y,Y,*,*,*,20260322
I10,세종특별자치시교육청,9300227,다정중학교,2026,주간,중학교,휴업일,20270219,겨울방학,겨울방학,Y,Y,Y,*,*,*,20260322
I10,세종특별자치시교육청,9300227,다정중학교,2026,주간,중학교,휴업일,20270220,겨울방학,겨울방학,Y,Y,Y,*,*,*,20260322
I10,세종특별자치시교육청,9300227,다정중학교,2026,주간,중학교,휴업일,20270220,토요휴업일,,Y,Y,Y,*,*,*,20260322
I10,세종특별자치시교육청,9300227,다정중학교,2026,주간,중학교,휴업일,20270221,겨울방학,겨울방학,Y,Y,Y,*,*,*,20260322
I10,세종특별자치시교육청,9300227,다정중학교,2026,주간,중학교,휴업일,20270222,겨울방학,겨울방학,Y,Y,Y,*,*,*,20260322
I10,세종특별자치시교육청,9300227,다정중학교,2026,주간,중학교,휴업일,20270223,겨울방학,겨울방학,Y,Y,Y,*,*,*,20260322
I10,세종특별자치시교육청,9300227,다정중학교,2026,주간,중학교,휴업일,20270224,겨울방학,겨울방학,Y,Y,Y,*,*,*,20260322
I10,세종특별자치시교육청,9300227,다정중학교,2026,주간,중학교,휴업일,20270225,겨울방학,겨울방학,Y,Y,Y,*,*,*,20260322
I10,세종특별자치시교육청,9300227,다정중학교,2026,주간,중학교,휴업일,20270226,겨울방학,겨울방학,Y,Y,Y,*,*,*,20260322
I10,세종특별자치시교육청,9300227,다정중학교,2026,주간,중학교,휴업일,20270227,겨울방학,겨울방학,Y,Y,Y,*,*,*,20260322
I10,세종특별자치시교육청,9300227,다정중학교,2026,주간,중학교,휴업일,20270227,토요휴업일,,Y,Y,Y,*,*,*,20260322
I10,세종특별자치시교육청,9300227,다정중학교,2026,주간,중학교,휴업일,20270228,겨울방학,겨울방학,Y,Y,Y,*,*,*,20260322
I10,세종특별자치시교육청,9300226,다정초등학교,2025,,초등학교,공휴일,20250301,3·1절,,Y,Y,Y,Y,Y,Y,20260322
I10,세종특별자치시교육청,9300226,다정초등학교,2025,,초등학교,공휴일,20250303,대체공휴일,,Y,Y,Y,Y,Y,Y,20260322
I10,세종특별자치시교육청,9300226,다정초등학교,2025,,초등학교,해당없음,20250304,입학식,,Y,N,N,N,N,N,20260322
I10,세종특별자치시교육청,9300226,다정초등학교,2025,,초등학교,휴업일,20250308,토요휴업일,,Y,Y,Y,Y,Y,Y,20260322
I10,세종특별자치시교육청,9300226,다정초등학교,2025,,초등학교,휴업일,20250315,토요휴업일,,Y,Y,Y,Y,Y,Y,20260322
﻿I10,세종특별자치시교육청,9300226,다정초등학교,2025,,초등학교,휴업일,20250322,토요휴업일,,Y,Y,Y,Y,Y,Y,20260322
I10,세종특별자치시교육청,9300226,다정초등학교,2025,,초등학교,휴업일,20250329,토요휴업일,,Y,Y,Y,Y,Y,Y,20260322
I10,세종특별자치시교육청,9300226,다정초등학교,2025,,초등학교,휴업일,20250405,토요휴업일,,Y,Y,Y,Y,Y,Y,20260322
I10,세종특별자치시교육청,9300226,다정초등학교,2025,,초등학교,휴업일,20250412,토요휴업일,,Y,Y,Y,Y,Y,Y,20260322
I10,세종특별자치시교육청,9300226,다정초등학교,2025,,초등학교,휴업일,20250419,토요휴업일,,Y,Y,Y,Y,Y,Y,20260322
I10,세종특별자치시교육청,9300226,다정초등학교,2025,,초등학교,휴업일,20250426,토요휴업일,,Y,Y,Y,Y,Y,Y,20260322
I10,세종특별자치시교육청,9300226,다정초등학교,2025,,초등학교,휴업일,20250501,개교기념일,,Y,Y,Y,Y,Y,Y,20260322
I10,세종특별자치시교육청,9300226,다정초등학교,2025,,초등학교,휴업일,20250503,토요휴업일,,Y,Y,Y,Y,Y,Y,20260322
I10,세종특별자치시교육청,9300226,다정초등학교,2025,,초등학교,공휴일,20250505,석가탄신일,,Y,Y,Y,Y,Y,Y,20260322
I10,세종특별자치시교육청,9300226,다정초등학교,2025,,초등학교,공휴일,20250506,대체공휴일,,Y,Y,Y,Y,Y,Y,20260322
I10,세종특별자치시교육청,9300226,다정초등학교,2025,,초등학교,휴업일,20250510,토요휴업일,,Y,Y,Y,Y,Y,Y,20260322
I10,세종특별자치시교육청,9300226,다정초등학교,2025,,초등학교,휴업일,20250517,토요휴업일,,Y,Y,Y,Y,Y,Y,20260322
I10,세종특별자치시교육청,9300226,다정초등학교,2025,,초등학교,휴업일,20250524,토요휴업일,,Y,Y,Y,Y,Y,Y,20260322
I10,세종특별자치시교육청,9300226,다정초등학교,2025,,초등학교,휴업일,20250531,토요휴업일,,Y,Y,Y,Y,Y,Y,20260322
I10,세종특별자치시교육청,9300226,다정초등학교,2025,,초등학교,공휴일,20250603,대통령 선거,,Y,Y,Y,Y,Y,Y,20260322
I10,세종특별자치시교육청,9300226,다정초등학교,2025,,초등학교,공휴일,20250606,현충일,,Y,Y,Y,Y,Y,Y,20260322
I10,세종특별자치시교육청,9300226,다정초등학교,2025,,초등학교,휴업일,20250607,토요휴업일,,Y,Y,Y,Y,Y,Y,20260322
I10,세종특별자치시교육청,9300226,다정초등학교,2025,,초등학교,휴업일,20250614,토요휴업일,,Y,Y,Y,Y,Y,Y,20260322
I10,세종특별자치시교육청,9300226,다정초등학교,2025,,초등학교,휴업일,20250621,토요휴업일,,Y,Y,Y,Y,Y,Y,20260322
I10,세종특별자치시교육청,9300226,다정초등학교,2025,,초등학교,휴업일,20250628,토요휴업일,,Y,Y,Y,Y,Y,Y,20260322
I10,세종특별자치시교육청,9300226,다정초등학교,2025,,초등학교,휴업일,20250705,토요휴업일,,Y,Y,Y,Y,Y,Y,20260322
I10,세종특별자치시교육청,9300226,다정초등학교,2025,,초등학교,휴업일,20250712,토요휴업일,,Y,Y,Y,Y,Y,Y,20260322
I10,세종특별자치시교육청,9300226,다정초등학교,2025,,초등학교,휴업일,20250719,토요휴업일,,Y,Y,Y,Y,Y,Y,20260322
I10,세종특별자치시교육청,9300226,다정초등학교,2025,,초등학교,휴업일,20250724,여름방학,,Y,Y,Y,Y,Y,Y,20260322
I10,세종특별자치시교육청,9300226,다정초등학교,2025,,초등학교,휴업일,20250725,여름방학,,Y,Y,Y,Y,Y,Y,20260322
I10,세종특별자치시교육청,9300226,다정초등학교,2025,,초등학교,휴업일,20250726,여름방학,,Y,Y,Y,Y,Y,Y,20260322
I10,세종특별자치시교육청,9300226,다정초등학교,2025,,초등학교,휴업일,20250726,토요휴업일,,Y,Y,Y,Y,Y,Y,20260322
I10,세종특별자치시교육청,9300226,다정초등학교,2025,,초등학교,휴업일,20250727,여름방학,,Y,Y,Y,Y,Y,Y,20260322
I10,세종특별자치시교육청,9300226,다정초등학교,2025,,초등학교,휴업일,20250728,여름방학,,Y,Y,Y,Y,Y,Y,20260322
I10,세종특별자치시교육청,9300226,다정초등학교,2025,,초등학교,휴업일,20250729,여름방학,,Y,Y,Y,Y,Y,Y,20260322
I10,세종특별자치시교육청,9300226,다정초등학교,2025,,초등학교,휴업일,20250730,여름방학,,Y,Y,Y,Y,Y,Y,20260322
I10,세종특별자치시교육청,9300226,다정초등학교,2025,,초등학교,휴업일,20250731,여름방학,,Y,Y,Y,Y,Y,Y,20260322
I10,세종특별자치시교육청,9300226,다정초등학교,2025,,초등학교,휴업일,20250801,여름방학,,Y,Y,Y,Y,Y,Y,20260322
I10,세종특별자치시교육청,9300226,다정초등학교,2025,,초등학교,휴업일,20250802,여름방학,,Y,Y,Y,Y,Y,Y,20260322
I10,세종특별자치시교육청,9300226,다정초등학교,2025,,초등학교,휴업일,20250802,토요휴업일,,Y,Y,Y,Y,Y,Y,20260322
I10,세종특별자치시교육청,9300226,다정초등학교,2025,,초등학교,휴업일,20250803,여름방학,,Y,Y,Y,Y,Y,Y,20260322
I10,세종특별자치시교육청,9300226,다정초등학교,2025,,초등학교,휴업일,20250804,여름방학,,Y,Y,Y,Y,Y,Y,20260322
I10,세종특별자치시교육청,9300226,다정초등학교,2025,,초등학교,휴업일,20250805,여름방학,,Y,Y,Y,Y,Y,Y,20260322
I10,세종특별자치시교육청,9300226,다정초등학교,2025,,초등학교,휴업일,20250806,여름방학,,Y,Y,Y,Y,Y,Y,20260322
I10,세종특별자치시교육청,9300226,다정초등학교,2025,,초등학교,휴업일,20250807,여름방학,,Y,Y,Y,Y,Y,Y,20260322
I10,세종특별자치시교육청,9300226,다정초등학교,2025,,초등학교,휴업일,20250808,여름방학,,Y,Y,Y,Y,Y,Y,20260322
I10,세종특별자치시교육청,9300226,다정초등학교,2025,,초등학교,휴업일,20250809,여름방학,,Y,Y,Y,Y,Y,Y,20260322
I10,세종특별자치시교육청,9300226,다정초등학교,2025,,초등학교,휴업일,20250809,토요휴업일,,Y,Y,Y,Y,Y,Y,20260322
I10,세종특별자치시교육청,9300226,다정초등학교,2025,,초등학교,휴업일,20250810,여름방학,,Y,Y,Y,Y,Y,Y,20260322
I10,세종특별자치시교육청,9300226,다정초등학교,2025,,초등학교,휴업일,20250811,여름방학,,Y,Y,Y,Y,Y,Y,20260322
I10,세종특별자치시교육청,9300226,다정초등학교,2025,,초등학교,휴업일,20250812,여름방학,,Y,Y,Y,Y,Y,Y,20260322
I10,세종특별자치시교육청,9300226,다정초등학교,2025,,초등학교,휴업일,20250813,여름방학,,Y,Y,Y,Y,Y,Y,20260322
I10,세종특별자치시교육청,9300226,다정초등학교,2025,,초등학교,휴업일,20250814,여름방학,,Y,Y,Y,Y,Y,Y,20260322
I10,세종특별자치시교육청,9300226,다정초등학교,2025,,초등학교,휴업일,20250815,여름방학,,Y,Y,Y,Y,Y,Y,20260322
I10,세종특별자치시교육청,9300226,다정초등학교,2025,,초등학교,공휴일,20250815,광복절,,Y,Y,Y,Y,Y,Y,20260322
I10,세종특별자치시교육청,9300226,다정초등학교,2025,,초등학교,휴업일,20250816,여름방학,,Y,Y,Y,Y,Y,Y,20260322
I10,세종특별자치시교육청,9300226,다정초등학교,2025,,초등학교,휴업일,20250816,토요휴업일,,Y,Y,Y,Y,Y,Y,20260322
I10,세종특별자치시교육청,9300226,다정초등학교,2025,,초등학교,휴업일,20250817,여름방학,,Y,Y,Y,Y,Y,Y,20260322
I10,세종특별자치시교육청,9300226,다정초등학교,2025,,초등학교,휴업일,20250818,여름방학,,Y,Y,Y,Y,Y,Y,20260322
I10,세종특별자치시교육청,9300226,다정초등학교,2025,,초등학교,휴업일,20250823,토요휴업일,,Y,Y,Y,Y,Y,Y,20260322
I10,세종특별자치시교육청,9300226,다정초등학교,2025,,초등학교,휴업일,20250830,토요휴업일,,Y,Y,Y,Y,Y,Y,20260322
I10,세종특별자치시교육청,9300226,다정초등학교,2025,,초등학교,휴업일,20250906,토요휴업일,,Y,Y,Y,Y,Y,Y,20260322
I10,세종특별자치시교육청,9300226,다정초등학교,2025,,초등학교,휴업일,20250913,토요휴업일,,Y,Y,Y,Y,Y,Y,20260322
I10,세종특별자치시교육청,9300226,다정초등학교,2025,,초등학교,휴업일,20250920,토요휴업일,,Y,Y,Y,Y,Y,Y,20260322
I10,세종특별자치시교육청,9300226,다정초등학교,2025,,초등학교,휴업일,20250927,토요휴업일,,Y,Y,Y,Y,Y,Y,20260322
I10,세종특별자치시교육청,9300226,다정초등학교,2025,,초등학교,공휴일,20251003,개천절,,Y,Y,Y,Y,Y,Y,20260322
I10,세종특별자치시교육청,9300226,다정초등학교,2025,,초등학교,휴업일,20251004,토요휴업일,,Y,Y,Y,Y,Y,Y,20260322
I10,세종특별자치시교육청,9300226,다정초등학교,2025,,초등학교,공휴일,20251005,추석,,Y,Y,Y,Y,Y,Y,20260322
I10,세종특별자치시교육청,9300226,다정초등학교,2025,,초등학교,공휴일,20251006,추석,,Y,Y,Y,Y,Y,Y,20260322
I10,세종특별자치시교육청,9300226,다정초등학교,2025,,초등학교,공휴일,20251007,추석,,Y,Y,Y,Y,Y,Y,20260322
I10,세종특별자치시교육청,9300226,다정초등학교,2025,,초등학교,공휴일,20251008,대체공휴일,,Y,Y,Y,Y,Y,Y,20260322
I10,세종특별자치시교육청,9300226,다정초등학교,2025,,초등학교,공휴일,20251009,한글날,,Y,Y,Y,Y,Y,Y,20260322
I10,세종특별자치시교육청,9300226,다정초등학교,2025,,초등학교,휴업일,20251010,재량휴업일,재량휴업일,Y,Y,Y,Y,Y,Y,20260322
I10,세종특별자치시교육청,9300226,다정초등학교,2025,,초등학교,휴업일,20251011,토요휴업일,,Y,Y,Y,Y,Y,Y,20260322
I10,세종특별자치시교육청,9300226,다정초등학교,2025,,초등학교,휴업일,20251018,토요휴업일,,Y,Y,Y,Y,Y,Y,20260322
I10,세종특별자치시교육청,9300226,다정초등학교,2025,,초등학교,휴업일,20251025,토요휴업일,,Y,Y,Y,Y,Y,Y,20260322
I10,세종특별자치시교육청,9300226,다정초등학교,2025,,초등학교,휴업일,20251101,토요휴업일,,Y,Y,Y,Y,Y,Y,20260322
I10,세종특별자치시교육청,9300226,다정초등학교,2025,,초등학교,휴업일,20251108,토요휴업일,,Y,Y,Y,Y,Y,Y,20260322
I10,세종특별자치시교육청,9300226,다정초등학교,2025,,초등학교,휴업일,20251115,토요휴업일,,Y,Y,Y,Y,Y,Y,20260322
I10,세종특별자치시교육청,9300226,다정초등학교,2025,,초등학교,휴업일,20251122,토요휴업일,,Y,Y,Y,Y,Y,Y,20260322
I10,세종특별자치시교육청,9300226,다정초등학교,2025,,초등학교,휴업일,20251129,토요휴업일,,Y,Y,Y,Y,Y,Y,20260322
I10,세종특별자치시교육청,9300226,다정초등학교,2025,,초등학교,휴업일,20251206,토요휴업일,,Y,Y,Y,Y,Y,Y,20260322
I10,세종특별자치시교육청,9300226,다정초등학교,2025,,초등학교,휴업일,20251213,토요휴업일,,Y,Y,Y,Y,Y,Y,20260322
I10,세종특별자치시교육청,9300226,다정초등학교,2025,,초등학교,휴업일,20251220,토요휴업일,,Y,Y,Y,Y,Y,Y,20260322
I10,세종특별자치시교육청,9300226,다정초등학교,2025,,초등학교,공휴일,20251225,성탄절,,Y,Y,Y,Y,Y,Y,20260322
I10,세종특별자치시교육청,9300226,다정초등학교,2025,,초등학교,휴업일,20251227,토요휴업일,,Y,Y,Y,Y,Y,Y,20260322
I10,세종특별자치시교육청,9300226,다정초등학교,2025,,초등학교,공휴일,20260101,신정,,Y,Y,Y,Y,Y,Y,20260322
I10,세종특별자치시교육청,9300226,다정초등학교,2025,,초등학교,휴업일,20260103,토요휴업일,,Y,Y,Y,Y,Y,Y,20260322
I10,세종특별자치시교육청,9300226,다정초등학교,2025,,초등학교,해당없음,20260106,졸업식,,N,N,N,N,N,Y,20260322
I10,세종특별자치시교육청,9300226,다정초등학교,2025,,초등학교,휴업일,20260107,겨울방학,,Y,Y,Y,Y,Y,Y,20260322
I10,세종특별자치시교육청,9300226,다정초등학교,2025,,초등학교,휴업일,20260108,겨울방학,,Y,Y,Y,Y,Y,Y,20260322
I10,세종특별자치시교육청,9300226,다정초등학교,2025,,초등학교,휴업일,20260109,겨울방학,,Y,Y,Y,Y,Y,Y,20260322
I10,세종특별자치시교육청,9300226,다정초등학교,2025,,초등학교,휴업일,20260110,겨울방학,,Y,Y,Y,Y,Y,Y,20260322
I10,세종특별자치시교육청,9300226,다정초등학교,2025,,초등학교,휴업일,20260110,토요휴업일,,Y,Y,Y,Y,Y,Y,20260322
I10,세종특별자치시교육청,9300226,다정초등학교,2025,,초등학교,휴업일,20260111,겨울방학,,Y,Y,Y,Y,Y,Y,20260322
I10,세종특별자치시교육청,9300226,다정초등학교,2025,,초등학교,휴업일,20260112,겨울방학,,Y,Y,Y,Y,Y,Y,20260322
I10,세종특별자치시교육청,9300226,다정초등학교,2025,,초등학교,휴업일,20260113,겨울방학,,Y,Y,Y,Y,Y,Y,20260322
I10,세종특별자치시교육청,9300226,다정초등학교,2025,,초등학교,휴업일,20260114,겨울방학,,Y,Y,Y,Y,Y,Y,20260322
I10,세종특별자치시교육청,9300226,다정초등학교,2025,,초등학교,휴업일,20260115,겨울방학,,Y,Y,Y,Y,Y,Y,20260322
I10,세종특별자치시교육청,9300226,다정초등학교,2025,,초등학교,휴업일,20260116,겨울방학,,Y,Y,Y,Y,Y,Y,20260322
I10,세종특별자치시교육청,9300226,다정초등학교,2025,,초등학교,휴업일,20260117,겨울방학,,Y,Y,Y,Y,Y,Y,20260322
I10,세종특별자치시교육청,9300226,다정초등학교,2025,,초등학교,휴업일,20260117,토요휴업일,,Y,Y,Y,Y,Y,Y,20260322
I10,세종특별자치시교육청,9300226,다정초등학교,2025,,초등학교,휴업일,20260118,겨울방학,,Y,Y,Y,Y,Y,Y,20260322
I10,세종특별자치시교육청,9300226,다정초등학교,2025,,초등학교,휴업일,20260119,겨울방학,,Y,Y,Y,Y,Y,Y,20260322
I10,세종특별자치시교육청,9300226,다정초등학교,2025,,초등학교,휴업일,20260120,겨울방학,,Y,Y,Y,Y,Y,Y,20260322
I10,세종특별자치시교육청,9300226,다정초등학교,2025,,초등학교,휴업일,20260121,겨울방학,,Y,Y,Y,Y,Y,Y,20260322
I10,세종특별자치시교육청,9300226,다정초등학교,2025,,초등학교,휴업일,20260122,겨울방학,,Y,Y,Y,Y,Y,Y,20260322
I10,세종특별자치시교육청,9300226,다정초등학교,2025,,초등학교,휴업일,20260123,겨울방학,,Y,Y,Y,Y,Y,Y,20260322
I10,세종특별자치시교육청,9300226,다정초등학교,2025,,초등학교,휴업일,20260124,겨울방학,,Y,Y,Y,Y,Y,Y,20260322
I10,세종특별자치시교육청,9300226,다정초등학교,2025,,초등학교,휴업일,20260124,토요휴업일,,Y,Y,Y,Y,Y,Y,20260322
I10,세종특별자치시교육청,9300226,다정초등학교,2025,,초등학교,휴업일,20260125,겨울방학,,Y,Y,Y,Y,Y,Y,20260322
I10,세종특별자치시교육청,9300226,다정초등학교,2025,,초등학교,휴업일,20260126,겨울방학,,Y,Y,Y,Y,Y,Y,20260322
I10,세종특별자치시교육청,9300226,다정초등학교,2025,,초등학교,휴업일,20260127,겨울방학,,Y,Y,Y,Y,Y,Y,20260322
I10,세종특별자치시교육청,9300226,다정초등학교,2025,,초등학교,휴업일,20260128,겨울방학,,Y,Y,Y,Y,Y,Y,20260322
I10,세종특별자치시교육청,9300226,다정초등학교,2025,,초등학교,휴업일,20260129,겨울방학,,Y,Y,Y,Y,Y,Y,20260322
I10,세종특별자치시교육청,9300226,다정초등학교,2025,,초등학교,휴업일,20260130,겨울방학,,Y,Y,Y,Y,Y,Y,20260322
I10,세종특별자치시교육청,9300226,다정초등학교,2025,,초등학교,휴업일,20260131,겨울방학,,Y,Y,Y,Y,Y,Y,20260322
I10,세종특별자치시교육청,9300226,다정초등학교,2025,,초등학교,휴업일,20260131,토요휴업일,,Y,Y,Y,Y,Y,Y,20260322
I10,세종특별자치시교육청,9300226,다정초등학교,2025,,초등학교,휴업일,20260201,겨울방학,,Y,Y,Y,Y,Y,Y,20260322
I10,세종특별자치시교육청,9300226,다정초등학교,2025,,초등학교,휴업일,20260202,겨울방학,,Y,Y,Y,Y,Y,Y,20260322
I10,세종특별자치시교육청,9300226,다정초등학교,2025,,초등학교,휴업일,20260203,겨울방학,,Y,Y,Y,Y,Y,Y,20260322
I10,세종특별자치시교육청,9300226,다정초등학교,2025,,초등학교,휴업일,20260204,겨울방학,,Y,Y,Y,Y,Y,Y,20260322
I10,세종특별자치시교육청,9300226,다정초등학교,2025,,초등학교,휴업일,20260205,겨울방학,,Y,Y,Y,Y,Y,Y,20260322
I10,세종특별자치시교육청,9300226,다정초등학교,2025,,초등학교,휴업일,20260206,겨울방학,,Y,Y,Y,Y,Y,Y,20260322
I10,세종특별자치시교육청,9300226,다정초등학교,2025,,초등학교,휴업일,20260207,겨울방학,,Y,Y,Y,Y,Y,Y,20260322
I10,세종특별자치시교육청,9300226,다정초등학교,2025,,초등학교,휴업일,20260207,토요휴업일,,Y,Y,Y,Y,Y,Y,20260322
I10,세종특별자치시교육청,9300226,다정초등학교,2025,,초등학교,휴업일,20260208,겨울방학,,Y,Y,Y,Y,Y,Y,20260322
I10,세종특별자치시교육청,9300226,다정초등학교,2025,,초등학교,휴업일,20260209,겨울방학,,Y,Y,Y,Y,Y,Y,20260322
I10,세종특별자치시교육청,9300226,다정초등학교,2025,,초등학교,휴업일,20260210,겨울방학,,Y,Y,Y,Y,Y,Y,20260322
I10,세종특별자치시교육청,9300226,다정초등학교,2025,,초등학교,휴업일,20260211,겨울방학,,Y,Y,Y,Y,Y,Y,20260322
I10,세종특별자치시교육청,9300226,다정초등학교,2025,,초등학교,휴업일,20260212,겨울방학,,Y,Y,Y,Y,Y,Y,20260322
I10,세종특별자치시교육청,9300226,다정초등학교,2025,,초등학교,휴업일,20260213,겨울방학,,Y,Y,Y,Y,Y,Y,20260322
I10,세종특별자치시교육청,9300226,다정초등학교,2025,,초등학교,휴업일,20260214,겨울방학,,Y,Y,Y,Y,Y,Y,20260322
I10,세종특별자치시교육청,9300226,다정초등학교,2025,,초등학교,휴업일,20260214,토요휴업일,,Y,Y,Y,Y,Y,Y,20260322
I10,세종특별자치시교육청,9300226,다정초등학교,2025,,초등학교,휴업일,20260215,겨울방학,,Y,Y,Y,Y,Y,Y,20260322
I10,세종특별자치시교육청,9300226,다정초등학교,2025,,초등학교,휴업일,20260216,겨울방학,,Y,Y,Y,Y,Y,Y,20260322
I10,세종특별자치시교육청,9300226,다정초등학교,2025,,초등학교,공휴일,20260216,설날,,Y,Y,Y,Y,Y,Y,20260322
I10,세종특별자치시교육청,9300226,다정초등학교,2025,,초등학교,휴업일,20260217,겨울방학,,Y,Y,Y,Y,Y,Y,20260322
I10,세종특별자치시교육청,9300226,다정초등학교,2025,,초등학교,공휴일,20260217,설날,,Y,Y,Y,Y,Y,Y,20260322
I10,세종특별자치시교육청,9300226,다정초등학교,2025,,초등학교,휴업일,20260218,겨울방학,,Y,Y,Y,Y,Y,Y,20260322
I10,세종특별자치시교육청,9300226,다정초등학교,2025,,초등학교,공휴일,20260218,설날,,Y,Y,Y,Y,Y,Y,20260322
I10,세종특별자치시교육청,9300226,다정초등학교,2025,,초등학교,휴업일,20260219,겨울방학,,Y,Y,Y,Y,Y,Y,20260322
I10,세종특별자치시교육청,9300226,다정초등학교,2025,,초등학교,휴업일,20260220,겨울방학,,Y,Y,Y,Y,Y,Y,20260322
I10,세종특별자치시교육청,9300226,다정초등학교,2025,,초등학교,휴업일,20260221,겨울방학,,Y,Y,Y,Y,Y,Y,20260322
I10,세종특별자치시교육청,9300226,다정초등학교,2025,,초등학교,휴업일,20260221,토요휴업일,,Y,Y,Y,Y,Y,Y,20260322
I10,세종특별자치시교육청,9300226,다정초등학교,2025,,초등학교,휴업일,20260222,겨울방학,,Y,Y,Y,Y,Y,Y,20260322
I10,세종특별자치시교육청,9300226,다정초등학교,2025,,초등학교,휴업일,20260223,겨울방학,,Y,Y,Y,Y,Y,Y,20260322
I10,세종특별자치시교육청,9300226,다정초등학교,2025,,초등학교,휴업일,20260224,겨울방학,,Y,Y,Y,Y,Y,Y,20260322
I10,세종특별자치시교육청,9300226,다정초등학교,2025,,초등학교,휴업일,20260225,겨울방학,,Y,Y,Y,Y,Y,Y,20260322
I10,세종특별자치시교육청,9300226,다정초등학교,2025,,초등학교,휴업일,20260226,겨울방학,,Y,Y,Y,Y,Y,Y,20260322
I10,세종특별자치시교육청,9300226,다정초등학교,2025,,초등학교,휴업일,20260227,겨울방학,,Y,Y,Y,Y,Y,Y,20260322
I10,세종특별자치시교육청,9300226,다정초등학교,2025,,초등학교,휴업일,20260228,겨울방학,,Y,Y,Y,Y,Y,Y,20260322
I10,세종특별자치시교육청,9300226,다정초등학교,2025,,초등학교,휴업일,20260228,토요휴업일,,Y,Y,Y,Y,Y,Y,20260322
I10,세종특별자치시교육청,9300226,다정초등학교,2026,,초등학교,공휴일,20260301,3·1절,,Y,Y,Y,Y,Y,Y,20260322
I10,세종특별자치시교육청,9300226,다정초등학교,2026,,초등학교,공휴일,20260302,대체공휴일,,Y,Y,Y,Y,Y,Y,20260322
I10,세종특별자치시교육청,9300226,다정초등학교,2026,,초등학교,해당없음,20260303,입학식,,Y,Y,Y,Y,Y,Y,20260322
I10,세종특별자치시교육청,9300226,다정초등학교,2026,,초등학교,휴업일,20260307,토요휴업일,,Y,Y,Y,Y,Y,Y,20260322
I10,세종특별자치시교육청,9300226,다정초등학교,2026,,초등학교,휴업일,20260314,토요휴업일,,Y,Y,Y,Y,Y,Y,20260322
I10,세종특별자치시교육청,9300226,다정초등학교,2026,,초등학교,휴업일,20260321,토요휴업일,,Y,Y,Y,Y,Y,Y,20260322
I10,세종특별자치시교육청,9300226,다정초등학교,2026,,초등학교,휴업일,20260328,토요휴업일,,Y,Y,Y,Y,Y,Y,20260322
I10,세종특별자치시교육청,9300226,다정초등학교,2026,,초등학교,휴업일,20260404,토요휴업일,,Y,Y,Y,Y,Y,Y,20260322
I10,세종특별자치시교육청,9300226,다정초등학교,2026,,초등학교,휴업일,20260411,토요휴업일,,Y,Y,Y,Y,Y,Y,20260322
I10,세종특별자치시교육청,9300226,다정초등학교,2026,,초등학교,휴업일,20260418,토요휴업일,,Y,Y,Y,Y,Y,Y,20260322
I10,세종특별자치시교육청,9300226,다정초등학교,2026,,초등학교,휴업일,20260425,토요휴업일,,Y,Y,Y,Y,Y,Y,20260322
I10,세종특별자치시교육청,9300226,다정초등학교,2026,,초등학교,휴업일,20260501,개교기념일,,Y,Y,Y,Y,Y,Y,20260322
I10,세종특별자치시교육청,9300226,다정초등학교,2026,,초등학교,휴업일,20260502,토요휴업일,,Y,Y,Y,Y,Y,Y,20260322
I10,세종특별자치시교육청,9300226,다정초등학교,2026,,초등학교,휴업일,20260504,재량휴업일,,Y,Y,Y,Y,Y,Y,20260322
I10,세종특별자치시교육청,9300226,다정초등학교,2026,,초등학교,공휴일,20260505,어린이날,,Y,Y,Y,Y,Y,Y,20260322
I10,세종특별자치시교육청,9300226,다정초등학교,2026,,초등학교,휴업일,20260509,토요휴업일,,Y,Y,Y,Y,Y,Y,20260322
I10,세종특별자치시교육청,9300226,다정초등학교,2026,,초등학교,휴업일,20260516,토요휴업일,,Y,Y,Y,Y,Y,Y,20260322
I10,세종특별자치시교육청,9300226,다정초등학교,2026,,초등학교,휴업일,20260523,토요휴업일,,Y,Y,Y,Y,Y,Y,20260322
I10,세종특별자치시교육청,9300226,다정초등학교,2026,,초등학교,공휴일,20260524,석가탄신일,,Y,Y,Y,Y,Y,Y,20260322
I10,세종특별자치시교육청,9300226,다정초등학교,2026,,초등학교,공휴일,20260525,대체공휴일,,Y,Y,Y,Y,Y,Y,20260322
I10,세종특별자치시교육청,9300226,다정초등학교,2026,,초등학교,휴업일,20260530,토요휴업일,,Y,Y,Y,Y,Y,Y,20260322
I10,세종특별자치시교육청,9300226,다정초등학교,2026,,초등학교,공휴일,20260603,지방 선거일,,Y,Y,Y,Y,Y,Y,20260322
I10,세종특별자치시교육청,9300226,다정초등학교,2026,,초등학교,공휴일,20260606,현충일,,Y,Y,Y,Y,Y,Y,20260322
I10,세종특별자치시교육청,9300226,다정초등학교,2026,,초등학교,휴업일,20260613,토요휴업일,,Y,Y,Y,Y,Y,Y,20260322
I10,세종특별자치시교육청,9300226,다정초등학교,2026,,초등학교,휴업일,20260620,토요휴업일,,Y,Y,Y,Y,Y,Y,20260322
I10,세종특별자치시교육청,9300226,다정초등학교,2026,,초등학교,휴업일,20260627,토요휴업일,,Y,Y,Y,Y,Y,Y,20260322
I10,세종특별자치시교육청,9300226,다정초등학교,2026,,초등학교,휴업일,20260704,토요휴업일,,Y,Y,Y,Y,Y,Y,20260322
I10,세종특별자치시교육청,9300226,다정초등학교,2026,,초등학교,휴업일,20260711,토요휴업일,,Y,Y,Y,Y,Y,Y,20260322
I10,세종특별자치시교육청,9300226,다정초등학교,2026,,초등학교,공휴일,20260717,제헌절,,Y,Y,Y,Y,Y,Y,20260322
I10,세종특별자치시교육청,9300226,다정초등학교,2026,,초등학교,휴업일,20260718,토요휴업일,,Y,Y,Y,Y,Y,Y,20260322
I10,세종특별자치시교육청,9300226,다정초등학교,2026,,초등학교,휴업일,20260723,여름방학,,Y,Y,Y,Y,Y,Y,20260322
I10,세종특별자치시교육청,9300226,다정초등학교,2026,,초등학교,휴업일,20260724,여름방학,,Y,Y,Y,Y,Y,Y,20260322
I10,세종특별자치시교육청,9300226,다정초등학교,2026,,초등학교,휴업일,20260725,여름방학,,Y,Y,Y,Y,Y,Y,20260322
I10,세종특별자치시교육청,9300226,다정초등학교,2026,,초등학교,휴업일,20260725,토요휴업일,,Y,Y,Y,Y,Y,Y,20260322
I10,세종특별자치시교육청,9300226,다정초등학교,2026,,초등학교,휴업일,20260726,여름방학,,Y,Y,Y,Y,Y,Y,20260322
I10,세종특별자치시교육청,9300226,다정초등학교,2026,,초등학교,휴업일,20260727,여름방학,,Y,Y,Y,Y,Y,Y,20260322
I10,세종특별자치시교육청,9300226,다정초등학교,2026,,초등학교,휴업일,20260728,여름방학,,Y,Y,Y,Y,Y,Y,20260322
I10,세종특별자치시교육청,9300226,다정초등학교,2026,,초등학교,휴업일,20260729,여름방학,,Y,Y,Y,Y,Y,Y,20260322
I10,세종특별자치시교육청,9300226,다정초등학교,2026,,초등학교,휴업일,20260730,여름방학,,Y,Y,Y,Y,Y,Y,20260322
I10,세종특별자치시교육청,9300226,다정초등학교,2026,,초등학교,휴업일,20260731,여름방학,,Y,Y,Y,Y,Y,Y,20260322
I10,세종특별자치시교육청,9300226,다정초등학교,2026,,초등학교,휴업일,20260801,여름방학,,Y,Y,Y,Y,Y,Y,20260322
I10,세종특별자치시교육청,9300226,다정초등학교,2026,,초등학교,휴업일,20260801,토요휴업일,,Y,Y,Y,Y,Y,Y,20260322
I10,세종특별자치시교육청,9300226,다정초등학교,2026,,초등학교,휴업일,20260802,여름방학,,Y,Y,Y,Y,Y,Y,20260322
I10,세종특별자치시교육청,9300226,다정초등학교,2026,,초등학교,휴업일,20260803,여름방학,,Y,Y,Y,Y,Y,Y,20260322
I10,세종특별자치시교육청,9300226,다정초등학교,2026,,초등학교,휴업일,20260804,여름방학,,Y,Y,Y,Y,Y,Y,20260322
I10,세종특별자치시교육청,9300226,다정초등학교,2026,,초등학교,휴업일,20260805,여름방학,,Y,Y,Y,Y,Y,Y,20260322
I10,세종특별자치시교육청,9300226,다정초등학교,2026,,초등학교,휴업일,20260806,여름방학,,Y,Y,Y,Y,Y,Y,20260322
I10,세종특별자치시교육청,9300226,다정초등학교,2026,,초등학교,휴업일,20260807,여름방학,,Y,Y,Y,Y,Y,Y,20260322
I10,세종특별자치시교육청,9300226,다정초등학교,2026,,초등학교,휴업일,20260808,여름방학,,Y,Y,Y,Y,Y,Y,20260322
I10,세종특별자치시교육청,9300226,다정초등학교,2026,,초등학교,휴업일,20260808,토요휴업일,,Y,Y,Y,Y,Y,Y,20260322
I10,세종특별자치시교육청,9300226,다정초등학교,2026,,초등학교,휴업일,20260809,여름방학,,Y,Y,Y,Y,Y,Y,20260322
I10,세종특별자치시교육청,9300226,다정초등학교,2026,,초등학교,휴업일,20260810,여름방학,,Y,Y,Y,Y,Y,Y,20260322
I10,세종특별자치시교육청,9300226,다정초등학교,2026,,초등학교,휴업일,20260811,여름방학,,Y,Y,Y,Y,Y,Y,20260322
I10,세종특별자치시교육청,9300226,다정초등학교,2026,,초등학교,휴업일,20260812,여름방학,,Y,Y,Y,Y,Y,Y,20260322
I10,세종특별자치시교육청,9300226,다정초등학교,2026,,초등학교,휴업일,20260813,여름방학,,Y,Y,Y,Y,Y,Y,20260322
I10,세종특별자치시교육청,9300226,다정초등학교,2026,,초등학교,휴업일,20260814,여름방학,,Y,Y,Y,Y,Y,Y,20260322
I10,세종특별자치시교육청,9300226,다정초등학교,2026,,초등학교,휴업일,20260815,여름방학,,Y,Y,Y,Y,Y,Y,20260322
I10,세종특별자치시교육청,9300226,다정초등학교,2026,,초등학교,공휴일,20260815,광복절,,Y,Y,Y,Y,Y,Y,20260322
I10,세종특별자치시교육청,9300226,다정초등학교,2026,,초등학교,휴업일,20260816,여름방학,,Y,Y,Y,Y,Y,Y,20260322
I10,세종특별자치시교육청,9300226,다정초등학교,2026,,초등학교,휴업일,20260817,여름방학,,Y,Y,Y,Y,Y,Y,20260322
I10,세종특별자치시교육청,9300226,다정초등학교,2026,,초등학교,공휴일,20260817,대체공휴일,,Y,Y,Y,Y,Y,Y,20260322
I10,세종특별자치시교육청,9300226,다정초등학교,2026,,초등학교,휴업일,20260818,여름방학,,Y,Y,Y,Y,Y,Y,20260322
I10,세종특별자치시교육청,9300226,다정초등학교,2026,,초등학교,휴업일,20260822,토요휴업일,,Y,Y,Y,Y,Y,Y,20260322
I10,세종특별자치시교육청,9300226,다정초등학교,2026,,초등학교,휴업일,20260829,토요휴업일,,Y,Y,Y,Y,Y,Y,20260322
I10,세종특별자치시교육청,9300226,다정초등학교,2026,,초등학교,휴업일,20260905,토요휴업일,,Y,Y,Y,Y,Y,Y,20260322
I10,세종특별자치시교육청,9300226,다정초등학교,2026,,초등학교,휴업일,20260912,토요휴업일,,Y,Y,Y,Y,Y,Y,20260322
I10,세종특별자치시교육청,9300226,다정초등학교,2026,,초등학교,휴업일,20260919,토요휴업일,,Y,Y,Y,Y,Y,Y,20260322
I10,세종특별자치시교육청,9300226,다정초등학교,2026,,초등학교,공휴일,20260924,추석연휴,,Y,Y,Y,Y,Y,Y,20260322
I10,세종특별자치시교육청,9300226,다정초등학교,2026,,초등학교,공휴일,20260925,추석,,Y,Y,Y,Y,Y,Y,20260322
I10,세종특별자치시교육청,9300226,다정초등학교,2026,,초등학교,휴업일,20260926,토요휴업일,,Y,Y,Y,Y,Y,Y,20260322
I10,세종특별자치시교육청,9300226,다정초등학교,2026,,초등학교,공휴일,20261003,개천절,,Y,Y,Y,Y,Y,Y,20260322
I10,세종특별자치시교육청,9300226,다정초등학교,2026,,초등학교,공휴일,20261005,대체공휴일,,Y,Y,Y,Y,Y,Y,20260322
I10,세종특별자치시교육청,9300226,다정초등학교,2026,,초등학교,공휴일,20261009,한글날,,Y,Y,Y,Y,Y,Y,20260322
I10,세종특별자치시교육청,9300226,다정초등학교,2026,,초등학교,휴업일,20261010,토요휴업일,,Y,Y,Y,Y,Y,Y,20260322
I10,세종특별자치시교육청,9300226,다정초등학교,2026,,초등학교,휴업일,20261017,토요휴업일,,Y,Y,Y,Y,Y,Y,20260322
I10,세종특별자치시교육청,9300226,다정초등학교,2026,,초등학교,휴업일,20261024,토요휴업일,,Y,Y,Y,Y,Y,Y,20260322
I10,세종특별자치시교육청,9300226,다정초등학교,2026,,초등학교,휴업일,20261031,토요휴업일,,Y,Y,Y,Y,Y,Y,20260322
I10,세종특별자치시교육청,9300226,다정초등학교,2026,,초등학교,휴업일,20261107,토요휴업일,,Y,Y,Y,Y,Y,Y,20260322
I10,세종특별자치시교육청,9300226,다정초등학교,2026,,초등학교,휴업일,20261114,토요휴업일,,Y,Y,Y,Y,Y,Y,20260322
I10,세종특별자치시교육청,9300226,다정초등학교,2026,,초등학교,휴업일,20261121,토요휴업일,,Y,Y,Y,Y,Y,Y,20260322
I10,세종특별자치시교육청,9300226,다정초등학교,2026,,초등학교,휴업일,20261128,토요휴업일,,Y,Y,Y,Y,Y,Y,20260322
I10,세종특별자치시교육청,9300226,다정초등학교,2026,,초등학교,휴업일,20261205,토요휴업일,,Y,Y,Y,Y,Y,Y,20260322
I10,세종특별자치시교육청,9300226,다정초등학교,2026,,초등학교,휴업일,20261212,토요휴업일,,Y,Y,Y,Y,Y,Y,20260322
I10,세종특별자치시교육청,9300226,다정초등학교,2026,,초등학교,휴업일,20261219,토요휴업일,,Y,Y,Y,Y,Y,Y,20260322
I10,세종특별자치시교육청,9300226,다정초등학교,2026,,초등학교,공휴일,20261225,성탄절,,Y,Y,Y,Y,Y,Y,20260322
I10,세종특별자치시교육청,9300226,다정초등학교,2026,,초등학교,휴업일,20261226,토요휴업일,,Y,Y,Y,Y,Y,Y,20260322
I10,세종특별자치시교육청,9300226,다정초등학교,2026,,초등학교,공휴일,20270101,신정,,Y,Y,Y,Y,Y,Y,20260322
I10,세종특별자치시교육청,9300226,다정초등학교,2026,,초등학교,휴업일,20270102,토요휴업일,,Y,Y,Y,Y,Y,Y,20260322
I10,세종특별자치시교육청,9300226,다정초등학교,2026,,초등학교,해당없음,20270105,졸업식,,Y,Y,Y,Y,Y,Y,20260322
I10,세종특별자치시교육청,9300226,다정초등학교,2026,,초등학교,휴업일,20270106,겨울방학,,Y,Y,Y,Y,Y,Y,20260322
I10,세종특별자치시교육청,9300226,다정초등학교,2026,,초등학교,휴업일,20270107,겨울방학,,Y,Y,Y,Y,Y,Y,20260322
I10,세종특별자치시교육청,9300226,다정초등학교,2026,,초등학교,휴업일,20270108,겨울방학,,Y,Y,Y,Y,Y,Y,20260322
I10,세종특별자치시교육청,9300226,다정초등학교,2026,,초등학교,휴업일,20270109,겨울방학,,Y,Y,Y,Y,Y,Y,20260322
I10,세종특별자치시교육청,9300226,다정초등학교,2026,,초등학교,휴업일,20270109,토요휴업일,,Y,Y,Y,Y,Y,Y,20260322
I10,세종특별자치시교육청,9300226,다정초등학교,2026,,초등학교,휴업일,20270110,겨울방학,,Y,Y,Y,Y,Y,Y,20260322
I10,세종특별자치시교육청,9300226,다정초등학교,2026,,초등학교,휴업일,20270111,겨울방학,,Y,Y,Y,Y,Y,Y,20260322
I10,세종특별자치시교육청,9300226,다정초등학교,2026,,초등학교,휴업일,20270112,겨울방학,,Y,Y,Y,Y,Y,Y,20260322
I10,세종특별자치시교육청,9300226,다정초등학교,2026,,초등학교,휴업일,20270113,겨울방학,,Y,Y,Y,Y,Y,Y,20260322
I10,세종특별자치시교육청,9300226,다정초등학교,2026,,초등학교,휴업일,20270114,겨울방학,,Y,Y,Y,Y,Y,Y,20260322
I10,세종특별자치시교육청,9300226,다정초등학교,2026,,초등학교,휴업일,20270115,겨울방학,,Y,Y,Y,Y,Y,Y,20260322
I10,세종특별자치시교육청,9300226,다정초등학교,2026,,초등학교,휴업일,20270116,겨울방학,,Y,Y,Y,Y,Y,Y,20260322
I10,세종특별자치시교육청,9300226,다정초등학교,2026,,초등학교,휴업일,20270116,토요휴업일,,Y,Y,Y,Y,Y,Y,20260322
I10,세종특별자치시교육청,9300226,다정초등학교,2026,,초등학교,휴업일,20270117,겨울방학,,Y,Y,Y,Y,Y,Y,20260322
I10,세종특별자치시교육청,9300226,다정초등학교,2026,,초등학교,휴업일,20270118,겨울방학,,Y,Y,Y,Y,Y,Y,20260322
I10,세종특별자치시교육청,9300226,다정초등학교,2026,,초등학교,휴업일,20270119,겨울방학,,Y,Y,Y,Y,Y,Y,20260322
I10,세종특별자치시교육청,9300226,다정초등학교,2026,,초등학교,휴업일,20270120,겨울방학,,Y,Y,Y,Y,Y,Y,20260322
I10,세종특별자치시교육청,9300226,다정초등학교,2026,,초등학교,휴업일,20270121,겨울방학,,Y,Y,Y,Y,Y,Y,20260322
I10,세종특별자치시교육청,9300226,다정초등학교,2026,,초등학교,휴업일,20270122,겨울방학,,Y,Y,Y,Y,Y,Y,20260322
I10,세종특별자치시교육청,9300226,다정초등학교,2026,,초등학교,휴업일,20270123,겨울방학,,Y,Y,Y,Y,Y,Y,20260322
I10,세종특별자치시교육청,9300226,다정초등학교,2026,,초등학교,휴업일,20270123,토요휴업일,,Y,Y,Y,Y,Y,Y,20260322
I10,세종특별자치시교육청,9300226,다정초등학교,2026,,초등학교,휴업일,20270124,겨울방학,,Y,Y,Y,Y,Y,Y,20260322
I10,세종특별자치시교육청,9300226,다정초등학교,2026,,초등학교,휴업일,20270125,겨울방학,,Y,Y,Y,Y,Y,Y,20260322
I10,세종특별자치시교육청,9300226,다정초등학교,2026,,초등학교,휴업일,20270126,겨울방학,,Y,Y,Y,Y,Y,Y,20260322
I10,세종특별자치시교육청,9300226,다정초등학교,2026,,초등학교,휴업일,20270127,겨울방학,,Y,Y,Y,Y,Y,Y,20260322
I10,세종특별자치시교육청,9300226,다정초등학교,2026,,초등학교,휴업일,20270128,겨울방학,,Y,Y,Y,Y,Y,Y,20260322
I10,세종특별자치시교육청,9300226,다정초등학교,2026,,초등학교,휴업일,20270129,겨울방학,,Y,Y,Y,Y,Y,Y,20260322
I10,세종특별자치시교육청,9300226,다정초등학교,2026,,초등학교,휴업일,20270130,겨울방학,,Y,Y,Y,Y,Y,Y,20260322
I10,세종특별자치시교육청,9300226,다정초등학교,2026,,초등학교,휴업일,20270130,토요휴업일,,Y,Y,Y,Y,Y,Y,20260322
I10,세종특별자치시교육청,9300226,다정초등학교,2026,,초등학교,휴업일,20270131,겨울방학,,Y,Y,Y,Y,Y,Y,20260322
I10,세종특별자치시교육청,9300226,다정초등학교,2026,,초등학교,휴업일,20270201,겨울방학,,Y,Y,Y,Y,Y,Y,20260322
I10,세종특별자치시교육청,9300226,다정초등학교,2026,,초등학교,휴업일,20270202,겨울방학,,Y,Y,Y,Y,Y,Y,20260322
I10,세종특별자치시교육청,9300226,다정초등학교,2026,,초등학교,휴업일,20270203,겨울방학,,Y,Y,Y,Y,Y,Y,20260322
I10,세종특별자치시교육청,9300226,다정초등학교,2026,,초등학교,휴업일,20270204,겨울방학,,Y,Y,Y,Y,Y,Y,20260322
I10,세종특별자치시교육청,9300226,다정초등학교,2026,,초등학교,휴업일,20270205,겨울방학,,Y,Y,Y,Y,Y,Y,20260322
I10,세종특별자치시교육청,9300226,다정초등학교,2026,,초등학교,휴업일,20270206,겨울방학,,Y,Y,Y,Y,Y,Y,20260322
I10,세종특별자치시교육청,9300226,다정초등학교,2026,,초등학교,휴업일,20270206,토요휴업일,,Y,Y,Y,Y,Y,Y,20260322
I10,세종특별자치시교육청,9300226,다정초등학교,2026,,초등학교,휴업일,20270207,겨울방학,,Y,Y,Y,Y,Y,Y,20260322
I10,세종특별자치시교육청,9300226,다정초등학교,2026,,초등학교,공휴일,20270207,설날,,Y,Y,Y,Y,Y,Y,20260322
I10,세종특별자치시교육청,9300226,다정초등학교,2026,,초등학교,휴업일,20270208,겨울방학,,Y,Y,Y,Y,Y,Y,20260322
I10,세종특별자치시교육청,9300226,다정초등학교,2026,,초등학교,휴업일,20270209,겨울방학,,Y,Y,Y,Y,Y,Y,20260322
I10,세종특별자치시교육청,9300226,다정초등학교,2026,,초등학교,휴업일,20270210,겨울방학,,Y,Y,Y,Y,Y,Y,20260322
I10,세종특별자치시교육청,9300226,다정초등학교,2026,,초등학교,휴업일,20270211,겨울방학,,Y,Y,Y,Y,Y,Y,20260322
I10,세종특별자치시교육청,9300226,다정초등학교,2026,,초등학교,휴업일,20270212,겨울방학,,Y,Y,Y,Y,Y,Y,20260322
I10,세종특별자치시교육청,9300226,다정초등학교,2026,,초등학교,휴업일,20270213,겨울방학,,Y,Y,Y,Y,Y,Y,20260322
I10,세종특별자치시교육청,9300226,다정초등학교,2026,,초등학교,휴업일,20270213,토요휴업일,,Y,Y,Y,Y,Y,Y,20260322
I10,세종특별자치시교육청,9300226,다정초등학교,2026,,초등학교,휴업일,20270214,겨울방학,,Y,Y,Y,Y,Y,Y,20260322
I10,세종특별자치시교육청,9300226,다정초등학교,2026,,초등학교,휴업일,20270215,겨울방학,,Y,Y,Y,Y,Y,Y,20260322
I10,세종특별자치시교육청,9300226,다정초등학교,2026,,초등학교,휴업일,20270216,겨울방학,,Y,Y,Y,Y,Y,Y,20260322
I10,세종특별자치시교육청,9300226,다정초등학교,2026,,초등학교,휴업일,20270217,겨울방학,,Y,Y,Y,Y,Y,Y,20260322
I10,세종특별자치시교육청,9300226,다정초등학교,2026,,초등학교,휴업일,20270218,겨울방학,,Y,Y,Y,Y,Y,Y,20260322
I10,세종특별자치시교육청,9300226,다정초등학교,2026,,초등학교,휴업일,20270219,겨울방학,,Y,Y,Y,Y,Y,Y,20260322
I10,세종특별자치시교육청,9300226,다정초등학교,2026,,초등학교,휴업일,20270220,겨울방학,,Y,Y,Y,Y,Y,Y,20260322
I10,세종특별자치시교육청,9300226,다정초등학교,2026,,초등학교,휴업일,20270220,토요휴업일,,Y,Y,Y,Y,Y,Y,20260322
I10,세종특별자치시교육청,9300226,다정초등학교,2026,,초등학교,휴업일,20270221,겨울방학,,Y,Y,Y,Y,Y,Y,20260322
I10,세종특별자치시교육청,9300226,다정초등학교,2026,,초등학교,휴업일,20270222,겨울방학,,Y,Y,Y,Y,Y,Y,20260322
I10,세종특별자치시교육청,9300226,다정초등학교,2026,,초등학교,휴업일,20270223,겨울방학,,Y,Y,Y,Y,Y,Y,20260322
I10,세종특별자치시교육청,9300226,다정초등학교,2026,,초등학교,휴업일,20270224,겨울방학,,Y,Y,Y,Y,Y,Y,20260322
I10,세종특별자치시교육청,9300226,다정초등학교,2026,,초등학교,휴업일,20270225,겨울방학,,Y,Y,Y,Y,Y,Y,20260322
I10,세종특별자치시교육청,9300226,다정초등학교,2026,,초등학교,휴업일,20270226,겨울방학,,Y,Y,Y,Y,Y,Y,20260322
I10,세종특별자치시교육청,9300226,다정초등학교,2026,,초등학교,휴업일,20270227,겨울방학,,Y,Y,Y,Y,Y,Y,20260322
I10,세종특별자치시교육청,9300226,다정초등학교,2026,,초등학교,휴업일,20270227,토요휴업일,,Y,Y,Y,Y,Y,Y,20260322
I10,세종특별자치시교육청,9300226,다정초등학교,2026,,초등학교,휴업일,20270228,겨울방학,,Y,Y,Y,Y,Y,Y,20260322
I10,세종특별자치시교육청,9300231,대평초등학교,2025,,초등학교,공휴일,20250301,3·1절,,Y,Y,Y,Y,Y,Y,20260322
I10,세종특별자치시교육청,9300231,대평초등학교,2025,,초등학교,공휴일,20250303,대체공휴일,,Y,Y,Y,Y,Y,Y,20260322
I10,세종특별자치시교육청,9300231,대평초등학교,2025,,초등학교,해당없음,20250304,입학식,,Y,N,N,N,N,N,20260322
I10,세종특별자치시교육청,9300231,대평초등학교,2025,,초등학교,해당없음,20250304,시업식,,N,Y,Y,Y,Y,Y,20260322
I10,세종특별자치시교육청,9300231,대평초등학교,2025,,초등학교,휴업일,20250308,토요휴업일,,Y,Y,Y,Y,Y,Y,20260322
I10,세종특별자치시교육청,9300231,대평초등학교,2025,,초등학교,휴업일,20250315,토요휴업일,,Y,Y,Y,Y,Y,Y,20260322
I10,세종특별자치시교육청,9300231,대평초등학교,2025,,초등학교,휴업일,20250322,토요휴업일,,Y,Y,Y,Y,Y,Y,20260322
I10,세종특별자치시교육청,9300231,대평초등학교,2025,,초등학교,휴업일,20250329,토요휴업일,,Y,Y,Y,Y,Y,Y,20260322
I10,세종특별자치시교육청,9300231,대평초등학교,2025,,초등학교,휴업일,20250405,토요휴업일,,Y,Y,Y,Y,Y,Y,20260322
I10,세종특별자치시교육청,9300231,대평초등학교,2025,,초등학교,휴업일,20250412,토요휴업일,,Y,Y,Y,Y,Y,Y,20260322
I10,세종특별자치시교육청,9300231,대평초등학교,2025,,초등학교,휴업일,20250419,토요휴업일,,Y,Y,Y,Y,Y,Y,20260322
I10,세종특별자치시교육청,9300231,대평초등학교,2025,,초등학교,휴업일,20250426,토요휴업일,,Y,Y,Y,Y,Y,Y,20260322
I10,세종특별자치시교육청,9300231,대평초등학교,2025,,초등학교,휴업일,20250501,개교기념일,개교기념일,Y,Y,Y,Y,Y,Y,20260322
I10,세종특별자치시교육청,9300231,대평초등학교,2025,,초등학교,휴업일,20250502,재량휴업일,,Y,Y,Y,Y,Y,Y,20260322
I10,세종특별자치시교육청,9300231,대평초등학교,2025,,초등학교,휴업일,20250503,토요휴업일,,Y,Y,Y,Y,Y,Y,20260322
I10,세종특별자치시교육청,9300231,대평초등학교,2025,,초등학교,공휴일,20250505,석가탄신일,,Y,Y,Y,Y,Y,Y,20260322
I10,세종특별자치시교육청,9300231,대평초등학교,2025,,초등학교,공휴일,20250506,대체공휴일,,Y,Y,Y,Y,Y,Y,20260322
I10,세종특별자치시교육청,9300231,대평초등학교,2025,,초등학교,휴업일,20250510,토요휴업일,,Y,Y,Y,Y,Y,Y,20260322
I10,세종특별자치시교육청,9300231,대평초등학교,2025,,초등학교,휴업일,20250517,토요휴업일,,Y,Y,Y,Y,Y,Y,20260322
I10,세종특별자치시교육청,9300231,대평초등학교,2025,,초등학교,휴업일,20250524,토요휴업일,,Y,Y,Y,Y,Y,Y,20260322
I10,세종특별자치시교육청,9300231,대평초등학교,2025,,초등학교,휴업일,20250531,토요휴업일,,Y,Y,Y,Y,Y,Y,20260322
I10,세종특별자치시교육청,9300231,대평초등학교,2025,,초등학교,휴업일,20250603,대통령선거,,Y,Y,Y,Y,Y,Y,20260322
I10,세종특별자치시교육청,9300231,대평초등학교,2025,,초등학교,공휴일,20250606,현충일,,Y,Y,Y,Y,Y,Y,20260322
I10,세종특별자치시교육청,9300231,대평초등학교,2025,,초등학교,휴업일,20250607,토요휴업일,,Y,Y,Y,Y,Y,Y,20260322
I10,세종특별자치시교육청,9300231,대평초등학교,2025,,초등학교,휴업일,20250614,토요휴업일,,Y,Y,Y,Y,Y,Y,20260322
I10,세종특별자치시교육청,9300231,대평초등학교,2025,,초등학교,휴업일,20250621,토요휴업일,,Y,Y,Y,Y,Y,Y,20260322
I10,세종특별자치시교육청,9300231,대평초등학교,2025,,초등학교,휴업일,20250628,토요휴업일,,Y,Y,Y,Y,Y,Y,20260322
I10,세종특별자치시교육청,9300231,대평초등학교,2025,,초등학교,휴업일,20250705,토요휴업일,,Y,Y,Y,Y,Y,Y,20260322
I10,세종특별자치시교육청,9300231,대평초등학교,2025,,초등학교,휴업일,20250712,토요휴업일,,Y,Y,Y,Y,Y,Y,20260322
I10,세종특별자치시교육청,9300231,대평초등학교,2025,,초등학교,휴업일,20250719,토요휴업일,,Y,Y,Y,Y,Y,Y,20260322
I10,세종특별자치시교육청,9300231,대평초등학교,2025,,초등학교,해당없음,20250723,여름방학식,,Y,Y,Y,Y,Y,Y,20260322
I10,세종특별자치시교육청,9300231,대평초등학교,2025,,초등학교,공휴일,20250724,여름방학,여름방학,Y,Y,Y,Y,Y,Y,20260322
I10,세종특별자치시교육청,9300231,대평초등학교,2025,,초등학교,공휴일,20250725,여름방학,여름방학,Y,Y,Y,Y,Y,Y,20260322
I10,세종특별자치시교육청,9300231,대평초등학교,2025,,초등학교,공휴일,20250726,여름방학,여름방학,Y,Y,Y,Y,Y,Y,20260322
I10,세종특별자치시교육청,9300231,대평초등학교,2025,,초등학교,휴업일,20250726,토요휴업일,,Y,Y,Y,Y,Y,Y,20260322
I10,세종특별자치시교육청,9300231,대평초등학교,2025,,초등학교,공휴일,20250727,여름방학,여름방학,Y,Y,Y,Y,Y,Y,20260322
I10,세종특별자치시교육청,9300231,대평초등학교,2025,,초등학교,공휴일,20250728,여름방학,여름방학,Y,Y,Y,Y,Y,Y,20260322
I10,세종특별자치시교육청,9300231,대평초등학교,2025,,초등학교,공휴일,20250729,여름방학,여름방학,Y,Y,Y,Y,Y,Y,20260322
I10,세종특별자치시교육청,9300231,대평초등학교,2025,,초등학교,공휴일,20250730,여름방학,여름방학,Y,Y,Y,Y,Y,Y,20260322
I10,세종특별자치시교육청,9300231,대평초등학교,2025,,초등학교,공휴일,20250731,여름방학,여름방학,Y,Y,Y,Y,Y,Y,20260322
I10,세종특별자치시교육청,9300231,대평초등학교,2025,,초등학교,공휴일,20250801,여름방학,여름방학,Y,Y,Y,Y,Y,Y,20260322
I10,세종특별자치시교육청,9300231,대평초등학교,2025,,초등학교,공휴일,20250802,여름방학,여름방학,Y,Y,Y,Y,Y,Y,20260322
I10,세종특별자치시교육청,9300231,대평초등학교,2025,,초등학교,휴업일,20250802,토요휴업일,,Y,Y,Y,Y,Y,Y,20260322
I10,세종특별자치시교육청,9300231,대평초등학교,2025,,초등학교,공휴일,20250803,여름방학,여름방학,Y,Y,Y,Y,Y,Y,20260322
I10,세종특별자치시교육청,9300231,대평초등학교,2025,,초등학교,공휴일,20250804,여름방학,여름방학,Y,Y,Y,Y,Y,Y,20260322
I10,세종특별자치시교육청,9300231,대평초등학교,2025,,초등학교,공휴일,20250805,여름방학,여름방학,Y,Y,Y,Y,Y,Y,20260322
I10,세종특별자치시교육청,9300231,대평초등학교,2025,,초등학교,공휴일,20250806,여름방학,여름방학,Y,Y,Y,Y,Y,Y,20260322
I10,세종특별자치시교육청,9300231,대평초등학교,2025,,초등학교,공휴일,20250807,여름방학,여름방학,Y,Y,Y,Y,Y,Y,20260322
I10,세종특별자치시교육청,9300231,대평초등학교,2025,,초등학교,공휴일,20250808,여름방학,여름방학,Y,Y,Y,Y,Y,Y,20260322
I10,세종특별자치시교육청,9300231,대평초등학교,2025,,초등학교,공휴일,20250809,여름방학,여름방학,Y,Y,Y,Y,Y,Y,20260322
I10,세종특별자치시교육청,9300231,대평초등학교,2025,,초등학교,휴업일,20250809,토요휴업일,,Y,Y,Y,Y,Y,Y,20260322
I10,세종특별자치시교육청,9300231,대평초등학교,2025,,초등학교,공휴일,20250810,여름방학,여름방학,Y,Y,Y,Y,Y,Y,20260322
I10,세종특별자치시교육청,9300231,대평초등학교,2025,,초등학교,공휴일,20250811,여름방학,여름방학,Y,Y,Y,Y,Y,Y,20260322
I10,세종특별자치시교육청,9300231,대평초등학교,2025,,초등학교,공휴일,20250812,여름방학,여름방학,Y,Y,Y,Y,Y,Y,20260322
I10,세종특별자치시교육청,9300231,대평초등학교,2025,,초등학교,공휴일,20250813,여름방학,여름방학,Y,Y,Y,Y,Y,Y,20260322
I10,세종특별자치시교육청,9300231,대평초등학교,2025,,초등학교,공휴일,20250814,여름방학,여름방학,Y,Y,Y,Y,Y,Y,20260322
I10,세종특별자치시교육청,9300231,대평초등학교,2025,,초등학교,공휴일,20250815,여름방학,여름방학,Y,Y,Y,Y,Y,Y,20260322
I10,세종특별자치시교육청,9300231,대평초등학교,2025,,초등학교,공휴일,20250815,광복절,,Y,Y,Y,Y,Y,Y,20260322
I10,세종특별자치시교육청,9300231,대평초등학교,2025,,초등학교,공휴일,20250816,여름방학,여름방학,Y,Y,Y,Y,Y,Y,20260322
I10,세종특별자치시교육청,9300231,대평초등학교,2025,,초등학교,휴업일,20250816,토요휴업일,,Y,Y,Y,Y,Y,Y,20260322
I10,세종특별자치시교육청,9300231,대평초등학교,2025,,초등학교,공휴일,20250817,여름방학,여름방학,Y,Y,Y,Y,Y,Y,20260322
I10,세종특별자치시교육청,9300231,대평초등학교,2025,,초등학교,해당없음,20250818,여름개학식,개학식,Y,Y,Y,Y,Y,Y,20260322
I10,세종특별자치시교육청,9300231,대평초등학교,2025,,초등학교,휴업일,20250823,토요휴업일,,Y,Y,Y,Y,Y,Y,20260322
I10,세종특별자치시교육청,9300231,대평초등학교,2025,,초등학교,휴업일,20250830,토요휴업일,,Y,Y,Y,Y,Y,Y,20260322
I10,세종특별자치시교육청,9300231,대평초등학교,2025,,초등학교,휴업일,20250906,토요휴업일,,Y,Y,Y,Y,Y,Y,20260322
I10,세종특별자치시교육청,9300231,대평초등학교,2025,,초등학교,휴업일,20250913,토요휴업일,,Y,Y,Y,Y,Y,Y,20260322
I10,세종특별자치시교육청,9300231,대평초등학교,2025,,초등학교,휴업일,20250920,토요휴업일,,Y,Y,Y,Y,Y,Y,20260322
I10,세종특별자치시교육청,9300231,대평초등학교,2025,,초등학교,휴업일,20250927,토요휴업일,,Y,Y,Y,Y,Y,Y,20260322
I10,세종특별자치시교육청,9300231,대평초등학교,2025,,초등학교,공휴일,20251003,개천절,,Y,Y,Y,Y,Y,Y,20260322
I10,세종특별자치시교육청,9300231,대평초등학교,2025,,초등학교,휴업일,20251004,토요휴업일,,Y,Y,Y,Y,Y,Y,20260322
I10,세종특별자치시교육청,9300231,대평초등학교,2025,,초등학교,공휴일,20251005,추석,,Y,Y,Y,Y,Y,Y,20260322
I10,세종특별자치시교육청,9300231,대평초등학교,2025,,초등학교,공휴일,20251006,추석,,Y,Y,Y,Y,Y,Y,20260322
I10,세종특별자치시교육청,9300231,대평초등학교,2025,,초등학교,공휴일,20251007,추석,,Y,Y,Y,Y,Y,Y,20260322
I10,세종특별자치시교육청,9300231,대평초등학교,2025,,초등학교,공휴일,20251008,대체공휴일,,Y,Y,Y,Y,Y,Y,20260322
I10,세종특별자치시교육청,9300231,대평초등학교,2025,,초등학교,공휴일,20251009,한글날,,Y,Y,Y,Y,Y,Y,20260322
I10,세종특별자치시교육청,9300231,대평초등학교,2025,,초등학교,휴업일,20251010,재량휴업일,,Y,Y,Y,Y,Y,Y,20260322
I10,세종특별자치시교육청,9300231,대평초등학교,2025,,초등학교,휴업일,20251011,토요휴업일,,Y,Y,Y,Y,Y,Y,20260322
I10,세종특별자치시교육청,9300231,대평초등학교,2025,,초등학교,휴업일,20251018,토요휴업일,,Y,Y,Y,Y,Y,Y,20260322
I10,세종특별자치시교육청,9300231,대평초등학교,2025,,초등학교,휴업일,20251025,토요휴업일,,Y,Y,Y,Y,Y,Y,20260322
I10,세종특별자치시교육청,9300231,대평초등학교,2025,,초등학교,휴업일,20251101,토요휴업일,,Y,Y,Y,Y,Y,Y,20260322
I10,세종특별자치시교육청,9300231,대평초등학교,2025,,초등학교,휴업일,20251108,토요휴업일,,Y,Y,Y,Y,Y,Y,20260322
I10,세종특별자치시교육청,9300231,대평초등학교,2025,,초등학교,휴업일,20251115,토요휴업일,,Y,Y,Y,Y,Y,Y,20260322
I10,세종특별자치시교육청,9300231,대평초등학교,2025,,초등학교,휴업일,20251122,토요휴업일,,Y,Y,Y,Y,Y,Y,20260322
I10,세종특별자치시교육청,9300231,대평초등학교,2025,,초등학교,휴업일,20251129,토요휴업일,,Y,Y,Y,Y,Y,Y,20260322
I10,세종특별자치시교육청,9300231,대평초등학교,2025,,초등학교,휴업일,20251206,토요휴업일,,Y,Y,Y,Y,Y,Y,20260322
I10,세종특별자치시교육청,9300231,대평초등학교,2025,,초등학교,휴업일,20251213,토요휴업일,,Y,Y,Y,Y,Y,Y,20260322
I10,세종특별자치시교육청,9300231,대평초등학교,2025,,초등학교,휴업일,20251220,토요휴업일,,Y,Y,Y,Y,Y,Y,20260322
I10,세종특별자치시교육청,9300231,대평초등학교,2025,,초등학교,공휴일,20251225,성탄절,,Y,Y,Y,Y,Y,Y,20260322
I10,세종특별자치시교육청,9300231,대평초등학교,2025,,초등학교,휴업일,20251227,토요휴업일,,Y,Y,Y,Y,Y,Y,20260322
I10,세종특별자치시교육청,9300231,대평초등학교,2025,,초등학교,공휴일,20260101,신정,,Y,Y,Y,Y,Y,Y,20260322
I10,세종특별자치시교육청,9300231,대평초등학교,2025,,초등학교,휴업일,20260103,토요휴업일,,Y,Y,Y,Y,Y,Y,20260322
I10,세종특별자치시교육청,9300231,대평초등학교,2025,,초등학교,해당없음,20260106,종업식,종업식,Y,Y,Y,Y,Y,N,20260322
I10,세종특별자치시교육청,9300231,대평초등학교,2025,,초등학교,해당없음,20260106,졸업식,,N,N,N,N,N,Y,20260322
I10,세종특별자치시교육청,9300231,대평초등학교,2025,,초등학교,공휴일,20260107,겨울방학,,Y,Y,Y,Y,Y,Y,20260322
I10,세종특별자치시교육청,9300231,대평초등학교,2025,,초등학교,공휴일,20260108,겨울방학,,Y,Y,Y,Y,Y,Y,20260322
I10,세종특별자치시교육청,9300231,대평초등학교,2025,,초등학교,공휴일,20260109,겨울방학,,Y,Y,Y,Y,Y,Y,20260322
I10,세종특별자치시교육청,9300231,대평초등학교,2025,,초등학교,공휴일,20260110,겨울방학,,Y,Y,Y,Y,Y,Y,20260322
I10,세종특별자치시교육청,9300231,대평초등학교,2025,,초등학교,휴업일,20260110,토요휴업일,,Y,Y,Y,Y,Y,Y,20260322
I10,세종특별자치시교육청,9300231,대평초등학교,2025,,초등학교,공휴일,20260111,겨울방학,,Y,Y,Y,Y,Y,Y,20260322
I10,세종특별자치시교육청,9300231,대평초등학교,2025,,초등학교,공휴일,20260112,겨울방학,,Y,Y,Y,Y,Y,Y,20260322
I10,세종특별자치시교육청,9300231,대평초등학교,2025,,초등학교,공휴일,20260113,겨울방학,,Y,Y,Y,Y,Y,Y,20260322
I10,세종특별자치시교육청,9300231,대평초등학교,2025,,초등학교,공휴일,20260114,겨울방학,,Y,Y,Y,Y,Y,Y,20260322
I10,세종특별자치시교육청,9300231,대평초등학교,2025,,초등학교,공휴일,20260115,겨울방학,,Y,Y,Y,Y,Y,Y,20260322
I10,세종특별자치시교육청,9300231,대평초등학교,2025,,초등학교,공휴일,20260116,겨울방학,,Y,Y,Y,Y,Y,Y,20260322
I10,세종특별자치시교육청,9300231,대평초등학교,2025,,초등학교,공휴일,20260117,겨울방학,,Y,Y,Y,Y,Y,Y,20260322
I10,세종특별자치시교육청,9300231,대평초등학교,2025,,초등학교,휴업일,20260117,토요휴업일,,Y,Y,Y,Y,Y,Y,20260322
I10,세종특별자치시교육청,9300231,대평초등학교,2025,,초등학교,공휴일,20260118,겨울방학,,Y,Y,Y,Y,Y,Y,20260322
I10,세종특별자치시교육청,9300231,대평초등학교,2025,,초등학교,공휴일,20260119,겨울방학,,Y,Y,Y,Y,Y,Y,20260322
I10,세종특별자치시교육청,9300231,대평초등학교,2025,,초등학교,공휴일,20260120,겨울방학,,Y,Y,Y,Y,Y,Y,20260322
I10,세종특별자치시교육청,9300231,대평초등학교,2025,,초등학교,공휴일,20260121,겨울방학,,Y,Y,Y,Y,Y,Y,20260322
I10,세종특별자치시교육청,9300231,대평초등학교,2025,,초등학교,공휴일,20260122,겨울방학,,Y,Y,Y,Y,Y,Y,20260322
I10,세종특별자치시교육청,9300231,대평초등학교,2025,,초등학교,공휴일,20260123,겨울방학,,Y,Y,Y,Y,Y,Y,20260322
I10,세종특별자치시교육청,9300231,대평초등학교,2025,,초등학교,공휴일,20260124,겨울방학,,Y,Y,Y,Y,Y,Y,20260322
I10,세종특별자치시교육청,9300231,대평초등학교,2025,,초등학교,휴업일,20260124,토요휴업일,,Y,Y,Y,Y,Y,Y,20260322
I10,세종특별자치시교육청,9300231,대평초등학교,2025,,초등학교,공휴일,20260125,겨울방학,,Y,Y,Y,Y,Y,Y,20260322
I10,세종특별자치시교육청,9300231,대평초등학교,2025,,초등학교,공휴일,20260126,겨울방학,,Y,Y,Y,Y,Y,Y,20260322
I10,세종특별자치시교육청,9300231,대평초등학교,2025,,초등학교,공휴일,20260127,겨울방학,,Y,Y,Y,Y,Y,Y,20260322
I10,세종특별자치시교육청,9300231,대평초등학교,2025,,초등학교,공휴일,20260128,겨울방학,,Y,Y,Y,Y,Y,Y,20260322
I10,세종특별자치시교육청,9300231,대평초등학교,2025,,초등학교,공휴일,20260129,겨울방학,,Y,Y,Y,Y,Y,Y,20260322
I10,세종특별자치시교육청,9300231,대평초등학교,2025,,초등학교,공휴일,20260130,겨울방학,,Y,Y,Y,Y,Y,Y,20260322
I10,세종특별자치시교육청,9300231,대평초등학교,2025,,초등학교,공휴일,20260131,겨울방학,,Y,Y,Y,Y,Y,Y,20260322
I10,세종특별자치시교육청,9300231,대평초등학교,2025,,초등학교,휴업일,20260131,토요휴업일,,Y,Y,Y,Y,Y,Y,20260322
I10,세종특별자치시교육청,9300231,대평초등학교,2025,,초등학교,공휴일,20260201,겨울방학,,Y,Y,Y,Y,Y,Y,20260322
I10,세종특별자치시교육청,9300231,대평초등학교,2025,,초등학교,공휴일,20260202,겨울방학,,Y,Y,Y,Y,Y,Y,20260322
I10,세종특별자치시교육청,9300231,대평초등학교,2025,,초등학교,공휴일,20260203,겨울방학,,Y,Y,Y,Y,Y,Y,20260322
I10,세종특별자치시교육청,9300231,대평초등학교,2025,,초등학교,공휴일,20260204,겨울방학,,Y,Y,Y,Y,Y,Y,20260322
I10,세종특별자치시교육청,9300231,대평초등학교,2025,,초등학교,공휴일,20260205,겨울방학,,Y,Y,Y,Y,Y,Y,20260322
I10,세종특별자치시교육청,9300231,대평초등학교,2025,,초등학교,공휴일,20260206,겨울방학,,Y,Y,Y,Y,Y,Y,20260322
I10,세종특별자치시교육청,9300231,대평초등학교,2025,,초등학교,공휴일,20260207,겨울방학,,Y,Y,Y,Y,Y,Y,20260322
I10,세종특별자치시교육청,9300231,대평초등학교,2025,,초등학교,휴업일,20260207,토요휴업일,,Y,Y,Y,Y,Y,Y,20260322
I10,세종특별자치시교육청,9300231,대평초등학교,2025,,초등학교,공휴일,20260208,겨울방학,,Y,Y,Y,Y,Y,Y,20260322
I10,세종특별자치시교육청,9300231,대평초등학교,2025,,초등학교,공휴일,20260209,겨울방학,,Y,Y,Y,Y,Y,Y,20260322
I10,세종특별자치시교육청,9300231,대평초등학교,2025,,초등학교,공휴일,20260210,겨울방학,,Y,Y,Y,Y,Y,Y,20260322
I10,세종특별자치시교육청,9300231,대평초등학교,2025,,초등학교,공휴일,20260211,겨울방학,,Y,Y,Y,Y,Y,Y,20260322
I10,세종특별자치시교육청,9300231,대평초등학교,2025,,초등학교,공휴일,20260212,겨울방학,,Y,Y,Y,Y,Y,Y,20260322
I10,세종특별자치시교육청,9300231,대평초등학교,2025,,초등학교,공휴일,20260213,겨울방학,,Y,Y,Y,Y,Y,Y,20260322
I10,세종특별자치시교육청,9300231,대평초등학교,2025,,초등학교,공휴일,20260214,겨울방학,,Y,Y,Y,Y,Y,Y,20260322
I10,세종특별자치시교육청,9300231,대평초등학교,2025,,초등학교,휴업일,20260214,토요휴업일,,Y,Y,Y,Y,Y,Y,20260322
I10,세종특별자치시교육청,9300231,대평초등학교,2025,,초등학교,공휴일,20260215,겨울방학,,Y,Y,Y,Y,Y,Y,20260322
I10,세종특별자치시교육청,9300231,대평초등학교,2025,,초등학교,공휴일,20260216,겨울방학,,Y,Y,Y,Y,Y,Y,20260322
I10,세종특별자치시교육청,9300231,대평초등학교,2025,,초등학교,공휴일,20260216,설날,,Y,Y,Y,Y,Y,Y,20260322
I10,세종특별자치시교육청,9300231,대평초등학교,2025,,초등학교,공휴일,20260217,겨울방학,,Y,Y,Y,Y,Y,Y,20260322
I10,세종특별자치시교육청,9300231,대평초등학교,2025,,초등학교,공휴일,20260217,설날,,Y,Y,Y,Y,Y,Y,20260322
I10,세종특별자치시교육청,9300231,대평초등학교,2025,,초등학교,공휴일,20260218,겨울방학,,Y,Y,Y,Y,Y,Y,20260322
I10,세종특별자치시교육청,9300231,대평초등학교,2025,,초등학교,공휴일,20260218,설날,,Y,Y,Y,Y,Y,Y,20260322
I10,세종특별자치시교육청,9300231,대평초등학교,2025,,초등학교,공휴일,20260219,겨울방학,,Y,Y,Y,Y,Y,Y,20260322
I10,세종특별자치시교육청,9300231,대평초등학교,2025,,초등학교,공휴일,20260220,겨울방학,,Y,Y,Y,Y,Y,Y,20260322
I10,세종특별자치시교육청,9300231,대평초등학교,2025,,초등학교,공휴일,20260221,겨울방학,,Y,Y,Y,Y,Y,Y,20260322
I10,세종특별자치시교육청,9300231,대평초등학교,2025,,초등학교,휴업일,20260221,토요휴업일,,Y,Y,Y,Y,Y,Y,20260322
I10,세종특별자치시교육청,9300231,대평초등학교,2025,,초등학교,공휴일,20260222,겨울방학,,Y,Y,Y,Y,Y,Y,20260322
I10,세종특별자치시교육청,9300231,대평초등학교,2025,,초등학교,공휴일,20260223,겨울방학,,Y,Y,Y,Y,Y,Y,20260322
I10,세종특별자치시교육청,9300231,대평초등학교,2025,,초등학교,공휴일,20260224,겨울방학,,Y,Y,Y,Y,Y,Y,20260322
I10,세종특별자치시교육청,9300231,대평초등학교,2025,,초등학교,공휴일,20260225,겨울방학,,Y,Y,Y,Y,Y,Y,20260322
I10,세종특별자치시교육청,9300231,대평초등학교,2025,,초등학교,공휴일,20260226,겨울방학,,Y,Y,Y,Y,Y,Y,20260322
I10,세종특별자치시교육청,9300231,대평초등학교,2025,,초등학교,공휴일,20260227,겨울방학,,Y,Y,Y,Y,Y,Y,20260322
I10,세종특별자치시교육청,9300231,대평초등학교,2025,,초등학교,공휴일,20260228,겨울방학,,Y,Y,Y,Y,Y,Y,20260322
I10,세종특별자치시교육청,9300231,대평초등학교,2025,,초등학교,휴업일,20260228,토요휴업일,,Y,Y,Y,Y,Y,Y,20260322
I10,세종특별자치시교육청,9300231,대평초등학교,2026,,초등학교,공휴일,20260301,3·1절,,Y,Y,Y,Y,Y,Y,20260322
I10,세종특별자치시교육청,9300231,대평초등학교,2026,,초등학교,공휴일,20260302,대체공휴일,,Y,Y,Y,Y,Y,Y,20260322
I10,세종특별자치시교육청,9300231,대평초등학교,2026,,초등학교,해당없음,20260303,입학식,,Y,N,N,N,N,N,20260322
I10,세종특별자치시교육청,9300231,대평초등학교,2026,,초등학교,해당없음,20260303,시업식,,N,Y,Y,Y,Y,Y,20260322
I10,세종특별자치시교육청,9300231,대평초등학교,2026,,초등학교,휴업일,20260307,토요휴업일,,Y,Y,Y,Y,Y,Y,20260322
I10,세종특별자치시교육청,9300231,대평초등학교,2026,,초등학교,휴업일,20260314,토요휴업일,,Y,Y,Y,Y,Y,Y,20260322
I10,세종특별자치시교육청,9300231,대평초등학교,2026,,초등학교,휴업일,20260321,토요휴업일,,Y,Y,Y,Y,Y,Y,20260322
I10,세종특별자치시교육청,9300231,대평초등학교,2026,,초등학교,휴업일,20260328,토요휴업일,,Y,Y,Y,Y,Y,Y,20260322
I10,세종특별자치시교육청,9300231,대평초등학교,2026,,초등학교,휴업일,20260404,토요휴업일,,Y,Y,Y,Y,Y,Y,20260322
I10,세종특별자치시교육청,9300231,대평초등학교,2026,,초등학교,휴업일,20260411,토요휴업일,,Y,Y,Y,Y,Y,Y,20260322
I10,세종특별자치시교육청,9300231,대평초등학교,2026,,초등학교,휴업일,20260418,토요휴업일,,Y,Y,Y,Y,Y,Y,20260322
I10,세종특별자치시교육청,9300231,대평초등학교,2026,,초등학교,휴업일,20260425,토요휴업일,,Y,Y,Y,Y,Y,Y,20260322
I10,세종특별자치시교육청,9300231,대평초등학교,2026,,초등학교,휴업일,20260501,개교기념일,,Y,Y,Y,Y,Y,Y,20260322
I10,세종특별자치시교육청,9300231,대평초등학교,2026,,초등학교,휴업일,20260502,토요휴업일,,Y,Y,Y,Y,Y,Y,20260322
I10,세종특별자치시교육청,9300231,대평초등학교,2026,,초등학교,휴업일,20260504,재량휴업일,,Y,Y,Y,Y,Y,Y,20260322
I10,세종특별자치시교육청,9300231,대평초등학교,2026,,초등학교,공휴일,20260505,어린이날,,Y,Y,Y,Y,Y,Y,20260322
I10,세종특별자치시교육청,9300231,대평초등학교,2026,,초등학교,휴업일,20260509,토요휴업일,,Y,Y,Y,Y,Y,Y,20260322
I10,세종특별자치시교육청,9300231,대평초등학교,2026,,초등학교,휴업일,20260516,토요휴업일,,Y,Y,Y,Y,Y,Y,20260322
I10,세종특별자치시교육청,9300231,대평초등학교,2026,,초등학교,휴업일,20260523,토요휴업일,,Y,Y,Y,Y,Y,Y,20260322
I10,세종특별자치시교육청,9300231,대평초등학교,2026,,초등학교,공휴일,20260524,석가탄신일,,Y,Y,Y,Y,Y,Y,20260322
I10,세종특별자치시교육청,9300231,대평초등학교,2026,,초등학교,공휴일,20260525,대체공휴일,,Y,Y,Y,Y,Y,Y,20260322
I10,세종특별자치시교육청,9300231,대평초등학교,2026,,초등학교,휴업일,20260530,토요휴업일,,Y,Y,Y,Y,Y,Y,20260322
I10,세종특별자치시교육청,9300231,대평초등학교,2026,,초등학교,휴업일,20260603,지방선거일,,Y,Y,Y,Y,Y,Y,20260322
I10,세종특별자치시교육청,9300231,대평초등학교,2026,,초등학교,공휴일,20260606,현충일,,Y,Y,Y,Y,Y,Y,20260322
I10,세종특별자치시교육청,9300231,대평초등학교,2026,,초등학교,휴업일,20260613,토요휴업일,,Y,Y,Y,Y,Y,Y,20260322
I10,세종특별자치시교육청,9300231,대평초등학교,2026,,초등학교,휴업일,20260620,토요휴업일,,Y,Y,Y,Y,Y,Y,20260322
I10,세종특별자치시교육청,9300231,대평초등학교,2026,,초등학교,휴업일,20260627,토요휴업일,,Y,Y,Y,Y,Y,Y,20260322
I10,세종특별자치시교육청,9300231,대평초등학교,2026,,초등학교,휴업일,20260704,토요휴업일,,Y,Y,Y,Y,Y,Y,20260322
I10,세종특별자치시교육청,9300231,대평초등학교,2026,,초등학교,휴업일,20260711,토요휴업일,,Y,Y,Y,Y,Y,Y,20260322
I10,세종특별자치시교육청,9300231,대평초등학교,2026,,초등학교,공휴일,20260717,제헌절,,Y,Y,Y,Y,Y,Y,20260322
I10,세종특별자치시교육청,9300231,대평초등학교,2026,,초등학교,휴업일,20260718,토요휴업일,,Y,Y,Y,Y,Y,Y,20260322
I10,세종특별자치시교육청,9300231,대평초등학교,2026,,초등학교,해당없음,20260723,여름방학식,,Y,Y,Y,Y,Y,Y,20260322
I10,세종특별자치시교육청,9300231,대평초등학교,2026,,초등학교,공휴일,20260724,여름방학,,Y,Y,Y,Y,Y,Y,20260322
I10,세종특별자치시교육청,9300231,대평초등학교,2026,,초등학교,공휴일,20260725,여름방학,,Y,Y,Y,Y,Y,Y,20260322
I10,세종특별자치시교육청,9300231,대평초등학교,2026,,초등학교,휴업일,20260725,토요휴업일,,Y,Y,Y,Y,Y,Y,20260322
I10,세종특별자치시교육청,9300231,대평초등학교,2026,,초등학교,공휴일,20260726,여름방학,,Y,Y,Y,Y,Y,Y,20260322
I10,세종특별자치시교육청,9300231,대평초등학교,2026,,초등학교,공휴일,20260727,여름방학,,Y,Y,Y,Y,Y,Y,20260322
I10,세종특별자치시교육청,9300231,대평초등학교,2026,,초등학교,공휴일,20260728,여름방학,,Y,Y,Y,Y,Y,Y,20260322
I10,세종특별자치시교육청,9300231,대평초등학교,2026,,초등학교,공휴일,20260729,여름방학,,Y,Y,Y,Y,Y,Y,20260322
I10,세종특별자치시교육청,9300231,대평초등학교,2026,,초등학교,공휴일,20260730,여름방학,,Y,Y,Y,Y,Y,Y,20260322
I10,세종특별자치시교육청,9300231,대평초등학교,2026,,초등학교,공휴일,20260731,여름방학,,Y,Y,Y,Y,Y,Y,20260322
I10,세종특별자치시교육청,9300231,대평초등학교,2026,,초등학교,공휴일,20260801,여름방학,,Y,Y,Y,Y,Y,Y,20260322
I10,세종특별자치시교육청,9300231,대평초등학교,2026,,초등학교,휴업일,20260801,토요휴업일,,Y,Y,Y,Y,Y,Y,20260322
I10,세종특별자치시교육청,9300231,대평초등학교,2026,,초등학교,공휴일,20260802,여름방학,,Y,Y,Y,Y,Y,Y,20260322
I10,세종특별자치시교육청,9300231,대평초등학교,2026,,초등학교,공휴일,20260803,여름방학,,Y,Y,Y,Y,Y,Y,20260322
I10,세종특별자치시교육청,9300231,대평초등학교,2026,,초등학교,공휴일,20260804,여름방학,,Y,Y,Y,Y,Y,Y,20260322
I10,세종특별자치시교육청,9300231,대평초등학교,2026,,초등학교,공휴일,20260805,여름방학,,Y,Y,Y,Y,Y,Y,20260322
I10,세종특별자치시교육청,9300231,대평초등학교,2026,,초등학교,공휴일,20260806,여름방학,,Y,Y,Y,Y,Y,Y,20260322
I10,세종특별자치시교육청,9300231,대평초등학교,2026,,초등학교,공휴일,20260807,여름방학,,Y,Y,Y,Y,Y,Y,20260322
I10,세종특별자치시교육청,9300231,대평초등학교,2026,,초등학교,공휴일,20260808,여름방학,,Y,Y,Y,Y,Y,Y,20260322
I10,세종특별자치시교육청,9300231,대평초등학교,2026,,초등학교,휴업일,20260808,토요휴업일,,Y,Y,Y,Y,Y,Y,20260322
I10,세종특별자치시교육청,9300231,대평초등학교,2026,,초등학교,공휴일,20260809,여름방학,,Y,Y,Y,Y,Y,Y,20260322
I10,세종특별자치시교육청,9300231,대평초등학교,2026,,초등학교,공휴일,20260810,여름방학,,Y,Y,Y,Y,Y,Y,20260322
I10,세종특별자치시교육청,9300231,대평초등학교,2026,,초등학교,공휴일,20260811,여름방학,,Y,Y,Y,Y,Y,Y,20260322
I10,세종특별자치시교육청,9300231,대평초등학교,2026,,초등학교,공휴일,20260812,여름방학,,Y,Y,Y,Y,Y,Y,20260322
I10,세종특별자치시교육청,9300231,대평초등학교,2026,,초등학교,공휴일,20260813,여름방학,,Y,Y,Y,Y,Y,Y,20260322
I10,세종특별자치시교육청,9300231,대평초등학교,2026,,초등학교,공휴일,20260814,여름방학,,Y,Y,Y,Y,Y,Y,20260322
I10,세종특별자치시교육청,9300231,대평초등학교,2026,,초등학교,공휴일,20260815,여름방학,,Y,Y,Y,Y,Y,Y,20260322
I10,세종특별자치시교육청,9300231,대평초등학교,2026,,초등학교,공휴일,20260815,광복절,,Y,Y,Y,Y,Y,Y,20260322
I10,세종특별자치시교육청,9300231,대평초등학교,2026,,초등학교,공휴일,20260816,여름방학,,Y,Y,Y,Y,Y,Y,20260322
I10,세종특별자치시교육청,9300231,대평초등학교,2026,,초등학교,공휴일,20260817,여름방학,,Y,Y,Y,Y,Y,Y,20260322
I10,세종특별자치시교육청,9300231,대평초등학교,2026,,초등학교,공휴일,20260817,대체공휴일,,Y,Y,Y,Y,Y,Y,20260322
I10,세종특별자치시교육청,9300231,대평초등학교,2026,,초등학교,해당없음,20260818,여름개학식,,Y,Y,Y,Y,Y,Y,20260322
I10,세종특별자치시교육청,9300231,대평초등학교,2026,,초등학교,휴업일,20260822,토요휴업일,,Y,Y,Y,Y,Y,Y,20260322
I10,세종특별자치시교육청,9300231,대평초등학교,2026,,초등학교,휴업일,20260829,토요휴업일,,Y,Y,Y,Y,Y,Y,20260322
I10,세종특별자치시교육청,9300231,대평초등학교,2026,,초등학교,휴업일,20260905,토요휴업일,,Y,Y,Y,Y,Y,Y,20260322
I10,세종특별자치시교육청,9300231,대평초등학교,2026,,초등학교,휴업일,20260912,토요휴업일,,Y,Y,Y,Y,Y,Y,20260322
I10,세종특별자치시교육청,9300231,대평초등학교,2026,,초등학교,휴업일,20260919,토요휴업일,,Y,Y,Y,Y,Y,Y,20260322
I10,세종특별자치시교육청,9300231,대평초등학교,2026,,초등학교,공휴일,20260924,추석연휴,,Y,Y,Y,Y,Y,Y,20260322
I10,세종특별자치시교육청,9300231,대평초등학교,2026,,초등학교,공휴일,20260925,추석,,Y,Y,Y,Y,Y,Y,20260322
I10,세종특별자치시교육청,9300231,대평초등학교,2026,,초등학교,휴업일,20260926,토요휴업일,,Y,Y,Y,Y,Y,Y,20260322
I10,세종특별자치시교육청,9300231,대평초등학교,2026,,초등학교,공휴일,20261003,개천절,,Y,Y,Y,Y,Y,Y,20260322
I10,세종특별자치시교육청,9300231,대평초등학교,2026,,초등학교,공휴일,20261005,대체공휴일,,Y,Y,Y,Y,Y,Y,20260322
I10,세종특별자치시교육청,9300231,대평초등학교,2026,,초등학교,공휴일,20261009,한글날,,Y,Y,Y,Y,Y,Y,20260322
I10,세종특별자치시교육청,9300231,대평초등학교,2026,,초등학교,휴업일,20261010,토요휴업일,,Y,Y,Y,Y,Y,Y,20260322
I10,세종특별자치시교육청,9300231,대평초등학교,2026,,초등학교,휴업일,20261017,토요휴업일,,Y,Y,Y,Y,Y,Y,20260322
I10,세종특별자치시교육청,9300231,대평초등학교,2026,,초등학교,휴업일,20261024,토요휴업일,,Y,Y,Y,Y,Y,Y,20260322
I10,세종특별자치시교육청,9300231,대평초등학교,2026,,초등학교,휴업일,20261031,토요휴업일,,Y,Y,Y,Y,Y,Y,20260322
I10,세종특별자치시교육청,9300231,대평초등학교,2026,,초등학교,휴업일,20261107,토요휴업일,,Y,Y,Y,Y,Y,Y,20260322
I10,세종특별자치시교육청,9300231,대평초등학교,2026,,초등학교,휴업일,20261114,토요휴업일,,Y,Y,Y,Y,Y,Y,20260322
I10,세종특별자치시교육청,9300231,대평초등학교,2026,,초등학교,휴업일,20261121,토요휴업일,,Y,Y,Y,Y,Y,Y,20260322
I10,세종특별자치시교육청,9300231,대평초등학교,2026,,초등학교,휴업일,20261128,토요휴업일,,Y,Y,Y,Y,Y,Y,20260322
I10,세종특별자치시교육청,9300231,대평초등학교,2026,,초등학교,휴업일,20261205,토요휴업일,,Y,Y,Y,Y,Y,Y,20260322
I10,세종특별자치시교육청,9300231,대평초등학교,2026,,초등학교,휴업일,20261212,토요휴업일,,Y,Y,Y,Y,Y,Y,20260322
I10,세종특별자치시교육청,9300231,대평초등학교,2026,,초등학교,휴업일,20261219,토요휴업일,,Y,Y,Y,Y,Y,Y,20260322
I10,세종특별자치시교육청,9300231,대평초등학교,2026,,초등학교,공휴일,20261225,성탄절,,Y,Y,Y,Y,Y,Y,20260322
I10,세종특별자치시교육청,9300231,대평초등학교,2026,,초등학교,휴업일,20261226,토요휴업일,,Y,Y,Y,Y,Y,Y,20260322
I10,세종특별자치시교육청,9300231,대평초등학교,2026,,초등학교,해당없음,20261231,종업식,,Y,Y,Y,Y,Y,N,20260322
I10,세종특별자치시교육청,9300231,대평초등학교,2026,,초등학교,해당없음,20261231,졸업식,,N,N,N,N,N,Y,20260322
I10,세종특별자치시교육청,9300231,대평초등학교,2026,,초등학교,공휴일,20270101,겨울방학,,Y,Y,Y,Y,Y,Y,20260322
I10,세종특별자치시교육청,9300231,대평초등학교,2026,,초등학교,공휴일,20270101,신정,,Y,Y,Y,Y,Y,Y,20260322
I10,세종특별자치시교육청,9300231,대평초등학교,2026,,초등학교,공휴일,20270102,겨울방학,,Y,Y,Y,Y,Y,Y,20260322
I10,세종특별자치시교육청,9300231,대평초등학교,2026,,초등학교,휴업일,20270102,토요휴업일,,Y,Y,Y,Y,Y,Y,20260322
I10,세종특별자치시교육청,9300231,대평초등학교,2026,,초등학교,공휴일,20270103,겨울방학,,Y,Y,Y,Y,Y,Y,20260322
I10,세종특별자치시교육청,9300231,대평초등학교,2026,,초등학교,공휴일,20270104,겨울방학,,Y,Y,Y,Y,Y,Y,20260322
I10,세종특별자치시교육청,9300231,대평초등학교,2026,,초등학교,공휴일,20270105,겨울방학,,Y,Y,Y,Y,Y,Y,20260322
I10,세종특별자치시교육청,9300231,대평초등학교,2026,,초등학교,공휴일,20270106,겨울방학,,Y,Y,Y,Y,Y,Y,20260322
I10,세종특별자치시교육청,9300231,대평초등학교,2026,,초등학교,공휴일,20270107,겨울방학,,Y,Y,Y,Y,Y,Y,20260322
I10,세종특별자치시교육청,9300231,대평초등학교,2026,,초등학교,공휴일,20270108,겨울방학,,Y,Y,Y,Y,Y,Y,20260322
I10,세종특별자치시교육청,9300231,대평초등학교,2026,,초등학교,공휴일,20270109,겨울방학,,Y,Y,Y,Y,Y,Y,20260322
I10,세종특별자치시교육청,9300231,대평초등학교,2026,,초등학교,휴업일,20270109,토요휴업일,,Y,Y,Y,Y,Y,Y,20260322
I10,세종특별자치시교육청,9300231,대평초등학교,2026,,초등학교,공휴일,20270110,겨울방학,,Y,Y,Y,Y,Y,Y,20260322
I10,세종특별자치시교육청,9300231,대평초등학교,2026,,초등학교,공휴일,20270111,겨울방학,,Y,Y,Y,Y,Y,Y,20260322
I10,세종특별자치시교육청,9300231,대평초등학교,2026,,초등학교,공휴일,20270112,겨울방학,,Y,Y,Y,Y,Y,Y,20260322
I10,세종특별자치시교육청,9300231,대평초등학교,2026,,초등학교,공휴일,20270113,겨울방학,,Y,Y,Y,Y,Y,Y,20260322
I10,세종특별자치시교육청,9300231,대평초등학교,2026,,초등학교,공휴일,20270114,겨울방학,,Y,Y,Y,Y,Y,Y,20260322
I10,세종특별자치시교육청,9300231,대평초등학교,2026,,초등학교,공휴일,20270115,겨울방학,,Y,Y,Y,Y,Y,Y,20260322
I10,세종특별자치시교육청,9300231,대평초등학교,2026,,초등학교,공휴일,20270116,겨울방학,,Y,Y,Y,Y,Y,Y,20260322
I10,세종특별자치시교육청,9300231,대평초등학교,2026,,초등학교,휴업일,20270116,토요휴업일,,Y,Y,Y,Y,Y,Y,20260322
I10,세종특별자치시교육청,9300231,대평초등학교,2026,,초등학교,공휴일,20270117,겨울방학,,Y,Y,Y,Y,Y,Y,20260322
I10,세종특별자치시교육청,9300231,대평초등학교,2026,,초등학교,공휴일,20270118,겨울방학,,Y,Y,Y,Y,Y,Y,20260322
I10,세종특별자치시교육청,9300231,대평초등학교,2026,,초등학교,공휴일,20270119,겨울방학,,Y,Y,Y,Y,Y,Y,20260322
I10,세종특별자치시교육청,9300231,대평초등학교,2026,,초등학교,공휴일,20270120,겨울방학,,Y,Y,Y,Y,Y,Y,20260322
I10,세종특별자치시교육청,9300231,대평초등학교,2026,,초등학교,공휴일,20270121,겨울방학,,Y,Y,Y,Y,Y,Y,20260322
I10,세종특별자치시교육청,9300231,대평초등학교,2026,,초등학교,공휴일,20270122,겨울방학,,Y,Y,Y,Y,Y,Y,20260322
I10,세종특별자치시교육청,9300231,대평초등학교,2026,,초등학교,공휴일,20270123,겨울방학,,Y,Y,Y,Y,Y,Y,20260322
I10,세종특별자치시교육청,9300231,대평초등학교,2026,,초등학교,휴업일,20270123,토요휴업일,,Y,Y,Y,Y,Y,Y,20260322
I10,세종특별자치시교육청,9300231,대평초등학교,2026,,초등학교,공휴일,20270124,겨울방학,,Y,Y,Y,Y,Y,Y,20260322
I10,세종특별자치시교육청,9300231,대평초등학교,2026,,초등학교,공휴일,20270125,겨울방학,,Y,Y,Y,Y,Y,Y,20260322
I10,세종특별자치시교육청,9300231,대평초등학교,2026,,초등학교,공휴일,20270126,겨울방학,,Y,Y,Y,Y,Y,Y,20260322
I10,세종특별자치시교육청,9300231,대평초등학교,2026,,초등학교,공휴일,20270127,겨울방학,,Y,Y,Y,Y,Y,Y,20260322
I10,세종특별자치시교육청,9300231,대평초등학교,2026,,초등학교,공휴일,20270128,겨울방학,,Y,Y,Y,Y,Y,Y,20260322
I10,세종특별자치시교육청,9300231,대평초등학교,2026,,초등학교,공휴일,20270129,겨울방학,,Y,Y,Y,Y,Y,Y,20260322
I10,세종특별자치시교육청,9300231,대평초등학교,2026,,초등학교,공휴일,20270130,겨울방학,,Y,Y,Y,Y,Y,Y,20260322
I10,세종특별자치시교육청,9300231,대평초등학교,2026,,초등학교,휴업일,20270130,토요휴업일,,Y,Y,Y,Y,Y,Y,20260322
I10,세종특별자치시교육청,9300231,대평초등학교,2026,,초등학교,공휴일,20270131,겨울방학,,Y,Y,Y,Y,Y,Y,20260322
I10,세종특별자치시교육청,9300231,대평초등학교,2026,,초등학교,공휴일,20270201,겨울방학,,Y,Y,Y,Y,Y,Y,20260322
I10,세종특별자치시교육청,9300231,대평초등학교,2026,,초등학교,공휴일,20270202,겨울방학,,Y,Y,Y,Y,Y,Y,20260322
I10,세종특별자치시교육청,9300231,대평초등학교,2026,,초등학교,공휴일,20270203,겨울방학,,Y,Y,Y,Y,Y,Y,20260322
I10,세종특별자치시교육청,9300231,대평초등학교,2026,,초등학교,공휴일,20270204,겨울방학,,Y,Y,Y,Y,Y,Y,20260322
I10,세종특별자치시교육청,9300231,대평초등학교,2026,,초등학교,공휴일,20270205,겨울방학,,Y,Y,Y,Y,Y,Y,20260322
I10,세종특별자치시교육청,9300231,대평초등학교,2026,,초등학교,공휴일,20270206,겨울방학,,Y,Y,Y,Y,Y,Y,20260322
I10,세종특별자치시교육청,9300231,대평초등학교,2026,,초등학교,휴업일,20270206,토요휴업일,,Y,Y,Y,Y,Y,Y,20260322
I10,세종특별자치시교육청,9300231,대평초등학교,2026,,초등학교,공휴일,20270207,겨울방학,,Y,Y,Y,Y,Y,Y,20260322
I10,세종특별자치시교육청,9300231,대평초등학교,2026,,초등학교,공휴일,20270207,설날,,Y,Y,Y,Y,Y,Y,20260322
I10,세종특별자치시교육청,9300231,대평초등학교,2026,,초등학교,공휴일,20270208,겨울방학,,Y,Y,Y,Y,Y,Y,20260322
I10,세종특별자치시교육청,9300231,대평초등학교,2026,,초등학교,공휴일,20270209,겨울방학,,Y,Y,Y,Y,Y,Y,20260322
I10,세종특별자치시교육청,9300231,대평초등학교,2026,,초등학교,공휴일,20270210,겨울방학,,Y,Y,Y,Y,Y,Y,20260322
I10,세종특별자치시교육청,9300231,대평초등학교,2026,,초등학교,공휴일,20270211,겨울방학,,Y,Y,Y,Y,Y,Y,20260322
I10,세종특별자치시교육청,9300231,대평초등학교,2026,,초등학교,공휴일,20270212,겨울방학,,Y,Y,Y,Y,Y,Y,20260322
I10,세종특별자치시교육청,9300231,대평초등학교,2026,,초등학교,공휴일,20270213,겨울방학,,Y,Y,Y,Y,Y,Y,20260322
I10,세종특별자치시교육청,9300231,대평초등학교,2026,,초등학교,휴업일,20270213,토요휴업일,,Y,Y,Y,Y,Y,Y,20260322
I10,세종특별자치시교육청,9300231,대평초등학교,2026,,초등학교,공휴일,20270214,겨울방학,,Y,Y,Y,Y,Y,Y,20260322
I10,세종특별자치시교육청,9300231,대평초등학교,2026,,초등학교,공휴일,20270215,겨울방학,,Y,Y,Y,Y,Y,Y,20260322
I10,세종특별자치시교육청,9300231,대평초등학교,2026,,초등학교,공휴일,20270216,겨울방학,,Y,Y,Y,Y,Y,Y,20260322
I10,세종특별자치시교육청,9300231,대평초등학교,2026,,초등학교,공휴일,20270217,겨울방학,,Y,Y,Y,Y,Y,Y,20260322
I10,세종특별자치시교육청,9300231,대평초등학교,2026,,초등학교,공휴일,20270218,겨울방학,,Y,Y,Y,Y,Y,Y,20260322
I10,세종특별자치시교육청,9300231,대평초등학교,2026,,초등학교,공휴일,20270219,겨울방학,,Y,Y,Y,Y,Y,Y,20260322
I10,세종특별자치시교육청,9300231,대평초등학교,2026,,초등학교,공휴일,20270220,겨울방학,,Y,Y,Y,Y,Y,Y,20260322
I10,세종특별자치시교육청,9300231,대평초등학교,2026,,초등학교,휴업일,20270220,토요휴업일,,Y,Y,Y,Y,Y,Y,20260322
I10,세종특별자치시교육청,9300231,대평초등학교,2026,,초등학교,공휴일,20270221,겨울방학,,Y,Y,Y,Y,Y,Y,20260322
I10,세종특별자치시교육청,9300231,대평초등학교,2026,,초등학교,공휴일,20270222,겨울방학,,Y,Y,Y,Y,Y,Y,20260322
I10,세종특별자치시교육청,9300231,대평초등학교,2026,,초등학교,공휴일,20270223,겨울방학,,Y,Y,Y,Y,Y,Y,20260322
I10,세종특별자치시교육청,9300231,대평초등학교,2026,,초등학교,공휴일,20270224,겨울방학,,Y,Y,Y,Y,Y,Y,20260322
I10,세종특별자치시교육청,9300231,대평초등학교,2026,,초등학교,공휴일,20270225,겨울방학,,Y,Y,Y,Y,Y,Y,20260322
I10,세종특별자치시교육청,9300231,대평초등학교,2026,,초등학교,공휴일,20270226,겨울방학,,Y,Y,Y,Y,Y,Y,20260322
I10,세종특별자치시교육청,9300231,대평초등학교,2026,,초등학교,공휴일,20270227,겨울방학,,Y,Y,Y,Y,Y,Y,20260322
I10,세종특별자치시교육청,9300231,대평초등학교,2026,,초등학교,휴업일,20270227,토요휴업일,,Y,Y,Y,Y,Y,Y,20260322
I10,세종특별자치시교육청,9300231,대평초등학교,2026,,초등학교,공휴일,20270228,겨울방학,,Y,Y,Y,Y,Y,Y,20260322
I10,세종특별자치시교육청,9300107,도담고등학교,2025,주간,고등학교,공휴일,20250301,3·1절,,Y,Y,Y,*,*,*,20260322
I10,세종특별자치시교육청,9300107,도담고등학교,2025,주간,고등학교,공휴일,20250303,대체공휴일,,Y,Y,Y,*,*,*,20260322
I10,세종특별자치시교육청,9300107,도담고등학교,2025,주간,고등학교,공휴일,20250303,대체공휴일,,Y,Y,Y,*,*,*,20260322
I10,세종특별자치시교육청,9300107,도담고등학교,2025,주간,고등학교,휴업일,20250308,토요휴업일,,Y,Y,Y,*,*,*,20260322
I10,세종특별자치시교육청,9300107,도담고등학교,2025,주간,고등학교,해당없음,20250312,수련활동,,N,Y,N,*,*,*,20260322
I10,세종특별자치시교육청,9300107,도담고등학교,2025,주간,고등학교,해당없음,20250313,수련활동,,N,Y,N,*,*,*,20260322
I10,세종특별자치시교육청,9300107,도담고등학교,2025,주간,고등학교,해당없음,20250314,수련활동,,N,Y,N,*,*,*,20260322
I10,세종특별자치시교육청,9300107,도담고등학교,2025,주간,고등학교,휴업일,20250315,토요휴업일,,Y,Y,Y,*,*,*,20260322
I10,세종특별자치시교육청,9300107,도담고등학교,2025,주간,고등학교,휴업일,20250322,토요휴업일,,Y,Y,Y,*,*,*,20260322
I10,세종특별자치시교육청,9300107,도담고등학교,2025,주간,고등학교,해당없음,20250326,전국학평,,Y,Y,Y,*,*,*,20260322
I10,세종특별자치시교육청,9300107,도담고등학교,2025,주간,고등학교,휴업일,20250329,토요휴업일,,Y,Y,Y,*,*,*,20260322
I10,세종특별자치시교육청,9300107,도담고등학교,2025,주간,고등학교,휴업일,20250405,토요휴업일,,Y,Y,Y,*,*,*,20260322
I10,세종특별자치시교육청,9300107,도담고등학교,2025,주간,고등학교,휴업일,20250412,토요휴업일,,Y,Y,Y,*,*,*,20260322
I10,세종특별자치시교육청,9300107,도담고등학교,2025,주간,고등학교,휴업일,20250419,토요휴업일,,Y,Y,Y,*,*,*,20260322
I10,세종특별자치시교육청,9300107,도담고등학교,2025,주간,고등학교,휴업일,20250426,토요휴업일,,Y,Y,Y,*,*,*,20260322
I10,세종특별자치시교육청,9300107,도담고등학교,2025,주간,고등학교,해당없음,20250429,학교자율활동,,Y,Y,Y,*,*,*,20260322
I10,세종특별자치시교육청,9300107,도담고등학교,2025,주간,고등학교,해당없음,20250430,학교자율활동,,Y,Y,Y,*,*,*,20260322
I10,세종특별자치시교육청,9300107,도담고등학교,2025,주간,고등학교,해당없음,20250501,학교자율활동,,Y,Y,Y,*,*,*,20260322
I10,세종특별자치시교육청,9300107,도담고등학교,2025,주간,고등학교,휴업일,20250502,학교장재량휴업일,,Y,Y,Y,*,*,*,20260322
I10,세종특별자치시교육청,9300107,도담고등학교,2025,주간,고등학교,휴업일,20250503,토요휴업일,,Y,Y,Y,*,*,*,20260322
I10,세종특별자치시교육청,9300107,도담고등학교,2025,주간,고등학교,공휴일,20250505,어린이날,,Y,Y,Y,*,*,*,20260322
I10,세종특별자치시교육청,9300107,도담고등학교,2025,주간,고등학교,공휴일,20250506,대체공휴일,,Y,Y,Y,*,*,*,20260322
I10,세종특별자치시교육청,9300107,도담고등학교,2025,주간,고등학교,휴업일,20250510,토요휴업일,,Y,Y,Y,*,*,*,20260322
I10,세종특별자치시교육청,9300107,도담고등학교,2025,주간,고등학교,해당없음,20250516,체육대회,,Y,Y,N,*,*,*,20260322
I10,세종특별자치시교육청,9300107,도담고등학교,2025,주간,고등학교,해당없음,20250516,현장체험학습,,N,N,Y,*,*,*,20260322
I10,세종특별자치시교육청,9300107,도담고등학교,2025,주간,고등학교,휴업일,20250517,토요휴업일,,Y,Y,Y,*,*,*,20260322
I10,세종특별자치시교육청,9300107,도담고등학교,2025,주간,고등학교,휴업일,20250524,토요휴업일,,Y,Y,Y,*,*,*,20260322
I10,세종특별자치시교육청,9300107,도담고등학교,2025,주간,고등학교,휴업일,20250531,토요휴업일,,Y,Y,Y,*,*,*,20260322
I10,세종특별자치시교육청,9300107,도담고등학교,2025,주간,고등학교,공휴일,20250603,임시공휴일,,Y,Y,Y,*,*,*,20260322
I10,세종특별자치시교육청,9300107,도담고등학교,2025,주간,고등학교,해당없음,20250604,전국학평,,Y,Y,Y,*,*,*,20260322
I10,세종특별자치시교육청,9300107,도담고등학교,2025,주간,고등학교,공휴일,20250606,현충일,,Y,Y,Y,*,*,*,20260322
I10,세종특별자치시교육청,9300107,도담고등학교,2025,주간,고등학교,휴업일,20250607,토요휴업일,,Y,Y,Y,*,*,*,20260322
I10,세종특별자치시교육청,9300107,도담고등학교,2025,주간,고등학교,휴업일,20250614,토요휴업일,,Y,Y,Y,*,*,*,20260322
I10,세종특별자치시교육청,9300107,도담고등학교,2025,주간,고등학교,휴업일,20250621,토요휴업일,,Y,Y,Y,*,*,*,20260322
I10,세종특별자치시교육청,9300107,도담고등학교,2025,주간,고등학교,해당없음,20250626,2회고사,,Y,Y,Y,*,*,*,20260322
I10,세종특별자치시교육청,9300107,도담고등학교,2025,주간,고등학교,해당없음,20250627,2회고사,,Y,Y,Y,*,*,*,20260322
I10,세종특별자치시교육청,9300107,도담고등학교,2025,주간,고등학교,휴업일,20250628,토요휴업일,,Y,Y,Y,*,*,*,20260322
I10,세종특별자치시교육청,9300107,도담고등학교,2025,주간,고등학교,해당없음,20250630,2회고사,,Y,Y,Y,*,*,*,20260322
I10,세종특별자치시교육청,9300107,도담고등학교,2025,주간,고등학교,해당없음,20250701,2회고사,,Y,Y,Y,*,*,*,20260322
I10,세종특별자치시교육청,9300107,도담고등학교,2025,주간,고등학교,해당없음,20250702,2회고사,,Y,Y,Y,*,*,*,20260322
I10,세종특별자치시교육청,9300107,도담고등학교,2025,주간,고등학교,휴업일,20250705,토요휴업일,,Y,Y,Y,*,*,*,20260322
I10,세종특별자치시교육청,9300107,도담고등학교,2025,주간,고등학교,해당없음,20250710,전국학평,,N,N,Y,*,*,*,20260322
I10,세종특별자치시교육청,9300107,도담고등학교,2025,주간,고등학교,휴업일,20250712,토요휴업일,,Y,Y,Y,*,*,*,20260322
I10,세종특별자치시교육청,9300107,도담고등학교,2025,주간,고등학교,해당없음,20250718,여름방학식,,Y,Y,Y,*,*,*,20260322
I10,세종특별자치시교육청,9300107,도담고등학교,2025,주간,고등학교,휴업일,20250719,토요휴업일,,Y,Y,Y,*,*,*,20260322
I10,세종특별자치시교육청,9300107,도담고등학교,2025,주간,고등학교,휴업일,20250721,여름방학,,Y,Y,Y,*,*,*,20260322
I10,세종특별자치시교육청,9300107,도담고등학교,2025,주간,고등학교,휴업일,20250722,여름방학,,Y,Y,Y,*,*,*,20260322
I10,세종특별자치시교육청,9300107,도담고등학교,2025,주간,고등학교,휴업일,20250723,여름방학,,Y,Y,Y,*,*,*,20260322
I10,세종특별자치시교육청,9300107,도담고등학교,2025,주간,고등학교,휴업일,20250724,여름방학,,Y,Y,Y,*,*,*,20260322
I10,세종특별자치시교육청,9300107,도담고등학교,2025,주간,고등학교,휴업일,20250725,여름방학,,Y,Y,Y,*,*,*,20260322
I10,세종특별자치시교육청,9300107,도담고등학교,2025,주간,고등학교,휴업일,20250726,여름방학,,Y,Y,Y,*,*,*,20260322
I10,세종특별자치시교육청,9300107,도담고등학교,2025,주간,고등학교,휴업일,20250726,토요휴업일,,Y,Y,Y,*,*,*,20260322
I10,세종특별자치시교육청,9300107,도담고등학교,2025,주간,고등학교,휴업일,20250727,여름방학,,Y,Y,Y,*,*,*,20260322
I10,세종특별자치시교육청,9300107,도담고등학교,2025,주간,고등학교,휴업일,20250728,여름방학,,Y,Y,Y,*,*,*,20260322
I10,세종특별자치시교육청,9300107,도담고등학교,2025,주간,고등학교,휴업일,20250729,여름방학,,Y,Y,Y,*,*,*,20260322
I10,세종특별자치시교육청,9300107,도담고등학교,2025,주간,고등학교,휴업일,20250730,여름방학,,Y,Y,Y,*,*,*,20260322
I10,세종특별자치시교육청,9300107,도담고등학교,2025,주간,고등학교,휴업일,20250731,여름방학,,Y,Y,Y,*,*,*,20260322
I10,세종특별자치시교육청,9300107,도담고등학교,2025,주간,고등학교,휴업일,20250801,여름방학,,Y,Y,Y,*,*,*,20260322
I10,세종특별자치시교육청,9300107,도담고등학교,2025,주간,고등학교,휴업일,20250802,여름방학,,Y,Y,Y,*,*,*,20260322
I10,세종특별자치시교육청,9300107,도담고등학교,2025,주간,고등학교,휴업일,20250802,토요휴업일,,Y,Y,Y,*,*,*,20260322
I10,세종특별자치시교육청,9300107,도담고등학교,2025,주간,고등학교,휴업일,20250803,여름방학,,Y,Y,Y,*,*,*,20260322
I10,세종특별자치시교육청,9300107,도담고등학교,2025,주간,고등학교,휴업일,20250804,여름방학,,Y,Y,Y,*,*,*,20260322
I10,세종특별자치시교육청,9300107,도담고등학교,2025,주간,고등학교,휴업일,20250805,여름방학,,Y,Y,Y,*,*,*,20260322
I10,세종특별자치시교육청,9300107,도담고등학교,2025,주간,고등학교,휴업일,20250806,여름방학,,Y,Y,Y,*,*,*,20260322
I10,세종특별자치시교육청,9300107,도담고등학교,2025,주간,고등학교,휴업일,20250807,여름방학,,Y,Y,Y,*,*,*,20260322
I10,세종특별자치시교육청,9300107,도담고등학교,2025,주간,고등학교,휴업일,20250808,여름방학,,Y,Y,Y,*,*,*,20260322
I10,세종특별자치시교육청,9300107,도담고등학교,2025,주간,고등학교,휴업일,20250809,여름방학,,Y,Y,Y,*,*,*,20260322
I10,세종특별자치시교육청,9300107,도담고등학교,2025,주간,고등학교,휴업일,20250809,토요휴업일,,Y,Y,Y,*,*,*,20260322
I10,세종특별자치시교육청,9300107,도담고등학교,2025,주간,고등학교,휴업일,20250810,여름방학,,Y,Y,Y,*,*,*,20260322
I10,세종특별자치시교육청,9300107,도담고등학교,2025,주간,고등학교,휴업일,20250811,여름방학,,Y,Y,Y,*,*,*,20260322
I10,세종특별자치시교육청,9300107,도담고등학교,2025,주간,고등학교,휴업일,20250812,여름방학,,Y,Y,Y,*,*,*,20260322
I10,세종특별자치시교육청,9300107,도담고등학교,2025,주간,고등학교,해당없음,20250813,개학식,,Y,Y,Y,*,*,*,20260322
I10,세종특별자치시교육청,9300107,도담고등학교,2025,주간,고등학교,공휴일,20250815,광복절,,Y,Y,Y,*,*,*,20260322
I10,세종특별자치시교육청,9300107,도담고등학교,2025,주간,고등학교,휴업일,20250816,토요휴업일,,Y,Y,Y,*,*,*,20260322
I10,세종특별자치시교육청,9300107,도담고등학교,2025,주간,고등학교,휴업일,20250823,토요휴업일,,Y,Y,Y,*,*,*,20260322
I10,세종특별자치시교육청,9300107,도담고등학교,2025,주간,고등학교,휴업일,20250830,토요휴업일,,Y,Y,Y,*,*,*,20260322
I10,세종특별자치시교육청,9300107,도담고등학교,2025,주간,고등학교,해당없음,20250902,전국학평,,Y,Y,Y,*,*,*,20260322
I10,세종특별자치시교육청,9300107,도담고등학교,2025,주간,고등학교,휴업일,20250906,토요휴업일,,Y,Y,Y,*,*,*,20260322
I10,세종특별자치시교육청,9300107,도담고등학교,2025,주간,고등학교,휴업일,20250913,토요휴업일,,Y,Y,Y,*,*,*,20260322
I10,세종특별자치시교육청,9300107,도담고등학교,2025,주간,고등학교,휴업일,20250920,토요휴업일,,Y,Y,Y,*,*,*,20260322
I10,세종특별자치시교육청,9300107,도담고등학교,2025,주간,고등학교,휴업일,20250927,토요휴업일,,Y,Y,Y,*,*,*,20260322
I10,세종특별자치시교육청,9300107,도담고등학교,2025,주간,고등학교,해당없음,20250929,학교자율활동,,Y,Y,Y,*,*,*,20260322
I10,세종특별자치시교육청,9300107,도담고등학교,2025,주간,고등학교,해당없음,20250930,학교자율활동,,Y,Y,Y,*,*,*,20260322
I10,세종특별자치시교육청,9300107,도담고등학교,2025,주간,고등학교,해당없음,20251001,학교자율활동,,Y,Y,Y,*,*,*,20260322
I10,세종특별자치시교육청,9300107,도담고등학교,2025,주간,고등학교,해당없음,20251002,학교자율활동,,Y,Y,Y,*,*,*,20260322
I10,세종특별자치시교육청,9300107,도담고등학교,2025,주간,고등학교,공휴일,20251003,개천절,,Y,Y,Y,*,*,*,20260322
I10,세종특별자치시교육청,9300107,도담고등학교,2025,주간,고등학교,휴업일,20251004,토요휴업일,,Y,Y,Y,*,*,*,20260322
I10,세종특별자치시교육청,9300107,도담고등학교,2025,주간,고등학교,공휴일,20251005,추석,,Y,Y,Y,*,*,*,20260322
I10,세종특별자치시교육청,9300107,도담고등학교,2025,주간,고등학교,공휴일,20251006,추석,,Y,Y,Y,*,*,*,20260322
I10,세종특별자치시교육청,9300107,도담고등학교,2025,주간,고등학교,공휴일,20251007,추석,,Y,Y,Y,*,*,*,20260322
I10,세종특별자치시교육청,9300107,도담고등학교,2025,주간,고등학교,공휴일,20251008,대체공휴일,,Y,Y,Y,*,*,*,20260322
I10,세종특별자치시교육청,9300107,도담고등학교,2025,주간,고등학교,공휴일,20251009,한글날,,Y,Y,Y,*,*,*,20260322
I10,세종특별자치시교육청,9300107,도담고등학교,2025,주간,고등학교,휴업일,20251010,학교장재량휴업일,,Y,Y,Y,*,*,*,20260322
I10,세종특별자치시교육청,9300107,도담고등학교,2025,주간,고등학교,휴업일,20251011,토요휴업일,,Y,Y,Y,*,*,*,20260322
I10,세종특별자치시교육청,9300107,도담고등학교,2025,주간,고등학교,해당없음,20251014,전국학평,,Y,Y,Y,*,*,*,20260322
I10,세종특별자치시교육청,9300107,도담고등학교,2025,주간,고등학교,휴업일,20251018,토요휴업일,,Y,Y,Y,*,*,*,20260322
I10,세종특별자치시교육청,9300107,도담고등학교,2025,주간,고등학교,휴업일,20251025,토요휴업일,,Y,Y,Y,*,*,*,20260322
I10,세종특별자치시교육청,9300107,도담고등학교,2025,주간,고등학교,휴업일,20251101,토요휴업일,,Y,Y,Y,*,*,*,20260322
I10,세종특별자치시교육청,9300107,도담고등학교,2025,주간,고등학교,휴업일,20251108,토요휴업일,,Y,Y,Y,*,*,*,20260322
I10,세종특별자치시교육청,9300107,도담고등학교,2025,주간,고등학교,휴업일,20251113,대학수학능력시험,,Y,Y,Y,*,*,*,20260322
I10,세종특별자치시교육청,9300107,도담고등학교,2025,주간,고등학교,휴업일,20251115,토요휴업일,,Y,Y,Y,*,*,*,20260322
I10,세종특별자치시교육청,9300107,도담고등학교,2025,주간,고등학교,휴업일,20251122,토요휴업일,,Y,Y,Y,*,*,*,20260322
I10,세종특별자치시교육청,9300107,도담고등학교,2025,주간,고등학교,휴업일,20251129,토요휴업일,,Y,Y,Y,*,*,*,20260322
I10,세종특별자치시교육청,9300107,도담고등학교,2025,주간,고등학교,휴업일,20251206,토요휴업일,,Y,Y,Y,*,*,*,20260322
I10,세종특별자치시교육청,9300107,도담고등학교,2025,주간,고등학교,해당없음,20251208,2회고사,,Y,Y,N,*,*,*,20260322
I10,세종특별자치시교육청,9300107,도담고등학교,2025,주간,고등학교,해당없음,20251209,2회고사,,Y,Y,N,*,*,*,20260322
I10,세종특별자치시교육청,9300107,도담고등학교,2025,주간,고등학교,해당없음,20251210,현장체험학습,,N,N,Y,*,*,*,20260322
I10,세종특별자치시교육청,9300107,도담고등학교,2025,주간,고등학교,해당없음,20251210,2회고사,,Y,Y,N,*,*,*,20260322
I10,세종특별자치시교육청,9300107,도담고등학교,2025,주간,고등학교,해당없음,20251211,2회고사,,Y,Y,N,*,*,*,20260322
I10,세종특별자치시교육청,9300107,도담고등학교,2025,주간,고등학교,해당없음,20251212,2회고사,,Y,Y,N,*,*,*,20260322
I10,세종특별자치시교육청,9300107,도담고등학교,2025,주간,고등학교,휴업일,20251213,토요휴업일,,Y,Y,Y,*,*,*,20260322
I10,세종특별자치시교육청,9300107,도담고등학교,2025,주간,고등학교,휴업일,20251220,토요휴업일,,Y,Y,Y,*,*,*,20260322
I10,세종특별자치시교육청,9300107,도담고등학교,2025,주간,고등학교,공휴일,20251225,성탄절,,Y,Y,Y,*,*,*,20260322
I10,세종특별자치시교육청,9300107,도담고등학교,2025,주간,고등학교,해당없음,20251226,도담제,,Y,Y,Y,*,*,*,20260322
I10,세종특별자치시교육청,9300107,도담고등학교,2025,주간,고등학교,휴업일,20251227,토요휴업일,,Y,Y,Y,*,*,*,20260322
I10,세종특별자치시교육청,9300107,도담고등학교,2025,주간,고등학교,공휴일,20260101,신정,,Y,Y,Y,*,*,*,20260322
I10,세종특별자치시교육청,9300107,도담고등학교,2025,주간,고등학교,휴업일,20260102,겨울방학,,Y,Y,Y,*,*,*,20260322
I10,세종특별자치시교육청,9300107,도담고등학교,2025,주간,고등학교,휴업일,20260103,겨울방학,,Y,Y,Y,*,*,*,20260322
I10,세종특별자치시교육청,9300107,도담고등학교,2025,주간,고등학교,휴업일,20260103,토요휴업일,,Y,Y,Y,*,*,*,20260322
I10,세종특별자치시교육청,9300107,도담고등학교,2025,주간,고등학교,휴업일,20260104,겨울방학,,Y,Y,Y,*,*,*,20260322
I10,세종특별자치시교육청,9300107,도담고등학교,2025,주간,고등학교,휴업일,20260105,겨울방학,,Y,Y,Y,*,*,*,20260322
I10,세종특별자치시교육청,9300107,도담고등학교,2025,주간,고등학교,휴업일,20260106,겨울방학,,Y,Y,Y,*,*,*,20260322
I10,세종특별자치시교육청,9300107,도담고등학교,2025,주간,고등학교,휴업일,20260107,겨울방학,,Y,Y,Y,*,*,*,20260322
I10,세종특별자치시교육청,9300107,도담고등학교,2025,주간,고등학교,휴업일,20260108,겨울방학,,Y,Y,Y,*,*,*,20260322
I10,세종특별자치시교육청,9300107,도담고등학교,2025,주간,고등학교,휴업일,20260109,겨울방학,,Y,Y,Y,*,*,*,20260322
I10,세종특별자치시교육청,9300107,도담고등학교,2025,주간,고등학교,휴업일,20260110,겨울방학,,Y,Y,Y,*,*,*,20260322
I10,세종특별자치시교육청,9300107,도담고등학교,2025,주간,고등학교,휴업일,20260110,토요휴업일,,Y,Y,Y,*,*,*,20260322
I10,세종특별자치시교육청,9300107,도담고등학교,2025,주간,고등학교,휴업일,20260111,겨울방학,,Y,Y,Y,*,*,*,20260322
I10,세종특별자치시교육청,9300107,도담고등학교,2025,주간,고등학교,휴업일,20260112,겨울방학,,Y,Y,Y,*,*,*,20260322
I10,세종특별자치시교육청,9300107,도담고등학교,2025,주간,고등학교,휴업일,20260113,겨울방학,,Y,Y,Y,*,*,*,20260322
I10,세종특별자치시교육청,9300107,도담고등학교,2025,주간,고등학교,휴업일,20260114,겨울방학,,Y,Y,Y,*,*,*,20260322
I10,세종특별자치시교육청,9300107,도담고등학교,2025,주간,고등학교,휴업일,20260115,겨울방학,,Y,Y,Y,*,*,*,20260322
I10,세종특별자치시교육청,9300107,도담고등학교,2025,주간,고등학교,휴업일,20260116,겨울방학,,Y,Y,Y,*,*,*,20260322
I10,세종특별자치시교육청,9300107,도담고등학교,2025,주간,고등학교,휴업일,20260117,겨울방학,,Y,Y,Y,*,*,*,20260322
I10,세종특별자치시교육청,9300107,도담고등학교,2025,주간,고등학교,휴업일,20260117,토요휴업일,,Y,Y,Y,*,*,*,20260322
I10,세종특별자치시교육청,9300107,도담고등학교,2025,주간,고등학교,휴업일,20260118,겨울방학,,Y,Y,Y,*,*,*,20260322
I10,세종특별자치시교육청,9300107,도담고등학교,2025,주간,고등학교,휴업일,20260119,겨울방학,,Y,Y,Y,*,*,*,20260322
I10,세종특별자치시교육청,9300107,도담고등학교,2025,주간,고등학교,휴업일,20260120,겨울방학,,Y,Y,Y,*,*,*,20260322
I10,세종특별자치시교육청,9300107,도담고등학교,2025,주간,고등학교,휴업일,20260121,겨울방학,,Y,Y,Y,*,*,*,20260322
I10,세종특별자치시교육청,9300107,도담고등학교,2025,주간,고등학교,휴업일,20260122,겨울방학,,Y,Y,Y,*,*,*,20260322
I10,세종특별자치시교육청,9300107,도담고등학교,2025,주간,고등학교,휴업일,20260123,겨울방학,,Y,Y,Y,*,*,*,20260322
I10,세종특별자치시교육청,9300107,도담고등학교,2025,주간,고등학교,휴업일,20260124,겨울방학,,Y,Y,Y,*,*,*,20260322
I10,세종특별자치시교육청,9300107,도담고등학교,2025,주간,고등학교,휴업일,20260124,토요휴업일,,Y,Y,Y,*,*,*,20260322
I10,세종특별자치시교육청,9300107,도담고등학교,2025,주간,고등학교,휴업일,20260125,겨울방학,,Y,Y,Y,*,*,*,20260322
I10,세종특별자치시교육청,9300107,도담고등학교,2025,주간,고등학교,휴업일,20260126,겨울방학,,Y,Y,Y,*,*,*,20260322
I10,세종특별자치시교육청,9300107,도담고등학교,2025,주간,고등학교,해당없음,20260130,종업식,,Y,Y,N,*,*,*,20260322
I10,세종특별자치시교육청,9300107,도담고등학교,2025,주간,고등학교,해당없음,20260130,졸업식,,N,N,Y,*,*,*,20260322
I10,세종특별자치시교육청,9300107,도담고등학교,2025,주간,고등학교,휴업일,20260131,토요휴업일,,Y,Y,Y,*,*,*,20260322
I10,세종특별자치시교육청,9300107,도담고등학교,2025,주간,고등학교,휴업일,20260202,봄방학,,Y,Y,Y,*,*,*,20260322
I10,세종특별자치시교육청,9300107,도담고등학교,2025,주간,고등학교,휴업일,20260203,봄방학,,Y,Y,Y,*,*,*,20260322
I10,세종특별자치시교육청,9300107,도담고등학교,2025,주간,고등학교,휴업일,20260204,봄방학,,Y,Y,Y,*,*,*,20260322
I10,세종특별자치시교육청,9300107,도담고등학교,2025,주간,고등학교,휴업일,20260205,봄방학,,Y,Y,Y,*,*,*,20260322
I10,세종특별자치시교육청,9300107,도담고등학교,2025,주간,고등학교,휴업일,20260206,봄방학,,Y,Y,Y,*,*,*,20260322
I10,세종특별자치시교육청,9300107,도담고등학교,2025,주간,고등학교,휴업일,20260207,봄방학,,Y,Y,Y,*,*,*,20260322
I10,세종특별자치시교육청,9300107,도담고등학교,2025,주간,고등학교,휴업일,20260207,토요휴업일,,Y,Y,Y,*,*,*,20260322
I10,세종특별자치시교육청,9300107,도담고등학교,2025,주간,고등학교,휴업일,20260208,봄방학,,Y,Y,Y,*,*,*,20260322
I10,세종특별자치시교육청,9300107,도담고등학교,2025,주간,고등학교,휴업일,20260209,봄방학,,Y,Y,Y,*,*,*,20260322
I10,세종특별자치시교육청,9300107,도담고등학교,2025,주간,고등학교,휴업일,20260210,봄방학,,Y,Y,Y,*,*,*,20260322
I10,세종특별자치시교육청,9300107,도담고등학교,2025,주간,고등학교,휴업일,20260211,봄방학,,Y,Y,Y,*,*,*,20260322
I10,세종특별자치시교육청,9300107,도담고등학교,2025,주간,고등학교,휴업일,20260212,봄방학,,Y,Y,Y,*,*,*,20260322
I10,세종특별자치시교육청,9300107,도담고등학교,2025,주간,고등학교,휴업일,20260213,봄방학,,Y,Y,Y,*,*,*,20260322
I10,세종특별자치시교육청,9300107,도담고등학교,2025,주간,고등학교,휴업일,20260214,봄방학,,Y,Y,Y,*,*,*,20260322
I10,세종특별자치시교육청,9300107,도담고등학교,2025,주간,고등학교,휴업일,20260214,토요휴업일,,Y,Y,Y,*,*,*,20260322
I10,세종특별자치시교육청,9300107,도담고등학교,2025,주간,고등학교,휴업일,20260215,봄방학,,Y,Y,Y,*,*,*,20260322
I10,세종특별자치시교육청,9300107,도담고등학교,2025,주간,고등학교,휴업일,20260216,봄방학,,Y,Y,Y,*,*,*,20260322
I10,세종특별자치시교육청,9300107,도담고등학교,2025,주간,고등학교,공휴일,20260216,설날,,Y,Y,Y,*,*,*,20260322
I10,세종특별자치시교육청,9300107,도담고등학교,2025,주간,고등학교,휴업일,20260217,봄방학,,Y,Y,Y,*,*,*,20260322
I10,세종특별자치시교육청,9300107,도담고등학교,2025,주간,고등학교,공휴일,20260217,설날,,Y,Y,Y,*,*,*,20260322
I10,세종특별자치시교육청,9300107,도담고등학교,2025,주간,고등학교,휴업일,20260218,봄방학,,Y,Y,Y,*,*,*,20260322
I10,세종특별자치시교육청,9300107,도담고등학교,2025,주간,고등학교,공휴일,20260218,설날,,Y,Y,Y,*,*,*,20260322
I10,세종특별자치시교육청,9300107,도담고등학교,2025,주간,고등학교,휴업일,20260219,봄방학,,Y,Y,Y,*,*,*,20260322
I10,세종특별자치시교육청,9300107,도담고등학교,2025,주간,고등학교,휴업일,20260220,봄방학,,Y,Y,Y,*,*,*,20260322
I10,세종특별자치시교육청,9300107,도담고등학교,2025,주간,고등학교,휴업일,20260221,봄방학,,Y,Y,Y,*,*,*,20260322
I10,세종특별자치시교육청,9300107,도담고등학교,2025,주간,고등학교,휴업일,20260221,토요휴업일,,Y,Y,Y,*,*,*,20260322
I10,세종특별자치시교육청,9300107,도담고등학교,2025,주간,고등학교,휴업일,20260222,봄방학,,Y,Y,Y,*,*,*,20260322
I10,세종특별자치시교육청,9300107,도담고등학교,2025,주간,고등학교,휴업일,20260223,봄방학,,Y,Y,Y,*,*,*,20260322
I10,세종특별자치시교육청,9300107,도담고등학교,2025,주간,고등학교,휴업일,20260224,봄방학,,Y,Y,Y,*,*,*,20260322
I10,세종특별자치시교육청,9300107,도담고등학교,2025,주간,고등학교,휴업일,20260225,봄방학,,Y,Y,Y,*,*,*,20260322
I10,세종특별자치시교육청,9300107,도담고등학교,2025,주간,고등학교,휴업일,20260226,봄방학,,Y,Y,Y,*,*,*,20260322
I10,세종특별자치시교육청,9300107,도담고등학교,2025,주간,고등학교,휴업일,20260227,봄방학,,Y,Y,Y,*,*,*,20260322
I10,세종특별자치시교육청,9300107,도담고등학교,2025,주간,고등학교,휴업일,20260228,토요휴업일,,Y,Y,Y,*,*,*,20260322
I10,세종특별자치시교육청,9300107,도담고등학교,2026,주간,고등학교,공휴일,20260301,3·1절,,Y,Y,Y,*,*,*,20260322
I10,세종특별자치시교육청,9300107,도담고등학교,2026,주간,고등학교,공휴일,20260302,대체공휴일,,Y,Y,Y,*,*,*,20260322
I10,세종특별자치시교육청,9300107,도담고등학교,2026,주간,고등학교,해당없음,20260303,입학식,입학식,Y,N,N,*,*,*,20260322
I10,세종특별자치시교육청,9300107,도담고등학교,2026,주간,고등학교,해당없음,20260303,개학식,개학식,N,Y,Y,*,*,*,20260322
I10,세종특별자치시교육청,9300107,도담고등학교,2026,주간,고등학교,휴업일,20260307,토요휴업일,,Y,Y,Y,*,*,*,20260322
I10,세종특별자치시교육청,9300107,도담고등학교,2026,주간,고등학교,휴업일,20260314,토요휴업일,,Y,Y,Y,*,*,*,20260322
I10,세종특별자치시교육청,9300107,도담고등학교,2026,주간,고등학교,휴업일,20260321,토요휴업일,,Y,Y,Y,*,*,*,20260322
I10,세종특별자치시교육청,9300107,도담고등학교,2026,주간,고등학교,해당없음,20260325,수련활동,수련활동,Y,N,N,*,*,*,20260322
I10,세종특별자치시교육청,9300107,도담고등학교,2026,주간,고등학교,해당없음,20260326,수련활동,수련활동,Y,N,N,*,*,*,20260322
I10,세종특별자치시교육청,9300107,도담고등학교,2026,주간,고등학교,해당없음,20260327,수련활동,수련활동,Y,N,N,*,*,*,20260322
I10,세종특별자치시교육청,9300107,도담고등학교,2026,주간,고등학교,휴업일,20260328,토요휴업일,,Y,Y,Y,*,*,*,20260322
I10,세종특별자치시교육청,9300107,도담고등학교,2026,주간,고등학교,휴업일,20260404,토요휴업일,,Y,Y,Y,*,*,*,20260322
I10,세종특별자치시교육청,9300107,도담고등학교,2026,주간,고등학교,휴업일,20260411,토요휴업일,,Y,Y,Y,*,*,*,20260322
I10,세종특별자치시교육청,9300107,도담고등학교,2026,주간,고등학교,휴업일,20260418,토요휴업일,,Y,Y,Y,*,*,*,20260322
I10,세종특별자치시교육청,9300107,도담고등학교,2026,주간,고등학교,해당없음,20260421,1회고사,1회고사,Y,Y,Y,*,*,*,20260322
I10,세종특별자치시교육청,9300107,도담고등학교,2026,주간,고등학교,해당없음,20260422,1회고사,1회고사,Y,Y,Y,*,*,*,20260322
I10,세종특별자치시교육청,9300107,도담고등학교,2026,주간,고등학교,해당없음,20260423,1회고사,1회고사,Y,Y,Y,*,*,*,20260322
I10,세종특별자치시교육청,9300107,도담고등학교,2026,주간,고등학교,해당없음,20260424,1회고사,1회고사,Y,Y,Y,*,*,*,20260322
I10,세종특별자치시교육청,9300107,도담고등학교,2026,주간,고등학교,휴업일,20260425,토요휴업일,,Y,Y,Y,*,*,*,20260322
I10,세종특별자치시교육청,9300107,도담고등학교,2026,주간,고등학교,휴업일,20260502,토요휴업일,,Y,Y,Y,*,*,*,20260322
I10,세종특별자치시교육청,9300107,도담고등학교,2026,주간,고등학교,휴업일,20260504,학교장재량휴업일,학교장 재량휴업일,Y,Y,Y,*,*,*,20260322
I10,세종특별자치시교육청,9300107,도담고등학교,2026,주간,고등학교,공휴일,20260505,어린이날,,Y,Y,Y,*,*,*,20260322
I10,세종특별자치시교육청,9300107,도담고등학교,2026,주간,고등학교,휴업일,20260509,토요휴업일,,Y,Y,Y,*,*,*,20260322
I10,세종특별자치시교육청,9300107,도담고등학교,2026,주간,고등학교,휴업일,20260516,토요휴업일,,Y,Y,Y,*,*,*,20260322
I10,세종특별자치시교육청,9300107,도담고등학교,2026,주간,고등학교,휴업일,20260523,토요휴업일,,Y,Y,Y,*,*,*,20260322
I10,세종특별자치시교육청,9300107,도담고등학교,2026,주간,고등학교,공휴일,20260524,석가탄신일,,Y,Y,Y,*,*,*,20260322
I10,세종특별자치시교육청,9300107,도담고등학교,2026,주간,고등학교,공휴일,20260525,대체공휴일,,Y,Y,Y,*,*,*,20260322
I10,세종특별자치시교육청,9300107,도담고등학교,2026,주간,고등학교,휴업일,20260530,토요휴업일,,Y,Y,Y,*,*,*,20260322
I10,세종특별자치시교육청,9300107,도담고등학교,2026,주간,고등학교,공휴일,20260603,지방자치선거,전국지방선거 ,Y,Y,Y,*,*,*,20260322
I10,세종특별자치시교육청,9300107,도담고등학교,2026,주간,고등학교,공휴일,20260606,현충일,,Y,Y,Y,*,*,*,20260322
I10,세종특별자치시교육청,9300107,도담고등학교,2026,주간,고등학교,휴업일,20260613,토요휴업일,,Y,Y,Y,*,*,*,20260322
I10,세종특별자치시교육청,9300107,도담고등학교,2026,주간,고등학교,휴업일,20260620,토요휴업일,,Y,Y,Y,*,*,*,20260322
I10,세종특별자치시교육청,9300107,도담고등학교,2026,주간,고등학교,해당없음,20260622,2회고사,2회고사,Y,Y,Y,*,*,*,20260322
I10,세종특별자치시교육청,9300107,도담고등학교,2026,주간,고등학교,해당없음,20260623,2회고사,2회고사,Y,Y,Y,*,*,*,20260322
I10,세종특별자치시교육청,9300107,도담고등학교,2026,주간,고등학교,해당없음,20260624,2회고사,2회고사,Y,Y,Y,*,*,*,20260322
I10,세종특별자치시교육청,9300107,도담고등학교,2026,주간,고등학교,해당없음,20260625,2회고사,2회고사,Y,Y,Y,*,*,*,20260322
I10,세종특별자치시교육청,9300107,도담고등학교,2026,주간,고등학교,해당없음,20260626,2회고사,2회고사,Y,Y,Y,*,*,*,20260322
I10,세종특별자치시교육청,9300107,도담고등학교,2026,주간,고등학교,휴업일,20260627,토요휴업일,,Y,Y,Y,*,*,*,20260322
I10,세종특별자치시교육청,9300107,도담고등학교,2026,주간,고등학교,휴업일,20260704,토요휴업일,,Y,Y,Y,*,*,*,20260322
I10,세종특별자치시교육청,9300107,도담고등학교,2026,주간,고등학교,휴업일,20260711,토요휴업일,,Y,Y,Y,*,*,*,20260322
I10,세종특별자치시교육청,9300107,도담고등학교,2026,주간,고등학교,해당없음,20260716,여름방학식,방학식,Y,Y,Y,*,*,*,20260322
I10,세종특별자치시교육청,9300107,도담고등학교,2026,주간,고등학교,공휴일,20260717,제헌절,,Y,Y,Y,*,*,*,20260322
I10,세종특별자치시교육청,9300107,도담고등학교,2026,주간,고등학교,휴업일,20260718,토요휴업일,,Y,Y,Y,*,*,*,20260322
I10,세종특별자치시교육청,9300107,도담고등학교,2026,주간,고등학교,휴업일,20260720,여름방학,여름방학,Y,Y,Y,*,*,*,20260322
I10,세종특별자치시교육청,9300107,도담고등학교,2026,주간,고등학교,휴업일,20260721,여름방학,여름방학,Y,Y,Y,*,*,*,20260322
I10,세종특별자치시교육청,9300107,도담고등학교,2026,주간,고등학교,휴업일,20260722,여름방학,여름방학,Y,Y,Y,*,*,*,20260322
I10,세종특별자치시교육청,9300107,도담고등학교,2026,주간,고등학교,휴업일,20260723,여름방학,여름방학,Y,Y,Y,*,*,*,20260322
I10,세종특별자치시교육청,9300107,도담고등학교,2026,주간,고등학교,휴업일,20260724,여름방학,여름방학,Y,Y,Y,*,*,*,20260322
I10,세종특별자치시교육청,9300107,도담고등학교,2026,주간,고등학교,휴업일,20260725,여름방학,여름방학,Y,Y,Y,*,*,*,20260322
I10,세종특별자치시교육청,9300107,도담고등학교,2026,주간,고등학교,휴업일,20260725,토요휴업일,,Y,Y,Y,*,*,*,20260322
I10,세종특별자치시교육청,9300107,도담고등학교,2026,주간,고등학교,휴업일,20260726,여름방학,여름방학,Y,Y,Y,*,*,*,20260322
I10,세종특별자치시교육청,9300107,도담고등학교,2026,주간,고등학교,휴업일,20260727,여름방학,여름방학,Y,Y,Y,*,*,*,20260322
I10,세종특별자치시교육청,9300107,도담고등학교,2026,주간,고등학교,휴업일,20260728,여름방학,여름방학,Y,Y,Y,*,*,*,20260322
I10,세종특별자치시교육청,9300107,도담고등학교,2026,주간,고등학교,휴업일,20260729,여름방학,여름방학,Y,Y,Y,*,*,*,20260322
I10,세종특별자치시교육청,9300107,도담고등학교,2026,주간,고등학교,휴업일,20260730,여름방학,여름방학,Y,Y,Y,*,*,*,20260322
I10,세종특별자치시교육청,9300107,도담고등학교,2026,주간,고등학교,휴업일,20260731,여름방학,여름방학,Y,Y,Y,*,*,*,20260322
I10,세종특별자치시교육청,9300107,도담고등학교,2026,주간,고등학교,휴업일,20260801,여름방학,여름방학,Y,Y,Y,*,*,*,20260322
I10,세종특별자치시교육청,9300107,도담고등학교,2026,주간,고등학교,휴업일,20260801,토요휴업일,,Y,Y,Y,*,*,*,20260322
I10,세종특별자치시교육청,9300107,도담고등학교,2026,주간,고등학교,휴업일,20260802,여름방학,여름방학,Y,Y,Y,*,*,*,20260322
I10,세종특별자치시교육청,9300107,도담고등학교,2026,주간,고등학교,휴업일,20260803,여름방학,여름방학,Y,Y,Y,*,*,*,20260322
I10,세종특별자치시교육청,9300107,도담고등학교,2026,주간,고등학교,휴업일,20260804,여름방학,여름방학,Y,Y,Y,*,*,*,20260322
I10,세종특별자치시교육청,9300107,도담고등학교,2026,주간,고등학교,휴업일,20260805,여름방학,여름방학,Y,Y,Y,*,*,*,20260322
I10,세종특별자치시교육청,9300107,도담고등학교,2026,주간,고등학교,휴업일,20260806,여름방학,여름방학,Y,Y,Y,*,*,*,20260322
I10,세종특별자치시교육청,9300107,도담고등학교,2026,주간,고등학교,휴업일,20260807,여름방학,여름방학,Y,Y,Y,*,*,*,20260322
I10,세종특별자치시교육청,9300107,도담고등학교,2026,주간,고등학교,휴업일,20260808,여름방학,여름방학,Y,Y,Y,*,*,*,20260322
I10,세종특별자치시교육청,9300107,도담고등학교,2026,주간,고등학교,휴업일,20260808,토요휴업일,,Y,Y,Y,*,*,*,20260322
I10,세종특별자치시교육청,9300107,도담고등학교,2026,주간,고등학교,휴업일,20260809,여름방학,여름방학,Y,Y,Y,*,*,*,20260322
I10,세종특별자치시교육청,9300107,도담고등학교,2026,주간,고등학교,휴업일,20260810,여름방학,여름방학,Y,Y,Y,*,*,*,20260322
I10,세종특별자치시교육청,9300107,도담고등학교,2026,주간,고등학교,휴업일,20260811,여름방학,여름방학,Y,Y,Y,*,*,*,20260322
I10,세종특별자치시교육청,9300107,도담고등학교,2026,주간,고등학교,휴업일,20260812,여름방학,여름방학,Y,Y,Y,*,*,*,20260322
I10,세종특별자치시교육청,9300107,도담고등학교,2026,주간,고등학교,휴업일,20260813,여름방학,여름방학,Y,Y,Y,*,*,*,20260322
I10,세종특별자치시교육청,9300107,도담고등학교,2026,주간,고등학교,휴업일,20260814,여름방학,여름방학,Y,Y,Y,*,*,*,20260322
I10,세종특별자치시교육청,9300107,도담고등학교,2026,주간,고등학교,공휴일,20260815,광복절,,Y,Y,Y,*,*,*,20260322
I10,세종특별자치시교육청,9300107,도담고등학교,2026,주간,고등학교,공휴일,20260817,대체공휴일,,Y,Y,Y,*,*,*,20260322
I10,세종특별자치시교육청,9300107,도담고등학교,2026,주간,고등학교,휴업일,20260822,토요휴업일,,Y,Y,Y,*,*,*,20260322
I10,세종특별자치시교육청,9300107,도담고등학교,2026,주간,고등학교,휴업일,20260829,토요휴업일,,Y,Y,Y,*,*,*,20260322
I10,세종특별자치시교육청,9300107,도담고등학교,2026,주간,고등학교,휴업일,20260905,토요휴업일,,Y,Y,Y,*,*,*,20260322
I10,세종특별자치시교육청,9300107,도담고등학교,2026,주간,고등학교,휴업일,20260912,토요휴업일,,Y,Y,Y,*,*,*,20260322
I10,세종특별자치시교육청,9300107,도담고등학교,2026,주간,고등학교,휴업일,20260919,토요휴업일,,Y,Y,Y,*,*,*,20260322
I10,세종특별자치시교육청,9300107,도담고등학교,2026,주간,고등학교,공휴일,20260925,추석,,Y,Y,Y,*,*,*,20260322
I10,세종특별자치시교육청,9300107,도담고등학교,2026,주간,고등학교,휴업일,20260926,토요휴업일,,Y,Y,Y,*,*,*,20260322
I10,세종특별자치시교육청,9300107,도담고등학교,2026,주간,고등학교,공휴일,20261003,개천절,,Y,Y,Y,*,*,*,20260322
I10,세종특별자치시교육청,9300107,도담고등학교,2026,주간,고등학교,공휴일,20261005,대체공휴일,,Y,Y,Y,*,*,*,20260322
I10,세종특별자치시교육청,9300107,도담고등학교,2026,주간,고등학교,공휴일,20261009,한글날,,Y,Y,Y,*,*,*,20260322
I10,세종특별자치시교육청,9300107,도담고등학교,2026,주간,고등학교,휴업일,20261010,토요휴업일,,Y,Y,Y,*,*,*,20260322
I10,세종특별자치시교육청,9300107,도담고등학교,2026,주간,고등학교,휴업일,20261017,토요휴업일,,Y,Y,Y,*,*,*,20260322
I10,세종특별자치시교육청,9300107,도담고등학교,2026,주간,고등학교,휴업일,20261024,토요휴업일,,Y,Y,Y,*,*,*,20260322
I10,세종특별자치시교육청,9300107,도담고등학교,2026,주간,고등학교,휴업일,20261031,토요휴업일,,Y,Y,Y,*,*,*,20260322
I10,세종특별자치시교육청,9300107,도담고등학교,2026,주간,고등학교,휴업일,20261107,토요휴업일,,Y,Y,Y,*,*,*,20260322
I10,세종특별자치시교육청,9300107,도담고등학교,2026,주간,고등학교,휴업일,20261114,토요휴업일,,Y,Y,Y,*,*,*,20260322
I10,세종특별자치시교육청,9300107,도담고등학교,2026,주간,고등학교,휴업일,20261121,토요휴업일,,Y,Y,Y,*,*,*,20260322
I10,세종특별자치시교육청,9300107,도담고등학교,2026,주간,고등학교,휴업일,20261128,토요휴업일,,Y,Y,Y,*,*,*,20260322
I10,세종특별자치시교육청,9300107,도담고등학교,2026,주간,고등학교,휴업일,20261205,토요휴업일,,Y,Y,Y,*,*,*,20260322
I10,세종특별자치시교육청,9300107,도담고등학교,2026,주간,고등학교,휴업일,20261212,토요휴업일,,Y,Y,Y,*,*,*,20260322
I10,세종특별자치시교육청,9300107,도담고등학교,2026,주간,고등학교,휴업일,20261219,토요휴업일,,Y,Y,Y,*,*,*,20260322
I10,세종특별자치시교육청,9300107,도담고등학교,2026,주간,고등학교,공휴일,20261225,성탄절,,Y,Y,Y,*,*,*,20260322
I10,세종특별자치시교육청,9300107,도담고등학교,2026,주간,고등학교,휴업일,20261226,토요휴업일,,Y,Y,Y,*,*,*,20260322
I10,세종특별자치시교육청,9300107,도담고등학교,2026,주간,고등학교,공휴일,20270101,신정,,Y,Y,Y,*,*,*,20260322
I10,세종특별자치시교육청,9300107,도담고등학교,2026,주간,고등학교,휴업일,20270102,토요휴업일,,Y,Y,Y,*,*,*,20260322
I10,세종특별자치시교육청,9300107,도담고등학교,2026,주간,고등학교,휴업일,20270109,토요휴업일,,Y,Y,Y,*,*,*,20260322
I10,세종특별자치시교육청,9300107,도담고등학교,2026,주간,고등학교,휴업일,20270116,토요휴업일,,Y,Y,Y,*,*,*,20260322
I10,세종특별자치시교육청,9300107,도담고등학교,2026,주간,고등학교,휴업일,20270123,토요휴업일,,Y,Y,Y,*,*,*,20260322
I10,세종특별자치시교육청,9300107,도담고등학교,2026,주간,고등학교,휴업일,20270130,토요휴업일,,Y,Y,Y,*,*,*,20260322
I10,세종특별자치시교육청,9300107,도담고등학교,2026,주간,고등학교,휴업일,20270206,토요휴업일,,Y,Y,Y,*,*,*,20260322
I10,세종특별자치시교육청,9300107,도담고등학교,2026,주간,고등학교,공휴일,20270207,설날,,Y,Y,Y,*,*,*,20260322
I10,세종특별자치시교육청,9300107,도담고등학교,2026,주간,고등학교,휴업일,20270213,토요휴업일,,Y,Y,Y,*,*,*,20260322
I10,세종특별자치시교육청,9300107,도담고등학교,2026,주간,고등학교,휴업일,20270220,토요휴업일,,Y,Y,Y,*,*,*,20260322
I10,세종특별자치시교육청,9300107,도담고등학교,2026,주간,고등학교,휴업일,20270227,토요휴업일,,Y,Y,Y,*,*,*,20260322
I10,세종특별자치시교육청,9300106,도담중학교,2025,주간,중학교,공휴일,20250301,3·1절,,Y,Y,Y,*,*,*,20260322
I10,세종특별자치시교육청,9300106,도담중학교,2025,주간,중학교,공휴일,20250303,대체공휴일,,Y,Y,Y,*,*,*,20260322
I10,세종특별자치시교육청,9300106,도담중학교,2025,주간,중학교,공휴일,20250303,대체공휴일,,Y,Y,Y,*,*,*,20260322
I10,세종특별자치시교육청,9300106,도담중학교,2025,주간,중학교,해당없음,20250304,입학식,개학식,Y,Y,Y,*,*,*,20260322
I10,세종특별자치시교육청,9300106,도담중학교,2025,주간,중학교,휴업일,20250308,토요휴업일,,Y,Y,Y,*,*,*,20260322
I10,세종특별자치시교육청,9300106,도담중학교,2025,주간,중학교,휴업일,20250315,토요휴업일,,Y,Y,Y,*,*,*,20260322
I10,세종특별자치시교육청,9300106,도담중학교,2025,주간,중학교,해당없음,20250319,기초학력진단검사,,Y,Y,Y,*,*,*,20260322
I10,세종특별자치시교육청,9300106,도담중학교,2025,주간,중학교,해당없음,20250321,학교설명회,,Y,Y,Y,*,*,*,20260322
I10,세종특별자치시교육청,9300106,도담중학교,2025,주간,중학교,휴업일,20250322,토요휴업일,,Y,Y,Y,*,*,*,20260322
I10,세종특별자치시교육청,9300106,도담중학교,2025,주간,중학교,휴업일,20250329,토요휴업일,,Y,Y,Y,*,*,*,20260322
I10,세종특별자치시교육청,9300106,도담중학교,2025,주간,중학교,휴업일,20250405,토요휴업일,,Y,Y,Y,*,*,*,20260322
I10,세종특별자치시교육청,9300106,도담중학교,2025,주간,중학교,휴업일,20250412,토요휴업일,,Y,Y,Y,*,*,*,20260322
I10,세종특별자치시교육청,9300106,도담중학교,2025,주간,중학교,해당없음,20250419,영재학급 입학식,,Y,Y,Y,*,*,*,20260322
I10,세종특별자치시교육청,9300106,도담중학교,2025,주간,중학교,휴업일,20250419,토요휴업일,,Y,Y,Y,*,*,*,20260322
I10,세종특별자치시교육청,9300106,도담중학교,2025,주간,중학교,휴업일,20250426,토요휴업일,,Y,Y,Y,*,*,*,20260322
I10,세종특별자치시교육청,9300106,도담중학교,2025,주간,중학교,해당없음,20250428,1학기 1회고사,,Y,Y,Y,*,*,*,20260322
I10,세종특별자치시교육청,9300106,도담중학교,2025,주간,중학교,해당없음,20250429,1학기 1회고사,,Y,Y,Y,*,*,*,20260322
I10,세종특별자치시교육청,9300106,도담중학교,2025,주간,중학교,휴업일,20250501,재량휴업일,,Y,Y,Y,*,*,*,20260322
I10,세종특별자치시교육청,9300106,도담중학교,2025,주간,중학교,공휴일,20250501,대체공휴일,,Y,Y,Y,*,*,*,20260322
I10,세종특별자치시교육청,9300106,도담중학교,2025,주간,중학교,휴업일,20250503,토요휴업일,,Y,Y,Y,*,*,*,20260322
I10,세종특별자치시교육청,9300106,도담중학교,2025,주간,중학교,공휴일,20250505,어린이날,,Y,Y,Y,*,*,*,20260322
I10,세종특별자치시교육청,9300106,도담중학교,2025,주간,중학교,공휴일,20250506,대체공휴일,,Y,Y,Y,*,*,*,20260322
I10,세종특별자치시교육청,9300106,도담중학교,2025,주간,중학교,공휴일,20250506,대체공휴일,,Y,Y,Y,*,*,*,20260322
I10,세종특별자치시교육청,9300106,도담중학교,2025,주간,중학교,휴업일,20250510,토요휴업일,,Y,Y,Y,*,*,*,20260322
I10,세종특별자치시교육청,9300106,도담중학교,2025,주간,중학교,해당없음,20250515,스승의날,,Y,Y,Y,*,*,*,20260322
I10,세종특별자치시교육청,9300106,도담중학교,2025,주간,중학교,휴업일,20250517,토요휴업일,,Y,Y,Y,*,*,*,20260322
I10,세종특별자치시교육청,9300106,도담중학교,2025,주간,중학교,해당없음,20250523,체육대회,,Y,Y,Y,*,*,*,20260322
I10,세종특별자치시교육청,9300106,도담중학교,2025,주간,중학교,휴업일,20250524,토요휴업일,,Y,Y,Y,*,*,*,20260322
I10,세종특별자치시교육청,9300106,도담중학교,2025,주간,중학교,휴업일,20250531,토요휴업일,,Y,Y,Y,*,*,*,20260322
I10,세종특별자치시교육청,9300106,도담중학교,2025,주간,중학교,공휴일,20250603,대통령선거일,,Y,Y,Y,*,*,*,20260322
I10,세종특별자치시교육청,9300106,도담중학교,2025,주간,중학교,공휴일,20250606,현충일,,Y,Y,Y,*,*,*,20260322
I10,세종특별자치시교육청,9300106,도담중학교,2025,주간,중학교,휴업일,20250607,토요휴업일,,Y,Y,Y,*,*,*,20260322
I10,세종특별자치시교육청,9300106,도담중학교,2025,주간,중학교,휴업일,20250614,토요휴업일,,Y,Y,Y,*,*,*,20260322
I10,세종특별자치시교육청,9300106,도담중학교,2025,주간,중학교,휴업일,20250621,토요휴업일,,Y,Y,Y,*,*,*,20260322
I10,세종특별자치시교육청,9300106,도담중학교,2025,주간,중학교,휴업일,20250628,토요휴업일,,Y,Y,Y,*,*,*,20260322
I10,세종특별자치시교육청,9300106,도담중학교,2025,주간,중학교,해당없음,20250701,1학기 2회고사,,Y,Y,Y,*,*,*,20260322
I10,세종특별자치시교육청,9300106,도담중학교,2025,주간,중학교,해당없음,20250702,1학기 2회고사,,Y,Y,Y,*,*,*,20260322
I10,세종특별자치시교육청,9300106,도담중학교,2025,주간,중학교,해당없음,20250703,1학기 2회고사,,Y,Y,Y,*,*,*,20260322
I10,세종특별자치시교육청,9300106,도담중학교,2025,주간,중학교,휴업일,20250705,토요휴업일,,Y,Y,Y,*,*,*,20260322
I10,세종특별자치시교육청,9300106,도담중학교,2025,주간,중학교,해당없음,20250709,교육과정 성찰,,Y,Y,Y,*,*,*,20260322
I10,세종특별자치시교육청,9300106,도담중학교,2025,주간,중학교,휴업일,20250712,토요휴업일,,Y,Y,Y,*,*,*,20260322
I10,세종특별자치시교육청,9300106,도담중학교,2025,주간,중학교,해당없음,20250717,제헌절,,Y,Y,Y,*,*,*,20260322
I10,세종특별자치시교육청,9300106,도담중학교,2025,주간,중학교,휴업일,20250719,토요휴업일,,Y,Y,Y,*,*,*,20260322
I10,세종특별자치시교육청,9300106,도담중학교,2025,주간,중학교,해당없음,20250721,종업식,,Y,Y,Y,*,*,*,20260322
I10,세종특별자치시교육청,9300106,도담중학교,2025,주간,중학교,휴업일,20250722,여름방학,,Y,Y,Y,*,*,*,20260322
I10,세종특별자치시교육청,9300106,도담중학교,2025,주간,중학교,휴업일,20250723,여름방학,,Y,Y,Y,*,*,*,20260322
I10,세종특별자치시교육청,9300106,도담중학교,2025,주간,중학교,휴업일,20250724,여름방학,,Y,Y,Y,*,*,*,20260322
I10,세종특별자치시교육청,9300106,도담중학교,2025,주간,중학교,휴업일,20250725,여름방학,,Y,Y,Y,*,*,*,20260322
I10,세종특별자치시교육청,9300106,도담중학교,2025,주간,중학교,휴업일,20250726,여름방학,,Y,Y,Y,*,*,*,20260322
I10,세종특별자치시교육청,9300106,도담중학교,2025,주간,중학교,휴업일,20250726,토요휴업일,,Y,Y,Y,*,*,*,20260322
I10,세종특별자치시교육청,9300106,도담중학교,2025,주간,중학교,휴업일,20250727,여름방학,,Y,Y,Y,*,*,*,20260322
I10,세종특별자치시교육청,9300106,도담중학교,2025,주간,중학교,휴업일,20250728,여름방학,,Y,Y,Y,*,*,*,20260322
I10,세종특별자치시교육청,9300106,도담중학교,2025,주간,중학교,휴업일,20250729,여름방학,,Y,Y,Y,*,*,*,20260322
I10,세종특별자치시교육청,9300106,도담중학교,2025,주간,중학교,휴업일,20250730,여름방학,,Y,Y,Y,*,*,*,20260322
I10,세종특별자치시교육청,9300106,도담중학교,2025,주간,중학교,휴업일,20250731,여름방학,,Y,Y,Y,*,*,*,20260322
I10,세종특별자치시교육청,9300106,도담중학교,2025,주간,중학교,휴업일,20250801,여름방학,,Y,Y,Y,*,*,*,20260322
I10,세종특별자치시교육청,9300106,도담중학교,2025,주간,중학교,휴업일,20250802,여름방학,,Y,Y,Y,*,*,*,20260322
I10,세종특별자치시교육청,9300106,도담중학교,2025,주간,중학교,휴업일,20250802,토요휴업일,,Y,Y,Y,*,*,*,20260322
I10,세종특별자치시교육청,9300106,도담중학교,2025,주간,중학교,휴업일,20250803,여름방학,,Y,Y,Y,*,*,*,20260322
I10,세종특별자치시교육청,9300106,도담중학교,2025,주간,중학교,휴업일,20250804,여름방학,,Y,Y,Y,*,*,*,20260322
I10,세종특별자치시교육청,9300106,도담중학교,2025,주간,중학교,휴업일,20250805,여름방학,,Y,Y,Y,*,*,*,20260322
I10,세종특별자치시교육청,9300106,도담중학교,2025,주간,중학교,휴업일,20250806,여름방학,,Y,Y,Y,*,*,*,20260322
I10,세종특별자치시교육청,9300106,도담중학교,2025,주간,중학교,휴업일,20250807,여름방학,,Y,Y,Y,*,*,*,20260322
I10,세종특별자치시교육청,9300106,도담중학교,2025,주간,중학교,휴업일,20250808,여름방학,,Y,Y,Y,*,*,*,20260322
I10,세종특별자치시교육청,9300106,도담중학교,2025,주간,중학교,휴업일,20250809,여름방학,,Y,Y,Y,*,*,*,20260322
I10,세종특별자치시교육청,9300106,도담중학교,2025,주간,중학교,휴업일,20250809,토요휴업일,,Y,Y,Y,*,*,*,20260322
I10,세종특별자치시교육청,9300106,도담중학교,2025,주간,중학교,휴업일,20250810,여름방학,,Y,Y,Y,*,*,*,20260322
I10,세종특별자치시교육청,9300106,도담중학교,2025,주간,중학교,휴업일,20250811,여름방학,,Y,Y,Y,*,*,*,20260322
I10,세종특별자치시교육청,9300106,도담중학교,2025,주간,중학교,휴업일,20250812,여름방학,,Y,Y,Y,*,*,*,20260322
I10,세종특별자치시교육청,9300106,도담중학교,2025,주간,중학교,휴업일,20250813,여름방학,,Y,Y,Y,*,*,*,20260322
I10,세종특별자치시교육청,9300106,도담중학교,2025,주간,중학교,휴업일,20250814,여름방학,,Y,Y,Y,*,*,*,20260322
I10,세종특별자치시교육청,9300106,도담중학교,2025,주간,중학교,휴업일,20250815,여름방학,,Y,Y,Y,*,*,*,20260322
I10,세종특별자치시교육청,9300106,도담중학교,2025,주간,중학교,공휴일,20250815,광복절,,Y,Y,Y,*,*,*,20260322
I10,세종특별자치시교육청,9300106,도담중학교,2025,주간,중학교,휴업일,20250816,여름방학,,Y,Y,Y,*,*,*,20260322
I10,세종특별자치시교육청,9300106,도담중학교,2025,주간,중학교,휴업일,20250816,토요휴업일,,Y,Y,Y,*,*,*,20260322
I10,세종특별자치시교육청,9300106,도담중학교,2025,주간,중학교,휴업일,20250817,여름방학,,Y,Y,Y,*,*,*,20260322
I10,세종특별자치시교육청,9300106,도담중학교,2025,주간,중학교,휴업일,20250818,여름방학,,Y,Y,Y,*,*,*,20260322
I10,세종특별자치시교육청,9300106,도담중학교,2025,주간,중학교,해당없음,20250819,개학,,Y,Y,Y,*,*,*,20260322
I10,세종특별자치시교육청,9300106,도담중학교,2025,주간,중학교,휴업일,20250823,토요휴업일,,Y,Y,Y,*,*,*,20260322
I10,세종특별자치시교육청,9300106,도담중학교,2025,주간,중학교,휴업일,20250830,토요휴업일,,Y,Y,Y,*,*,*,20260322
I10,세종특별자치시교육청,9300106,도담중학교,2025,주간,중학교,휴업일,20250906,토요휴업일,,Y,Y,Y,*,*,*,20260322
I10,세종특별자치시교육청,9300106,도담중학교,2025,주간,중학교,휴업일,20250913,토요휴업일,,Y,Y,Y,*,*,*,20260322
I10,세종특별자치시교육청,9300106,도담중학교,2025,주간,중학교,휴업일,20250920,토요휴업일,,Y,Y,Y,*,*,*,20260322
I10,세종특별자치시교육청,9300106,도담중학교,2025,주간,중학교,휴업일,20250927,토요휴업일,,Y,Y,Y,*,*,*,20260322
I10,세종특별자치시교육청,9300106,도담중학교,2025,주간,중학교,해당없음,20250929,2학년2학기1회고사,,N,Y,N,*,*,*,20260322
I10,세종특별자치시교육청,9300106,도담중학교,2025,주간,중학교,해당없음,20250930,2학년2학기1회고사,,N,Y,N,*,*,*,20260322
I10,세종특별자치시교육청,9300106,도담중학교,2025,주간,중학교,공휴일,20251003,개천절,,Y,Y,Y,*,*,*,20260322
I10,세종특별자치시교육청,9300106,도담중학교,2025,주간,중학교,휴업일,20251004,토요휴업일,,Y,Y,Y,*,*,*,20260322
I10,세종특별자치시교육청,9300106,도담중학교,2025,주간,중학교,공휴일,20251005,추석,,Y,Y,Y,*,*,*,20260322
I10,세종특별자치시교육청,9300106,도담중학교,2025,주간,중학교,공휴일,20251006,추석,,Y,Y,Y,*,*,*,20260322
I10,세종특별자치시교육청,9300106,도담중학교,2025,주간,중학교,공휴일,20251007,추석,,Y,Y,Y,*,*,*,20260322
I10,세종특별자치시교육청,9300106,도담중학교,2025,주간,중학교,공휴일,20251008,대체공휴일,,Y,Y,Y,*,*,*,20260322
I10,세종특별자치시교육청,9300106,도담중학교,2025,주간,중학교,공휴일,20251008,대체공휴일,,Y,Y,Y,*,*,*,20260322
I10,세종특별자치시교육청,9300106,도담중학교,2025,주간,중학교,공휴일,20251009,한글날,,Y,Y,Y,*,*,*,20260322
I10,세종특별자치시교육청,9300106,도담중학교,2025,주간,중학교,휴업일,20251011,토요휴업일,,Y,Y,Y,*,*,*,20260322
﻿I10,세종특별자치시교육청,9300106,도담중학교,2025,주간,중학교,휴업일,20251018,토요휴업일,,Y,Y,Y,*,*,*,20260322
I10,세종특별자치시교육청,9300106,도담중학교,2025,주간,중학교,해당없음,20251022,수련활동(1학년),,Y,N,N,*,*,*,20260322
I10,세종특별자치시교육청,9300106,도담중학교,2025,주간,중학교,해당없음,20251022,수학여행(2학년),,N,Y,N,*,*,*,20260322
I10,세종특별자치시교육청,9300106,도담중학교,2025,주간,중학교,해당없음,20251023,수련활동(1학년),,Y,N,N,*,*,*,20260322
I10,세종특별자치시교육청,9300106,도담중학교,2025,주간,중학교,해당없음,20251023,수학여행(2학년),,N,Y,N,*,*,*,20260322
I10,세종특별자치시교육청,9300106,도담중학교,2025,주간,중학교,해당없음,20251024,수련활동(1학년),,Y,N,N,*,*,*,20260322
I10,세종특별자치시교육청,9300106,도담중학교,2025,주간,중학교,해당없음,20251024,수학여행(2학년),,N,Y,N,*,*,*,20260322
I10,세종특별자치시교육청,9300106,도담중학교,2025,주간,중학교,해당없음,20251024,현장체험(3학년),,N,N,Y,*,*,*,20260322
I10,세종특별자치시교육청,9300106,도담중학교,2025,주간,중학교,휴업일,20251025,토요휴업일,,Y,Y,Y,*,*,*,20260322
I10,세종특별자치시교육청,9300106,도담중학교,2025,주간,중학교,휴업일,20251101,토요휴업일,,Y,Y,Y,*,*,*,20260322
I10,세종특별자치시교육청,9300106,도담중학교,2025,주간,중학교,해당없음,20251103,3학년2학기1회고사,,N,N,Y,*,*,*,20260322
I10,세종특별자치시교육청,9300106,도담중학교,2025,주간,중학교,해당없음,20251104,3학년2학기1회고사,,N,N,Y,*,*,*,20260322
I10,세종특별자치시교육청,9300106,도담중학교,2025,주간,중학교,해당없음,20251105,3학년2학기1회고사,,N,N,Y,*,*,*,20260322
I10,세종특별자치시교육청,9300106,도담중학교,2025,주간,중학교,휴업일,20251108,토요휴업일,,Y,Y,Y,*,*,*,20260322
I10,세종특별자치시교육청,9300106,도담중학교,2025,주간,중학교,휴업일,20251113,재량휴업일,,Y,Y,Y,*,*,*,20260322
I10,세종특별자치시교육청,9300106,도담중학교,2025,주간,중학교,휴업일,20251114,재량휴업일(수능),,Y,Y,Y,*,*,*,20260322
I10,세종특별자치시교육청,9300106,도담중학교,2025,주간,중학교,휴업일,20251115,토요휴업일,,Y,Y,Y,*,*,*,20260322
I10,세종특별자치시교육청,9300106,도담중학교,2025,주간,중학교,휴업일,20251122,토요휴업일,,Y,Y,Y,*,*,*,20260322
I10,세종특별자치시교육청,9300106,도담중학교,2025,주간,중학교,해당없음,20251128,학생회장선거,,Y,Y,Y,*,*,*,20260322
I10,세종특별자치시교육청,9300106,도담중학교,2025,주간,중학교,휴업일,20251129,토요휴업일,,Y,Y,Y,*,*,*,20260322
I10,세종특별자치시교육청,9300106,도담중학교,2025,주간,중학교,휴업일,20251206,토요휴업일,,Y,Y,Y,*,*,*,20260322
I10,세종특별자치시교육청,9300106,도담중학교,2025,주간,중학교,휴업일,20251213,토요휴업일,,Y,Y,Y,*,*,*,20260322
I10,세종특별자치시교육청,9300106,도담중학교,2025,주간,중학교,해당없음,20251215,2회고사(2학년),,N,Y,N,*,*,*,20260322
I10,세종특별자치시교육청,9300106,도담중학교,2025,주간,중학교,해당없음,20251216,2회고사(2학년),,N,Y,N,*,*,*,20260322
I10,세종특별자치시교육청,9300106,도담중학교,2025,주간,중학교,해당없음,20251217,2회고사(2학년),,N,Y,N,*,*,*,20260322
I10,세종특별자치시교육청,9300106,도담중학교,2025,주간,중학교,휴업일,20251220,토요휴업일,,Y,Y,Y,*,*,*,20260322
I10,세종특별자치시교육청,9300106,도담중학교,2025,주간,중학교,해당없음,20251224,학교자체평가,,Y,Y,Y,*,*,*,20260322
I10,세종특별자치시교육청,9300106,도담중학교,2025,주간,중학교,공휴일,20251225,성탄절,,Y,Y,Y,*,*,*,20260322
I10,세종특별자치시교육청,9300106,도담중학교,2025,주간,중학교,해당없음,20251226,졸업 및 진급사정회,,Y,Y,Y,*,*,*,20260322
I10,세종특별자치시교육청,9300106,도담중학교,2025,주간,중학교,휴업일,20251227,토요휴업일,,Y,Y,Y,*,*,*,20260322
I10,세종특별자치시교육청,9300106,도담중학교,2025,주간,중학교,해당없음,20251231,학교축제,,Y,Y,Y,*,*,*,20260322
I10,세종특별자치시교육청,9300106,도담중학교,2025,주간,중학교,공휴일,20260101,신정,,Y,Y,Y,*,*,*,20260322
I10,세종특별자치시교육청,9300106,도담중학교,2025,주간,중학교,휴업일,20260103,토요휴업일,,Y,Y,Y,*,*,*,20260322
I10,세종특별자치시교육청,9300106,도담중학교,2025,주간,중학교,해당없음,20260109,졸업식(3학년),,N,N,Y,*,*,*,20260322
I10,세종특별자치시교육청,9300106,도담중학교,2025,주간,중학교,해당없음,20260109,종업식,,Y,Y,N,*,*,*,20260322
I10,세종특별자치시교육청,9300106,도담중학교,2025,주간,중학교,휴업일,20260110,토요휴업일,,Y,Y,Y,*,*,*,20260322
I10,세종특별자치시교육청,9300106,도담중학교,2025,주간,중학교,휴업일,20260112,겨울방학,,Y,Y,Y,*,*,*,20260322
I10,세종특별자치시교육청,9300106,도담중학교,2025,주간,중학교,휴업일,20260113,겨울방학,,Y,Y,Y,*,*,*,20260322
I10,세종특별자치시교육청,9300106,도담중학교,2025,주간,중학교,휴업일,20260114,겨울방학,,Y,Y,Y,*,*,*,20260322
I10,세종특별자치시교육청,9300106,도담중학교,2025,주간,중학교,휴업일,20260115,겨울방학,,Y,Y,Y,*,*,*,20260322
I10,세종특별자치시교육청,9300106,도담중학교,2025,주간,중학교,휴업일,20260116,겨울방학,,Y,Y,Y,*,*,*,20260322
I10,세종특별자치시교육청,9300106,도담중학교,2025,주간,중학교,휴업일,20260117,겨울방학,,Y,Y,Y,*,*,*,20260322
I10,세종특별자치시교육청,9300106,도담중학교,2025,주간,중학교,휴업일,20260117,토요휴업일,,Y,Y,Y,*,*,*,20260322
I10,세종특별자치시교육청,9300106,도담중학교,2025,주간,중학교,휴업일,20260118,겨울방학,,Y,Y,Y,*,*,*,20260322
I10,세종특별자치시교육청,9300106,도담중학교,2025,주간,중학교,휴업일,20260119,겨울방학,,Y,Y,Y,*,*,*,20260322
I10,세종특별자치시교육청,9300106,도담중학교,2025,주간,중학교,휴업일,20260120,겨울방학,,Y,Y,Y,*,*,*,20260322
I10,세종특별자치시교육청,9300106,도담중학교,2025,주간,중학교,휴업일,20260121,겨울방학,,Y,Y,Y,*,*,*,20260322
I10,세종특별자치시교육청,9300106,도담중학교,2025,주간,중학교,휴업일,20260122,겨울방학,,Y,Y,Y,*,*,*,20260322
I10,세종특별자치시교육청,9300106,도담중학교,2025,주간,중학교,휴업일,20260123,겨울방학,,Y,Y,Y,*,*,*,20260322
I10,세종특별자치시교육청,9300106,도담중학교,2025,주간,중학교,휴업일,20260124,겨울방학,,Y,Y,Y,*,*,*,20260322
I10,세종특별자치시교육청,9300106,도담중학교,2025,주간,중학교,휴업일,20260124,토요휴업일,,Y,Y,Y,*,*,*,20260322
I10,세종특별자치시교육청,9300106,도담중학교,2025,주간,중학교,휴업일,20260125,겨울방학,,Y,Y,Y,*,*,*,20260322
I10,세종특별자치시교육청,9300106,도담중학교,2025,주간,중학교,휴업일,20260126,겨울방학,,Y,Y,Y,*,*,*,20260322
I10,세종특별자치시교육청,9300106,도담중학교,2025,주간,중학교,휴업일,20260127,겨울방학,,Y,Y,Y,*,*,*,20260322
I10,세종특별자치시교육청,9300106,도담중학교,2025,주간,중학교,휴업일,20260128,겨울방학,,Y,Y,Y,*,*,*,20260322
I10,세종특별자치시교육청,9300106,도담중학교,2025,주간,중학교,휴업일,20260129,겨울방학,,Y,Y,Y,*,*,*,20260322
I10,세종특별자치시교육청,9300106,도담중학교,2025,주간,중학교,휴업일,20260130,겨울방학,,Y,Y,Y,*,*,*,20260322
I10,세종특별자치시교육청,9300106,도담중학교,2025,주간,중학교,휴업일,20260131,겨울방학,,Y,Y,Y,*,*,*,20260322
I10,세종특별자치시교육청,9300106,도담중학교,2025,주간,중학교,휴업일,20260131,토요휴업일,,Y,Y,Y,*,*,*,20260322
I10,세종특별자치시교육청,9300106,도담중학교,2025,주간,중학교,휴업일,20260201,겨울방학,,Y,Y,Y,*,*,*,20260322
I10,세종특별자치시교육청,9300106,도담중학교,2025,주간,중학교,휴업일,20260202,겨울방학,,Y,Y,Y,*,*,*,20260322
I10,세종특별자치시교육청,9300106,도담중학교,2025,주간,중학교,휴업일,20260203,겨울방학,,Y,Y,Y,*,*,*,20260322
I10,세종특별자치시교육청,9300106,도담중학교,2025,주간,중학교,휴업일,20260204,겨울방학,,Y,Y,Y,*,*,*,20260322
I10,세종특별자치시교육청,9300106,도담중학교,2025,주간,중학교,휴업일,20260205,겨울방학,,Y,Y,Y,*,*,*,20260322
I10,세종특별자치시교육청,9300106,도담중학교,2025,주간,중학교,휴업일,20260206,겨울방학,,Y,Y,Y,*,*,*,20260322
I10,세종특별자치시교육청,9300106,도담중학교,2025,주간,중학교,휴업일,20260207,겨울방학,,Y,Y,Y,*,*,*,20260322
I10,세종특별자치시교육청,9300106,도담중학교,2025,주간,중학교,휴업일,20260207,토요휴업일,,Y,Y,Y,*,*,*,20260322
I10,세종특별자치시교육청,9300106,도담중학교,2025,주간,중학교,휴업일,20260208,겨울방학,,Y,Y,Y,*,*,*,20260322
I10,세종특별자치시교육청,9300106,도담중학교,2025,주간,중학교,휴업일,20260209,겨울방학,,Y,Y,Y,*,*,*,20260322
I10,세종특별자치시교육청,9300106,도담중학교,2025,주간,중학교,휴업일,20260210,겨울방학,,Y,Y,Y,*,*,*,20260322
I10,세종특별자치시교육청,9300106,도담중학교,2025,주간,중학교,휴업일,20260211,겨울방학,,Y,Y,Y,*,*,*,20260322
I10,세종특별자치시교육청,9300106,도담중학교,2025,주간,중학교,휴업일,20260212,겨울방학,,Y,Y,Y,*,*,*,20260322
I10,세종특별자치시교육청,9300106,도담중학교,2025,주간,중학교,휴업일,20260213,겨울방학,,Y,Y,Y,*,*,*,20260322
I10,세종특별자치시교육청,9300106,도담중학교,2025,주간,중학교,휴업일,20260214,겨울방학,,Y,Y,Y,*,*,*,20260322
I10,세종특별자치시교육청,9300106,도담중학교,2025,주간,중학교,휴업일,20260214,토요휴업일,,Y,Y,Y,*,*,*,20260322
I10,세종특별자치시교육청,9300106,도담중학교,2025,주간,중학교,휴업일,20260215,겨울방학,,Y,Y,Y,*,*,*,20260322
I10,세종특별자치시교육청,9300106,도담중학교,2025,주간,중학교,휴업일,20260216,겨울방학,,Y,Y,Y,*,*,*,20260322
I10,세종특별자치시교육청,9300106,도담중학교,2025,주간,중학교,공휴일,20260216,설날,,Y,Y,Y,*,*,*,20260322
I10,세종특별자치시교육청,9300106,도담중학교,2025,주간,중학교,휴업일,20260217,겨울방학,,Y,Y,Y,*,*,*,20260322
I10,세종특별자치시교육청,9300106,도담중학교,2025,주간,중학교,공휴일,20260217,설날,,Y,Y,Y,*,*,*,20260322
I10,세종특별자치시교육청,9300106,도담중학교,2025,주간,중학교,휴업일,20260218,겨울방학,,Y,Y,Y,*,*,*,20260322
I10,세종특별자치시교육청,9300106,도담중학교,2025,주간,중학교,공휴일,20260218,설날,,Y,Y,Y,*,*,*,20260322
I10,세종특별자치시교육청,9300106,도담중학교,2025,주간,중학교,휴업일,20260219,겨울방학,,Y,Y,Y,*,*,*,20260322
I10,세종특별자치시교육청,9300106,도담중학교,2025,주간,중학교,휴업일,20260220,겨울방학,,Y,Y,Y,*,*,*,20260322
I10,세종특별자치시교육청,9300106,도담중학교,2025,주간,중학교,휴업일,20260221,겨울방학,,Y,Y,Y,*,*,*,20260322
I10,세종특별자치시교육청,9300106,도담중학교,2025,주간,중학교,휴업일,20260221,토요휴업일,,Y,Y,Y,*,*,*,20260322
I10,세종특별자치시교육청,9300106,도담중학교,2025,주간,중학교,휴업일,20260222,겨울방학,,Y,Y,Y,*,*,*,20260322
I10,세종특별자치시교육청,9300106,도담중학교,2025,주간,중학교,휴업일,20260223,겨울방학,,Y,Y,Y,*,*,*,20260322
I10,세종특별자치시교육청,9300106,도담중학교,2025,주간,중학교,휴업일,20260224,겨울방학,,Y,Y,Y,*,*,*,20260322
I10,세종특별자치시교육청,9300106,도담중학교,2025,주간,중학교,휴업일,20260225,겨울방학,,Y,Y,Y,*,*,*,20260322
I10,세종특별자치시교육청,9300106,도담중학교,2025,주간,중학교,휴업일,20260226,겨울방학,,Y,Y,Y,*,*,*,20260322
I10,세종특별자치시교육청,9300106,도담중학교,2025,주간,중학교,휴업일,20260227,겨울방학,,Y,Y,Y,*,*,*,20260322
I10,세종특별자치시교육청,9300106,도담중학교,2025,주간,중학교,휴업일,20260228,토요휴업일,,Y,Y,Y,*,*,*,20260322
I10,세종특별자치시교육청,9300106,도담중학교,2026,주간,중학교,공휴일,20260301,3·1절,,Y,Y,Y,*,*,*,20260322
I10,세종특별자치시교육청,9300106,도담중학교,2026,주간,중학교,공휴일,20260302,대체공휴일,,Y,Y,Y,*,*,*,20260322
I10,세종특별자치시교육청,9300106,도담중학교,2026,주간,중학교,해당없음,20260303,입학식,,Y,N,N,*,*,*,20260322
I10,세종특별자치시교육청,9300106,도담중학교,2026,주간,중학교,해당없음,20260303,개학,,N,Y,Y,*,*,*,20260322
I10,세종특별자치시교육청,9300106,도담중학교,2026,주간,중학교,휴업일,20260307,토요휴업일,,Y,Y,Y,*,*,*,20260322
I10,세종특별자치시교육청,9300106,도담중학교,2026,주간,중학교,휴업일,20260314,토요휴업일,,Y,Y,Y,*,*,*,20260322
I10,세종특별자치시교육청,9300106,도담중학교,2026,주간,중학교,휴업일,20260321,토요휴업일,,Y,Y,Y,*,*,*,20260322
I10,세종특별자치시교육청,9300106,도담중학교,2026,주간,중학교,휴업일,20260328,토요휴업일,,Y,Y,Y,*,*,*,20260322
I10,세종특별자치시교육청,9300106,도담중학교,2026,주간,중학교,휴업일,20260404,토요휴업일,,Y,Y,Y,*,*,*,20260322
I10,세종특별자치시교육청,9300106,도담중학교,2026,주간,중학교,휴업일,20260411,토요휴업일,,Y,Y,Y,*,*,*,20260322
I10,세종특별자치시교육청,9300106,도담중학교,2026,주간,중학교,휴업일,20260418,토요휴업일,,Y,Y,Y,*,*,*,20260322
I10,세종특별자치시교육청,9300106,도담중학교,2026,주간,중학교,휴업일,20260425,토요휴업일,,Y,Y,Y,*,*,*,20260322
I10,세종특별자치시교육청,9300106,도담중학교,2026,주간,중학교,해당없음,20260427,1학기 1회고사,,Y,Y,Y,*,*,*,20260322
I10,세종특별자치시교육청,9300106,도담중학교,2026,주간,중학교,해당없음,20260428,1학기 1회고사,,Y,Y,Y,*,*,*,20260322
I10,세종특별자치시교육청,9300106,도담중학교,2026,주간,중학교,해당없음,20260429,1학기 1회고사,,Y,Y,Y,*,*,*,20260322
I10,세종특별자치시교육청,9300106,도담중학교,2026,주간,중학교,휴업일,20260501,재량휴업일,,Y,Y,Y,*,*,*,20260322
I10,세종특별자치시교육청,9300106,도담중학교,2026,주간,중학교,휴업일,20260502,토요휴업일,,Y,Y,Y,*,*,*,20260322
I10,세종특별자치시교육청,9300106,도담중학교,2026,주간,중학교,휴업일,20260504,재량휴업일,,Y,Y,Y,*,*,*,20260322
I10,세종특별자치시교육청,9300106,도담중학교,2026,주간,중학교,공휴일,20260505,어린이날,,Y,Y,Y,*,*,*,20260322
I10,세종특별자치시교육청,9300106,도담중학교,2026,주간,중학교,휴업일,20260509,토요휴업일,,Y,Y,Y,*,*,*,20260322
I10,세종특별자치시교육청,9300106,도담중학교,2026,주간,중학교,휴업일,20260516,토요휴업일,,Y,Y,Y,*,*,*,20260322
I10,세종특별자치시교육청,9300106,도담중학교,2026,주간,중학교,휴업일,20260523,토요휴업일,,Y,Y,Y,*,*,*,20260322
I10,세종특별자치시교육청,9300106,도담중학교,2026,주간,중학교,공휴일,20260524,석가탄신일,,Y,Y,Y,*,*,*,20260322
I10,세종특별자치시교육청,9300106,도담중학교,2026,주간,중학교,공휴일,20260525,대체공휴일,,Y,Y,Y,*,*,*,20260322
I10,세종특별자치시교육청,9300106,도담중학교,2026,주간,중학교,휴업일,20260530,토요휴업일,,Y,Y,Y,*,*,*,20260322
I10,세종특별자치시교육청,9300106,도담중학교,2026,주간,중학교,공휴일,20260603,지방선거일,,Y,Y,Y,*,*,*,20260322
I10,세종특별자치시교육청,9300106,도담중학교,2026,주간,중학교,공휴일,20260606,현충일,,Y,Y,Y,*,*,*,20260322
I10,세종특별자치시교육청,9300106,도담중학교,2026,주간,중학교,휴업일,20260613,토요휴업일,,Y,Y,Y,*,*,*,20260322
I10,세종특별자치시교육청,9300106,도담중학교,2026,주간,중학교,휴업일,20260620,토요휴업일,,Y,Y,Y,*,*,*,20260322
I10,세종특별자치시교육청,9300106,도담중학교,2026,주간,중학교,휴업일,20260627,토요휴업일,,Y,Y,Y,*,*,*,20260322
I10,세종특별자치시교육청,9300106,도담중학교,2026,주간,중학교,해당없음,20260701,1학기 2회고사,,Y,Y,Y,*,*,*,20260322
I10,세종특별자치시교육청,9300106,도담중학교,2026,주간,중학교,해당없음,20260702,1학기 2회고사,,Y,Y,Y,*,*,*,20260322
I10,세종특별자치시교육청,9300106,도담중학교,2026,주간,중학교,해당없음,20260703,1학기 2회고사,,Y,Y,Y,*,*,*,20260322
I10,세종특별자치시교육청,9300106,도담중학교,2026,주간,중학교,휴업일,20260704,토요휴업일,,Y,Y,Y,*,*,*,20260322
I10,세종특별자치시교육청,9300106,도담중학교,2026,주간,중학교,휴업일,20260711,토요휴업일,,Y,Y,Y,*,*,*,20260322
I10,세종특별자치시교육청,9300106,도담중학교,2026,주간,중학교,공휴일,20260717,제헌절,,Y,Y,Y,*,*,*,20260322
I10,세종특별자치시교육청,9300106,도담중학교,2026,주간,중학교,휴업일,20260718,토요휴업일,,Y,Y,Y,*,*,*,20260322
I10,세종특별자치시교육청,9300106,도담중학교,2026,주간,중학교,해당없음,20260721,방학식,,Y,Y,Y,*,*,*,20260322
I10,세종특별자치시교육청,9300106,도담중학교,2026,주간,중학교,휴업일,20260725,토요휴업일,,Y,Y,Y,*,*,*,20260322
I10,세종특별자치시교육청,9300106,도담중학교,2026,주간,중학교,휴업일,20260801,토요휴업일,,Y,Y,Y,*,*,*,20260322
I10,세종특별자치시교육청,9300106,도담중학교,2026,주간,중학교,휴업일,20260808,토요휴업일,,Y,Y,Y,*,*,*,20260322
I10,세종특별자치시교육청,9300106,도담중학교,2026,주간,중학교,해당없음,20260813,개학,,Y,Y,Y,*,*,*,20260322
I10,세종특별자치시교육청,9300106,도담중학교,2026,주간,중학교,공휴일,20260815,광복절,,Y,Y,Y,*,*,*,20260322
I10,세종특별자치시교육청,9300106,도담중학교,2026,주간,중학교,공휴일,20260817,대체공휴일,,Y,Y,Y,*,*,*,20260322
I10,세종특별자치시교육청,9300106,도담중학교,2026,주간,중학교,휴업일,20260822,토요휴업일,,Y,Y,Y,*,*,*,20260322
I10,세종특별자치시교육청,9300106,도담중학교,2026,주간,중학교,휴업일,20260829,토요휴업일,,Y,Y,Y,*,*,*,20260322
I10,세종특별자치시교육청,9300106,도담중학교,2026,주간,중학교,휴업일,20260905,토요휴업일,,Y,Y,Y,*,*,*,20260322
I10,세종특별자치시교육청,9300106,도담중학교,2026,주간,중학교,휴업일,20260912,토요휴업일,,Y,Y,Y,*,*,*,20260322
I10,세종특별자치시교육청,9300106,도담중학교,2026,주간,중학교,휴업일,20260919,토요휴업일,,Y,Y,Y,*,*,*,20260322
I10,세종특별자치시교육청,9300106,도담중학교,2026,주간,중학교,공휴일,20260924,추석연휴,,Y,Y,Y,*,*,*,20260322
I10,세종특별자치시교육청,9300106,도담중학교,2026,주간,중학교,공휴일,20260925,추석,,Y,Y,Y,*,*,*,20260322
I10,세종특별자치시교육청,9300106,도담중학교,2026,주간,중학교,휴업일,20260926,토요휴업일,,Y,Y,Y,*,*,*,20260322
I10,세종특별자치시교육청,9300106,도담중학교,2026,주간,중학교,해당없음,20260930,2학년2학기1회고사,,N,Y,N,*,*,*,20260322
I10,세종특별자치시교육청,9300106,도담중학교,2026,주간,중학교,해당없음,20261001,2학년2학기1회고사,,N,Y,N,*,*,*,20260322
I10,세종특별자치시교육청,9300106,도담중학교,2026,주간,중학교,공휴일,20261003,개천절,,Y,Y,Y,*,*,*,20260322
I10,세종특별자치시교육청,9300106,도담중학교,2026,주간,중학교,공휴일,20261005,대체공휴일,,Y,Y,Y,*,*,*,20260322
I10,세종특별자치시교육청,9300106,도담중학교,2026,주간,중학교,공휴일,20261009,한글날,,Y,Y,Y,*,*,*,20260322
I10,세종특별자치시교육청,9300106,도담중학교,2026,주간,중학교,휴업일,20261010,토요휴업일,,Y,Y,Y,*,*,*,20260322
I10,세종특별자치시교육청,9300106,도담중학교,2026,주간,중학교,휴업일,20261017,토요휴업일,,Y,Y,Y,*,*,*,20260322
I10,세종특별자치시교육청,9300106,도담중학교,2026,주간,중학교,해당없음,20261021,수련활동(1학년),,Y,N,N,*,*,*,20260322
I10,세종특별자치시교육청,9300106,도담중학교,2026,주간,중학교,해당없음,20261021,수학여행(2학년),,N,Y,N,*,*,*,20260322
I10,세종특별자치시교육청,9300106,도담중학교,2026,주간,중학교,해당없음,20261022,수련활동(1학년),,Y,N,N,*,*,*,20260322
I10,세종특별자치시교육청,9300106,도담중학교,2026,주간,중학교,해당없음,20261022,수학여행(2학년),,N,Y,N,*,*,*,20260322
I10,세종특별자치시교육청,9300106,도담중학교,2026,주간,중학교,해당없음,20261023,수련활동(1학년),,Y,N,N,*,*,*,20260322
I10,세종특별자치시교육청,9300106,도담중학교,2026,주간,중학교,해당없음,20261023,수학여행(2학년),,N,Y,N,*,*,*,20260322
I10,세종특별자치시교육청,9300106,도담중학교,2026,주간,중학교,해당없음,20261023,현장체험(3학년),,N,N,Y,*,*,*,20260322
I10,세종특별자치시교육청,9300106,도담중학교,2026,주간,중학교,휴업일,20261024,토요휴업일,,Y,Y,Y,*,*,*,20260322
I10,세종특별자치시교육청,9300106,도담중학교,2026,주간,중학교,휴업일,20261031,토요휴업일,,Y,Y,Y,*,*,*,20260322
I10,세종특별자치시교육청,9300106,도담중학교,2026,주간,중학교,휴업일,20261107,토요휴업일,,Y,Y,Y,*,*,*,20260322
I10,세종특별자치시교육청,9300106,도담중학교,2026,주간,중학교,해당없음,20261109,3학년2학기1회고사,,N,N,Y,*,*,*,20260322
I10,세종특별자치시교육청,9300106,도담중학교,2026,주간,중학교,해당없음,20261110,3학년2학기1회고사,,N,N,Y,*,*,*,20260322
I10,세종특별자치시교육청,9300106,도담중학교,2026,주간,중학교,휴업일,20261114,토요휴업일,,Y,Y,Y,*,*,*,20260322
I10,세종특별자치시교육청,9300106,도담중학교,2026,주간,중학교,휴업일,20261119,재량휴업일(수능),,Y,Y,Y,*,*,*,20260322
I10,세종특별자치시교육청,9300106,도담중학교,2026,주간,중학교,휴업일,20261120,재량휴업일(수능),,Y,Y,Y,*,*,*,20260322
I10,세종특별자치시교육청,9300106,도담중학교,2026,주간,중학교,휴업일,20261121,토요휴업일,,Y,Y,Y,*,*,*,20260322
I10,세종특별자치시교육청,9300106,도담중학교,2026,주간,중학교,휴업일,20261128,토요휴업일,,Y,Y,Y,*,*,*,20260322
I10,세종특별자치시교육청,9300106,도담중학교,2026,주간,중학교,휴업일,20261205,토요휴업일,,Y,Y,Y,*,*,*,20260322
I10,세종특별자치시교육청,9300106,도담중학교,2026,주간,중학교,휴업일,20261212,토요휴업일,,Y,Y,Y,*,*,*,20260322
I10,세종특별자치시교육청,9300106,도담중학교,2026,주간,중학교,해당없음,20261214,2회고사,,N,Y,N,*,*,*,20260322
I10,세종특별자치시교육청,9300106,도담중학교,2026,주간,중학교,해당없음,20261215,2회고사,,N,Y,N,*,*,*,20260322
I10,세종특별자치시교육청,9300106,도담중학교,2026,주간,중학교,해당없음,20261216,2회고사,,N,Y,N,*,*,*,20260322
I10,세종특별자치시교육청,9300106,도담중학교,2026,주간,중학교,휴업일,20261219,토요휴업일,,Y,Y,Y,*,*,*,20260322
I10,세종특별자치시교육청,9300106,도담중학교,2026,주간,중학교,공휴일,20261225,성탄절,,Y,Y,Y,*,*,*,20260322
I10,세종특별자치시교육청,9300106,도담중학교,2026,주간,중학교,휴업일,20261226,토요휴업일,,Y,Y,Y,*,*,*,20260322
I10,세종특별자치시교육청,9300106,도담중학교,2026,주간,중학교,공휴일,20270101,신정,,Y,Y,Y,*,*,*,20260322
I10,세종특별자치시교육청,9300106,도담중학교,2026,주간,중학교,휴업일,20270102,토요휴업일,,Y,Y,Y,*,*,*,20260322
I10,세종특별자치시교육청,9300106,도담중학교,2026,주간,중학교,휴업일,20270109,토요휴업일,,Y,Y,Y,*,*,*,20260322
I10,세종특별자치시교육청,9300106,도담중학교,2026,주간,중학교,휴업일,20270116,토요휴업일,,Y,Y,Y,*,*,*,20260322
I10,세종특별자치시교육청,9300106,도담중학교,2026,주간,중학교,휴업일,20270123,토요휴업일,,Y,Y,Y,*,*,*,20260322
I10,세종특별자치시교육청,9300106,도담중학교,2026,주간,중학교,휴업일,20270130,토요휴업일,,Y,Y,Y,*,*,*,20260322
I10,세종특별자치시교육청,9300106,도담중학교,2026,주간,중학교,휴업일,20270206,토요휴업일,,Y,Y,Y,*,*,*,20260322
I10,세종특별자치시교육청,9300106,도담중학교,2026,주간,중학교,공휴일,20270207,설날,,Y,Y,Y,*,*,*,20260322
I10,세종특별자치시교육청,9300106,도담중학교,2026,주간,중학교,공휴일,20270208,설날,,Y,Y,Y,*,*,*,20260322
I10,세종특별자치시교육청,9300106,도담중학교,2026,주간,중학교,공휴일,20270209,대체공휴일,,Y,Y,Y,*,*,*,20260322
I10,세종특별자치시교육청,9300106,도담중학교,2026,주간,중학교,휴업일,20270213,토요휴업일,,Y,Y,Y,*,*,*,20260322
I10,세종특별자치시교육청,9300106,도담중학교,2026,주간,중학교,휴업일,20270220,토요휴업일,,Y,Y,Y,*,*,*,20260322
I10,세종특별자치시교육청,9300106,도담중학교,2026,주간,중학교,휴업일,20270227,토요휴업일,,Y,Y,Y,*,*,*,20260322
I10,세종특별자치시교육청,9300105,도담초등학교,2025,,초등학교,공휴일,20250301,3·1절,,Y,Y,Y,Y,Y,Y,20260322
I10,세종특별자치시교육청,9300105,도담초등학교,2025,,초등학교,공휴일,20250303,대체공휴일,,Y,Y,Y,Y,Y,Y,20260322
I10,세종특별자치시교육청,9300105,도담초등학교,2025,,초등학교,해당없음,20250304,시업식,,N,Y,Y,Y,Y,Y,20260322
I10,세종특별자치시교육청,9300105,도담초등학교,2025,,초등학교,해당없음,20250304,입학식,,Y,N,N,N,N,N,20260322
I10,세종특별자치시교육청,9300105,도담초등학교,2025,,초등학교,휴업일,20250308,토요휴업일,,Y,Y,Y,Y,Y,Y,20260322
I10,세종특별자치시교육청,9300105,도담초등학교,2025,,초등학교,휴업일,20250315,토요휴업일,,Y,Y,Y,Y,Y,Y,20260322
I10,세종특별자치시교육청,9300105,도담초등학교,2025,,초등학교,휴업일,20250322,토요휴업일,,Y,Y,Y,Y,Y,Y,20260322
I10,세종특별자치시교육청,9300105,도담초등학교,2025,,초등학교,휴업일,20250329,토요휴업일,,Y,Y,Y,Y,Y,Y,20260322
I10,세종특별자치시교육청,9300105,도담초등학교,2025,,초등학교,휴업일,20250405,토요휴업일,,Y,Y,Y,Y,Y,Y,20260322
I10,세종특별자치시교육청,9300105,도담초등학교,2025,,초등학교,휴업일,20250412,토요휴업일,,Y,Y,Y,Y,Y,Y,20260322
I10,세종특별자치시교육청,9300105,도담초등학교,2025,,초등학교,휴업일,20250419,토요휴업일,,Y,Y,Y,Y,Y,Y,20260322
I10,세종특별자치시교육청,9300105,도담초등학교,2025,,초등학교,휴업일,20250426,토요휴업일,,Y,Y,Y,Y,Y,Y,20260322
I10,세종특별자치시교육청,9300105,도담초등학교,2025,,초등학교,휴업일,20250503,토요휴업일,,Y,Y,Y,Y,Y,Y,20260322
I10,세종특별자치시교육청,9300105,도담초등학교,2025,,초등학교,공휴일,20250505,석가탄신일,,Y,Y,Y,Y,Y,Y,20260322
I10,세종특별자치시교육청,9300105,도담초등학교,2025,,초등학교,공휴일,20250506,대체공휴일,,Y,Y,Y,Y,Y,Y,20260322
I10,세종특별자치시교육청,9300105,도담초등학교,2025,,초등학교,휴업일,20250510,토요휴업일,,Y,Y,Y,Y,Y,Y,20260322
I10,세종특별자치시교육청,9300105,도담초등학교,2025,,초등학교,휴업일,20250517,토요휴업일,,Y,Y,Y,Y,Y,Y,20260322
I10,세종특별자치시교육청,9300105,도담초등학교,2025,,초등학교,휴업일,20250524,토요휴업일,,Y,Y,Y,Y,Y,Y,20260322
I10,세종특별자치시교육청,9300105,도담초등학교,2025,,초등학교,휴업일,20250531,토요휴업일,,Y,Y,Y,Y,Y,Y,20260322
I10,세종특별자치시교육청,9300105,도담초등학교,2025,,초등학교,공휴일,20250603,대통령 선거일,,Y,Y,Y,Y,Y,Y,20260322
I10,세종특별자치시교육청,9300105,도담초등학교,2025,,초등학교,공휴일,20250606,현충일,,Y,Y,Y,Y,Y,Y,20260322
I10,세종특별자치시교육청,9300105,도담초등학교,2025,,초등학교,휴업일,20250607,토요휴업일,,Y,Y,Y,Y,Y,Y,20260322
I10,세종특별자치시교육청,9300105,도담초등학교,2025,,초등학교,휴업일,20250614,토요휴업일,,Y,Y,Y,Y,Y,Y,20260322
I10,세종특별자치시교육청,9300105,도담초등학교,2025,,초등학교,휴업일,20250621,토요휴업일,,Y,Y,Y,Y,Y,Y,20260322
I10,세종특별자치시교육청,9300105,도담초등학교,2025,,초등학교,휴업일,20250628,토요휴업일,,Y,Y,Y,Y,Y,Y,20260322
I10,세종특별자치시교육청,9300105,도담초등학교,2025,,초등학교,휴업일,20250705,토요휴업일,,Y,Y,Y,Y,Y,Y,20260322
I10,세종특별자치시교육청,9300105,도담초등학교,2025,,초등학교,휴업일,20250712,토요휴업일,,Y,Y,Y,Y,Y,Y,20260322
I10,세종특별자치시교육청,9300105,도담초등학교,2025,,초등학교,휴업일,20250719,토요휴업일,,Y,Y,Y,Y,Y,Y,20260322
I10,세종특별자치시교육청,9300105,도담초등학교,2025,,초등학교,휴업일,20250724,여름방학,,Y,Y,Y,Y,Y,Y,20260322
I10,세종특별자치시교육청,9300105,도담초등학교,2025,,초등학교,휴업일,20250725,여름방학,,Y,Y,Y,Y,Y,Y,20260322
I10,세종특별자치시교육청,9300105,도담초등학교,2025,,초등학교,휴업일,20250726,여름방학,,Y,Y,Y,Y,Y,Y,20260322
I10,세종특별자치시교육청,9300105,도담초등학교,2025,,초등학교,휴업일,20250726,토요휴업일,,Y,Y,Y,Y,Y,Y,20260322
I10,세종특별자치시교육청,9300105,도담초등학교,2025,,초등학교,휴업일,20250727,여름방학,,Y,Y,Y,Y,Y,Y,20260322
I10,세종특별자치시교육청,9300105,도담초등학교,2025,,초등학교,휴업일,20250728,여름방학,,Y,Y,Y,Y,Y,Y,20260322
I10,세종특별자치시교육청,9300105,도담초등학교,2025,,초등학교,휴업일,20250729,여름방학,,Y,Y,Y,Y,Y,Y,20260322
I10,세종특별자치시교육청,9300105,도담초등학교,2025,,초등학교,휴업일,20250730,여름방학,,Y,Y,Y,Y,Y,Y,20260322
I10,세종특별자치시교육청,9300105,도담초등학교,2025,,초등학교,휴업일,20250731,여름방학,,Y,Y,Y,Y,Y,Y,20260322
I10,세종특별자치시교육청,9300105,도담초등학교,2025,,초등학교,휴업일,20250801,여름방학,,Y,Y,Y,Y,Y,Y,20260322
I10,세종특별자치시교육청,9300105,도담초등학교,2025,,초등학교,휴업일,20250802,여름방학,,Y,Y,Y,Y,Y,Y,20260322
I10,세종특별자치시교육청,9300105,도담초등학교,2025,,초등학교,휴업일,20250802,토요휴업일,,Y,Y,Y,Y,Y,Y,20260322
I10,세종특별자치시교육청,9300105,도담초등학교,2025,,초등학교,휴업일,20250803,여름방학,,Y,Y,Y,Y,Y,Y,20260322
I10,세종특별자치시교육청,9300105,도담초등학교,2025,,초등학교,휴업일,20250804,여름방학,,Y,Y,Y,Y,Y,Y,20260322
I10,세종특별자치시교육청,9300105,도담초등학교,2025,,초등학교,휴업일,20250805,여름방학,,Y,Y,Y,Y,Y,Y,20260322
I10,세종특별자치시교육청,9300105,도담초등학교,2025,,초등학교,휴업일,20250806,여름방학,,Y,Y,Y,Y,Y,Y,20260322
I10,세종특별자치시교육청,9300105,도담초등학교,2025,,초등학교,휴업일,20250807,여름방학,,Y,Y,Y,Y,Y,Y,20260322
I10,세종특별자치시교육청,9300105,도담초등학교,2025,,초등학교,휴업일,20250808,여름방학,,Y,Y,Y,Y,Y,Y,20260322
I10,세종특별자치시교육청,9300105,도담초등학교,2025,,초등학교,휴업일,20250809,여름방학,,Y,Y,Y,Y,Y,Y,20260322
I10,세종특별자치시교육청,9300105,도담초등학교,2025,,초등학교,휴업일,20250809,토요휴업일,,Y,Y,Y,Y,Y,Y,20260322
I10,세종특별자치시교육청,9300105,도담초등학교,2025,,초등학교,휴업일,20250810,여름방학,,Y,Y,Y,Y,Y,Y,20260322
I10,세종특별자치시교육청,9300105,도담초등학교,2025,,초등학교,휴업일,20250811,여름방학,,Y,Y,Y,Y,Y,Y,20260322
I10,세종특별자치시교육청,9300105,도담초등학교,2025,,초등학교,휴업일,20250812,여름방학,,Y,Y,Y,Y,Y,Y,20260322
I10,세종특별자치시교육청,9300105,도담초등학교,2025,,초등학교,휴업일,20250813,여름방학,,Y,Y,Y,Y,Y,Y,20260322
I10,세종특별자치시교육청,9300105,도담초등학교,2025,,초등학교,휴업일,20250814,여름방학,,Y,Y,Y,Y,Y,Y,20260322
I10,세종특별자치시교육청,9300105,도담초등학교,2025,,초등학교,휴업일,20250815,여름방학,,Y,Y,Y,Y,Y,Y,20260322
I10,세종특별자치시교육청,9300105,도담초등학교,2025,,초등학교,공휴일,20250815,광복절,,Y,Y,Y,Y,Y,Y,20260322
I10,세종특별자치시교육청,9300105,도담초등학교,2025,,초등학교,휴업일,20250816,여름방학,,Y,Y,Y,Y,Y,Y,20260322
I10,세종특별자치시교육청,9300105,도담초등학교,2025,,초등학교,휴업일,20250816,토요휴업일,,Y,Y,Y,Y,Y,Y,20260322
I10,세종특별자치시교육청,9300105,도담초등학교,2025,,초등학교,휴업일,20250817,여름방학,,Y,Y,Y,Y,Y,Y,20260322
I10,세종특별자치시교육청,9300105,도담초등학교,2025,,초등학교,휴업일,20250818,여름방학,,Y,Y,Y,Y,Y,Y,20260322
I10,세종특별자치시교육청,9300105,도담초등학교,2025,,초등학교,휴업일,20250819,여름방학,,Y,Y,Y,Y,Y,Y,20260322
I10,세종특별자치시교육청,9300105,도담초등학교,2025,,초등학교,휴업일,20250823,토요휴업일,,Y,Y,Y,Y,Y,Y,20260322
I10,세종특별자치시교육청,9300105,도담초등학교,2025,,초등학교,휴업일,20250830,토요휴업일,,Y,Y,Y,Y,Y,Y,20260322
I10,세종특별자치시교육청,9300105,도담초등학교,2025,,초등학교,휴업일,20250906,토요휴업일,,Y,Y,Y,Y,Y,Y,20260322
I10,세종특별자치시교육청,9300105,도담초등학교,2025,,초등학교,휴업일,20250913,토요휴업일,,Y,Y,Y,Y,Y,Y,20260322
I10,세종특별자치시교육청,9300105,도담초등학교,2025,,초등학교,휴업일,20250920,토요휴업일,,Y,Y,Y,Y,Y,Y,20260322
I10,세종특별자치시교육청,9300105,도담초등학교,2025,,초등학교,휴업일,20250927,토요휴업일,,Y,Y,Y,Y,Y,Y,20260322
I10,세종특별자치시교육청,9300105,도담초등학교,2025,,초등학교,공휴일,20251003,개천절,,Y,Y,Y,Y,Y,Y,20260322
I10,세종특별자치시교육청,9300105,도담초등학교,2025,,초등학교,휴업일,20251004,토요휴업일,,Y,Y,Y,Y,Y,Y,20260322
I10,세종특별자치시교육청,9300105,도담초등학교,2025,,초등학교,공휴일,20251005,추석,,Y,Y,Y,Y,Y,Y,20260322
I10,세종특별자치시교육청,9300105,도담초등학교,2025,,초등학교,공휴일,20251006,추석,,Y,Y,Y,Y,Y,Y,20260322
I10,세종특별자치시교육청,9300105,도담초등학교,2025,,초등학교,공휴일,20251007,추석,,Y,Y,Y,Y,Y,Y,20260322
I10,세종특별자치시교육청,9300105,도담초등학교,2025,,초등학교,공휴일,20251008,대체공휴일,,Y,Y,Y,Y,Y,Y,20260322
I10,세종특별자치시교육청,9300105,도담초등학교,2025,,초등학교,공휴일,20251009,한글날,,Y,Y,Y,Y,Y,Y,20260322
I10,세종특별자치시교육청,9300105,도담초등학교,2025,,초등학교,휴업일,20251010,학교재량휴업일,,Y,Y,Y,Y,Y,Y,20260322
I10,세종특별자치시교육청,9300105,도담초등학교,2025,,초등학교,휴업일,20251011,토요휴업일,,Y,Y,Y,Y,Y,Y,20260322
I10,세종특별자치시교육청,9300105,도담초등학교,2025,,초등학교,휴업일,20251018,토요휴업일,,Y,Y,Y,Y,Y,Y,20260322
I10,세종특별자치시교육청,9300105,도담초등학교,2025,,초등학교,휴업일,20251025,토요휴업일,,Y,Y,Y,Y,Y,Y,20260322
I10,세종특별자치시교육청,9300105,도담초등학교,2025,,초등학교,휴업일,20251101,토요휴업일,,Y,Y,Y,Y,Y,Y,20260322
I10,세종특별자치시교육청,9300105,도담초등학교,2025,,초등학교,휴업일,20251108,토요휴업일,,Y,Y,Y,Y,Y,Y,20260322
I10,세종특별자치시교육청,9300105,도담초등학교,2025,,초등학교,휴업일,20251115,토요휴업일,,Y,Y,Y,Y,Y,Y,20260322
I10,세종특별자치시교육청,9300105,도담초등학교,2025,,초등학교,휴업일,20251122,토요휴업일,,Y,Y,Y,Y,Y,Y,20260322
I10,세종특별자치시교육청,9300105,도담초등학교,2025,,초등학교,휴업일,20251129,토요휴업일,,Y,Y,Y,Y,Y,Y,20260322
I10,세종특별자치시교육청,9300105,도담초등학교,2025,,초등학교,휴업일,20251206,토요휴업일,,Y,Y,Y,Y,Y,Y,20260322
I10,세종특별자치시교육청,9300105,도담초등학교,2025,,초등학교,휴업일,20251213,토요휴업일,,Y,Y,Y,Y,Y,Y,20260322
I10,세종특별자치시교육청,9300105,도담초등학교,2025,,초등학교,휴업일,20251220,토요휴업일,,Y,Y,Y,Y,Y,Y,20260322
I10,세종특별자치시교육청,9300105,도담초등학교,2025,,초등학교,공휴일,20251225,성탄절,,Y,Y,Y,Y,Y,Y,20260322
I10,세종특별자치시교육청,9300105,도담초등학교,2025,,초등학교,휴업일,20251227,토요휴업일,,Y,Y,Y,Y,Y,Y,20260322
I10,세종특별자치시교육청,9300105,도담초등학교,2025,,초등학교,공휴일,20260101,신정,,Y,Y,Y,Y,Y,Y,20260322
I10,세종특별자치시교육청,9300105,도담초등학교,2025,,초등학교,휴업일,20260103,토요휴업일,,Y,Y,Y,Y,Y,Y,20260322
I10,세종특별자치시교육청,9300105,도담초등학교,2025,,초등학교,해당없음,20260106,졸업식,,N,N,N,N,N,Y,20260322
I10,세종특별자치시교육청,9300105,도담초등학교,2025,,초등학교,해당없음,20260106,종업식,,Y,Y,Y,Y,Y,N,20260322
I10,세종특별자치시교육청,9300105,도담초등학교,2025,,초등학교,휴업일,20260107,겨울방학,,Y,Y,Y,Y,Y,Y,20260322
I10,세종특별자치시교육청,9300105,도담초등학교,2025,,초등학교,휴업일,20260108,겨울방학,,Y,Y,Y,Y,Y,Y,20260322
I10,세종특별자치시교육청,9300105,도담초등학교,2025,,초등학교,휴업일,20260109,겨울방학,,Y,Y,Y,Y,Y,Y,20260322
I10,세종특별자치시교육청,9300105,도담초등학교,2025,,초등학교,휴업일,20260110,겨울방학,,Y,Y,Y,Y,Y,Y,20260322
I10,세종특별자치시교육청,9300105,도담초등학교,2025,,초등학교,휴업일,20260110,토요휴업일,,Y,Y,Y,Y,Y,Y,20260322
I10,세종특별자치시교육청,9300105,도담초등학교,2025,,초등학교,휴업일,20260111,겨울방학,,Y,Y,Y,Y,Y,Y,20260322
I10,세종특별자치시교육청,9300105,도담초등학교,2025,,초등학교,휴업일,20260112,겨울방학,,Y,Y,Y,Y,Y,Y,20260322
I10,세종특별자치시교육청,9300105,도담초등학교,2025,,초등학교,휴업일,20260113,겨울방학,,Y,Y,Y,Y,Y,Y,20260322
I10,세종특별자치시교육청,9300105,도담초등학교,2025,,초등학교,휴업일,20260114,겨울방학,,Y,Y,Y,Y,Y,Y,20260322
I10,세종특별자치시교육청,9300105,도담초등학교,2025,,초등학교,휴업일,20260115,겨울방학,,Y,Y,Y,Y,Y,Y,20260322
I10,세종특별자치시교육청,9300105,도담초등학교,2025,,초등학교,휴업일,20260116,겨울방학,,Y,Y,Y,Y,Y,Y,20260322
I10,세종특별자치시교육청,9300105,도담초등학교,2025,,초등학교,휴업일,20260117,겨울방학,,Y,Y,Y,Y,Y,Y,20260322
I10,세종특별자치시교육청,9300105,도담초등학교,2025,,초등학교,휴업일,20260117,토요휴업일,,Y,Y,Y,Y,Y,Y,20260322
I10,세종특별자치시교육청,9300105,도담초등학교,2025,,초등학교,휴업일,20260118,겨울방학,,Y,Y,Y,Y,Y,Y,20260322
I10,세종특별자치시교육청,9300105,도담초등학교,2025,,초등학교,휴업일,20260119,겨울방학,,Y,Y,Y,Y,Y,Y,20260322
I10,세종특별자치시교육청,9300105,도담초등학교,2025,,초등학교,휴업일,20260120,겨울방학,,Y,Y,Y,Y,Y,Y,20260322
I10,세종특별자치시교육청,9300105,도담초등학교,2025,,초등학교,휴업일,20260121,겨울방학,,Y,Y,Y,Y,Y,Y,20260322
I10,세종특별자치시교육청,9300105,도담초등학교,2025,,초등학교,휴업일,20260122,겨울방학,,Y,Y,Y,Y,Y,Y,20260322
I10,세종특별자치시교육청,9300105,도담초등학교,2025,,초등학교,휴업일,20260123,겨울방학,,Y,Y,Y,Y,Y,Y,20260322
I10,세종특별자치시교육청,9300105,도담초등학교,2025,,초등학교,휴업일,20260124,겨울방학,,Y,Y,Y,Y,Y,Y,20260322
I10,세종특별자치시교육청,9300105,도담초등학교,2025,,초등학교,휴업일,20260124,토요휴업일,,Y,Y,Y,Y,Y,Y,20260322
I10,세종특별자치시교육청,9300105,도담초등학교,2025,,초등학교,휴업일,20260125,겨울방학,,Y,Y,Y,Y,Y,Y,20260322
I10,세종특별자치시교육청,9300105,도담초등학교,2025,,초등학교,휴업일,20260126,겨울방학,,Y,Y,Y,Y,Y,Y,20260322
I10,세종특별자치시교육청,9300105,도담초등학교,2025,,초등학교,휴업일,20260127,겨울방학,,Y,Y,Y,Y,Y,Y,20260322
I10,세종특별자치시교육청,9300105,도담초등학교,2025,,초등학교,휴업일,20260128,겨울방학,,Y,Y,Y,Y,Y,Y,20260322
I10,세종특별자치시교육청,9300105,도담초등학교,2025,,초등학교,휴업일,20260129,겨울방학,,Y,Y,Y,Y,Y,Y,20260322
I10,세종특별자치시교육청,9300105,도담초등학교,2025,,초등학교,휴업일,20260130,겨울방학,,Y,Y,Y,Y,Y,Y,20260322
I10,세종특별자치시교육청,9300105,도담초등학교,2025,,초등학교,휴업일,20260131,겨울방학,,Y,Y,Y,Y,Y,Y,20260322
I10,세종특별자치시교육청,9300105,도담초등학교,2025,,초등학교,휴업일,20260131,토요휴업일,,Y,Y,Y,Y,Y,Y,20260322
I10,세종특별자치시교육청,9300105,도담초등학교,2025,,초등학교,휴업일,20260201,겨울방학,,Y,Y,Y,Y,Y,Y,20260322
I10,세종특별자치시교육청,9300105,도담초등학교,2025,,초등학교,휴업일,20260202,겨울방학,,Y,Y,Y,Y,Y,Y,20260322
I10,세종특별자치시교육청,9300105,도담초등학교,2025,,초등학교,휴업일,20260203,겨울방학,,Y,Y,Y,Y,Y,Y,20260322
I10,세종특별자치시교육청,9300105,도담초등학교,2025,,초등학교,휴업일,20260204,겨울방학,,Y,Y,Y,Y,Y,Y,20260322
I10,세종특별자치시교육청,9300105,도담초등학교,2025,,초등학교,휴업일,20260205,겨울방학,,Y,Y,Y,Y,Y,Y,20260322
I10,세종특별자치시교육청,9300105,도담초등학교,2025,,초등학교,휴업일,20260206,겨울방학,,Y,Y,Y,Y,Y,Y,20260322
I10,세종특별자치시교육청,9300105,도담초등학교,2025,,초등학교,휴업일,20260207,겨울방학,,Y,Y,Y,Y,Y,Y,20260322
I10,세종특별자치시교육청,9300105,도담초등학교,2025,,초등학교,휴업일,20260207,토요휴업일,,Y,Y,Y,Y,Y,Y,20260322
I10,세종특별자치시교육청,9300105,도담초등학교,2025,,초등학교,휴업일,20260208,겨울방학,,Y,Y,Y,Y,Y,Y,20260322
I10,세종특별자치시교육청,9300105,도담초등학교,2025,,초등학교,휴업일,20260209,겨울방학,,Y,Y,Y,Y,Y,Y,20260322
I10,세종특별자치시교육청,9300105,도담초등학교,2025,,초등학교,휴업일,20260210,겨울방학,,Y,Y,Y,Y,Y,Y,20260322
I10,세종특별자치시교육청,9300105,도담초등학교,2025,,초등학교,휴업일,20260211,겨울방학,,Y,Y,Y,Y,Y,Y,20260322
I10,세종특별자치시교육청,9300105,도담초등학교,2025,,초등학교,휴업일,20260212,겨울방학,,Y,Y,Y,Y,Y,Y,20260322
I10,세종특별자치시교육청,9300105,도담초등학교,2025,,초등학교,휴업일,20260213,겨울방학,,Y,Y,Y,Y,Y,Y,20260322
I10,세종특별자치시교육청,9300105,도담초등학교,2025,,초등학교,휴업일,20260214,겨울방학,,Y,Y,Y,Y,Y,Y,20260322
I10,세종특별자치시교육청,9300105,도담초등학교,2025,,초등학교,휴업일,20260214,토요휴업일,,Y,Y,Y,Y,Y,Y,20260322
I10,세종특별자치시교육청,9300105,도담초등학교,2025,,초등학교,휴업일,20260215,겨울방학,,Y,Y,Y,Y,Y,Y,20260322
I10,세종특별자치시교육청,9300105,도담초등학교,2025,,초등학교,휴업일,20260216,겨울방학,,Y,Y,Y,Y,Y,Y,20260322
I10,세종특별자치시교육청,9300105,도담초등학교,2025,,초등학교,공휴일,20260216,설날,,Y,Y,Y,Y,Y,Y,20260322
I10,세종특별자치시교육청,9300105,도담초등학교,2025,,초등학교,휴업일,20260217,겨울방학,,Y,Y,Y,Y,Y,Y,20260322
I10,세종특별자치시교육청,9300105,도담초등학교,2025,,초등학교,공휴일,20260217,설날,,Y,Y,Y,Y,Y,Y,20260322
I10,세종특별자치시교육청,9300105,도담초등학교,2025,,초등학교,휴업일,20260218,겨울방학,,Y,Y,Y,Y,Y,Y,20260322
I10,세종특별자치시교육청,9300105,도담초등학교,2025,,초등학교,공휴일,20260218,설날,,Y,Y,Y,Y,Y,Y,20260322
I10,세종특별자치시교육청,9300105,도담초등학교,2025,,초등학교,휴업일,20260219,겨울방학,,Y,Y,Y,Y,Y,Y,20260322
I10,세종특별자치시교육청,9300105,도담초등학교,2025,,초등학교,휴업일,20260220,겨울방학,,Y,Y,Y,Y,Y,Y,20260322
I10,세종특별자치시교육청,9300105,도담초등학교,2025,,초등학교,휴업일,20260221,겨울방학,,Y,Y,Y,Y,Y,Y,20260322
I10,세종특별자치시교육청,9300105,도담초등학교,2025,,초등학교,휴업일,20260221,토요휴업일,,Y,Y,Y,Y,Y,Y,20260322
I10,세종특별자치시교육청,9300105,도담초등학교,2025,,초등학교,휴업일,20260222,겨울방학,,Y,Y,Y,Y,Y,Y,20260322
I10,세종특별자치시교육청,9300105,도담초등학교,2025,,초등학교,휴업일,20260223,겨울방학,,Y,Y,Y,Y,Y,Y,20260322
I10,세종특별자치시교육청,9300105,도담초등학교,2025,,초등학교,휴업일,20260224,겨울방학,,Y,Y,Y,Y,Y,Y,20260322
I10,세종특별자치시교육청,9300105,도담초등학교,2025,,초등학교,휴업일,20260225,겨울방학,,Y,Y,Y,Y,Y,Y,20260322
I10,세종특별자치시교육청,9300105,도담초등학교,2025,,초등학교,휴업일,20260226,겨울방학,,Y,Y,Y,Y,Y,Y,20260322
I10,세종특별자치시교육청,9300105,도담초등학교,2025,,초등학교,휴업일,20260227,겨울방학,,Y,Y,Y,Y,Y,Y,20260322
I10,세종특별자치시교육청,9300105,도담초등학교,2025,,초등학교,휴업일,20260228,겨울방학,,Y,Y,Y,Y,Y,Y,20260322
I10,세종특별자치시교육청,9300105,도담초등학교,2025,,초등학교,휴업일,20260228,토요휴업일,,Y,Y,Y,Y,Y,Y,20260322
I10,세종특별자치시교육청,9300105,도담초등학교,2026,,초등학교,공휴일,20260301,3·1절,,Y,Y,Y,Y,Y,Y,20260322
I10,세종특별자치시교육청,9300105,도담초등학교,2026,,초등학교,공휴일,20260302,대체공휴일,,Y,Y,Y,Y,Y,Y,20260322
I10,세종특별자치시교육청,9300105,도담초등학교,2026,,초등학교,해당없음,20260303,입학식,,Y,N,N,N,N,N,20260322
I10,세종특별자치시교육청,9300105,도담초등학교,2026,,초등학교,휴업일,20260307,토요휴업일,,Y,Y,Y,Y,Y,Y,20260322
I10,세종특별자치시교육청,9300105,도담초등학교,2026,,초등학교,휴업일,20260314,토요휴업일,,Y,Y,Y,Y,Y,Y,20260322
I10,세종특별자치시교육청,9300105,도담초등학교,2026,,초등학교,휴업일,20260321,토요휴업일,,Y,Y,Y,Y,Y,Y,20260322
I10,세종특별자치시교육청,9300105,도담초등학교,2026,,초등학교,휴업일,20260328,토요휴업일,,Y,Y,Y,Y,Y,Y,20260322
I10,세종특별자치시교육청,9300105,도담초등학교,2026,,초등학교,휴업일,20260404,토요휴업일,,Y,Y,Y,Y,Y,Y,20260322
I10,세종특별자치시교육청,9300105,도담초등학교,2026,,초등학교,휴업일,20260411,토요휴업일,,Y,Y,Y,Y,Y,Y,20260322
I10,세종특별자치시교육청,9300105,도담초등학교,2026,,초등학교,휴업일,20260418,토요휴업일,,Y,Y,Y,Y,Y,Y,20260322
I10,세종특별자치시교육청,9300105,도담초등학교,2026,,초등학교,휴업일,20260425,토요휴업일,,Y,Y,Y,Y,Y,Y,20260322
I10,세종특별자치시교육청,9300105,도담초등학교,2026,,초등학교,휴업일,20260501,학교재량휴업일,,Y,Y,Y,Y,Y,Y,20260322
I10,세종특별자치시교육청,9300105,도담초등학교,2026,,초등학교,휴업일,20260502,토요휴업일,,Y,Y,Y,Y,Y,Y,20260322
I10,세종특별자치시교육청,9300105,도담초등학교,2026,,초등학교,휴업일,20260504,학교재량휴업일,,Y,Y,Y,Y,Y,Y,20260322
I10,세종특별자치시교육청,9300105,도담초등학교,2026,,초등학교,공휴일,20260505,어린이날,,Y,Y,Y,Y,Y,Y,20260322
I10,세종특별자치시교육청,9300105,도담초등학교,2026,,초등학교,휴업일,20260509,토요휴업일,,Y,Y,Y,Y,Y,Y,20260322
I10,세종특별자치시교육청,9300105,도담초등학교,2026,,초등학교,휴업일,20260516,토요휴업일,,Y,Y,Y,Y,Y,Y,20260322
I10,세종특별자치시교육청,9300105,도담초등학교,2026,,초등학교,휴업일,20260523,토요휴업일,,Y,Y,Y,Y,Y,Y,20260322
I10,세종특별자치시교육청,9300105,도담초등학교,2026,,초등학교,공휴일,20260524,석가탄신일,,Y,Y,Y,Y,Y,Y,20260322
I10,세종특별자치시교육청,9300105,도담초등학교,2026,,초등학교,공휴일,20260525,대체공휴일,,Y,Y,Y,Y,Y,Y,20260322
I10,세종특별자치시교육청,9300105,도담초등학교,2026,,초등학교,휴업일,20260530,토요휴업일,,Y,Y,Y,Y,Y,Y,20260322
I10,세종특별자치시교육청,9300105,도담초등학교,2026,,초등학교,공휴일,20260606,현충일,,Y,Y,Y,Y,Y,Y,20260322
I10,세종특별자치시교육청,9300105,도담초등학교,2026,,초등학교,휴업일,20260613,토요휴업일,,Y,Y,Y,Y,Y,Y,20260322
I10,세종특별자치시교육청,9300105,도담초등학교,2026,,초등학교,휴업일,20260620,토요휴업일,,Y,Y,Y,Y,Y,Y,20260322
I10,세종특별자치시교육청,9300105,도담초등학교,2026,,초등학교,휴업일,20260627,토요휴업일,,Y,Y,Y,Y,Y,Y,20260322
I10,세종특별자치시교육청,9300105,도담초등학교,2026,,초등학교,휴업일,20260704,토요휴업일,,Y,Y,Y,Y,Y,Y,20260322
I10,세종특별자치시교육청,9300105,도담초등학교,2026,,초등학교,휴업일,20260711,토요휴업일,,Y,Y,Y,Y,Y,Y,20260322
I10,세종특별자치시교육청,9300105,도담초등학교,2026,,초등학교,공휴일,20260717,제헌절,,Y,Y,Y,Y,Y,Y,20260322
I10,세종특별자치시교육청,9300105,도담초등학교,2026,,초등학교,휴업일,20260718,토요휴업일,,Y,Y,Y,Y,Y,Y,20260322
I10,세종특별자치시교육청,9300105,도담초등학교,2026,,초등학교,휴업일,20260723,여름방학,,Y,Y,Y,Y,Y,Y,20260322
I10,세종특별자치시교육청,9300105,도담초등학교,2026,,초등학교,휴업일,20260724,여름방학,,Y,Y,Y,Y,Y,Y,20260322
I10,세종특별자치시교육청,9300105,도담초등학교,2026,,초등학교,휴업일,20260725,여름방학,,Y,Y,Y,Y,Y,Y,20260322
I10,세종특별자치시교육청,9300105,도담초등학교,2026,,초등학교,휴업일,20260725,토요휴업일,,Y,Y,Y,Y,Y,Y,20260322
I10,세종특별자치시교육청,9300105,도담초등학교,2026,,초등학교,휴업일,20260726,여름방학,,Y,Y,Y,Y,Y,Y,20260322
I10,세종특별자치시교육청,9300105,도담초등학교,2026,,초등학교,휴업일,20260727,여름방학,,Y,Y,Y,Y,Y,Y,20260322
I10,세종특별자치시교육청,9300105,도담초등학교,2026,,초등학교,휴업일,20260728,여름방학,,Y,Y,Y,Y,Y,Y,20260322
I10,세종특별자치시교육청,9300105,도담초등학교,2026,,초등학교,휴업일,20260729,여름방학,,Y,Y,Y,Y,Y,Y,20260322
I10,세종특별자치시교육청,9300105,도담초등학교,2026,,초등학교,휴업일,20260730,여름방학,,Y,Y,Y,Y,Y,Y,20260322
I10,세종특별자치시교육청,9300105,도담초등학교,2026,,초등학교,휴업일,20260731,여름방학,,Y,Y,Y,Y,Y,Y,20260322
I10,세종특별자치시교육청,9300105,도담초등학교,2026,,초등학교,휴업일,20260801,여름방학,,Y,Y,Y,Y,Y,Y,20260322
I10,세종특별자치시교육청,9300105,도담초등학교,2026,,초등학교,휴업일,20260801,토요휴업일,,Y,Y,Y,Y,Y,Y,20260322
I10,세종특별자치시교육청,9300105,도담초등학교,2026,,초등학교,휴업일,20260802,여름방학,,Y,Y,Y,Y,Y,Y,20260322
I10,세종특별자치시교육청,9300105,도담초등학교,2026,,초등학교,휴업일,20260803,여름방학,,Y,Y,Y,Y,Y,Y,20260322
I10,세종특별자치시교육청,9300105,도담초등학교,2026,,초등학교,휴업일,20260804,여름방학,,Y,Y,Y,Y,Y,Y,20260322
I10,세종특별자치시교육청,9300105,도담초등학교,2026,,초등학교,휴업일,20260805,여름방학,,Y,Y,Y,Y,Y,Y,20260322
I10,세종특별자치시교육청,9300105,도담초등학교,2026,,초등학교,휴업일,20260806,여름방학,,Y,Y,Y,Y,Y,Y,20260322
I10,세종특별자치시교육청,9300105,도담초등학교,2026,,초등학교,휴업일,20260807,여름방학,,Y,Y,Y,Y,Y,Y,20260322
I10,세종특별자치시교육청,9300105,도담초등학교,2026,,초등학교,휴업일,20260808,여름방학,,Y,Y,Y,Y,Y,Y,20260322
I10,세종특별자치시교육청,9300105,도담초등학교,2026,,초등학교,휴업일,20260808,토요휴업일,,Y,Y,Y,Y,Y,Y,20260322
I10,세종특별자치시교육청,9300105,도담초등학교,2026,,초등학교,휴업일,20260809,여름방학,,Y,Y,Y,Y,Y,Y,20260322
I10,세종특별자치시교육청,9300105,도담초등학교,2026,,초등학교,휴업일,20260810,여름방학,,Y,Y,Y,Y,Y,Y,20260322
I10,세종특별자치시교육청,9300105,도담초등학교,2026,,초등학교,휴업일,20260811,여름방학,,Y,Y,Y,Y,Y,Y,20260322
I10,세종특별자치시교육청,9300105,도담초등학교,2026,,초등학교,휴업일,20260812,여름방학,,Y,Y,Y,Y,Y,Y,20260322
I10,세종특별자치시교육청,9300105,도담초등학교,2026,,초등학교,휴업일,20260813,여름방학,,Y,Y,Y,Y,Y,Y,20260322
I10,세종특별자치시교육청,9300105,도담초등학교,2026,,초등학교,휴업일,20260814,여름방학,,Y,Y,Y,Y,Y,Y,20260322
I10,세종특별자치시교육청,9300105,도담초등학교,2026,,초등학교,휴업일,20260815,여름방학,,Y,Y,Y,Y,Y,Y,20260322
I10,세종특별자치시교육청,9300105,도담초등학교,2026,,초등학교,공휴일,20260815,광복절,,Y,Y,Y,Y,Y,Y,20260322
I10,세종특별자치시교육청,9300105,도담초등학교,2026,,초등학교,휴업일,20260816,여름방학,,Y,Y,Y,Y,Y,Y,20260322
I10,세종특별자치시교육청,9300105,도담초등학교,2026,,초등학교,휴업일,20260817,여름방학,,Y,Y,Y,Y,Y,Y,20260322
I10,세종특별자치시교육청,9300105,도담초등학교,2026,,초등학교,공휴일,20260817,대체공휴일,,Y,Y,Y,Y,Y,Y,20260322
I10,세종특별자치시교육청,9300105,도담초등학교,2026,,초등학교,휴업일,20260818,여름방학,,Y,Y,Y,Y,Y,Y,20260322
I10,세종특별자치시교육청,9300105,도담초등학교,2026,,초등학교,휴업일,20260822,토요휴업일,,Y,Y,Y,Y,Y,Y,20260322
I10,세종특별자치시교육청,9300105,도담초등학교,2026,,초등학교,휴업일,20260829,토요휴업일,,Y,Y,Y,Y,Y,Y,20260322
I10,세종특별자치시교육청,9300105,도담초등학교,2026,,초등학교,휴업일,20260905,토요휴업일,,Y,Y,Y,Y,Y,Y,20260322
I10,세종특별자치시교육청,9300105,도담초등학교,2026,,초등학교,휴업일,20260912,토요휴업일,,Y,Y,Y,Y,Y,Y,20260322
I10,세종특별자치시교육청,9300105,도담초등학교,2026,,초등학교,휴업일,20260919,토요휴업일,,Y,Y,Y,Y,Y,Y,20260322
I10,세종특별자치시교육청,9300105,도담초등학교,2026,,초등학교,공휴일,20260925,추석,,Y,Y,Y,Y,Y,Y,20260322
I10,세종특별자치시교육청,9300105,도담초등학교,2026,,초등학교,휴업일,20260926,토요휴업일,,Y,Y,Y,Y,Y,Y,20260322
I10,세종특별자치시교육청,9300105,도담초등학교,2026,,초등학교,공휴일,20261003,개천절,,Y,Y,Y,Y,Y,Y,20260322
I10,세종특별자치시교육청,9300105,도담초등학교,2026,,초등학교,공휴일,20261005,대체공휴일,,Y,Y,Y,Y,Y,Y,20260322
I10,세종특별자치시교육청,9300105,도담초등학교,2026,,초등학교,공휴일,20261009,한글날,,Y,Y,Y,Y,Y,Y,20260322
I10,세종특별자치시교육청,9300105,도담초등학교,2026,,초등학교,휴업일,20261010,토요휴업일,,Y,Y,Y,Y,Y,Y,20260322
I10,세종특별자치시교육청,9300105,도담초등학교,2026,,초등학교,휴업일,20261017,토요휴업일,,Y,Y,Y,Y,Y,Y,20260322
I10,세종특별자치시교육청,9300105,도담초등학교,2026,,초등학교,휴업일,20261024,토요휴업일,,Y,Y,Y,Y,Y,Y,20260322
I10,세종특별자치시교육청,9300105,도담초등학교,2026,,초등학교,휴업일,20261031,토요휴업일,,Y,Y,Y,Y,Y,Y,20260322
I10,세종특별자치시교육청,9300105,도담초등학교,2026,,초등학교,휴업일,20261107,토요휴업일,,Y,Y,Y,Y,Y,Y,20260322
I10,세종특별자치시교육청,9300105,도담초등학교,2026,,초등학교,휴업일,20261114,토요휴업일,,Y,Y,Y,Y,Y,Y,20260322
I10,세종특별자치시교육청,9300105,도담초등학교,2026,,초등학교,휴업일,20261121,토요휴업일,,Y,Y,Y,Y,Y,Y,20260322
I10,세종특별자치시교육청,9300105,도담초등학교,2026,,초등학교,휴업일,20261128,토요휴업일,,Y,Y,Y,Y,Y,Y,20260322
I10,세종특별자치시교육청,9300105,도담초등학교,2026,,초등학교,휴업일,20261205,토요휴업일,,Y,Y,Y,Y,Y,Y,20260322
I10,세종특별자치시교육청,9300105,도담초등학교,2026,,초등학교,휴업일,20261212,토요휴업일,,Y,Y,Y,Y,Y,Y,20260322
I10,세종특별자치시교육청,9300105,도담초등학교,2026,,초등학교,휴업일,20261219,토요휴업일,,Y,Y,Y,Y,Y,Y,20260322
I10,세종특별자치시교육청,9300105,도담초등학교,2026,,초등학교,공휴일,20261225,성탄절,,Y,Y,Y,Y,Y,Y,20260322
I10,세종특별자치시교육청,9300105,도담초등학교,2026,,초등학교,휴업일,20261226,토요휴업일,,Y,Y,Y,Y,Y,Y,20260322
I10,세종특별자치시교육청,9300105,도담초등학교,2026,,초등학교,공휴일,20270101,신정,,Y,Y,Y,Y,Y,Y,20260322
I10,세종특별자치시교육청,9300105,도담초등학교,2026,,초등학교,휴업일,20270102,토요휴업일,,Y,Y,Y,Y,Y,Y,20260322
I10,세종특별자치시교육청,9300105,도담초등학교,2026,,초등학교,해당없음,20270105,졸업식,,N,N,N,N,N,Y,20260322
I10,세종특별자치시교육청,9300105,도담초등학교,2026,,초등학교,휴업일,20270106,겨울방학,,Y,Y,Y,Y,Y,Y,20260322
I10,세종특별자치시교육청,9300105,도담초등학교,2026,,초등학교,휴업일,20270107,겨울방학,,Y,Y,Y,Y,Y,Y,20260322
I10,세종특별자치시교육청,9300105,도담초등학교,2026,,초등학교,휴업일,20270108,겨울방학,,Y,Y,Y,Y,Y,Y,20260322
I10,세종특별자치시교육청,9300105,도담초등학교,2026,,초등학교,휴업일,20270109,겨울방학,,Y,Y,Y,Y,Y,Y,20260322
I10,세종특별자치시교육청,9300105,도담초등학교,2026,,초등학교,휴업일,20270109,토요휴업일,,Y,Y,Y,Y,Y,Y,20260322
I10,세종특별자치시교육청,9300105,도담초등학교,2026,,초등학교,휴업일,20270110,겨울방학,,Y,Y,Y,Y,Y,Y,20260322
I10,세종특별자치시교육청,9300105,도담초등학교,2026,,초등학교,휴업일,20270111,겨울방학,,Y,Y,Y,Y,Y,Y,20260322
I10,세종특별자치시교육청,9300105,도담초등학교,2026,,초등학교,휴업일,20270112,겨울방학,,Y,Y,Y,Y,Y,Y,20260322
I10,세종특별자치시교육청,9300105,도담초등학교,2026,,초등학교,휴업일,20270113,겨울방학,,Y,Y,Y,Y,Y,Y,20260322
I10,세종특별자치시교육청,9300105,도담초등학교,2026,,초등학교,휴업일,20270114,겨울방학,,Y,Y,Y,Y,Y,Y,20260322
I10,세종특별자치시교육청,9300105,도담초등학교,2026,,초등학교,휴업일,20270115,겨울방학,,Y,Y,Y,Y,Y,Y,20260322
I10,세종특별자치시교육청,9300105,도담초등학교,2026,,초등학교,휴업일,20270116,겨울방학,,Y,Y,Y,Y,Y,Y,20260322
I10,세종특별자치시교육청,9300105,도담초등학교,2026,,초등학교,휴업일,20270116,토요휴업일,,Y,Y,Y,Y,Y,Y,20260322
I10,세종특별자치시교육청,9300105,도담초등학교,2026,,초등학교,휴업일,20270117,겨울방학,,Y,Y,Y,Y,Y,Y,20260322
I10,세종특별자치시교육청,9300105,도담초등학교,2026,,초등학교,휴업일,20270118,겨울방학,,Y,Y,Y,Y,Y,Y,20260322
I10,세종특별자치시교육청,9300105,도담초등학교,2026,,초등학교,휴업일,20270119,겨울방학,,Y,Y,Y,Y,Y,Y,20260322
I10,세종특별자치시교육청,9300105,도담초등학교,2026,,초등학교,휴업일,20270120,겨울방학,,Y,Y,Y,Y,Y,Y,20260322
I10,세종특별자치시교육청,9300105,도담초등학교,2026,,초등학교,휴업일,20270121,겨울방학,,Y,Y,Y,Y,Y,Y,20260322
I10,세종특별자치시교육청,9300105,도담초등학교,2026,,초등학교,휴업일,20270122,겨울방학,,Y,Y,Y,Y,Y,Y,20260322
I10,세종특별자치시교육청,9300105,도담초등학교,2026,,초등학교,휴업일,20270123,겨울방학,,Y,Y,Y,Y,Y,Y,20260322
I10,세종특별자치시교육청,9300105,도담초등학교,2026,,초등학교,휴업일,20270123,토요휴업일,,Y,Y,Y,Y,Y,Y,20260322
I10,세종특별자치시교육청,9300105,도담초등학교,2026,,초등학교,휴업일,20270124,겨울방학,,Y,Y,Y,Y,Y,Y,20260322
I10,세종특별자치시교육청,9300105,도담초등학교,2026,,초등학교,휴업일,20270125,겨울방학,,Y,Y,Y,Y,Y,Y,20260322
I10,세종특별자치시교육청,9300105,도담초등학교,2026,,초등학교,휴업일,20270126,겨울방학,,Y,Y,Y,Y,Y,Y,20260322
I10,세종특별자치시교육청,9300105,도담초등학교,2026,,초등학교,휴업일,20270127,겨울방학,,Y,Y,Y,Y,Y,Y,20260322
I10,세종특별자치시교육청,9300105,도담초등학교,2026,,초등학교,휴업일,20270128,겨울방학,,Y,Y,Y,Y,Y,Y,20260322
I10,세종특별자치시교육청,9300105,도담초등학교,2026,,초등학교,휴업일,20270129,겨울방학,,Y,Y,Y,Y,Y,Y,20260322
I10,세종특별자치시교육청,9300105,도담초등학교,2026,,초등학교,휴업일,20270130,겨울방학,,Y,Y,Y,Y,Y,Y,20260322
I10,세종특별자치시교육청,9300105,도담초등학교,2026,,초등학교,휴업일,20270130,토요휴업일,,Y,Y,Y,Y,Y,Y,20260322
I10,세종특별자치시교육청,9300105,도담초등학교,2026,,초등학교,휴업일,20270131,겨울방학,,Y,Y,Y,Y,Y,Y,20260322
I10,세종특별자치시교육청,9300105,도담초등학교,2026,,초등학교,휴업일,20270201,겨울방학,,Y,Y,Y,Y,Y,Y,20260322
I10,세종특별자치시교육청,9300105,도담초등학교,2026,,초등학교,휴업일,20270202,겨울방학,,Y,Y,Y,Y,Y,Y,20260322
I10,세종특별자치시교육청,9300105,도담초등학교,2026,,초등학교,휴업일,20270203,겨울방학,,Y,Y,Y,Y,Y,Y,20260322
I10,세종특별자치시교육청,9300105,도담초등학교,2026,,초등학교,휴업일,20270204,겨울방학,,Y,Y,Y,Y,Y,Y,20260322
I10,세종특별자치시교육청,9300105,도담초등학교,2026,,초등학교,휴업일,20270205,겨울방학,,Y,Y,Y,Y,Y,Y,20260322
I10,세종특별자치시교육청,9300105,도담초등학교,2026,,초등학교,휴업일,20270206,겨울방학,,Y,Y,Y,Y,Y,Y,20260322
I10,세종특별자치시교육청,9300105,도담초등학교,2026,,초등학교,휴업일,20270206,토요휴업일,,Y,Y,Y,Y,Y,Y,20260322
I10,세종특별자치시교육청,9300105,도담초등학교,2026,,초등학교,휴업일,20270207,겨울방학,,Y,Y,Y,Y,Y,Y,20260322
I10,세종특별자치시교육청,9300105,도담초등학교,2026,,초등학교,공휴일,20270207,설날,,Y,Y,Y,Y,Y,Y,20260322
I10,세종특별자치시교육청,9300105,도담초등학교,2026,,초등학교,휴업일,20270208,겨울방학,,Y,Y,Y,Y,Y,Y,20260322
I10,세종특별자치시교육청,9300105,도담초등학교,2026,,초등학교,휴업일,20270209,겨울방학,,Y,Y,Y,Y,Y,Y,20260322
I10,세종특별자치시교육청,9300105,도담초등학교,2026,,초등학교,휴업일,20270210,겨울방학,,Y,Y,Y,Y,Y,Y,20260322
I10,세종특별자치시교육청,9300105,도담초등학교,2026,,초등학교,휴업일,20270211,겨울방학,,Y,Y,Y,Y,Y,Y,20260322
I10,세종특별자치시교육청,9300105,도담초등학교,2026,,초등학교,휴업일,20270212,겨울방학,,Y,Y,Y,Y,Y,Y,20260322
I10,세종특별자치시교육청,9300105,도담초등학교,2026,,초등학교,휴업일,20270213,겨울방학,,Y,Y,Y,Y,Y,Y,20260322
I10,세종특별자치시교육청,9300105,도담초등학교,2026,,초등학교,휴업일,20270213,토요휴업일,,Y,Y,Y,Y,Y,Y,20260322
I10,세종특별자치시교육청,9300105,도담초등학교,2026,,초등학교,휴업일,20270214,겨울방학,,Y,Y,Y,Y,Y,Y,20260322
I10,세종특별자치시교육청,9300105,도담초등학교,2026,,초등학교,휴업일,20270215,겨울방학,,Y,Y,Y,Y,Y,Y,20260322
I10,세종특별자치시교육청,9300105,도담초등학교,2026,,초등학교,휴업일,20270216,겨울방학,,Y,Y,Y,Y,Y,Y,20260322
I10,세종특별자치시교육청,9300105,도담초등학교,2026,,초등학교,휴업일,20270217,겨울방학,,Y,Y,Y,Y,Y,Y,20260322
I10,세종특별자치시교육청,9300105,도담초등학교,2026,,초등학교,휴업일,20270218,겨울방학,,Y,Y,Y,Y,Y,Y,20260322
I10,세종특별자치시교육청,9300105,도담초등학교,2026,,초등학교,휴업일,20270219,겨울방학,,Y,Y,Y,Y,Y,Y,20260322
I10,세종특별자치시교육청,9300105,도담초등학교,2026,,초등학교,휴업일,20270220,겨울방학,,Y,Y,Y,Y,Y,Y,20260322
I10,세종특별자치시교육청,9300105,도담초등학교,2026,,초등학교,휴업일,20270220,토요휴업일,,Y,Y,Y,Y,Y,Y,20260322
I10,세종특별자치시교육청,9300105,도담초등학교,2026,,초등학교,휴업일,20270221,겨울방학,,Y,Y,Y,Y,Y,Y,20260322
I10,세종특별자치시교육청,9300105,도담초등학교,2026,,초등학교,휴업일,20270222,겨울방학,,Y,Y,Y,Y,Y,Y,20260322
I10,세종특별자치시교육청,9300105,도담초등학교,2026,,초등학교,휴업일,20270223,겨울방학,,Y,Y,Y,Y,Y,Y,20260322
I10,세종특별자치시교육청,9300105,도담초등학교,2026,,초등학교,휴업일,20270224,겨울방학,,Y,Y,Y,Y,Y,Y,20260322
I10,세종특별자치시교육청,9300105,도담초등학교,2026,,초등학교,휴업일,20270225,겨울방학,,Y,Y,Y,Y,Y,Y,20260322
I10,세종특별자치시교육청,9300105,도담초등학교,2026,,초등학교,휴업일,20270226,겨울방학,,Y,Y,Y,Y,Y,Y,20260322
I10,세종특별자치시교육청,9300105,도담초등학교,2026,,초등학교,휴업일,20270227,겨울방학,,Y,Y,Y,Y,Y,Y,20260322
I10,세종특별자치시교육청,9300105,도담초등학교,2026,,초등학교,휴업일,20270227,토요휴업일,,Y,Y,Y,Y,Y,Y,20260322
I10,세종특별자치시교육청,9300105,도담초등학교,2026,,초등학교,휴업일,20270228,겨울방학,,Y,Y,Y,Y,Y,Y,20260322
I10,세종특별자치시교육청,9300177,두루고등학교,2025,주간,고등학교,공휴일,20250301,3·1절,,Y,Y,Y,*,*,*,20260322
I10,세종특별자치시교육청,9300177,두루고등학교,2025,주간,고등학교,공휴일,20250303,대체공휴일,,Y,Y,Y,*,*,*,20260322
I10,세종특별자치시교육청,9300177,두루고등학교,2025,주간,고등학교,해당없음,20250304,입학식,,Y,N,N,*,*,*,20260322
I10,세종특별자치시교육청,9300177,두루고등학교,2025,주간,고등학교,해당없음,20250304,개학식,,N,Y,Y,*,*,*,20260322
I10,세종특별자치시교육청,9300177,두루고등학교,2025,주간,고등학교,휴업일,20250308,토요휴업일,,Y,Y,Y,*,*,*,20260322
I10,세종특별자치시교육청,9300177,두루고등학교,2025,주간,고등학교,휴업일,20250315,토요휴업일,,Y,Y,Y,*,*,*,20260322
I10,세종특별자치시교육청,9300177,두루고등학교,2025,주간,고등학교,휴업일,20250322,토요휴업일,,Y,Y,Y,*,*,*,20260322
I10,세종특별자치시교육청,9300177,두루고등학교,2025,주간,고등학교,해당없음,20250326,전국연합학력평가,,Y,Y,Y,*,*,*,20260322
I10,세종특별자치시교육청,9300177,두루고등학교,2025,주간,고등학교,해당없음,20250327,학교교육과정설명회,,Y,Y,Y,*,*,*,20260322
I10,세종특별자치시교육청,9300177,두루고등학교,2025,주간,고등학교,휴업일,20250329,토요휴업일,,Y,Y,Y,*,*,*,20260322
I10,세종특별자치시교육청,9300177,두루고등학교,2025,주간,고등학교,휴업일,20250405,토요휴업일,,Y,Y,Y,*,*,*,20260322
I10,세종특별자치시교육청,9300177,두루고등학교,2025,주간,고등학교,휴업일,20250412,토요휴업일,,Y,Y,Y,*,*,*,20260322
I10,세종특별자치시교육청,9300177,두루고등학교,2025,주간,고등학교,휴업일,20250419,토요휴업일,,Y,Y,Y,*,*,*,20260322
I10,세종특별자치시교육청,9300177,두루고등학교,2025,주간,고등학교,휴업일,20250426,토요휴업일,,Y,Y,Y,*,*,*,20260322
I10,세종특별자치시교육청,9300177,두루고등학교,2025,주간,고등학교,해당없음,20250428,1회고사,,Y,Y,Y,*,*,*,20260322
I10,세종특별자치시교육청,9300177,두루고등학교,2025,주간,고등학교,해당없음,20250429,1회고사,,Y,Y,Y,*,*,*,20260322
I10,세종특별자치시교육청,9300177,두루고등학교,2025,주간,고등학교,해당없음,20250430,1회고사,,Y,Y,Y,*,*,*,20260322
I10,세종특별자치시교육청,9300177,두루고등학교,2025,주간,고등학교,휴업일,20250501,개교기념일,,Y,Y,Y,*,*,*,20260322
I10,세종특별자치시교육청,9300177,두루고등학교,2025,주간,고등학교,해당없음,20250502,1회고사,,Y,Y,Y,*,*,*,20260322
I10,세종특별자치시교육청,9300177,두루고등학교,2025,주간,고등학교,휴업일,20250503,토요휴업일,,Y,Y,Y,*,*,*,20260322
I10,세종특별자치시교육청,9300177,두루고등학교,2025,주간,고등학교,공휴일,20250505,어린이날,,Y,Y,Y,*,*,*,20260322
I10,세종특별자치시교육청,9300177,두루고등학교,2025,주간,고등학교,공휴일,20250506,대체공휴일,,Y,Y,Y,*,*,*,20260322
I10,세종특별자치시교육청,9300177,두루고등학교,2025,주간,고등학교,해당없음,20250508,전국연합학력평가,,N,N,Y,*,*,*,20260322
I10,세종특별자치시교육청,9300177,두루고등학교,2025,주간,고등학교,해당없음,20250509,현장체험학습,,N,N,Y,*,*,*,20260322
I10,세종특별자치시교육청,9300177,두루고등학교,2025,주간,고등학교,해당없음,20250509,교내 체육대회,,Y,Y,N,*,*,*,20260322
I10,세종특별자치시교육청,9300177,두루고등학교,2025,주간,고등학교,휴업일,20250510,토요휴업일,,Y,Y,Y,*,*,*,20260322
I10,세종특별자치시교육청,9300177,두루고등학교,2025,주간,고등학교,휴업일,20250517,토요휴업일,,Y,Y,Y,*,*,*,20260322
I10,세종특별자치시교육청,9300177,두루고등학교,2025,주간,고등학교,휴업일,20250524,토요휴업일,,Y,Y,Y,*,*,*,20260322
I10,세종특별자치시교육청,9300177,두루고등학교,2025,주간,고등학교,해당없음,20250528,교육과정 박람회,,Y,Y,Y,*,*,*,20260322
I10,세종특별자치시교육청,9300177,두루고등학교,2025,주간,고등학교,휴업일,20250531,토요휴업일,,Y,Y,Y,*,*,*,20260322
I10,세종특별자치시교육청,9300177,두루고등학교,2025,주간,고등학교,공휴일,20250603,제21대 대통령 선거,,Y,Y,Y,*,*,*,20260322
I10,세종특별자치시교육청,9300177,두루고등학교,2025,주간,고등학교,해당없음,20250604,전국연합학력평가,,Y,Y,N,*,*,*,20260322
I10,세종특별자치시교육청,9300177,두루고등학교,2025,주간,고등학교,해당없음,20250604,대학수학능력시험 모의평가,,N,N,Y,*,*,*,20260322
I10,세종특별자치시교육청,9300177,두루고등학교,2025,주간,고등학교,공휴일,20250606,현충일,,Y,Y,Y,*,*,*,20260322
I10,세종특별자치시교육청,9300177,두루고등학교,2025,주간,고등학교,휴업일,20250607,토요휴업일,,Y,Y,Y,*,*,*,20260322
I10,세종특별자치시교육청,9300177,두루고등학교,2025,주간,고등학교,휴업일,20250614,토요휴업일,,Y,Y,Y,*,*,*,20260322
I10,세종특별자치시교육청,9300177,두루고등학교,2025,주간,고등학교,휴업일,20250621,토요휴업일,,Y,Y,Y,*,*,*,20260322
I10,세종특별자치시교육청,9300177,두루고등학교,2025,주간,고등학교,휴업일,20250628,토요휴업일,,Y,Y,Y,*,*,*,20260322
I10,세종특별자치시교육청,9300177,두루고등학교,2025,주간,고등학교,해당없음,20250630,2회고사,,Y,Y,Y,*,*,*,20260322
I10,세종특별자치시교육청,9300177,두루고등학교,2025,주간,고등학교,해당없음,20250701,2회고사,,Y,Y,Y,*,*,*,20260322
I10,세종특별자치시교육청,9300177,두루고등학교,2025,주간,고등학교,해당없음,20250702,2회고사,,Y,Y,Y,*,*,*,20260322
I10,세종특별자치시교육청,9300177,두루고등학교,2025,주간,고등학교,해당없음,20250703,2회고사,,Y,Y,Y,*,*,*,20260322
I10,세종특별자치시교육청,9300177,두루고등학교,2025,주간,고등학교,해당없음,20250704,2회고사,,Y,Y,Y,*,*,*,20260322
I10,세종특별자치시교육청,9300177,두루고등학교,2025,주간,고등학교,휴업일,20250705,토요휴업일,,Y,Y,Y,*,*,*,20260322
I10,세종특별자치시교육청,9300177,두루고등학교,2025,주간,고등학교,해당없음,20250710,전국연합학력평가,,N,N,Y,*,*,*,20260322
I10,세종특별자치시교육청,9300177,두루고등학교,2025,주간,고등학교,휴업일,20250712,토요휴업일,,Y,Y,Y,*,*,*,20260322
I10,세종특별자치시교육청,9300177,두루고등학교,2025,주간,고등학교,해당없음,20250714,수업량 유연화 주간,,Y,Y,Y,*,*,*,20260322
I10,세종특별자치시교육청,9300177,두루고등학교,2025,주간,고등학교,해당없음,20250715,수업량 유연화 주간,,Y,Y,Y,*,*,*,20260322
I10,세종특별자치시교육청,9300177,두루고등학교,2025,주간,고등학교,해당없음,20250716,수업량 유연화 주간,,Y,Y,Y,*,*,*,20260322
I10,세종특별자치시교육청,9300177,두루고등학교,2025,주간,고등학교,해당없음,20250717,수업량 유연화 주간,,Y,Y,Y,*,*,*,20260322
I10,세종특별자치시교육청,9300177,두루고등학교,2025,주간,고등학교,해당없음,20250718,여름방학식,,Y,Y,Y,*,*,*,20260322
I10,세종특별자치시교육청,9300177,두루고등학교,2025,주간,고등학교,해당없음,20250718,수업량 유연화 주간,,Y,Y,Y,*,*,*,20260322
I10,세종특별자치시교육청,9300177,두루고등학교,2025,주간,고등학교,휴업일,20250719,여름방학,,Y,Y,Y,*,*,*,20260322
I10,세종특별자치시교육청,9300177,두루고등학교,2025,주간,고등학교,휴업일,20250719,토요휴업일,,Y,Y,Y,*,*,*,20260322
I10,세종특별자치시교육청,9300177,두루고등학교,2025,주간,고등학교,휴업일,20250720,여름방학,,Y,Y,Y,*,*,*,20260322
I10,세종특별자치시교육청,9300177,두루고등학교,2025,주간,고등학교,휴업일,20250721,여름방학,,Y,Y,Y,*,*,*,20260322
I10,세종특별자치시교육청,9300177,두루고등학교,2025,주간,고등학교,휴업일,20250722,여름방학,,Y,Y,Y,*,*,*,20260322
I10,세종특별자치시교육청,9300177,두루고등학교,2025,주간,고등학교,휴업일,20250723,여름방학,,Y,Y,Y,*,*,*,20260322
I10,세종특별자치시교육청,9300177,두루고등학교,2025,주간,고등학교,휴업일,20250724,여름방학,,Y,Y,Y,*,*,*,20260322
I10,세종특별자치시교육청,9300177,두루고등학교,2025,주간,고등학교,휴업일,20250725,여름방학,,Y,Y,Y,*,*,*,20260322
I10,세종특별자치시교육청,9300177,두루고등학교,2025,주간,고등학교,휴업일,20250726,여름방학,,Y,Y,Y,*,*,*,20260322
I10,세종특별자치시교육청,9300177,두루고등학교,2025,주간,고등학교,휴업일,20250726,토요휴업일,,Y,Y,Y,*,*,*,20260322
I10,세종특별자치시교육청,9300177,두루고등학교,2025,주간,고등학교,휴업일,20250727,여름방학,,Y,Y,Y,*,*,*,20260322
I10,세종특별자치시교육청,9300177,두루고등학교,2025,주간,고등학교,휴업일,20250728,여름방학,,Y,Y,Y,*,*,*,20260322
I10,세종특별자치시교육청,9300177,두루고등학교,2025,주간,고등학교,휴업일,20250729,여름방학,,Y,Y,Y,*,*,*,20260322
I10,세종특별자치시교육청,9300177,두루고등학교,2025,주간,고등학교,휴업일,20250730,여름방학,,Y,Y,Y,*,*,*,20260322
I10,세종특별자치시교육청,9300177,두루고등학교,2025,주간,고등학교,휴업일,20250731,여름방학,,Y,Y,Y,*,*,*,20260322
I10,세종특별자치시교육청,9300177,두루고등학교,2025,주간,고등학교,휴업일,20250801,여름방학,,Y,Y,Y,*,*,*,20260322
I10,세종특별자치시교육청,9300177,두루고등학교,2025,주간,고등학교,휴업일,20250802,여름방학,,Y,Y,Y,*,*,*,20260322
I10,세종특별자치시교육청,9300177,두루고등학교,2025,주간,고등학교,휴업일,20250802,토요휴업일,,Y,Y,Y,*,*,*,20260322
I10,세종특별자치시교육청,9300177,두루고등학교,2025,주간,고등학교,휴업일,20250803,여름방학,,Y,Y,Y,*,*,*,20260322
I10,세종특별자치시교육청,9300177,두루고등학교,2025,주간,고등학교,휴업일,20250804,여름방학,,Y,Y,Y,*,*,*,20260322
I10,세종특별자치시교육청,9300177,두루고등학교,2025,주간,고등학교,휴업일,20250805,여름방학,,Y,Y,Y,*,*,*,20260322
I10,세종특별자치시교육청,9300177,두루고등학교,2025,주간,고등학교,휴업일,20250806,여름방학,,Y,Y,Y,*,*,*,20260322
I10,세종특별자치시교육청,9300177,두루고등학교,2025,주간,고등학교,휴업일,20250807,여름방학,,Y,Y,Y,*,*,*,20260322
I10,세종특별자치시교육청,9300177,두루고등학교,2025,주간,고등학교,휴업일,20250808,여름방학,,Y,Y,Y,*,*,*,20260322
I10,세종특별자치시교육청,9300177,두루고등학교,2025,주간,고등학교,휴업일,20250809,여름방학,,Y,Y,Y,*,*,*,20260322
I10,세종특별자치시교육청,9300177,두루고등학교,2025,주간,고등학교,휴업일,20250809,토요휴업일,,Y,Y,Y,*,*,*,20260322
I10,세종특별자치시교육청,9300177,두루고등학교,2025,주간,고등학교,휴업일,20250810,여름방학,,Y,Y,Y,*,*,*,20260322
I10,세종특별자치시교육청,9300177,두루고등학교,2025,주간,고등학교,휴업일,20250811,여름방학,,Y,Y,Y,*,*,*,20260322
I10,세종특별자치시교육청,9300177,두루고등학교,2025,주간,고등학교,공휴일,20250815,광복절,,Y,Y,Y,*,*,*,20260322
I10,세종특별자치시교육청,9300177,두루고등학교,2025,주간,고등학교,휴업일,20250816,토요휴업일,,Y,Y,Y,*,*,*,20260322
I10,세종특별자치시교육청,9300177,두루고등학교,2025,주간,고등학교,휴업일,20250823,토요휴업일,,Y,Y,Y,*,*,*,20260322
I10,세종특별자치시교육청,9300177,두루고등학교,2025,주간,고등학교,휴업일,20250830,토요휴업일,,Y,Y,Y,*,*,*,20260322
I10,세종특별자치시교육청,9300177,두루고등학교,2025,주간,고등학교,해당없음,20250903,전국연합학력평가,,Y,Y,N,*,*,*,20260322
I10,세종특별자치시교육청,9300177,두루고등학교,2025,주간,고등학교,해당없음,20250903,대학수학능력시험 모의평가,,N,N,Y,*,*,*,20260322
I10,세종특별자치시교육청,9300177,두루고등학교,2025,주간,고등학교,휴업일,20250906,토요휴업일,,Y,Y,Y,*,*,*,20260322
I10,세종특별자치시교육청,9300177,두루고등학교,2025,주간,고등학교,휴업일,20250913,토요휴업일,,Y,Y,Y,*,*,*,20260322
I10,세종특별자치시교육청,9300177,두루고등학교,2025,주간,고등학교,휴업일,20250920,토요휴업일,,Y,Y,Y,*,*,*,20260322
I10,세종특별자치시교육청,9300177,두루고등학교,2025,주간,고등학교,해당없음,20250922,1회고사,,Y,Y,Y,*,*,*,20260322
I10,세종특별자치시교육청,9300177,두루고등학교,2025,주간,고등학교,해당없음,20250923,1회고사,,Y,Y,Y,*,*,*,20260322
I10,세종특별자치시교육청,9300177,두루고등학교,2025,주간,고등학교,해당없음,20250924,1회고사,,Y,Y,Y,*,*,*,20260322
I10,세종특별자치시교육청,9300177,두루고등학교,2025,주간,고등학교,해당없음,20250925,1회고사,,Y,Y,Y,*,*,*,20260322
I10,세종특별자치시교육청,9300177,두루고등학교,2025,주간,고등학교,해당없음,20250926,1회고사,,Y,Y,Y,*,*,*,20260322
I10,세종특별자치시교육청,9300177,두루고등학교,2025,주간,고등학교,휴업일,20250927,토요휴업일,,Y,Y,Y,*,*,*,20260322
I10,세종특별자치시교육청,9300177,두루고등학교,2025,주간,고등학교,공휴일,20251003,개천절,,Y,Y,Y,*,*,*,20260322
I10,세종특별자치시교육청,9300177,두루고등학교,2025,주간,고등학교,휴업일,20251004,토요휴업일,,Y,Y,Y,*,*,*,20260322
I10,세종특별자치시교육청,9300177,두루고등학교,2025,주간,고등학교,공휴일,20251005,추석,,Y,Y,Y,*,*,*,20260322
I10,세종특별자치시교육청,9300177,두루고등학교,2025,주간,고등학교,공휴일,20251006,추석,,Y,Y,Y,*,*,*,20260322
I10,세종특별자치시교육청,9300177,두루고등학교,2025,주간,고등학교,공휴일,20251007,추석,,Y,Y,Y,*,*,*,20260322
I10,세종특별자치시교육청,9300177,두루고등학교,2025,주간,고등학교,공휴일,20251008,대체공휴일,,Y,Y,Y,*,*,*,20260322
I10,세종특별자치시교육청,9300177,두루고등학교,2025,주간,고등학교,공휴일,20251009,한글날,,Y,Y,Y,*,*,*,20260322
I10,세종특별자치시교육청,9300177,두루고등학교,2025,주간,고등학교,휴업일,20251010,재량휴업일,,Y,Y,Y,*,*,*,20260322
I10,세종특별자치시교육청,9300177,두루고등학교,2025,주간,고등학교,휴업일,20251011,토요휴업일,,Y,Y,Y,*,*,*,20260322
I10,세종특별자치시교육청,9300177,두루고등학교,2025,주간,고등학교,해당없음,20251014,전국연합학력평가,,Y,Y,Y,*,*,*,20260322
I10,세종특별자치시교육청,9300177,두루고등학교,2025,주간,고등학교,휴업일,20251018,토요휴업일,,Y,Y,Y,*,*,*,20260322
I10,세종특별자치시교육청,9300177,두루고등학교,2025,주간,고등학교,휴업일,20251025,토요휴업일,,Y,Y,Y,*,*,*,20260322
I10,세종특별자치시교육청,9300177,두루고등학교,2025,주간,고등학교,휴업일,20251101,토요휴업일,,Y,Y,Y,*,*,*,20260322
I10,세종특별자치시교육청,9300177,두루고등학교,2025,주간,고등학교,해당없음,20251105,수학여행,,N,Y,N,*,*,*,20260322
I10,세종특별자치시교육청,9300177,두루고등학교,2025,주간,고등학교,해당없음,20251106,현장체험학습,,Y,N,N,*,*,*,20260322
I10,세종특별자치시교육청,9300177,두루고등학교,2025,주간,고등학교,해당없음,20251106,수학여행,,N,Y,N,*,*,*,20260322
I10,세종특별자치시교육청,9300177,두루고등학교,2025,주간,고등학교,해당없음,20251107,현장체험학습,,Y,N,N,*,*,*,20260322
I10,세종특별자치시교육청,9300177,두루고등학교,2025,주간,고등학교,해당없음,20251107,수학여행,,N,Y,N,*,*,*,20260322
I10,세종특별자치시교육청,9300177,두루고등학교,2025,주간,고등학교,휴업일,20251108,토요휴업일,,Y,Y,Y,*,*,*,20260322
I10,세종특별자치시교육청,9300177,두루고등학교,2025,주간,고등학교,휴업일,20251113,재량휴업일,대학수학능력시험,Y,Y,N,*,*,*,20260322
I10,세종특별자치시교육청,9300177,두루고등학교,2025,주간,고등학교,휴업일,20251113,대학수학능력시험,,N,N,Y,*,*,*,20260322
I10,세종특별자치시교육청,9300177,두루고등학교,2025,주간,고등학교,휴업일,20251114,재량휴업일,,Y,Y,Y,*,*,*,20260322
I10,세종특별자치시교육청,9300177,두루고등학교,2025,주간,고등학교,휴업일,20251115,토요휴업일,,Y,Y,Y,*,*,*,20260322
I10,세종특별자치시교육청,9300177,두루고등학교,2025,주간,고등학교,휴업일,20251122,토요휴업일,,Y,Y,Y,*,*,*,20260322
I10,세종특별자치시교육청,9300177,두루고등학교,2025,주간,고등학교,휴업일,20251129,토요휴업일,,Y,Y,Y,*,*,*,20260322
I10,세종특별자치시교육청,9300177,두루고등학교,2025,주간,고등학교,휴업일,20251206,토요휴업일,,Y,Y,Y,*,*,*,20260322
I10,세종특별자치시교육청,9300177,두루고등학교,2025,주간,고등학교,해당없음,20251209,2회고사,,Y,Y,Y,*,*,*,20260322
I10,세종특별자치시교육청,9300177,두루고등학교,2025,주간,고등학교,해당없음,20251210,2회고사,,Y,Y,Y,*,*,*,20260322
I10,세종특별자치시교육청,9300177,두루고등학교,2025,주간,고등학교,해당없음,20251211,2회고사,,Y,Y,Y,*,*,*,20260322
I10,세종특별자치시교육청,9300177,두루고등학교,2025,주간,고등학교,해당없음,20251212,2회고사,,Y,Y,Y,*,*,*,20260322
I10,세종특별자치시교육청,9300177,두루고등학교,2025,주간,고등학교,휴업일,20251213,토요휴업일,,Y,Y,Y,*,*,*,20260322
I10,세종특별자치시교육청,9300177,두루고등학교,2025,주간,고등학교,휴업일,20251220,토요휴업일,,Y,Y,Y,*,*,*,20260322
I10,세종특별자치시교육청,9300177,두루고등학교,2025,주간,고등학교,공휴일,20251225,성탄절,,Y,Y,Y,*,*,*,20260322
I10,세종특별자치시교육청,9300177,두루고등학교,2025,주간,고등학교,휴업일,20251227,토요휴업일,,Y,Y,Y,*,*,*,20260322
I10,세종특별자치시교육청,9300177,두루고등학교,2025,주간,고등학교,해당없음,20251231,두빛제,,Y,Y,Y,*,*,*,20260322
I10,세종특별자치시교육청,9300177,두루고등학교,2025,주간,고등학교,공휴일,20260101,신정,,Y,Y,Y,*,*,*,20260322
I10,세종특별자치시교육청,9300177,두루고등학교,2025,주간,고등학교,휴업일,20260103,토요휴업일,,Y,Y,Y,*,*,*,20260322
I10,세종특별자치시교육청,9300177,두루고등학교,2025,주간,고등학교,해당없음,20260107,종업식,,Y,Y,N,*,*,*,20260322
I10,세종특별자치시교육청,9300177,두루고등학교,2025,주간,고등학교,해당없음,20260107,졸업식,,N,N,Y,*,*,*,20260322
I10,세종특별자치시교육청,9300177,두루고등학교,2025,주간,고등학교,휴업일,20260108,겨울방학,,Y,Y,N,*,*,*,20260322
I10,세종특별자치시교육청,9300177,두루고등학교,2025,주간,고등학교,휴업일,20260109,겨울방학,,Y,Y,N,*,*,*,20260322
I10,세종특별자치시교육청,9300177,두루고등학교,2025,주간,고등학교,휴업일,20260110,겨울방학,,Y,Y,N,*,*,*,20260322
I10,세종특별자치시교육청,9300177,두루고등학교,2025,주간,고등학교,휴업일,20260110,토요휴업일,,Y,Y,Y,*,*,*,20260322
I10,세종특별자치시교육청,9300177,두루고등학교,2025,주간,고등학교,휴업일,20260111,겨울방학,,Y,Y,N,*,*,*,20260322
I10,세종특별자치시교육청,9300177,두루고등학교,2025,주간,고등학교,휴업일,20260112,겨울방학,,Y,Y,N,*,*,*,20260322
I10,세종특별자치시교육청,9300177,두루고등학교,2025,주간,고등학교,휴업일,20260113,겨울방학,,Y,Y,N,*,*,*,20260322
I10,세종특별자치시교육청,9300177,두루고등학교,2025,주간,고등학교,휴업일,20260114,겨울방학,,Y,Y,N,*,*,*,20260322
I10,세종특별자치시교육청,9300177,두루고등학교,2025,주간,고등학교,휴업일,20260115,겨울방학,,Y,Y,N,*,*,*,20260322
I10,세종특별자치시교육청,9300177,두루고등학교,2025,주간,고등학교,휴업일,20260116,겨울방학,,Y,Y,N,*,*,*,20260322
I10,세종특별자치시교육청,9300177,두루고등학교,2025,주간,고등학교,휴업일,20260117,겨울방학,,Y,Y,N,*,*,*,20260322
I10,세종특별자치시교육청,9300177,두루고등학교,2025,주간,고등학교,휴업일,20260117,토요휴업일,,Y,Y,Y,*,*,*,20260322
I10,세종특별자치시교육청,9300177,두루고등학교,2025,주간,고등학교,휴업일,20260118,겨울방학,,Y,Y,N,*,*,*,20260322
I10,세종특별자치시교육청,9300177,두루고등학교,2025,주간,고등학교,휴업일,20260119,겨울방학,,Y,Y,N,*,*,*,20260322
I10,세종특별자치시교육청,9300177,두루고등학교,2025,주간,고등학교,휴업일,20260120,겨울방학,,Y,Y,N,*,*,*,20260322
I10,세종특별자치시교육청,9300177,두루고등학교,2025,주간,고등학교,휴업일,20260121,겨울방학,,Y,Y,N,*,*,*,20260322
I10,세종특별자치시교육청,9300177,두루고등학교,2025,주간,고등학교,휴업일,20260122,겨울방학,,Y,Y,N,*,*,*,20260322
I10,세종특별자치시교육청,9300177,두루고등학교,2025,주간,고등학교,휴업일,20260123,겨울방학,,Y,Y,N,*,*,*,20260322
I10,세종특별자치시교육청,9300177,두루고등학교,2025,주간,고등학교,휴업일,20260124,겨울방학,,Y,Y,N,*,*,*,20260322
I10,세종특별자치시교육청,9300177,두루고등학교,2025,주간,고등학교,휴업일,20260124,토요휴업일,,Y,Y,Y,*,*,*,20260322
I10,세종특별자치시교육청,9300177,두루고등학교,2025,주간,고등학교,휴업일,20260125,겨울방학,,Y,Y,N,*,*,*,20260322
I10,세종특별자치시교육청,9300177,두루고등학교,2025,주간,고등학교,휴업일,20260126,겨울방학,,Y,Y,N,*,*,*,20260322
I10,세종특별자치시교육청,9300177,두루고등학교,2025,주간,고등학교,휴업일,20260127,겨울방학,,Y,Y,N,*,*,*,20260322
I10,세종특별자치시교육청,9300177,두루고등학교,2025,주간,고등학교,휴업일,20260128,겨울방학,,Y,Y,N,*,*,*,20260322
I10,세종특별자치시교육청,9300177,두루고등학교,2025,주간,고등학교,휴업일,20260129,겨울방학,,Y,Y,N,*,*,*,20260322
I10,세종특별자치시교육청,9300177,두루고등학교,2025,주간,고등학교,휴업일,20260130,겨울방학,,Y,Y,N,*,*,*,20260322
I10,세종특별자치시교육청,9300177,두루고등학교,2025,주간,고등학교,휴업일,20260131,겨울방학,,Y,Y,N,*,*,*,20260322
I10,세종특별자치시교육청,9300177,두루고등학교,2025,주간,고등학교,휴업일,20260131,토요휴업일,,Y,Y,Y,*,*,*,20260322
I10,세종특별자치시교육청,9300177,두루고등학교,2025,주간,고등학교,휴업일,20260201,겨울방학,,Y,Y,N,*,*,*,20260322
I10,세종특별자치시교육청,9300177,두루고등학교,2025,주간,고등학교,휴업일,20260202,겨울방학,,Y,Y,N,*,*,*,20260322
I10,세종특별자치시교육청,9300177,두루고등학교,2025,주간,고등학교,휴업일,20260203,겨울방학,,Y,Y,N,*,*,*,20260322
I10,세종특별자치시교육청,9300177,두루고등학교,2025,주간,고등학교,휴업일,20260204,겨울방학,,Y,Y,N,*,*,*,20260322
I10,세종특별자치시교육청,9300177,두루고등학교,2025,주간,고등학교,휴업일,20260205,겨울방학,,Y,Y,N,*,*,*,20260322
I10,세종특별자치시교육청,9300177,두루고등학교,2025,주간,고등학교,휴업일,20260206,겨울방학,,Y,Y,N,*,*,*,20260322
I10,세종특별자치시교육청,9300177,두루고등학교,2025,주간,고등학교,휴업일,20260207,겨울방학,,Y,Y,N,*,*,*,20260322
I10,세종특별자치시교육청,9300177,두루고등학교,2025,주간,고등학교,휴업일,20260207,토요휴업일,,Y,Y,Y,*,*,*,20260322
I10,세종특별자치시교육청,9300177,두루고등학교,2025,주간,고등학교,휴업일,20260208,겨울방학,,Y,Y,N,*,*,*,20260322
I10,세종특별자치시교육청,9300177,두루고등학교,2025,주간,고등학교,휴업일,20260209,겨울방학,,Y,Y,N,*,*,*,20260322
I10,세종특별자치시교육청,9300177,두루고등학교,2025,주간,고등학교,휴업일,20260210,겨울방학,,Y,Y,N,*,*,*,20260322
I10,세종특별자치시교육청,9300177,두루고등학교,2025,주간,고등학교,휴업일,20260211,겨울방학,,Y,Y,N,*,*,*,20260322
I10,세종특별자치시교육청,9300177,두루고등학교,2025,주간,고등학교,휴업일,20260212,겨울방학,,Y,Y,N,*,*,*,20260322
I10,세종특별자치시교육청,9300177,두루고등학교,2025,주간,고등학교,휴업일,20260213,겨울방학,,Y,Y,N,*,*,*,20260322
I10,세종특별자치시교육청,9300177,두루고등학교,2025,주간,고등학교,휴업일,20260214,겨울방학,,Y,Y,N,*,*,*,20260322
I10,세종특별자치시교육청,9300177,두루고등학교,2025,주간,고등학교,휴업일,20260214,토요휴업일,,Y,Y,Y,*,*,*,20260322
I10,세종특별자치시교육청,9300177,두루고등학교,2025,주간,고등학교,휴업일,20260215,겨울방학,,Y,Y,N,*,*,*,20260322
I10,세종특별자치시교육청,9300177,두루고등학교,2025,주간,고등학교,휴업일,20260216,겨울방학,,Y,Y,N,*,*,*,20260322
I10,세종특별자치시교육청,9300177,두루고등학교,2025,주간,고등학교,공휴일,20260216,설날,,Y,Y,Y,*,*,*,20260322
I10,세종특별자치시교육청,9300177,두루고등학교,2025,주간,고등학교,휴업일,20260217,겨울방학,,Y,Y,N,*,*,*,20260322
I10,세종특별자치시교육청,9300177,두루고등학교,2025,주간,고등학교,공휴일,20260217,설날,,Y,Y,Y,*,*,*,20260322
I10,세종특별자치시교육청,9300177,두루고등학교,2025,주간,고등학교,휴업일,20260218,겨울방학,,Y,Y,N,*,*,*,20260322
I10,세종특별자치시교육청,9300177,두루고등학교,2025,주간,고등학교,공휴일,20260218,설날,,Y,Y,Y,*,*,*,20260322
I10,세종특별자치시교육청,9300177,두루고등학교,2025,주간,고등학교,휴업일,20260219,겨울방학,,Y,Y,N,*,*,*,20260322
I10,세종특별자치시교육청,9300177,두루고등학교,2025,주간,고등학교,휴업일,20260220,겨울방학,,Y,Y,N,*,*,*,20260322
I10,세종특별자치시교육청,9300177,두루고등학교,2025,주간,고등학교,휴업일,20260221,겨울방학,,Y,Y,N,*,*,*,20260322
I10,세종특별자치시교육청,9300177,두루고등학교,2025,주간,고등학교,휴업일,20260221,토요휴업일,,Y,Y,Y,*,*,*,20260322
I10,세종특별자치시교육청,9300177,두루고등학교,2025,주간,고등학교,휴업일,20260222,겨울방학,,Y,Y,N,*,*,*,20260322
I10,세종특별자치시교육청,9300177,두루고등학교,2025,주간,고등학교,휴업일,20260223,겨울방학,,Y,Y,N,*,*,*,20260322
I10,세종특별자치시교육청,9300177,두루고등학교,2025,주간,고등학교,휴업일,20260224,겨울방학,,Y,Y,N,*,*,*,20260322
I10,세종특별자치시교육청,9300177,두루고등학교,2025,주간,고등학교,휴업일,20260225,겨울방학,,Y,Y,N,*,*,*,20260322
I10,세종특별자치시교육청,9300177,두루고등학교,2025,주간,고등학교,휴업일,20260226,겨울방학,,Y,Y,N,*,*,*,20260322
I10,세종특별자치시교육청,9300177,두루고등학교,2025,주간,고등학교,휴업일,20260227,겨울방학,,Y,Y,N,*,*,*,20260322
I10,세종특별자치시교육청,9300177,두루고등학교,2025,주간,고등학교,휴업일,20260228,겨울방학,,Y,Y,N,*,*,*,20260322
I10,세종특별자치시교육청,9300177,두루고등학교,2025,주간,고등학교,휴업일,20260228,토요휴업일,,Y,Y,Y,*,*,*,20260322
I10,세종특별자치시교육청,9300177,두루고등학교,2026,주간,고등학교,공휴일,20260301,3·1절,,Y,Y,Y,*,*,*,20260322
I10,세종특별자치시교육청,9300177,두루고등학교,2026,주간,고등학교,공휴일,20260302,대체공휴일,,Y,Y,Y,*,*,*,20260322
I10,세종특별자치시교육청,9300177,두루고등학교,2026,주간,고등학교,해당없음,20260303,입학식,,Y,N,N,*,*,*,20260322
I10,세종특별자치시교육청,9300177,두루고등학교,2026,주간,고등학교,해당없음,20260303,개학식,,N,Y,Y,*,*,*,20260322
I10,세종특별자치시교육청,9300177,두루고등학교,2026,주간,고등학교,휴업일,20260307,토요휴업일,,Y,Y,Y,*,*,*,20260322
I10,세종특별자치시교육청,9300177,두루고등학교,2026,주간,고등학교,휴업일,20260314,토요휴업일,,Y,Y,Y,*,*,*,20260322
I10,세종특별자치시교육청,9300177,두루고등학교,2026,주간,고등학교,휴업일,20260321,토요휴업일,,Y,Y,Y,*,*,*,20260322
I10,세종특별자치시교육청,9300177,두루고등학교,2026,주간,고등학교,해당없음,20260324,전국연합학력평가,,Y,Y,Y,*,*,*,20260322
I10,세종특별자치시교육청,9300177,두루고등학교,2026,주간,고등학교,해당없음,20260326,학교교육과정설명회,,Y,Y,Y,*,*,*,20260322
I10,세종특별자치시교육청,9300177,두루고등학교,2026,주간,고등학교,휴업일,20260328,토요휴업일,,Y,Y,Y,*,*,*,20260322
I10,세종특별자치시교육청,9300177,두루고등학교,2026,주간,고등학교,휴업일,20260404,토요휴업일,,Y,Y,Y,*,*,*,20260322
I10,세종특별자치시교육청,9300177,두루고등학교,2026,주간,고등학교,휴업일,20260411,토요휴업일,,Y,Y,Y,*,*,*,20260322
I10,세종특별자치시교육청,9300177,두루고등학교,2026,주간,고등학교,휴업일,20260418,토요휴업일,,Y,Y,Y,*,*,*,20260322
I10,세종특별자치시교육청,9300177,두루고등학교,2026,주간,고등학교,해당없음,20260421,1회고사,,Y,Y,Y,*,*,*,20260322
I10,세종특별자치시교육청,9300177,두루고등학교,2026,주간,고등학교,해당없음,20260422,1회고사,,Y,Y,Y,*,*,*,20260322
I10,세종특별자치시교육청,9300177,두루고등학교,2026,주간,고등학교,해당없음,20260423,1회고사,,Y,Y,Y,*,*,*,20260322
I10,세종특별자치시교육청,9300177,두루고등학교,2026,주간,고등학교,해당없음,20260424,1회고사,,Y,Y,Y,*,*,*,20260322
I10,세종특별자치시교육청,9300177,두루고등학교,2026,주간,고등학교,휴업일,20260425,토요휴업일,,Y,Y,Y,*,*,*,20260322
I10,세종특별자치시교육청,9300177,두루고등학교,2026,주간,고등학교,휴업일,20260502,토요휴업일,,Y,Y,Y,*,*,*,20260322
I10,세종특별자치시교육청,9300177,두루고등학교,2026,주간,고등학교,휴업일,20260504,재량휴업일,,Y,Y,Y,*,*,*,20260322
I10,세종특별자치시교육청,9300177,두루고등학교,2026,주간,고등학교,공휴일,20260505,어린이날,,Y,Y,Y,*,*,*,20260322
I10,세종특별자치시교육청,9300177,두루고등학교,2026,주간,고등학교,해당없음,20260507,전국연합학력평가,,N,N,Y,*,*,*,20260322
I10,세종특별자치시교육청,9300177,두루고등학교,2026,주간,고등학교,해당없음,20260508,현장체험학습,,N,N,Y,*,*,*,20260322
I10,세종특별자치시교육청,9300177,두루고등학교,2026,주간,고등학교,해당없음,20260508,체육행사,,Y,Y,N,*,*,*,20260322
I10,세종특별자치시교육청,9300177,두루고등학교,2026,주간,고등학교,휴업일,20260509,토요휴업일,,Y,Y,Y,*,*,*,20260322
I10,세종특별자치시교육청,9300177,두루고등학교,2026,주간,고등학교,휴업일,20260516,토요휴업일,,Y,Y,Y,*,*,*,20260322
I10,세종특별자치시교육청,9300177,두루고등학교,2026,주간,고등학교,휴업일,20260523,토요휴업일,,Y,Y,Y,*,*,*,20260322
I10,세종특별자치시교육청,9300177,두루고등학교,2026,주간,고등학교,공휴일,20260524,석가탄신일,,Y,Y,Y,*,*,*,20260322
I10,세종특별자치시교육청,9300177,두루고등학교,2026,주간,고등학교,공휴일,20260525,대체공휴일,,Y,Y,Y,*,*,*,20260322
I10,세종특별자치시교육청,9300177,두루고등학교,2026,주간,고등학교,해당없음,20260527,교육과정 박람회,,Y,Y,Y,*,*,*,20260322
I10,세종특별자치시교육청,9300177,두루고등학교,2026,주간,고등학교,휴업일,20260530,토요휴업일,,Y,Y,Y,*,*,*,20260322
I10,세종특별자치시교육청,9300177,두루고등학교,2026,주간,고등학교,공휴일,20260603,지방선거,,Y,Y,Y,*,*,*,20260322
I10,세종특별자치시교육청,9300177,두루고등학교,2026,주간,고등학교,해당없음,20260604,전국연합학력평가,,Y,Y,N,*,*,*,20260322
I10,세종특별자치시교육청,9300177,두루고등학교,2026,주간,고등학교,해당없음,20260604,대학수학능력시험 모의평가,,N,N,Y,*,*,*,20260322
I10,세종특별자치시교육청,9300177,두루고등학교,2026,주간,고등학교,공휴일,20260606,현충일,,Y,Y,Y,*,*,*,20260322
I10,세종특별자치시교육청,9300177,두루고등학교,2026,주간,고등학교,휴업일,20260613,토요휴업일,,Y,Y,Y,*,*,*,20260322
I10,세종특별자치시교육청,9300177,두루고등학교,2026,주간,고등학교,휴업일,20260620,토요휴업일,,Y,Y,Y,*,*,*,20260322
I10,세종특별자치시교육청,9300177,두루고등학교,2026,주간,고등학교,해당없음,20260625,2회고사,,Y,Y,Y,*,*,*,20260322
I10,세종특별자치시교육청,9300177,두루고등학교,2026,주간,고등학교,해당없음,20260626,2회고사,,Y,Y,Y,*,*,*,20260322
I10,세종특별자치시교육청,9300177,두루고등학교,2026,주간,고등학교,휴업일,20260627,토요휴업일,,Y,Y,Y,*,*,*,20260322
I10,세종특별자치시교육청,9300177,두루고등학교,2026,주간,고등학교,해당없음,20260629,2회고사,,Y,Y,Y,*,*,*,20260322
I10,세종특별자치시교육청,9300177,두루고등학교,2026,주간,고등학교,해당없음,20260630,2회고사,,Y,Y,Y,*,*,*,20260322
I10,세종특별자치시교육청,9300177,두루고등학교,2026,주간,고등학교,해당없음,20260701,2회고사,,Y,Y,Y,*,*,*,20260322
I10,세종특별자치시교육청,9300177,두루고등학교,2026,주간,고등학교,해당없음,20260702,대입정보박람회,,Y,Y,Y,*,*,*,20260322
I10,세종특별자치시교육청,9300177,두루고등학교,2026,주간,고등학교,해당없음,20260703,대입정보박람회,,Y,Y,Y,*,*,*,20260322
I10,세종특별자치시교육청,9300177,두루고등학교,2026,주간,고등학교,휴업일,20260704,토요휴업일,,Y,Y,Y,*,*,*,20260322
I10,세종특별자치시교육청,9300177,두루고등학교,2026,주간,고등학교,해당없음,20260708,전국연합학력평가,,N,N,Y,*,*,*,20260322
I10,세종특별자치시교육청,9300177,두루고등학교,2026,주간,고등학교,휴업일,20260711,토요휴업일,,Y,Y,Y,*,*,*,20260322
I10,세종특별자치시교육청,9300177,두루고등학교,2026,주간,고등학교,공휴일,20260717,제헌절,,Y,Y,Y,*,*,*,20260322
I10,세종특별자치시교육청,9300177,두루고등학교,2026,주간,고등학교,휴업일,20260718,토요휴업일,,Y,Y,Y,*,*,*,20260322
I10,세종특별자치시교육청,9300177,두루고등학교,2026,주간,고등학교,해당없음,20260720,여름방학식,,Y,Y,Y,*,*,*,20260322
I10,세종특별자치시교육청,9300177,두루고등학교,2026,주간,고등학교,휴업일,20260721,여름방학,,Y,Y,Y,*,*,*,20260322
I10,세종특별자치시교육청,9300177,두루고등학교,2026,주간,고등학교,휴업일,20260722,여름방학,,Y,Y,Y,*,*,*,20260322
I10,세종특별자치시교육청,9300177,두루고등학교,2026,주간,고등학교,휴업일,20260723,여름방학,,Y,Y,Y,*,*,*,20260322
I10,세종특별자치시교육청,9300177,두루고등학교,2026,주간,고등학교,휴업일,20260724,여름방학,,Y,Y,Y,*,*,*,20260322
I10,세종특별자치시교육청,9300177,두루고등학교,2026,주간,고등학교,휴업일,20260725,여름방학,,Y,Y,Y,*,*,*,20260322
I10,세종특별자치시교육청,9300177,두루고등학교,2026,주간,고등학교,휴업일,20260725,토요휴업일,,Y,Y,Y,*,*,*,20260322
I10,세종특별자치시교육청,9300177,두루고등학교,2026,주간,고등학교,휴업일,20260726,여름방학,,Y,Y,Y,*,*,*,20260322
I10,세종특별자치시교육청,9300177,두루고등학교,2026,주간,고등학교,휴업일,20260727,여름방학,,Y,Y,Y,*,*,*,20260322
I10,세종특별자치시교육청,9300177,두루고등학교,2026,주간,고등학교,휴업일,20260728,여름방학,,Y,Y,Y,*,*,*,20260322
I10,세종특별자치시교육청,9300177,두루고등학교,2026,주간,고등학교,휴업일,20260729,여름방학,,Y,Y,Y,*,*,*,20260322
I10,세종특별자치시교육청,9300177,두루고등학교,2026,주간,고등학교,휴업일,20260730,여름방학,,Y,Y,Y,*,*,*,20260322
I10,세종특별자치시교육청,9300177,두루고등학교,2026,주간,고등학교,휴업일,20260731,여름방학,,Y,Y,Y,*,*,*,20260322
I10,세종특별자치시교육청,9300177,두루고등학교,2026,주간,고등학교,휴업일,20260801,여름방학,,Y,Y,Y,*,*,*,20260322
I10,세종특별자치시교육청,9300177,두루고등학교,2026,주간,고등학교,휴업일,20260801,토요휴업일,,Y,Y,Y,*,*,*,20260322
I10,세종특별자치시교육청,9300177,두루고등학교,2026,주간,고등학교,휴업일,20260802,여름방학,,Y,Y,Y,*,*,*,20260322
I10,세종특별자치시교육청,9300177,두루고등학교,2026,주간,고등학교,휴업일,20260803,여름방학,,Y,Y,Y,*,*,*,20260322
I10,세종특별자치시교육청,9300177,두루고등학교,2026,주간,고등학교,휴업일,20260804,여름방학,,Y,Y,Y,*,*,*,20260322
I10,세종특별자치시교육청,9300177,두루고등학교,2026,주간,고등학교,휴업일,20260805,여름방학,,Y,Y,Y,*,*,*,20260322
I10,세종특별자치시교육청,9300177,두루고등학교,2026,주간,고등학교,휴업일,20260806,여름방학,,Y,Y,Y,*,*,*,20260322
I10,세종특별자치시교육청,9300177,두루고등학교,2026,주간,고등학교,휴업일,20260807,여름방학,,Y,Y,Y,*,*,*,20260322
I10,세종특별자치시교육청,9300177,두루고등학교,2026,주간,고등학교,휴업일,20260808,여름방학,,Y,Y,Y,*,*,*,20260322
I10,세종특별자치시교육청,9300177,두루고등학교,2026,주간,고등학교,휴업일,20260808,토요휴업일,,Y,Y,Y,*,*,*,20260322
I10,세종특별자치시교육청,9300177,두루고등학교,2026,주간,고등학교,휴업일,20260809,여름방학,,Y,Y,Y,*,*,*,20260322
I10,세종특별자치시교육청,9300177,두루고등학교,2026,주간,고등학교,휴업일,20260810,여름방학,,Y,Y,Y,*,*,*,20260322
I10,세종특별자치시교육청,9300177,두루고등학교,2026,주간,고등학교,휴업일,20260811,여름방학,,Y,Y,Y,*,*,*,20260322
I10,세종특별자치시교육청,9300177,두루고등학교,2026,주간,고등학교,휴업일,20260812,여름방학,,Y,Y,Y,*,*,*,20260322
I10,세종특별자치시교육청,9300177,두루고등학교,2026,주간,고등학교,휴업일,20260813,여름방학,,Y,Y,Y,*,*,*,20260322
I10,세종특별자치시교육청,9300177,두루고등학교,2026,주간,고등학교,휴업일,20260814,여름방학,,Y,Y,Y,*,*,*,20260322
I10,세종특별자치시교육청,9300177,두루고등학교,2026,주간,고등학교,휴업일,20260815,여름방학,,Y,Y,Y,*,*,*,20260322
I10,세종특별자치시교육청,9300177,두루고등학교,2026,주간,고등학교,공휴일,20260815,광복절,,Y,Y,Y,*,*,*,20260322
I10,세종특별자치시교육청,9300177,두루고등학교,2026,주간,고등학교,휴업일,20260816,여름방학,,Y,Y,Y,*,*,*,20260322
I10,세종특별자치시교육청,9300177,두루고등학교,2026,주간,고등학교,휴업일,20260817,여름방학,,Y,Y,Y,*,*,*,20260322
I10,세종특별자치시교육청,9300177,두루고등학교,2026,주간,고등학교,공휴일,20260817,대체공휴일,,Y,Y,Y,*,*,*,20260322
I10,세종특별자치시교육청,9300177,두루고등학교,2026,주간,고등학교,휴업일,20260822,토요휴업일,,Y,Y,Y,*,*,*,20260322
I10,세종특별자치시교육청,9300177,두루고등학교,2026,주간,고등학교,휴업일,20260829,토요휴업일,,Y,Y,Y,*,*,*,20260322
I10,세종특별자치시교육청,9300177,두루고등학교,2026,주간,고등학교,휴업일,20260905,토요휴업일,,Y,Y,Y,*,*,*,20260322
I10,세종특별자치시교육청,9300177,두루고등학교,2026,주간,고등학교,휴업일,20260912,토요휴업일,,Y,Y,Y,*,*,*,20260322
I10,세종특별자치시교육청,9300177,두루고등학교,2026,주간,고등학교,휴업일,20260919,토요휴업일,,Y,Y,Y,*,*,*,20260322
I10,세종특별자치시교육청,9300177,두루고등학교,2026,주간,고등학교,공휴일,20260925,추석,,Y,Y,Y,*,*,*,20260322
I10,세종특별자치시교육청,9300177,두루고등학교,2026,주간,고등학교,휴업일,20260926,토요휴업일,,Y,Y,Y,*,*,*,20260322
I10,세종특별자치시교육청,9300177,두루고등학교,2026,주간,고등학교,공휴일,20261003,개천절,,Y,Y,Y,*,*,*,20260322
I10,세종특별자치시교육청,9300177,두루고등학교,2026,주간,고등학교,공휴일,20261005,대체공휴일,,Y,Y,Y,*,*,*,20260322
I10,세종특별자치시교육청,9300177,두루고등학교,2026,주간,고등학교,공휴일,20261009,한글날,,Y,Y,Y,*,*,*,20260322
I10,세종특별자치시교육청,9300177,두루고등학교,2026,주간,고등학교,휴업일,20261010,토요휴업일,,Y,Y,Y,*,*,*,20260322
I10,세종특별자치시교육청,9300177,두루고등학교,2026,주간,고등학교,휴업일,20261017,토요휴업일,,Y,Y,Y,*,*,*,20260322
I10,세종특별자치시교육청,9300177,두루고등학교,2026,주간,고등학교,휴업일,20261024,토요휴업일,,Y,Y,Y,*,*,*,20260322
I10,세종특별자치시교육청,9300177,두루고등학교,2026,주간,고등학교,휴업일,20261031,토요휴업일,,Y,Y,Y,*,*,*,20260322
I10,세종특별자치시교육청,9300177,두루고등학교,2026,주간,고등학교,휴업일,20261107,토요휴업일,,Y,Y,Y,*,*,*,20260322
I10,세종특별자치시교육청,9300177,두루고등학교,2026,주간,고등학교,휴업일,20261114,토요휴업일,,Y,Y,Y,*,*,*,20260322
I10,세종특별자치시교육청,9300177,두루고등학교,2026,주간,고등학교,휴업일,20261121,토요휴업일,,Y,Y,Y,*,*,*,20260322
I10,세종특별자치시교육청,9300177,두루고등학교,2026,주간,고등학교,휴업일,20261128,토요휴업일,,Y,Y,Y,*,*,*,20260322
I10,세종특별자치시교육청,9300177,두루고등학교,2026,주간,고등학교,휴업일,20261205,토요휴업일,,Y,Y,Y,*,*,*,20260322
I10,세종특별자치시교육청,9300177,두루고등학교,2026,주간,고등학교,휴업일,20261212,토요휴업일,,Y,Y,Y,*,*,*,20260322
I10,세종특별자치시교육청,9300177,두루고등학교,2026,주간,고등학교,휴업일,20261219,토요휴업일,,Y,Y,Y,*,*,*,20260322
I10,세종특별자치시교육청,9300177,두루고등학교,2026,주간,고등학교,공휴일,20261225,성탄절,,Y,Y,Y,*,*,*,20260322
I10,세종특별자치시교육청,9300177,두루고등학교,2026,주간,고등학교,휴업일,20261226,토요휴업일,,Y,Y,Y,*,*,*,20260322
I10,세종특별자치시교육청,9300177,두루고등학교,2026,주간,고등학교,공휴일,20270101,신정,,Y,Y,Y,*,*,*,20260322
I10,세종특별자치시교육청,9300177,두루고등학교,2026,주간,고등학교,휴업일,20270102,토요휴업일,,Y,Y,Y,*,*,*,20260322
I10,세종특별자치시교육청,9300177,두루고등학교,2026,주간,고등학교,휴업일,20270109,토요휴업일,,Y,Y,Y,*,*,*,20260322
I10,세종특별자치시교육청,9300177,두루고등학교,2026,주간,고등학교,휴업일,20270116,토요휴업일,,Y,Y,Y,*,*,*,20260322
I10,세종특별자치시교육청,9300177,두루고등학교,2026,주간,고등학교,휴업일,20270123,토요휴업일,,Y,Y,Y,*,*,*,20260322
I10,세종특별자치시교육청,9300177,두루고등학교,2026,주간,고등학교,휴업일,20270130,토요휴업일,,Y,Y,Y,*,*,*,20260322
I10,세종특별자치시교육청,9300177,두루고등학교,2026,주간,고등학교,휴업일,20270206,토요휴업일,,Y,Y,Y,*,*,*,20260322
I10,세종특별자치시교육청,9300177,두루고등학교,2026,주간,고등학교,공휴일,20270207,설날,,Y,Y,Y,*,*,*,20260322
I10,세종특별자치시교육청,9300177,두루고등학교,2026,주간,고등학교,휴업일,20270213,토요휴업일,,Y,Y,Y,*,*,*,20260322
I10,세종특별자치시교육청,9300177,두루고등학교,2026,주간,고등학교,휴업일,20270220,토요휴업일,,Y,Y,Y,*,*,*,20260322
I10,세종특별자치시교육청,9300177,두루고등학교,2026,주간,고등학교,휴업일,20270227,토요휴업일,,Y,Y,Y,*,*,*,20260322
I10,세종특별자치시교육청,9300173,두루중학교,2025,주간,중학교,공휴일,20250301,3·1절,,Y,Y,Y,*,*,*,20260322
I10,세종특별자치시교육청,9300173,두루중학교,2025,주간,중학교,공휴일,20250303,대체공휴일,,Y,Y,Y,*,*,*,20260322
I10,세종특별자치시교육청,9300173,두루중학교,2025,주간,중학교,휴업일,20250308,토요휴업일,,Y,Y,Y,*,*,*,20260322
I10,세종특별자치시교육청,9300173,두루중학교,2025,주간,중학교,휴업일,20250315,토요휴업일,,Y,Y,Y,*,*,*,20260322
I10,세종특별자치시교육청,9300173,두루중학교,2025,주간,중학교,해당없음,20250320,학교교육과정 설명회,학교교육과정 설명회,Y,Y,Y,*,*,*,20260322
I10,세종특별자치시교육청,9300173,두루중학교,2025,주간,중학교,휴업일,20250322,토요휴업일,,Y,Y,Y,*,*,*,20260322
I10,세종특별자치시교육청,9300173,두루중학교,2025,주간,중학교,해당없음,20250324,학부모 상담주간(1학기),학부모 상담주간(1학기),Y,Y,Y,*,*,*,20260322
I10,세종특별자치시교육청,9300173,두루중학교,2025,주간,중학교,해당없음,20250325,학부모 상담주간(1학기),학부모 상담주간(1학기),Y,Y,Y,*,*,*,20260322
I10,세종특별자치시교육청,9300173,두루중학교,2025,주간,중학교,해당없음,20250326,학부모 상담주간(1학기),학부모 상담주간(1학기),Y,Y,Y,*,*,*,20260322
I10,세종특별자치시교육청,9300173,두루중학교,2025,주간,중학교,해당없음,20250327,학부모 상담주간(1학기),학부모 상담주간(1학기),Y,Y,Y,*,*,*,20260322
I10,세종특별자치시교육청,9300173,두루중학교,2025,주간,중학교,해당없음,20250328,학부모 상담주간(1학기),학부모 상담주간(1학기),Y,Y,Y,*,*,*,20260322
I10,세종특별자치시교육청,9300173,두루중학교,2025,주간,중학교,휴업일,20250329,토요휴업일,,Y,Y,Y,*,*,*,20260322
I10,세종특별자치시교육청,9300173,두루중학교,2025,주간,중학교,해당없음,20250404,간부 리더십캠프,간부 리더십캠프,Y,Y,Y,*,*,*,20260322
I10,세종특별자치시교육청,9300173,두루중학교,2025,주간,중학교,휴업일,20250405,토요휴업일,,Y,Y,Y,*,*,*,20260322
I10,세종특별자치시교육청,9300173,두루중학교,2025,주간,중학교,해당없음,20250411,과학의 날 행사,과학의 날 행사,Y,Y,Y,*,*,*,20260322
I10,세종특별자치시교육청,9300173,두루중학교,2025,주간,중학교,휴업일,20250412,토요휴업일,,Y,Y,Y,*,*,*,20260322
I10,세종특별자치시교육청,9300173,두루중학교,2025,주간,중학교,휴업일,20250419,토요휴업일,,Y,Y,Y,*,*,*,20260322
I10,세종특별자치시교육청,9300173,두루중학교,2025,주간,중학교,해당없음,20250424,1학기 1회고사,"1학기 1회고사(2,3학년)",N,Y,Y,*,*,*,20260322
I10,세종특별자치시교육청,9300173,두루중학교,2025,주간,중학교,해당없음,20250424,진로탐색 체험학습,진로탐색 체험학습(1학년),Y,N,N,*,*,*,20260322
I10,세종특별자치시교육청,9300173,두루중학교,2025,주간,중학교,해당없음,20250425,1학기 1회고사,"1학기 1회고사(2,3학년)",N,Y,Y,*,*,*,20260322
I10,세종특별자치시교육청,9300173,두루중학교,2025,주간,중학교,휴업일,20250426,토요휴업일,,Y,Y,Y,*,*,*,20260322
I10,세종특별자치시교육청,9300173,두루중학교,2025,주간,중학교,휴업일,20250501,개교기념일,개교기념일,Y,Y,Y,*,*,*,20260322
I10,세종특별자치시교육청,9300173,두루중학교,2025,주간,중학교,휴업일,20250502,재량휴업일,재량휴업일,Y,Y,Y,*,*,*,20260322
I10,세종특별자치시교육청,9300173,두루중학교,2025,주간,중학교,휴업일,20250503,토요휴업일,,Y,Y,Y,*,*,*,20260322
I10,세종특별자치시교육청,9300173,두루중학교,2025,주간,중학교,공휴일,20250505,어린이날,,Y,Y,Y,*,*,*,20260322
I10,세종특별자치시교육청,9300173,두루중학교,2025,주간,중학교,공휴일,20250505,석가탄신일,석가탄신일,Y,Y,Y,*,*,*,20260322
I10,세종특별자치시교육청,9300173,두루중학교,2025,주간,중학교,공휴일,20250506,대체공휴일,,Y,Y,Y,*,*,*,20260322
I10,세종특별자치시교육청,9300173,두루중학교,2025,주간,중학교,휴업일,20250510,토요휴업일,,Y,Y,Y,*,*,*,20260322
I10,세종특별자치시교육청,9300173,두루중학교,2025,주간,중학교,해당없음,20250516,체육한마당,체육한마당,Y,Y,Y,*,*,*,20260322
I10,세종특별자치시교육청,9300173,두루중학교,2025,주간,중학교,휴업일,20250517,토요휴업일,,Y,Y,Y,*,*,*,20260322
I10,세종특별자치시교육청,9300173,두루중학교,2025,주간,중학교,휴업일,20250524,토요휴업일,,Y,Y,Y,*,*,*,20260322
I10,세종특별자치시교육청,9300173,두루중학교,2025,주간,중학교,휴업일,20250531,토요휴업일,,Y,Y,Y,*,*,*,20260322
I10,세종특별자치시교육청,9300173,두루중학교,2025,주간,중학교,공휴일,20250603,대통령선거일,,Y,Y,Y,*,*,*,20260322
I10,세종특별자치시교육청,9300173,두루중학교,2025,주간,중학교,공휴일,20250606,현충일,,Y,Y,Y,*,*,*,20260322
I10,세종특별자치시교육청,9300173,두루중학교,2025,주간,중학교,휴업일,20250607,토요휴업일,,Y,Y,Y,*,*,*,20260322
I10,세종특별자치시교육청,9300173,두루중학교,2025,주간,중학교,휴업일,20250614,토요휴업일,,Y,Y,Y,*,*,*,20260322
I10,세종특별자치시교육청,9300173,두루중학교,2025,주간,중학교,휴업일,20250621,토요휴업일,,Y,Y,Y,*,*,*,20260322
I10,세종특별자치시교육청,9300173,두루중학교,2025,주간,중학교,해당없음,20250626,1학기 2회고사,"1학기 2회고사(2,3학년)",N,Y,Y,*,*,*,20260322
I10,세종특별자치시교육청,9300173,두루중학교,2025,주간,중학교,해당없음,20250627,교직원교육과정중간평가회,교직원교육과정중간평가회,Y,Y,Y,*,*,*,20260322
I10,세종특별자치시교육청,9300173,두루중학교,2025,주간,중학교,해당없음,20250627,1학기 2회고사,"1학기 2회고사(2,3학년)",N,Y,Y,*,*,*,20260322
I10,세종특별자치시교육청,9300173,두루중학교,2025,주간,중학교,해당없음,20250628,교직원교육과정중간평가회,교직원교육과정중간평가회,Y,Y,Y,*,*,*,20260322
I10,세종특별자치시교육청,9300173,두루중학교,2025,주간,중학교,휴업일,20250628,토요휴업일,,Y,Y,Y,*,*,*,20260322
I10,세종특별자치시교육청,9300173,두루중학교,2025,주간,중학교,휴업일,20250705,토요휴업일,,Y,Y,Y,*,*,*,20260322
I10,세종특별자치시교육청,9300173,두루중학교,2025,주간,중학교,휴업일,20250712,토요휴업일,,Y,Y,Y,*,*,*,20260322
I10,세종특별자치시교육청,9300173,두루중학교,2025,주간,중학교,해당없음,20250716,수학탐구발표대회,수학탐구발표대회,Y,Y,Y,*,*,*,20260322
I10,세종특별자치시교육청,9300173,두루중학교,2025,주간,중학교,휴업일,20250719,토요휴업일,,Y,Y,Y,*,*,*,20260322
I10,세종특별자치시교육청,9300173,두루중학교,2025,주간,중학교,해당없음,20250722,방학식,방학식,Y,Y,Y,*,*,*,20260322
I10,세종특별자치시교육청,9300173,두루중학교,2025,주간,중학교,휴업일,20250723,여름방학,,Y,Y,Y,*,*,*,20260322
I10,세종특별자치시교육청,9300173,두루중학교,2025,주간,중학교,휴업일,20250724,여름방학,,Y,Y,Y,*,*,*,20260322
I10,세종특별자치시교육청,9300173,두루중학교,2025,주간,중학교,휴업일,20250725,여름방학,,Y,Y,Y,*,*,*,20260322
I10,세종특별자치시교육청,9300173,두루중학교,2025,주간,중학교,휴업일,20250726,여름방학,,Y,Y,Y,*,*,*,20260322
I10,세종특별자치시교육청,9300173,두루중학교,2025,주간,중학교,휴업일,20250726,토요휴업일,,Y,Y,Y,*,*,*,20260322
I10,세종특별자치시교육청,9300173,두루중학교,2025,주간,중학교,휴업일,20250727,여름방학,,Y,Y,Y,*,*,*,20260322
I10,세종특별자치시교육청,9300173,두루중학교,2025,주간,중학교,휴업일,20250728,여름방학,,Y,Y,Y,*,*,*,20260322
I10,세종특별자치시교육청,9300173,두루중학교,2025,주간,중학교,휴업일,20250729,여름방학,,Y,Y,Y,*,*,*,20260322
I10,세종특별자치시교육청,9300173,두루중학교,2025,주간,중학교,휴업일,20250730,여름방학,,Y,Y,Y,*,*,*,20260322
I10,세종특별자치시교육청,9300173,두루중학교,2025,주간,중학교,휴업일,20250731,여름방학,,Y,Y,Y,*,*,*,20260322
I10,세종특별자치시교육청,9300173,두루중학교,2025,주간,중학교,휴업일,20250801,여름방학,,Y,Y,Y,*,*,*,20260322
I10,세종특별자치시교육청,9300173,두루중학교,2025,주간,중학교,휴업일,20250802,여름방학,,Y,Y,Y,*,*,*,20260322
I10,세종특별자치시교육청,9300173,두루중학교,2025,주간,중학교,휴업일,20250802,토요휴업일,,Y,Y,Y,*,*,*,20260322
I10,세종특별자치시교육청,9300173,두루중학교,2025,주간,중학교,휴업일,20250803,여름방학,,Y,Y,Y,*,*,*,20260322
I10,세종특별자치시교육청,9300173,두루중학교,2025,주간,중학교,휴업일,20250804,여름방학,,Y,Y,Y,*,*,*,20260322
I10,세종특별자치시교육청,9300173,두루중학교,2025,주간,중학교,휴업일,20250805,여름방학,,Y,Y,Y,*,*,*,20260322
I10,세종특별자치시교육청,9300173,두루중학교,2025,주간,중학교,휴업일,20250806,여름방학,,Y,Y,Y,*,*,*,20260322
I10,세종특별자치시교육청,9300173,두루중학교,2025,주간,중학교,휴업일,20250807,여름방학,,Y,Y,Y,*,*,*,20260322
I10,세종특별자치시교육청,9300173,두루중학교,2025,주간,중학교,휴업일,20250808,여름방학,,Y,Y,Y,*,*,*,20260322
I10,세종특별자치시교육청,9300173,두루중학교,2025,주간,중학교,휴업일,20250809,여름방학,,Y,Y,Y,*,*,*,20260322
I10,세종특별자치시교육청,9300173,두루중학교,2025,주간,중학교,휴업일,20250809,토요휴업일,,Y,Y,Y,*,*,*,20260322
I10,세종특별자치시교육청,9300173,두루중학교,2025,주간,중학교,휴업일,20250810,여름방학,,Y,Y,Y,*,*,*,20260322
I10,세종특별자치시교육청,9300173,두루중학교,2025,주간,중학교,휴업일,20250811,여름방학,,Y,Y,Y,*,*,*,20260322
I10,세종특별자치시교육청,9300173,두루중학교,2025,주간,중학교,휴업일,20250812,여름방학,,Y,Y,Y,*,*,*,20260322
I10,세종특별자치시교육청,9300173,두루중학교,2025,주간,중학교,휴업일,20250813,여름방학,,Y,Y,Y,*,*,*,20260322
I10,세종특별자치시교육청,9300173,두루중학교,2025,주간,중학교,해당없음,20250814,개학식,개학식,Y,Y,Y,*,*,*,20260322
I10,세종특별자치시교육청,9300173,두루중학교,2025,주간,중학교,공휴일,20250815,광복절,,Y,Y,Y,*,*,*,20260322
I10,세종특별자치시교육청,9300173,두루중학교,2025,주간,중학교,휴업일,20250816,토요휴업일,,Y,Y,Y,*,*,*,20260322
I10,세종특별자치시교육청,9300173,두루중학교,2025,주간,중학교,휴업일,20250823,토요휴업일,,Y,Y,Y,*,*,*,20260322
I10,세종특별자치시교육청,9300173,두루중학교,2025,주간,중학교,휴업일,20250830,토요휴업일,,Y,Y,Y,*,*,*,20260322
I10,세종특별자치시교육청,9300173,두루중학교,2025,주간,중학교,휴업일,20250906,토요휴업일,,Y,Y,Y,*,*,*,20260322
I10,세종특별자치시교육청,9300173,두루중학교,2025,주간,중학교,해당없음,20250908,수학여행,수학여행(2학년),N,Y,N,*,*,*,20260322
I10,세종특별자치시교육청,9300173,두루중학교,2025,주간,중학교,해당없음,20250908,수련활동,1학년 수련활동,Y,N,N,*,*,*,20260322
I10,세종특별자치시교육청,9300173,두루중학교,2025,주간,중학교,해당없음,20250909,수학여행,수학여행(2학년),N,Y,N,*,*,*,20260322
I10,세종특별자치시교육청,9300173,두루중학교,2025,주간,중학교,해당없음,20250909,수련활동,1학년 수련활동,Y,N,N,*,*,*,20260322
I10,세종특별자치시교육청,9300173,두루중학교,2025,주간,중학교,해당없음,20250910,현장체험학습,현장체험학습(3학년),N,N,Y,*,*,*,20260322
I10,세종특별자치시교육청,9300173,두루중학교,2025,주간,중학교,해당없음,20250910,수학여행,수학여행(2학년),N,Y,N,*,*,*,20260322
I10,세종특별자치시교육청,9300173,두루중학교,2025,주간,중학교,해당없음,20250910,수련활동,1학년 수련활동,Y,N,N,*,*,*,20260322
I10,세종특별자치시교육청,9300173,두루중학교,2025,주간,중학교,해당없음,20250912,간부 리더십캠프,간부 리더십캠프,Y,Y,Y,*,*,*,20260322
I10,세종특별자치시교육청,9300173,두루중학교,2025,주간,중학교,휴업일,20250913,토요휴업일,,Y,Y,Y,*,*,*,20260322
I10,세종특별자치시교육청,9300173,두루중학교,2025,주간,중학교,해당없음,20250915,학부모 상담주간(2학기),학부모 상담주간(2학기),Y,Y,Y,*,*,*,20260322
I10,세종특별자치시교육청,9300173,두루중학교,2025,주간,중학교,해당없음,20250916,학부모 상담주간(2학기),학부모 상담주간(2학기),Y,Y,Y,*,*,*,20260322
I10,세종특별자치시교육청,9300173,두루중학교,2025,주간,중학교,해당없음,20250917,학부모 상담주간(2학기),학부모 상담주간(2학기),Y,Y,Y,*,*,*,20260322
I10,세종특별자치시교육청,9300173,두루중학교,2025,주간,중학교,해당없음,20250917,수학구조물대회,수학구조물대회,Y,Y,Y,*,*,*,20260322
I10,세종특별자치시교육청,9300173,두루중학교,2025,주간,중학교,해당없음,20250918,학부모 상담주간(2학기),학부모 상담주간(2학기),Y,Y,Y,*,*,*,20260322
I10,세종특별자치시교육청,9300173,두루중학교,2025,주간,중학교,해당없음,20250919,학부모 상담주간(2학기),학부모 상담주간(2학기),Y,Y,Y,*,*,*,20260322
I10,세종특별자치시교육청,9300173,두루중학교,2025,주간,중학교,휴업일,20250920,토요휴업일,,Y,Y,Y,*,*,*,20260322
I10,세종특별자치시교육청,9300173,두루중학교,2025,주간,중학교,휴업일,20250927,토요휴업일,,Y,Y,Y,*,*,*,20260322
I10,세종특별자치시교육청,9300173,두루중학교,2025,주간,중학교,해당없음,20250929,2학기 1회고사,2학기 1회고사,Y,Y,Y,*,*,*,20260322
I10,세종특별자치시교육청,9300173,두루중학교,2025,주간,중학교,해당없음,20250930,2학기 1회고사,2학기 1회고사,Y,Y,Y,*,*,*,20260322
I10,세종특별자치시교육청,9300173,두루중학교,2025,주간,중학교,공휴일,20251003,개천절,,Y,Y,Y,*,*,*,20260322
I10,세종특별자치시교육청,9300173,두루중학교,2025,주간,중학교,휴업일,20251004,토요휴업일,,Y,Y,Y,*,*,*,20260322
I10,세종특별자치시교육청,9300173,두루중학교,2025,주간,중학교,공휴일,20251005,추석,,Y,Y,Y,*,*,*,20260322
I10,세종특별자치시교육청,9300173,두루중학교,2025,주간,중학교,공휴일,20251006,추석,,Y,Y,Y,*,*,*,20260322
I10,세종특별자치시교육청,9300173,두루중학교,2025,주간,중학교,공휴일,20251007,추석,,Y,Y,Y,*,*,*,20260322
I10,세종특별자치시교육청,9300173,두루중학교,2025,주간,중학교,공휴일,20251008,대체공휴일,,Y,Y,Y,*,*,*,20260322
I10,세종특별자치시교육청,9300173,두루중학교,2025,주간,중학교,공휴일,20251009,한글날,,Y,Y,Y,*,*,*,20260322
I10,세종특별자치시교육청,9300173,두루중학교,2025,주간,중학교,휴업일,20251010,재량휴업일,재량휴업일,Y,Y,Y,*,*,*,20260322
I10,세종특별자치시교육청,9300173,두루중학교,2025,주간,중학교,휴업일,20251011,토요휴업일,,Y,Y,Y,*,*,*,20260322
I10,세종특별자치시교육청,9300173,두루중학교,2025,주간,중학교,휴업일,20251018,토요휴업일,,Y,Y,Y,*,*,*,20260322
I10,세종특별자치시교육청,9300173,두루중학교,2025,주간,중학교,해당없음,20251024,학부모 수업공개의 날,,Y,Y,Y,*,*,*,20260322
I10,세종특별자치시교육청,9300173,두루중학교,2025,주간,중학교,휴업일,20251025,토요휴업일,,Y,Y,Y,*,*,*,20260322
I10,세종특별자치시교육청,9300173,두루중학교,2025,주간,중학교,휴업일,20251101,토요휴업일,,Y,Y,Y,*,*,*,20260322
I10,세종특별자치시교육청,9300173,두루중학교,2025,주간,중학교,휴업일,20251108,토요휴업일,,Y,Y,Y,*,*,*,20260322
I10,세종특별자치시교육청,9300173,두루중학교,2025,주간,중학교,해당없음,20251110,2회고사,2회고사(3학년),N,N,Y,*,*,*,20260322
I10,세종특별자치시교육청,9300173,두루중학교,2025,주간,중학교,해당없음,20251111,2회고사,2회고사(3학년),N,N,Y,*,*,*,20260322
I10,세종특별자치시교육청,9300173,두루중학교,2025,주간,중학교,휴업일,20251113,재량휴업일,재량휴업일(대학수학능력시험),Y,Y,Y,*,*,*,20260322
I10,세종특별자치시교육청,9300173,두루중학교,2025,주간,중학교,휴업일,20251115,토요휴업일,,Y,Y,Y,*,*,*,20260322
I10,세종특별자치시교육청,9300173,두루중학교,2025,주간,중학교,휴업일,20251122,토요휴업일,,Y,Y,Y,*,*,*,20260322
I10,세종특별자치시교육청,9300173,두루중학교,2025,주간,중학교,휴업일,20251129,토요휴업일,,Y,Y,Y,*,*,*,20260322
I10,세종특별자치시교육청,9300173,두루중학교,2025,주간,중학교,휴업일,20251206,토요휴업일,,Y,Y,Y,*,*,*,20260322
I10,세종특별자치시교육청,9300173,두루중학교,2025,주간,중학교,휴업일,20251213,토요휴업일,,Y,Y,Y,*,*,*,20260322
I10,세종특별자치시교육청,9300173,두루중학교,2025,주간,중학교,해당없음,20251215,2회고사,"2회고사(1,2학년)",Y,Y,N,*,*,*,20260322
I10,세종특별자치시교육청,9300173,두루중학교,2025,주간,중학교,해당없음,20251216,2회고사,"2회고사(1,2학년)",Y,Y,N,*,*,*,20260322
I10,세종특별자치시교육청,9300173,두루중학교,2025,주간,중학교,휴업일,20251220,토요휴업일,,Y,Y,Y,*,*,*,20260322
I10,세종특별자치시교육청,9300173,두루중학교,2025,주간,중학교,공휴일,20251225,성탄절,,Y,Y,Y,*,*,*,20260322
I10,세종특별자치시교육청,9300173,두루중학교,2025,주간,중학교,휴업일,20251227,토요휴업일,,Y,Y,Y,*,*,*,20260322
I10,세종특별자치시교육청,9300173,두루중학교,2025,주간,중학교,해당없음,20251230,학교축제,학교축제,Y,Y,Y,*,*,*,20260322
I10,세종특별자치시교육청,9300173,두루중학교,2025,주간,중학교,공휴일,20260101,신정,,Y,Y,Y,*,*,*,20260322
I10,세종특별자치시교육청,9300173,두루중학교,2025,주간,중학교,휴업일,20260103,토요휴업일,,Y,Y,Y,*,*,*,20260322
I10,세종특별자치시교육청,9300173,두루중학교,2025,주간,중학교,해당없음,20260108,졸업식 및 방학식,졸업식 및 방학식,Y,Y,Y,*,*,*,20260322
I10,세종특별자치시교육청,9300173,두루중학교,2025,주간,중학교,휴업일,20260109,겨울방학,,Y,Y,Y,*,*,*,20260322
I10,세종특별자치시교육청,9300173,두루중학교,2025,주간,중학교,해당없음,20260109,신입생 예비 소집일,신입생 예비 소집일,Y,Y,Y,*,*,*,20260322
I10,세종특별자치시교육청,9300173,두루중학교,2025,주간,중학교,휴업일,20260110,겨울방학,,Y,Y,Y,*,*,*,20260322
I10,세종특별자치시교육청,9300173,두루중학교,2025,주간,중학교,휴업일,20260110,토요휴업일,,Y,Y,Y,*,*,*,20260322
I10,세종특별자치시교육청,9300173,두루중학교,2025,주간,중학교,휴업일,20260111,겨울방학,,Y,Y,Y,*,*,*,20260322
I10,세종특별자치시교육청,9300173,두루중학교,2025,주간,중학교,휴업일,20260112,겨울방학,,Y,Y,Y,*,*,*,20260322
I10,세종특별자치시교육청,9300173,두루중학교,2025,주간,중학교,휴업일,20260113,겨울방학,,Y,Y,Y,*,*,*,20260322
I10,세종특별자치시교육청,9300173,두루중학교,2025,주간,중학교,휴업일,20260114,겨울방학,,Y,Y,Y,*,*,*,20260322
I10,세종특별자치시교육청,9300173,두루중학교,2025,주간,중학교,휴업일,20260115,겨울방학,,Y,Y,Y,*,*,*,20260322
I10,세종특별자치시교육청,9300173,두루중학교,2025,주간,중학교,휴업일,20260116,겨울방학,,Y,Y,Y,*,*,*,20260322
I10,세종특별자치시교육청,9300173,두루중학교,2025,주간,중학교,휴업일,20260117,겨울방학,,Y,Y,Y,*,*,*,20260322
I10,세종특별자치시교육청,9300173,두루중학교,2025,주간,중학교,휴업일,20260117,토요휴업일,,Y,Y,Y,*,*,*,20260322
I10,세종특별자치시교육청,9300173,두루중학교,2025,주간,중학교,휴업일,20260118,겨울방학,,Y,Y,Y,*,*,*,20260322
I10,세종특별자치시교육청,9300173,두루중학교,2025,주간,중학교,휴업일,20260119,겨울방학,,Y,Y,Y,*,*,*,20260322
I10,세종특별자치시교육청,9300173,두루중학교,2025,주간,중학교,휴업일,20260120,겨울방학,,Y,Y,Y,*,*,*,20260322
I10,세종특별자치시교육청,9300173,두루중학교,2025,주간,중학교,휴업일,20260121,겨울방학,,Y,Y,Y,*,*,*,20260322
I10,세종특별자치시교육청,9300173,두루중학교,2025,주간,중학교,휴업일,20260122,겨울방학,,Y,Y,Y,*,*,*,20260322
I10,세종특별자치시교육청,9300173,두루중학교,2025,주간,중학교,휴업일,20260123,겨울방학,,Y,Y,Y,*,*,*,20260322
I10,세종특별자치시교육청,9300173,두루중학교,2025,주간,중학교,휴업일,20260124,겨울방학,,Y,Y,Y,*,*,*,20260322
I10,세종특별자치시교육청,9300173,두루중학교,2025,주간,중학교,휴업일,20260124,토요휴업일,,Y,Y,Y,*,*,*,20260322
I10,세종특별자치시교육청,9300173,두루중학교,2025,주간,중학교,휴업일,20260125,겨울방학,,Y,Y,Y,*,*,*,20260322
I10,세종특별자치시교육청,9300173,두루중학교,2025,주간,중학교,휴업일,20260126,겨울방학,,Y,Y,Y,*,*,*,20260322
I10,세종특별자치시교육청,9300173,두루중학교,2025,주간,중학교,휴업일,20260127,겨울방학,,Y,Y,Y,*,*,*,20260322
I10,세종특별자치시교육청,9300173,두루중학교,2025,주간,중학교,휴업일,20260128,겨울방학,,Y,Y,Y,*,*,*,20260322
I10,세종특별자치시교육청,9300173,두루중학교,2025,주간,중학교,휴업일,20260129,겨울방학,,Y,Y,Y,*,*,*,20260322
I10,세종특별자치시교육청,9300173,두루중학교,2025,주간,중학교,휴업일,20260130,겨울방학,,Y,Y,Y,*,*,*,20260322
I10,세종특별자치시교육청,9300173,두루중학교,2025,주간,중학교,휴업일,20260131,겨울방학,,Y,Y,Y,*,*,*,20260322
I10,세종특별자치시교육청,9300173,두루중학교,2025,주간,중학교,휴업일,20260131,토요휴업일,,Y,Y,Y,*,*,*,20260322
I10,세종특별자치시교육청,9300173,두루중학교,2025,주간,중학교,휴업일,20260201,겨울방학,,Y,Y,Y,*,*,*,20260322
I10,세종특별자치시교육청,9300173,두루중학교,2025,주간,중학교,휴업일,20260202,겨울방학,,Y,Y,Y,*,*,*,20260322
I10,세종특별자치시교육청,9300173,두루중학교,2025,주간,중학교,휴업일,20260203,겨울방학,,Y,Y,Y,*,*,*,20260322
I10,세종특별자치시교육청,9300173,두루중학교,2025,주간,중학교,휴업일,20260204,겨울방학,,Y,Y,Y,*,*,*,20260322
I10,세종특별자치시교육청,9300173,두루중학교,2025,주간,중학교,휴업일,20260205,겨울방학,,Y,Y,Y,*,*,*,20260322
I10,세종특별자치시교육청,9300173,두루중학교,2025,주간,중학교,휴업일,20260206,겨울방학,,Y,Y,Y,*,*,*,20260322
I10,세종특별자치시교육청,9300173,두루중학교,2025,주간,중학교,휴업일,20260207,겨울방학,,Y,Y,Y,*,*,*,20260322
I10,세종특별자치시교육청,9300173,두루중학교,2025,주간,중학교,휴업일,20260207,토요휴업일,,Y,Y,Y,*,*,*,20260322
I10,세종특별자치시교육청,9300173,두루중학교,2025,주간,중학교,휴업일,20260208,겨울방학,,Y,Y,Y,*,*,*,20260322
I10,세종특별자치시교육청,9300173,두루중학교,2025,주간,중학교,휴업일,20260209,겨울방학,,Y,Y,Y,*,*,*,20260322
I10,세종특별자치시교육청,9300173,두루중학교,2025,주간,중학교,휴업일,20260210,겨울방학,,Y,Y,Y,*,*,*,20260322
I10,세종특별자치시교육청,9300173,두루중학교,2025,주간,중학교,휴업일,20260211,겨울방학,,Y,Y,Y,*,*,*,20260322
I10,세종특별자치시교육청,9300173,두루중학교,2025,주간,중학교,휴업일,20260212,겨울방학,,Y,Y,Y,*,*,*,20260322
I10,세종특별자치시교육청,9300173,두루중학교,2025,주간,중학교,휴업일,20260213,겨울방학,,Y,Y,Y,*,*,*,20260322
I10,세종특별자치시교육청,9300173,두루중학교,2025,주간,중학교,휴업일,20260214,겨울방학,,Y,Y,Y,*,*,*,20260322
I10,세종특별자치시교육청,9300173,두루중학교,2025,주간,중학교,휴업일,20260214,토요휴업일,,Y,Y,Y,*,*,*,20260322
I10,세종특별자치시교육청,9300173,두루중학교,2025,주간,중학교,휴업일,20260215,겨울방학,,Y,Y,Y,*,*,*,20260322
I10,세종특별자치시교육청,9300173,두루중학교,2025,주간,중학교,휴업일,20260216,겨울방학,,Y,Y,Y,*,*,*,20260322
I10,세종특별자치시교육청,9300173,두루중학교,2025,주간,중학교,공휴일,20260216,설날,,Y,Y,Y,*,*,*,20260322
I10,세종특별자치시교육청,9300173,두루중학교,2025,주간,중학교,휴업일,20260217,겨울방학,,Y,Y,Y,*,*,*,20260322
I10,세종특별자치시교육청,9300173,두루중학교,2025,주간,중학교,공휴일,20260217,설날,,Y,Y,Y,*,*,*,20260322
I10,세종특별자치시교육청,9300173,두루중학교,2025,주간,중학교,휴업일,20260218,겨울방학,,Y,Y,Y,*,*,*,20260322
I10,세종특별자치시교육청,9300173,두루중학교,2025,주간,중학교,공휴일,20260218,설날,,Y,Y,Y,*,*,*,20260322
I10,세종특별자치시교육청,9300173,두루중학교,2025,주간,중학교,휴업일,20260219,겨울방학,,Y,Y,Y,*,*,*,20260322
I10,세종특별자치시교육청,9300173,두루중학교,2025,주간,중학교,휴업일,20260220,겨울방학,,Y,Y,Y,*,*,*,20260322
I10,세종특별자치시교육청,9300173,두루중학교,2025,주간,중학교,휴업일,20260221,겨울방학,,Y,Y,Y,*,*,*,20260322
I10,세종특별자치시교육청,9300173,두루중학교,2025,주간,중학교,휴업일,20260221,토요휴업일,,Y,Y,Y,*,*,*,20260322
I10,세종특별자치시교육청,9300173,두루중학교,2025,주간,중학교,휴업일,20260222,겨울방학,,Y,Y,Y,*,*,*,20260322
I10,세종특별자치시교육청,9300173,두루중학교,2025,주간,중학교,휴업일,20260223,겨울방학,,Y,Y,Y,*,*,*,20260322
I10,세종특별자치시교육청,9300173,두루중학교,2025,주간,중학교,휴업일,20260224,겨울방학,,Y,Y,Y,*,*,*,20260322
I10,세종특별자치시교육청,9300173,두루중학교,2025,주간,중학교,휴업일,20260225,겨울방학,,Y,Y,Y,*,*,*,20260322
I10,세종특별자치시교육청,9300173,두루중학교,2025,주간,중학교,휴업일,20260226,겨울방학,,Y,Y,Y,*,*,*,20260322
I10,세종특별자치시교육청,9300173,두루중학교,2025,주간,중학교,휴업일,20260227,겨울방학,,Y,Y,Y,*,*,*,20260322
I10,세종특별자치시교육청,9300173,두루중학교,2025,주간,중학교,휴업일,20260228,겨울방학,,Y,Y,Y,*,*,*,20260322
﻿I10,세종특별자치시교육청,9300173,두루중학교,2025,주간,중학교,휴업일,20260228,토요휴업일,,Y,Y,Y,*,*,*,20260322
I10,세종특별자치시교육청,9300173,두루중학교,2026,주간,중학교,공휴일,20260301,3·1절,,Y,Y,Y,*,*,*,20260322
I10,세종특별자치시교육청,9300173,두루중학교,2026,주간,중학교,공휴일,20260302,대체공휴일,,Y,Y,Y,*,*,*,20260322
I10,세종특별자치시교육청,9300173,두루중학교,2026,주간,중학교,휴업일,20260307,토요휴업일,,Y,Y,Y,*,*,*,20260322
I10,세종특별자치시교육청,9300173,두루중학교,2026,주간,중학교,휴업일,20260314,토요휴업일,,Y,Y,Y,*,*,*,20260322
I10,세종특별자치시교육청,9300173,두루중학교,2026,주간,중학교,휴업일,20260321,토요휴업일,,Y,Y,Y,*,*,*,20260322
I10,세종특별자치시교육청,9300173,두루중학교,2026,주간,중학교,휴업일,20260328,토요휴업일,,Y,Y,Y,*,*,*,20260322
I10,세종특별자치시교육청,9300173,두루중학교,2026,주간,중학교,휴업일,20260404,토요휴업일,,Y,Y,Y,*,*,*,20260322
I10,세종특별자치시교육청,9300173,두루중학교,2026,주간,중학교,휴업일,20260411,토요휴업일,,Y,Y,Y,*,*,*,20260322
I10,세종특별자치시교육청,9300173,두루중학교,2026,주간,중학교,휴업일,20260418,토요휴업일,,Y,Y,Y,*,*,*,20260322
I10,세종특별자치시교육청,9300173,두루중학교,2026,주간,중학교,휴업일,20260425,토요휴업일,,Y,Y,Y,*,*,*,20260322
I10,세종특별자치시교육청,9300173,두루중학교,2026,주간,중학교,휴업일,20260502,토요휴업일,,Y,Y,Y,*,*,*,20260322
I10,세종특별자치시교육청,9300173,두루중학교,2026,주간,중학교,공휴일,20260505,어린이날,,Y,Y,Y,*,*,*,20260322
I10,세종특별자치시교육청,9300173,두루중학교,2026,주간,중학교,휴업일,20260509,토요휴업일,,Y,Y,Y,*,*,*,20260322
I10,세종특별자치시교육청,9300173,두루중학교,2026,주간,중학교,휴업일,20260516,토요휴업일,,Y,Y,Y,*,*,*,20260322
I10,세종특별자치시교육청,9300173,두루중학교,2026,주간,중학교,휴업일,20260523,토요휴업일,,Y,Y,Y,*,*,*,20260322
I10,세종특별자치시교육청,9300173,두루중학교,2026,주간,중학교,공휴일,20260524,석가탄신일,,Y,Y,Y,*,*,*,20260322
I10,세종특별자치시교육청,9300173,두루중학교,2026,주간,중학교,공휴일,20260525,대체공휴일,,Y,Y,Y,*,*,*,20260322
I10,세종특별자치시교육청,9300173,두루중학교,2026,주간,중학교,휴업일,20260530,토요휴업일,,Y,Y,Y,*,*,*,20260322
I10,세종특별자치시교육청,9300173,두루중학교,2026,주간,중학교,공휴일,20260606,현충일,,Y,Y,Y,*,*,*,20260322
I10,세종특별자치시교육청,9300173,두루중학교,2026,주간,중학교,휴업일,20260613,토요휴업일,,Y,Y,Y,*,*,*,20260322
I10,세종특별자치시교육청,9300173,두루중학교,2026,주간,중학교,휴업일,20260620,토요휴업일,,Y,Y,Y,*,*,*,20260322
I10,세종특별자치시교육청,9300173,두루중학교,2026,주간,중학교,휴업일,20260627,토요휴업일,,Y,Y,Y,*,*,*,20260322
I10,세종특별자치시교육청,9300173,두루중학교,2026,주간,중학교,휴업일,20260704,토요휴업일,,Y,Y,Y,*,*,*,20260322
I10,세종특별자치시교육청,9300173,두루중학교,2026,주간,중학교,휴업일,20260711,토요휴업일,,Y,Y,Y,*,*,*,20260322
I10,세종특별자치시교육청,9300173,두루중학교,2026,주간,중학교,공휴일,20260717,제헌절,,Y,Y,Y,*,*,*,20260322
I10,세종특별자치시교육청,9300173,두루중학교,2026,주간,중학교,휴업일,20260718,토요휴업일,,Y,Y,Y,*,*,*,20260322
I10,세종특별자치시교육청,9300173,두루중학교,2026,주간,중학교,휴업일,20260725,토요휴업일,,Y,Y,Y,*,*,*,20260322
I10,세종특별자치시교육청,9300173,두루중학교,2026,주간,중학교,휴업일,20260801,토요휴업일,,Y,Y,Y,*,*,*,20260322
I10,세종특별자치시교육청,9300173,두루중학교,2026,주간,중학교,휴업일,20260808,토요휴업일,,Y,Y,Y,*,*,*,20260322
I10,세종특별자치시교육청,9300173,두루중학교,2026,주간,중학교,공휴일,20260815,광복절,,Y,Y,Y,*,*,*,20260322
I10,세종특별자치시교육청,9300173,두루중학교,2026,주간,중학교,공휴일,20260817,대체공휴일,,Y,Y,Y,*,*,*,20260322
I10,세종특별자치시교육청,9300173,두루중학교,2026,주간,중학교,휴업일,20260822,토요휴업일,,Y,Y,Y,*,*,*,20260322
I10,세종특별자치시교육청,9300173,두루중학교,2026,주간,중학교,휴업일,20260829,토요휴업일,,Y,Y,Y,*,*,*,20260322
I10,세종특별자치시교육청,9300173,두루중학교,2026,주간,중학교,휴업일,20260905,토요휴업일,,Y,Y,Y,*,*,*,20260322
I10,세종특별자치시교육청,9300173,두루중학교,2026,주간,중학교,휴업일,20260912,토요휴업일,,Y,Y,Y,*,*,*,20260322
I10,세종특별자치시교육청,9300173,두루중학교,2026,주간,중학교,휴업일,20260919,토요휴업일,,Y,Y,Y,*,*,*,20260322
I10,세종특별자치시교육청,9300173,두루중학교,2026,주간,중학교,공휴일,20260925,추석,,Y,Y,Y,*,*,*,20260322
I10,세종특별자치시교육청,9300173,두루중학교,2026,주간,중학교,휴업일,20260926,토요휴업일,,Y,Y,Y,*,*,*,20260322
I10,세종특별자치시교육청,9300173,두루중학교,2026,주간,중학교,공휴일,20261003,개천절,,Y,Y,Y,*,*,*,20260322
I10,세종특별자치시교육청,9300173,두루중학교,2026,주간,중학교,공휴일,20261005,대체공휴일,,Y,Y,Y,*,*,*,20260322
I10,세종특별자치시교육청,9300173,두루중학교,2026,주간,중학교,공휴일,20261009,한글날,,Y,Y,Y,*,*,*,20260322
I10,세종특별자치시교육청,9300173,두루중학교,2026,주간,중학교,휴업일,20261010,토요휴업일,,Y,Y,Y,*,*,*,20260322
I10,세종특별자치시교육청,9300173,두루중학교,2026,주간,중학교,휴업일,20261017,토요휴업일,,Y,Y,Y,*,*,*,20260322
I10,세종특별자치시교육청,9300173,두루중학교,2026,주간,중학교,휴업일,20261024,토요휴업일,,Y,Y,Y,*,*,*,20260322
I10,세종특별자치시교육청,9300173,두루중학교,2026,주간,중학교,휴업일,20261031,토요휴업일,,Y,Y,Y,*,*,*,20260322
I10,세종특별자치시교육청,9300173,두루중학교,2026,주간,중학교,휴업일,20261107,토요휴업일,,Y,Y,Y,*,*,*,20260322
I10,세종특별자치시교육청,9300173,두루중학교,2026,주간,중학교,휴업일,20261114,토요휴업일,,Y,Y,Y,*,*,*,20260322
I10,세종특별자치시교육청,9300173,두루중학교,2026,주간,중학교,휴업일,20261121,토요휴업일,,Y,Y,Y,*,*,*,20260322
I10,세종특별자치시교육청,9300173,두루중학교,2026,주간,중학교,휴업일,20261128,토요휴업일,,Y,Y,Y,*,*,*,20260322
I10,세종특별자치시교육청,9300173,두루중학교,2026,주간,중학교,휴업일,20261205,토요휴업일,,Y,Y,Y,*,*,*,20260322
I10,세종특별자치시교육청,9300173,두루중학교,2026,주간,중학교,휴업일,20261212,토요휴업일,,Y,Y,Y,*,*,*,20260322
I10,세종특별자치시교육청,9300173,두루중학교,2026,주간,중학교,휴업일,20261219,토요휴업일,,Y,Y,Y,*,*,*,20260322
I10,세종특별자치시교육청,9300173,두루중학교,2026,주간,중학교,공휴일,20261225,성탄절,,Y,Y,Y,*,*,*,20260322
I10,세종특별자치시교육청,9300173,두루중학교,2026,주간,중학교,휴업일,20261226,토요휴업일,,Y,Y,Y,*,*,*,20260322
I10,세종특별자치시교육청,9300173,두루중학교,2026,주간,중학교,공휴일,20270101,신정,,Y,Y,Y,*,*,*,20260322
I10,세종특별자치시교육청,9300173,두루중학교,2026,주간,중학교,휴업일,20270102,토요휴업일,,Y,Y,Y,*,*,*,20260322
I10,세종특별자치시교육청,9300173,두루중학교,2026,주간,중학교,휴업일,20270109,토요휴업일,,Y,Y,Y,*,*,*,20260322
I10,세종특별자치시교육청,9300173,두루중학교,2026,주간,중학교,휴업일,20270116,토요휴업일,,Y,Y,Y,*,*,*,20260322
I10,세종특별자치시교육청,9300173,두루중학교,2026,주간,중학교,휴업일,20270123,토요휴업일,,Y,Y,Y,*,*,*,20260322
I10,세종특별자치시교육청,9300173,두루중학교,2026,주간,중학교,휴업일,20270130,토요휴업일,,Y,Y,Y,*,*,*,20260322
I10,세종특별자치시교육청,9300173,두루중학교,2026,주간,중학교,휴업일,20270206,토요휴업일,,Y,Y,Y,*,*,*,20260322
I10,세종특별자치시교육청,9300173,두루중학교,2026,주간,중학교,공휴일,20270207,설날,,Y,Y,Y,*,*,*,20260322
I10,세종특별자치시교육청,9300173,두루중학교,2026,주간,중학교,휴업일,20270213,토요휴업일,,Y,Y,Y,*,*,*,20260322
I10,세종특별자치시교육청,9300173,두루중학교,2026,주간,중학교,휴업일,20270220,토요휴업일,,Y,Y,Y,*,*,*,20260322
I10,세종특별자치시교육청,9300173,두루중학교,2026,주간,중학교,휴업일,20270227,토요휴업일,,Y,Y,Y,*,*,*,20260322
I10,세종특별자치시교육청,9300166,두루초등학교,2025,,초등학교,공휴일,20250301,3·1절,,Y,Y,Y,Y,Y,Y,20260322
I10,세종특별자치시교육청,9300166,두루초등학교,2025,,초등학교,공휴일,20250303,대체공휴일,,Y,Y,Y,Y,Y,Y,20260322
I10,세종특별자치시교육청,9300166,두루초등학교,2025,,초등학교,해당없음,20250304,시업식,,N,Y,Y,Y,Y,Y,20260322
I10,세종특별자치시교육청,9300166,두루초등학교,2025,,초등학교,해당없음,20250304,입학식,,Y,N,N,N,N,N,20260322
I10,세종특별자치시교육청,9300166,두루초등학교,2025,,초등학교,휴업일,20250308,토요휴업일,,Y,Y,Y,Y,Y,Y,20260322
I10,세종특별자치시교육청,9300166,두루초등학교,2025,,초등학교,휴업일,20250315,토요휴업일,,Y,Y,Y,Y,Y,Y,20260322
I10,세종특별자치시교육청,9300166,두루초등학교,2025,,초등학교,휴업일,20250322,토요휴업일,,Y,Y,Y,Y,Y,Y,20260322
I10,세종특별자치시교육청,9300166,두루초등학교,2025,,초등학교,휴업일,20250329,토요휴업일,,Y,Y,Y,Y,Y,Y,20260322
I10,세종특별자치시교육청,9300166,두루초등학교,2025,,초등학교,휴업일,20250405,토요휴업일,,Y,Y,Y,Y,Y,Y,20260322
I10,세종특별자치시교육청,9300166,두루초등학교,2025,,초등학교,휴업일,20250412,토요휴업일,,Y,Y,Y,Y,Y,Y,20260322
I10,세종특별자치시교육청,9300166,두루초등학교,2025,,초등학교,휴업일,20250419,토요휴업일,,Y,Y,Y,Y,Y,Y,20260322
I10,세종특별자치시교육청,9300166,두루초등학교,2025,,초등학교,휴업일,20250426,토요휴업일,,Y,Y,Y,Y,Y,Y,20260322
I10,세종특별자치시교육청,9300166,두루초등학교,2025,,초등학교,휴업일,20250501,학교장재량휴업일,,Y,Y,Y,Y,Y,Y,20260322
I10,세종특별자치시교육청,9300166,두루초등학교,2025,,초등학교,휴업일,20250503,토요휴업일,,Y,Y,Y,Y,Y,Y,20260322
I10,세종특별자치시교육청,9300166,두루초등학교,2025,,초등학교,공휴일,20250505,석가탄신일,,Y,Y,Y,Y,Y,Y,20260322
I10,세종특별자치시교육청,9300166,두루초등학교,2025,,초등학교,공휴일,20250506,대체공휴일,,Y,Y,Y,Y,Y,Y,20260322
I10,세종특별자치시교육청,9300166,두루초등학교,2025,,초등학교,휴업일,20250510,토요휴업일,,Y,Y,Y,Y,Y,Y,20260322
I10,세종특별자치시교육청,9300166,두루초등학교,2025,,초등학교,휴업일,20250517,토요휴업일,,Y,Y,Y,Y,Y,Y,20260322
I10,세종특별자치시교육청,9300166,두루초등학교,2025,,초등학교,휴업일,20250524,토요휴업일,,Y,Y,Y,Y,Y,Y,20260322
I10,세종특별자치시교육청,9300166,두루초등학교,2025,,초등학교,휴업일,20250531,토요휴업일,,Y,Y,Y,Y,Y,Y,20260322
I10,세종특별자치시교육청,9300166,두루초등학교,2025,,초등학교,공휴일,20250603,임시공휴일,,Y,Y,Y,Y,Y,Y,20260322
I10,세종특별자치시교육청,9300166,두루초등학교,2025,,초등학교,공휴일,20250606,현충일,,Y,Y,Y,Y,Y,Y,20260322
I10,세종특별자치시교육청,9300166,두루초등학교,2025,,초등학교,휴업일,20250607,토요휴업일,,Y,Y,Y,Y,Y,Y,20260322
I10,세종특별자치시교육청,9300166,두루초등학교,2025,,초등학교,휴업일,20250614,토요휴업일,,Y,Y,Y,Y,Y,Y,20260322
I10,세종특별자치시교육청,9300166,두루초등학교,2025,,초등학교,휴업일,20250621,토요휴업일,,Y,Y,Y,Y,Y,Y,20260322
I10,세종특별자치시교육청,9300166,두루초등학교,2025,,초등학교,휴업일,20250628,토요휴업일,,Y,Y,Y,Y,Y,Y,20260322
I10,세종특별자치시교육청,9300166,두루초등학교,2025,,초등학교,휴업일,20250705,토요휴업일,,Y,Y,Y,Y,Y,Y,20260322
I10,세종특별자치시교육청,9300166,두루초등학교,2025,,초등학교,휴업일,20250712,토요휴업일,,Y,Y,Y,Y,Y,Y,20260322
I10,세종특별자치시교육청,9300166,두루초등학교,2025,,초등학교,휴업일,20250719,토요휴업일,,Y,Y,Y,Y,Y,Y,20260322
I10,세종특별자치시교육청,9300166,두루초등학교,2025,,초등학교,해당없음,20250721,여름방학식,,Y,Y,Y,Y,Y,Y,20260322
I10,세종특별자치시교육청,9300166,두루초등학교,2025,,초등학교,휴업일,20250722,여름방학,,Y,Y,Y,Y,Y,Y,20260322
I10,세종특별자치시교육청,9300166,두루초등학교,2025,,초등학교,휴업일,20250723,여름방학,,Y,Y,Y,Y,Y,Y,20260322
I10,세종특별자치시교육청,9300166,두루초등학교,2025,,초등학교,휴업일,20250724,여름방학,,Y,Y,Y,Y,Y,Y,20260322
I10,세종특별자치시교육청,9300166,두루초등학교,2025,,초등학교,휴업일,20250725,여름방학,,Y,Y,Y,Y,Y,Y,20260322
I10,세종특별자치시교육청,9300166,두루초등학교,2025,,초등학교,휴업일,20250726,여름방학,,Y,Y,Y,Y,Y,Y,20260322
I10,세종특별자치시교육청,9300166,두루초등학교,2025,,초등학교,휴업일,20250726,토요휴업일,,Y,Y,Y,Y,Y,Y,20260322
I10,세종특별자치시교육청,9300166,두루초등학교,2025,,초등학교,휴업일,20250727,여름방학,,Y,Y,Y,Y,Y,Y,20260322
I10,세종특별자치시교육청,9300166,두루초등학교,2025,,초등학교,휴업일,20250728,여름방학,,Y,Y,Y,Y,Y,Y,20260322
I10,세종특별자치시교육청,9300166,두루초등학교,2025,,초등학교,휴업일,20250729,여름방학,,Y,Y,Y,Y,Y,Y,20260322
I10,세종특별자치시교육청,9300166,두루초등학교,2025,,초등학교,휴업일,20250730,여름방학,,Y,Y,Y,Y,Y,Y,20260322
I10,세종특별자치시교육청,9300166,두루초등학교,2025,,초등학교,휴업일,20250731,여름방학,,Y,Y,Y,Y,Y,Y,20260322
I10,세종특별자치시교육청,9300166,두루초등학교,2025,,초등학교,휴업일,20250801,여름방학,,Y,Y,Y,Y,Y,Y,20260322
I10,세종특별자치시교육청,9300166,두루초등학교,2025,,초등학교,휴업일,20250802,여름방학,,Y,Y,Y,Y,Y,Y,20260322
I10,세종특별자치시교육청,9300166,두루초등학교,2025,,초등학교,휴업일,20250802,토요휴업일,,Y,Y,Y,Y,Y,Y,20260322
I10,세종특별자치시교육청,9300166,두루초등학교,2025,,초등학교,휴업일,20250803,여름방학,,Y,Y,Y,Y,Y,Y,20260322
I10,세종특별자치시교육청,9300166,두루초등학교,2025,,초등학교,휴업일,20250804,여름방학,,Y,Y,Y,Y,Y,Y,20260322
I10,세종특별자치시교육청,9300166,두루초등학교,2025,,초등학교,휴업일,20250805,여름방학,,Y,Y,Y,Y,Y,Y,20260322
I10,세종특별자치시교육청,9300166,두루초등학교,2025,,초등학교,휴업일,20250806,여름방학,,Y,Y,Y,Y,Y,Y,20260322
I10,세종특별자치시교육청,9300166,두루초등학교,2025,,초등학교,휴업일,20250807,여름방학,,Y,Y,Y,Y,Y,Y,20260322
I10,세종특별자치시교육청,9300166,두루초등학교,2025,,초등학교,휴업일,20250808,여름방학,,Y,Y,Y,Y,Y,Y,20260322
I10,세종특별자치시교육청,9300166,두루초등학교,2025,,초등학교,휴업일,20250809,여름방학,,Y,Y,Y,Y,Y,Y,20260322
I10,세종특별자치시교육청,9300166,두루초등학교,2025,,초등학교,휴업일,20250809,토요휴업일,,Y,Y,Y,Y,Y,Y,20260322
I10,세종특별자치시교육청,9300166,두루초등학교,2025,,초등학교,휴업일,20250810,여름방학,,Y,Y,Y,Y,Y,Y,20260322
I10,세종특별자치시교육청,9300166,두루초등학교,2025,,초등학교,휴업일,20250811,여름방학,,Y,Y,Y,Y,Y,Y,20260322
I10,세종특별자치시교육청,9300166,두루초등학교,2025,,초등학교,휴업일,20250812,여름방학,,Y,Y,Y,Y,Y,Y,20260322
I10,세종특별자치시교육청,9300166,두루초등학교,2025,,초등학교,해당없음,20250813,여름방학개학식,,Y,Y,Y,Y,Y,Y,20260322
I10,세종특별자치시교육청,9300166,두루초등학교,2025,,초등학교,공휴일,20250815,광복절,,Y,Y,Y,Y,Y,Y,20260322
I10,세종특별자치시교육청,9300166,두루초등학교,2025,,초등학교,휴업일,20250816,토요휴업일,,Y,Y,Y,Y,Y,Y,20260322
I10,세종특별자치시교육청,9300166,두루초등학교,2025,,초등학교,휴업일,20250823,토요휴업일,,Y,Y,Y,Y,Y,Y,20260322
I10,세종특별자치시교육청,9300166,두루초등학교,2025,,초등학교,휴업일,20250830,토요휴업일,,Y,Y,Y,Y,Y,Y,20260322
I10,세종특별자치시교육청,9300166,두루초등학교,2025,,초등학교,휴업일,20250906,토요휴업일,,Y,Y,Y,Y,Y,Y,20260322
I10,세종특별자치시교육청,9300166,두루초등학교,2025,,초등학교,휴업일,20250913,토요휴업일,,Y,Y,Y,Y,Y,Y,20260322
I10,세종특별자치시교육청,9300166,두루초등학교,2025,,초등학교,휴업일,20250920,토요휴업일,,Y,Y,Y,Y,Y,Y,20260322
I10,세종특별자치시교육청,9300166,두루초등학교,2025,,초등학교,휴업일,20250927,토요휴업일,,Y,Y,Y,Y,Y,Y,20260322
I10,세종특별자치시교육청,9300166,두루초등학교,2025,,초등학교,공휴일,20251003,개천절,,Y,Y,Y,Y,Y,Y,20260322
I10,세종특별자치시교육청,9300166,두루초등학교,2025,,초등학교,휴업일,20251004,토요휴업일,,Y,Y,Y,Y,Y,Y,20260322
I10,세종특별자치시교육청,9300166,두루초등학교,2025,,초등학교,공휴일,20251005,추석,,Y,Y,Y,Y,Y,Y,20260322
I10,세종특별자치시교육청,9300166,두루초등학교,2025,,초등학교,공휴일,20251006,추석,,Y,Y,Y,Y,Y,Y,20260322
I10,세종특별자치시교육청,9300166,두루초등학교,2025,,초등학교,공휴일,20251007,추석,,Y,Y,Y,Y,Y,Y,20260322
I10,세종특별자치시교육청,9300166,두루초등학교,2025,,초등학교,공휴일,20251008,대체공휴일,,Y,Y,Y,Y,Y,Y,20260322
I10,세종특별자치시교육청,9300166,두루초등학교,2025,,초등학교,공휴일,20251009,한글날,,Y,Y,Y,Y,Y,Y,20260322
I10,세종특별자치시교육청,9300166,두루초등학교,2025,,초등학교,휴업일,20251010,학교장재량휴업일,,Y,Y,Y,Y,Y,Y,20260322
I10,세종특별자치시교육청,9300166,두루초등학교,2025,,초등학교,휴업일,20251011,토요휴업일,,Y,Y,Y,Y,Y,Y,20260322
I10,세종특별자치시교육청,9300166,두루초등학교,2025,,초등학교,휴업일,20251018,토요휴업일,,Y,Y,Y,Y,Y,Y,20260322
I10,세종특별자치시교육청,9300166,두루초등학교,2025,,초등학교,휴업일,20251025,토요휴업일,,Y,Y,Y,Y,Y,Y,20260322
I10,세종특별자치시교육청,9300166,두루초등학교,2025,,초등학교,휴업일,20251101,토요휴업일,,Y,Y,Y,Y,Y,Y,20260322
I10,세종특별자치시교육청,9300166,두루초등학교,2025,,초등학교,휴업일,20251108,토요휴업일,,Y,Y,Y,Y,Y,Y,20260322
I10,세종특별자치시교육청,9300166,두루초등학교,2025,,초등학교,휴업일,20251115,토요휴업일,,Y,Y,Y,Y,Y,Y,20260322
I10,세종특별자치시교육청,9300166,두루초등학교,2025,,초등학교,휴업일,20251122,토요휴업일,,Y,Y,Y,Y,Y,Y,20260322
I10,세종특별자치시교육청,9300166,두루초등학교,2025,,초등학교,휴업일,20251129,토요휴업일,,Y,Y,Y,Y,Y,Y,20260322
I10,세종특별자치시교육청,9300166,두루초등학교,2025,,초등학교,휴업일,20251206,토요휴업일,,Y,Y,Y,Y,Y,Y,20260322
I10,세종특별자치시교육청,9300166,두루초등학교,2025,,초등학교,휴업일,20251213,토요휴업일,,Y,Y,Y,Y,Y,Y,20260322
I10,세종특별자치시교육청,9300166,두루초등학교,2025,,초등학교,휴업일,20251220,토요휴업일,,Y,Y,Y,Y,Y,Y,20260322
I10,세종특별자치시교육청,9300166,두루초등학교,2025,,초등학교,공휴일,20251225,성탄절,,Y,Y,Y,Y,Y,Y,20260322
I10,세종특별자치시교육청,9300166,두루초등학교,2025,,초등학교,휴업일,20251227,토요휴업일,,Y,Y,Y,Y,Y,Y,20260322
I10,세종특별자치시교육청,9300166,두루초등학교,2025,,초등학교,공휴일,20260101,신정,,Y,Y,Y,Y,Y,Y,20260322
I10,세종특별자치시교육청,9300166,두루초등학교,2025,,초등학교,휴업일,20260103,토요휴업일,,Y,Y,Y,Y,Y,Y,20260322
I10,세종특별자치시교육청,9300166,두루초등학교,2025,,초등학교,해당없음,20260105,졸업식,,N,N,N,N,N,Y,20260322
I10,세종특별자치시교육청,9300166,두루초등학교,2025,,초등학교,해당없음,20260105,종업식,,Y,Y,Y,Y,Y,N,20260322
I10,세종특별자치시교육청,9300166,두루초등학교,2025,,초등학교,휴업일,20260106,겨울방학,,Y,Y,Y,Y,Y,Y,20260322
I10,세종특별자치시교육청,9300166,두루초등학교,2025,,초등학교,휴업일,20260107,겨울방학,,Y,Y,Y,Y,Y,Y,20260322
I10,세종특별자치시교육청,9300166,두루초등학교,2025,,초등학교,휴업일,20260108,겨울방학,,Y,Y,Y,Y,Y,Y,20260322
I10,세종특별자치시교육청,9300166,두루초등학교,2025,,초등학교,휴업일,20260109,겨울방학,,Y,Y,Y,Y,Y,Y,20260322
I10,세종특별자치시교육청,9300166,두루초등학교,2025,,초등학교,휴업일,20260110,겨울방학,,Y,Y,Y,Y,Y,Y,20260322
I10,세종특별자치시교육청,9300166,두루초등학교,2025,,초등학교,휴업일,20260110,토요휴업일,,Y,Y,Y,Y,Y,Y,20260322
I10,세종특별자치시교육청,9300166,두루초등학교,2025,,초등학교,휴업일,20260111,겨울방학,,Y,Y,Y,Y,Y,Y,20260322
I10,세종특별자치시교육청,9300166,두루초등학교,2025,,초등학교,휴업일,20260112,겨울방학,,Y,Y,Y,Y,Y,Y,20260322
I10,세종특별자치시교육청,9300166,두루초등학교,2025,,초등학교,휴업일,20260113,겨울방학,,Y,Y,Y,Y,Y,Y,20260322
I10,세종특별자치시교육청,9300166,두루초등학교,2025,,초등학교,휴업일,20260114,겨울방학,,Y,Y,Y,Y,Y,Y,20260322
I10,세종특별자치시교육청,9300166,두루초등학교,2025,,초등학교,휴업일,20260115,겨울방학,,Y,Y,Y,Y,Y,Y,20260322
I10,세종특별자치시교육청,9300166,두루초등학교,2025,,초등학교,휴업일,20260116,겨울방학,,Y,Y,Y,Y,Y,Y,20260322
I10,세종특별자치시교육청,9300166,두루초등학교,2025,,초등학교,휴업일,20260117,겨울방학,,Y,Y,Y,Y,Y,Y,20260322
I10,세종특별자치시교육청,9300166,두루초등학교,2025,,초등학교,휴업일,20260117,토요휴업일,,Y,Y,Y,Y,Y,Y,20260322
I10,세종특별자치시교육청,9300166,두루초등학교,2025,,초등학교,휴업일,20260118,겨울방학,,Y,Y,Y,Y,Y,Y,20260322
I10,세종특별자치시교육청,9300166,두루초등학교,2025,,초등학교,휴업일,20260119,겨울방학,,Y,Y,Y,Y,Y,Y,20260322
I10,세종특별자치시교육청,9300166,두루초등학교,2025,,초등학교,휴업일,20260120,겨울방학,,Y,Y,Y,Y,Y,Y,20260322
I10,세종특별자치시교육청,9300166,두루초등학교,2025,,초등학교,휴업일,20260121,겨울방학,,Y,Y,Y,Y,Y,Y,20260322
I10,세종특별자치시교육청,9300166,두루초등학교,2025,,초등학교,휴업일,20260122,겨울방학,,Y,Y,Y,Y,Y,Y,20260322
I10,세종특별자치시교육청,9300166,두루초등학교,2025,,초등학교,휴업일,20260123,겨울방학,,Y,Y,Y,Y,Y,Y,20260322
I10,세종특별자치시교육청,9300166,두루초등학교,2025,,초등학교,휴업일,20260124,겨울방학,,Y,Y,Y,Y,Y,Y,20260322
I10,세종특별자치시교육청,9300166,두루초등학교,2025,,초등학교,휴업일,20260124,토요휴업일,,Y,Y,Y,Y,Y,Y,20260322
I10,세종특별자치시교육청,9300166,두루초등학교,2025,,초등학교,휴업일,20260125,겨울방학,,Y,Y,Y,Y,Y,Y,20260322
I10,세종특별자치시교육청,9300166,두루초등학교,2025,,초등학교,휴업일,20260126,겨울방학,,Y,Y,Y,Y,Y,Y,20260322
I10,세종특별자치시교육청,9300166,두루초등학교,2025,,초등학교,휴업일,20260127,겨울방학,,Y,Y,Y,Y,Y,Y,20260322
I10,세종특별자치시교육청,9300166,두루초등학교,2025,,초등학교,휴업일,20260128,겨울방학,,Y,Y,Y,Y,Y,Y,20260322
I10,세종특별자치시교육청,9300166,두루초등학교,2025,,초등학교,휴업일,20260129,겨울방학,,Y,Y,Y,Y,Y,Y,20260322
I10,세종특별자치시교육청,9300166,두루초등학교,2025,,초등학교,휴업일,20260130,겨울방학,,Y,Y,Y,Y,Y,Y,20260322
I10,세종특별자치시교육청,9300166,두루초등학교,2025,,초등학교,휴업일,20260131,겨울방학,,Y,Y,Y,Y,Y,Y,20260322
I10,세종특별자치시교육청,9300166,두루초등학교,2025,,초등학교,휴업일,20260131,토요휴업일,,Y,Y,Y,Y,Y,Y,20260322
I10,세종특별자치시교육청,9300166,두루초등학교,2025,,초등학교,휴업일,20260201,겨울방학,,Y,Y,Y,Y,Y,Y,20260322
I10,세종특별자치시교육청,9300166,두루초등학교,2025,,초등학교,휴업일,20260202,겨울방학,,Y,Y,Y,Y,Y,Y,20260322
I10,세종특별자치시교육청,9300166,두루초등학교,2025,,초등학교,휴업일,20260203,겨울방학,,Y,Y,Y,Y,Y,Y,20260322
I10,세종특별자치시교육청,9300166,두루초등학교,2025,,초등학교,휴업일,20260204,겨울방학,,Y,Y,Y,Y,Y,Y,20260322
I10,세종특별자치시교육청,9300166,두루초등학교,2025,,초등학교,휴업일,20260205,겨울방학,,Y,Y,Y,Y,Y,Y,20260322
I10,세종특별자치시교육청,9300166,두루초등학교,2025,,초등학교,휴업일,20260206,겨울방학,,Y,Y,Y,Y,Y,Y,20260322
I10,세종특별자치시교육청,9300166,두루초등학교,2025,,초등학교,휴업일,20260207,겨울방학,,Y,Y,Y,Y,Y,Y,20260322
I10,세종특별자치시교육청,9300166,두루초등학교,2025,,초등학교,휴업일,20260207,토요휴업일,,Y,Y,Y,Y,Y,Y,20260322
I10,세종특별자치시교육청,9300166,두루초등학교,2025,,초등학교,휴업일,20260208,겨울방학,,Y,Y,Y,Y,Y,Y,20260322
I10,세종특별자치시교육청,9300166,두루초등학교,2025,,초등학교,휴업일,20260209,겨울방학,,Y,Y,Y,Y,Y,Y,20260322
I10,세종특별자치시교육청,9300166,두루초등학교,2025,,초등학교,휴업일,20260210,겨울방학,,Y,Y,Y,Y,Y,Y,20260322
I10,세종특별자치시교육청,9300166,두루초등학교,2025,,초등학교,휴업일,20260211,겨울방학,,Y,Y,Y,Y,Y,Y,20260322
I10,세종특별자치시교육청,9300166,두루초등학교,2025,,초등학교,휴업일,20260212,겨울방학,,Y,Y,Y,Y,Y,Y,20260322
I10,세종특별자치시교육청,9300166,두루초등학교,2025,,초등학교,휴업일,20260213,겨울방학,,Y,Y,Y,Y,Y,Y,20260322
I10,세종특별자치시교육청,9300166,두루초등학교,2025,,초등학교,휴업일,20260214,겨울방학,,Y,Y,Y,Y,Y,Y,20260322
I10,세종특별자치시교육청,9300166,두루초등학교,2025,,초등학교,휴업일,20260214,토요휴업일,,Y,Y,Y,Y,Y,Y,20260322
I10,세종특별자치시교육청,9300166,두루초등학교,2025,,초등학교,휴업일,20260215,겨울방학,,Y,Y,Y,Y,Y,Y,20260322
I10,세종특별자치시교육청,9300166,두루초등학교,2025,,초등학교,휴업일,20260216,겨울방학,,Y,Y,Y,Y,Y,Y,20260322
I10,세종특별자치시교육청,9300166,두루초등학교,2025,,초등학교,공휴일,20260216,설날,,Y,Y,Y,Y,Y,Y,20260322
I10,세종특별자치시교육청,9300166,두루초등학교,2025,,초등학교,휴업일,20260217,겨울방학,,Y,Y,Y,Y,Y,Y,20260322
I10,세종특별자치시교육청,9300166,두루초등학교,2025,,초등학교,공휴일,20260217,설날,,Y,Y,Y,Y,Y,Y,20260322
I10,세종특별자치시교육청,9300166,두루초등학교,2025,,초등학교,휴업일,20260218,겨울방학,,Y,Y,Y,Y,Y,Y,20260322
I10,세종특별자치시교육청,9300166,두루초등학교,2025,,초등학교,공휴일,20260218,설날,,Y,Y,Y,Y,Y,Y,20260322
I10,세종특별자치시교육청,9300166,두루초등학교,2025,,초등학교,휴업일,20260219,겨울방학,,Y,Y,Y,Y,Y,Y,20260322
I10,세종특별자치시교육청,9300166,두루초등학교,2025,,초등학교,휴업일,20260220,겨울방학,,Y,Y,Y,Y,Y,Y,20260322
I10,세종특별자치시교육청,9300166,두루초등학교,2025,,초등학교,휴업일,20260221,겨울방학,,Y,Y,Y,Y,Y,Y,20260322
I10,세종특별자치시교육청,9300166,두루초등학교,2025,,초등학교,휴업일,20260221,토요휴업일,,Y,Y,Y,Y,Y,Y,20260322
I10,세종특별자치시교육청,9300166,두루초등학교,2025,,초등학교,휴업일,20260222,겨울방학,,Y,Y,Y,Y,Y,Y,20260322
I10,세종특별자치시교육청,9300166,두루초등학교,2025,,초등학교,휴업일,20260223,겨울방학,,Y,Y,Y,Y,Y,Y,20260322
I10,세종특별자치시교육청,9300166,두루초등학교,2025,,초등학교,휴업일,20260224,겨울방학,,Y,Y,Y,Y,Y,Y,20260322
I10,세종특별자치시교육청,9300166,두루초등학교,2025,,초등학교,휴업일,20260225,겨울방학,,Y,Y,Y,Y,Y,Y,20260322
I10,세종특별자치시교육청,9300166,두루초등학교,2025,,초등학교,휴업일,20260226,겨울방학,,Y,Y,Y,Y,Y,Y,20260322
I10,세종특별자치시교육청,9300166,두루초등학교,2025,,초등학교,휴업일,20260227,겨울방학,,Y,Y,Y,Y,Y,Y,20260322
I10,세종특별자치시교육청,9300166,두루초등학교,2025,,초등학교,휴업일,20260228,겨울방학,,Y,Y,Y,Y,Y,Y,20260322
I10,세종특별자치시교육청,9300166,두루초등학교,2025,,초등학교,휴업일,20260228,토요휴업일,,Y,Y,Y,Y,Y,Y,20260322
I10,세종특별자치시교육청,9300166,두루초등학교,2026,,초등학교,공휴일,20260301,3·1절,,Y,Y,Y,Y,Y,Y,20260322
I10,세종특별자치시교육청,9300166,두루초등학교,2026,,초등학교,공휴일,20260302,대체공휴일,,Y,Y,Y,Y,Y,Y,20260322
I10,세종특별자치시교육청,9300166,두루초등학교,2026,,초등학교,해당없음,20260303,시업식,,N,Y,Y,Y,Y,Y,20260322
I10,세종특별자치시교육청,9300166,두루초등학교,2026,,초등학교,해당없음,20260303,입학식,,Y,N,N,N,N,N,20260322
I10,세종특별자치시교육청,9300166,두루초등학교,2026,,초등학교,해당없음,20260303,별빛향기주간,,Y,Y,Y,Y,Y,Y,20260322
I10,세종특별자치시교육청,9300166,두루초등학교,2026,,초등학교,해당없음,20260304,별빛향기주간,,Y,Y,Y,Y,Y,Y,20260322
I10,세종특별자치시교육청,9300166,두루초등학교,2026,,초등학교,해당없음,20260305,별빛향기주간,,Y,Y,Y,Y,Y,Y,20260322
I10,세종특별자치시교육청,9300166,두루초등학교,2026,,초등학교,해당없음,20260306,별빛향기주간,,Y,Y,Y,Y,Y,Y,20260322
I10,세종특별자치시교육청,9300166,두루초등학교,2026,,초등학교,휴업일,20260307,토요휴업일,,Y,Y,Y,Y,Y,Y,20260322
I10,세종특별자치시교육청,9300166,두루초등학교,2026,,초등학교,해당없음,20260311,학급임원선거,,N,N,Y,Y,Y,Y,20260322
I10,세종특별자치시교육청,9300166,두루초등학교,2026,,초등학교,해당없음,20260312,진단평가,,N,Y,N,Y,Y,Y,20260322
I10,세종특별자치시교육청,9300166,두루초등학교,2026,,초등학교,해당없음,20260312,맞춤형 학업성취도 자율평가,,N,N,Y,N,N,N,20260322
I10,세종특별자치시교육청,9300166,두루초등학교,2026,,초등학교,휴업일,20260314,토요휴업일,,Y,Y,Y,Y,Y,Y,20260322
I10,세종특별자치시교육청,9300166,두루초등학교,2026,,초등학교,해당없음,20260318,교육과정설명회,,Y,Y,Y,Y,Y,Y,20260322
I10,세종특별자치시교육청,9300166,두루초등학교,2026,,초등학교,휴업일,20260321,토요휴업일,,Y,Y,Y,Y,Y,Y,20260322
I10,세종특별자치시교육청,9300166,두루초등학교,2026,,초등학교,휴업일,20260328,토요휴업일,,Y,Y,Y,Y,Y,Y,20260322
I10,세종특별자치시교육청,9300166,두루초등학교,2026,,초등학교,휴업일,20260404,토요휴업일,,Y,Y,Y,Y,Y,Y,20260322
I10,세종특별자치시교육청,9300166,두루초등학교,2026,,초등학교,휴업일,20260411,토요휴업일,,Y,Y,Y,Y,Y,Y,20260322
I10,세종특별자치시교육청,9300166,두루초등학교,2026,,초등학교,해당없음,20260413,장애이해교육주간,,Y,Y,Y,Y,Y,Y,20260322
I10,세종특별자치시교육청,9300166,두루초등학교,2026,,초등학교,해당없음,20260414,장애이해교육주간,,Y,Y,Y,Y,Y,Y,20260322
I10,세종특별자치시교육청,9300166,두루초등학교,2026,,초등학교,해당없음,20260415,장애이해교육주간,,Y,Y,Y,Y,Y,Y,20260322
I10,세종특별자치시교육청,9300166,두루초등학교,2026,,초등학교,해당없음,20260416,장애이해교육주간,,Y,Y,Y,Y,Y,Y,20260322
I10,세종특별자치시교육청,9300166,두루초등학교,2026,,초등학교,해당없음,20260417,장애이해교육주간,,Y,Y,Y,Y,Y,Y,20260322
I10,세종특별자치시교육청,9300166,두루초등학교,2026,,초등학교,휴업일,20260418,토요휴업일,,Y,Y,Y,Y,Y,Y,20260322
I10,세종특별자치시교육청,9300166,두루초등학교,2026,,초등학교,해당없음,20260421,두루어울마당(6학년),,N,N,N,N,N,Y,20260322
I10,세종특별자치시교육청,9300166,두루초등학교,2026,,초등학교,해당없음,20260422,두루어울마당(5학년),,N,N,N,N,Y,N,20260322
I10,세종특별자치시교육청,9300166,두루초등학교,2026,,초등학교,휴업일,20260425,토요휴업일,,Y,Y,Y,Y,Y,Y,20260322
I10,세종특별자치시교육청,9300166,두루초등학교,2026,,초등학교,해당없음,20260427,두루어울마당(4학년),,N,N,N,Y,N,N,20260322
I10,세종특별자치시교육청,9300166,두루초등학교,2026,,초등학교,해당없음,20260430,두루어울마당(3학년),,N,N,Y,N,N,N,20260322
I10,세종특별자치시교육청,9300166,두루초등학교,2026,,초등학교,휴업일,20260501,학교장재량휴업일,,Y,Y,Y,Y,Y,Y,20260322
I10,세종특별자치시교육청,9300166,두루초등학교,2026,,초등학교,휴업일,20260502,토요휴업일,,Y,Y,Y,Y,Y,Y,20260322
I10,세종특별자치시교육청,9300166,두루초등학교,2026,,초등학교,휴업일,20260504,학교장재량휴업일,,Y,Y,Y,Y,Y,Y,20260322
I10,세종특별자치시교육청,9300166,두루초등학교,2026,,초등학교,공휴일,20260505,어린이날,,Y,Y,Y,Y,Y,Y,20260322
I10,세종특별자치시교육청,9300166,두루초등학교,2026,,초등학교,해당없음,20260506,두루어울마당(1학년),,Y,N,N,N,N,N,20260322
I10,세종특별자치시교육청,9300166,두루초등학교,2026,,초등학교,휴업일,20260509,토요휴업일,,Y,Y,Y,Y,Y,Y,20260322
I10,세종특별자치시교육청,9300166,두루초등학교,2026,,초등학교,해당없음,20260513,두루어울마당(2학년),,N,Y,N,N,N,N,20260322
I10,세종특별자치시교육청,9300166,두루초등학교,2026,,초등학교,휴업일,20260516,토요휴업일,,Y,Y,Y,Y,Y,Y,20260322
I10,세종특별자치시교육청,9300166,두루초등학교,2026,,초등학교,해당없음,20260518,다문화 교육주간,,Y,Y,Y,Y,Y,Y,20260322
I10,세종특별자치시교육청,9300166,두루초등학교,2026,,초등학교,해당없음,20260518,통일교육주간,,Y,Y,Y,Y,Y,Y,20260322
I10,세종특별자치시교육청,9300166,두루초등학교,2026,,초등학교,해당없음,20260519,다문화 교육주간,,Y,Y,Y,Y,Y,Y,20260322
I10,세종특별자치시교육청,9300166,두루초등학교,2026,,초등학교,해당없음,20260519,통일교육주간,,Y,Y,Y,Y,Y,Y,20260322
I10,세종특별자치시교육청,9300166,두루초등학교,2026,,초등학교,해당없음,20260520,다문화 교육주간,,Y,Y,Y,Y,Y,Y,20260322
I10,세종특별자치시교육청,9300166,두루초등학교,2026,,초등학교,해당없음,20260520,통일교육주간,,Y,Y,Y,Y,Y,Y,20260322
I10,세종특별자치시교육청,9300166,두루초등학교,2026,,초등학교,해당없음,20260521,다문화 교육주간,,Y,Y,Y,Y,Y,Y,20260322
I10,세종특별자치시교육청,9300166,두루초등학교,2026,,초등학교,해당없음,20260521,통일교육주간,,Y,Y,Y,Y,Y,Y,20260322
I10,세종특별자치시교육청,9300166,두루초등학교,2026,,초등학교,해당없음,20260522,다문화 교육주간,,Y,Y,Y,Y,Y,Y,20260322
I10,세종특별자치시교육청,9300166,두루초등학교,2026,,초등학교,해당없음,20260522,통일교육주간,,Y,Y,Y,Y,Y,Y,20260322
I10,세종특별자치시교육청,9300166,두루초등학교,2026,,초등학교,휴업일,20260523,토요휴업일,,Y,Y,Y,Y,Y,Y,20260322
I10,세종특별자치시교육청,9300166,두루초등학교,2026,,초등학교,공휴일,20260524,석가탄신일,,Y,Y,Y,Y,Y,Y,20260322
I10,세종특별자치시교육청,9300166,두루초등학교,2026,,초등학교,공휴일,20260525,대체공휴일,,Y,Y,Y,Y,Y,Y,20260322
I10,세종특별자치시교육청,9300166,두루초등학교,2026,,초등학교,휴업일,20260530,토요휴업일,,Y,Y,Y,Y,Y,Y,20260322
I10,세종특별자치시교육청,9300166,두루초등학교,2026,,초등학교,해당없음,20260601,환경교육주간(생태교육),,Y,Y,Y,Y,Y,Y,20260322
I10,세종특별자치시교육청,9300166,두루초등학교,2026,,초등학교,해당없음,20260602,환경교육주간(생태교육),,Y,Y,Y,Y,Y,Y,20260322
I10,세종특별자치시교육청,9300166,두루초등학교,2026,,초등학교,공휴일,20260603,지방선거,,Y,Y,Y,Y,Y,Y,20260322
I10,세종특별자치시교육청,9300166,두루초등학교,2026,,초등학교,해당없음,20260604,환경교육주간(생태교육),,Y,Y,Y,Y,Y,Y,20260322
I10,세종특별자치시교육청,9300166,두루초등학교,2026,,초등학교,해당없음,20260605,환경교육주간(생태교육),,Y,Y,Y,Y,Y,Y,20260322
I10,세종특별자치시교육청,9300166,두루초등학교,2026,,초등학교,공휴일,20260606,현충일,,Y,Y,Y,Y,Y,Y,20260322
I10,세종특별자치시교육청,9300166,두루초등학교,2026,,초등학교,휴업일,20260613,토요휴업일,,Y,Y,Y,Y,Y,Y,20260322
I10,세종특별자치시교육청,9300166,두루초등학교,2026,,초등학교,휴업일,20260620,토요휴업일,,Y,Y,Y,Y,Y,Y,20260322
I10,세종특별자치시교육청,9300166,두루초등학교,2026,,초등학교,휴업일,20260627,토요휴업일,,Y,Y,Y,Y,Y,Y,20260322
I10,세종특별자치시교육청,9300166,두루초등학교,2026,,초등학교,해당없음,20260630,현장체험학습(6학년),,N,N,N,N,N,Y,20260322
I10,세종특별자치시교육청,9300166,두루초등학교,2026,,초등학교,해당없음,20260702,현장체험학습(6학년),,N,N,N,N,N,Y,20260322
I10,세종특별자치시교육청,9300166,두루초등학교,2026,,초등학교,휴업일,20260704,토요휴업일,,Y,Y,Y,Y,Y,Y,20260322
I10,세종특별자치시교육청,9300166,두루초등학교,2026,,초등학교,휴업일,20260711,토요휴업일,,Y,Y,Y,Y,Y,Y,20260322
I10,세종특별자치시교육청,9300166,두루초등학교,2026,,초등학교,공휴일,20260717,제헌절,,Y,Y,Y,Y,Y,Y,20260322
I10,세종특별자치시교육청,9300166,두루초등학교,2026,,초등학교,휴업일,20260718,토요휴업일,,Y,Y,Y,Y,Y,Y,20260322
I10,세종특별자치시교육청,9300166,두루초등학교,2026,,초등학교,해당없음,20260722,여름방학식,,Y,Y,Y,Y,Y,Y,20260322
I10,세종특별자치시교육청,9300166,두루초등학교,2026,,초등학교,휴업일,20260725,토요휴업일,,Y,Y,Y,Y,Y,Y,20260322
I10,세종특별자치시교육청,9300166,두루초등학교,2026,,초등학교,휴업일,20260801,토요휴업일,,Y,Y,Y,Y,Y,Y,20260322
I10,세종특별자치시교육청,9300166,두루초등학교,2026,,초등학교,휴업일,20260808,토요휴업일,,Y,Y,Y,Y,Y,Y,20260322
I10,세종특별자치시교육청,9300166,두루초등학교,2026,,초등학교,공휴일,20260815,광복절,,Y,Y,Y,Y,Y,Y,20260322
I10,세종특별자치시교육청,9300166,두루초등학교,2026,,초등학교,공휴일,20260817,대체공휴일,,Y,Y,Y,Y,Y,Y,20260322
I10,세종특별자치시교육청,9300166,두루초등학교,2026,,초등학교,해당없음,20260820,개학식,,Y,Y,Y,Y,Y,Y,20260322
I10,세종특별자치시교육청,9300166,두루초등학교,2026,,초등학교,휴업일,20260822,토요휴업일,,Y,Y,Y,Y,Y,Y,20260322
I10,세종특별자치시교육청,9300166,두루초등학교,2026,,초등학교,해당없음,20260824,별빛향기주간,,Y,Y,Y,Y,Y,Y,20260322
I10,세종특별자치시교육청,9300166,두루초등학교,2026,,초등학교,해당없음,20260825,별빛향기주간,,Y,Y,Y,Y,Y,Y,20260322
I10,세종특별자치시교육청,9300166,두루초등학교,2026,,초등학교,해당없음,20260826,학급임원선거,,N,N,Y,Y,Y,Y,20260322
I10,세종특별자치시교육청,9300166,두루초등학교,2026,,초등학교,해당없음,20260826,별빛향기주간,,Y,Y,Y,Y,Y,Y,20260322
I10,세종특별자치시교육청,9300166,두루초등학교,2026,,초등학교,해당없음,20260827,별빛향기주간,,Y,Y,Y,Y,Y,Y,20260322
I10,세종특별자치시교육청,9300166,두루초등학교,2026,,초등학교,해당없음,20260828,별빛향기주간,,Y,Y,Y,Y,Y,Y,20260322
I10,세종특별자치시교육청,9300166,두루초등학교,2026,,초등학교,휴업일,20260829,토요휴업일,,Y,Y,Y,Y,Y,Y,20260322
I10,세종특별자치시교육청,9300166,두루초등학교,2026,,초등학교,휴업일,20260905,토요휴업일,,Y,Y,Y,Y,Y,Y,20260322
I10,세종특별자치시교육청,9300166,두루초등학교,2026,,초등학교,휴업일,20260912,토요휴업일,,Y,Y,Y,Y,Y,Y,20260322
I10,세종특별자치시교육청,9300166,두루초등학교,2026,,초등학교,휴업일,20260919,토요휴업일,,Y,Y,Y,Y,Y,Y,20260322
I10,세종특별자치시교육청,9300166,두루초등학교,2026,,초등학교,휴업일,20260923,학교장재량휴업일,,Y,Y,Y,Y,Y,Y,20260322
I10,세종특별자치시교육청,9300166,두루초등학교,2026,,초등학교,공휴일,20260924,추석연휴,,Y,Y,Y,Y,Y,Y,20260322
I10,세종특별자치시교육청,9300166,두루초등학교,2026,,초등학교,공휴일,20260925,추석,,Y,Y,Y,Y,Y,Y,20260322
I10,세종특별자치시교육청,9300166,두루초등학교,2026,,초등학교,공휴일,20260926,추석연휴,,Y,Y,Y,Y,Y,Y,20260322
I10,세종특별자치시교육청,9300166,두루초등학교,2026,,초등학교,휴업일,20260926,토요휴업일,,Y,Y,Y,Y,Y,Y,20260322
I10,세종특별자치시교육청,9300166,두루초등학교,2026,,초등학교,공휴일,20261003,개천절,,Y,Y,Y,Y,Y,Y,20260322
I10,세종특별자치시교육청,9300166,두루초등학교,2026,,초등학교,공휴일,20261005,대체공휴일,,Y,Y,Y,Y,Y,Y,20260322
I10,세종특별자치시교육청,9300166,두루초등학교,2026,,초등학교,공휴일,20261009,한글날,,Y,Y,Y,Y,Y,Y,20260322
I10,세종특별자치시교육청,9300166,두루초등학교,2026,,초등학교,휴업일,20261010,토요휴업일,,Y,Y,Y,Y,Y,Y,20260322
I10,세종특별자치시교육청,9300166,두루초등학교,2026,,초등학교,휴업일,20261017,토요휴업일,,Y,Y,Y,Y,Y,Y,20260322
I10,세종특별자치시교육청,9300166,두루초등학교,2026,,초등학교,휴업일,20261024,토요휴업일,,Y,Y,Y,Y,Y,Y,20260322
I10,세종특별자치시교육청,9300166,두루초등학교,2026,,초등학교,해당없음,20261026,현장체험학습(2학년),,N,Y,N,N,N,N,20260322
I10,세종특별자치시교육청,9300166,두루초등학교,2026,,초등학교,해당없음,20261027,현장체험학습(2학년),,N,Y,N,N,N,N,20260322
I10,세종특별자치시교육청,9300166,두루초등학교,2026,,초등학교,휴업일,20261031,토요휴업일,,Y,Y,Y,Y,Y,Y,20260322
I10,세종특별자치시교육청,9300166,두루초등학교,2026,,초등학교,휴업일,20261107,토요휴업일,,Y,Y,Y,Y,Y,Y,20260322
I10,세종특별자치시교육청,9300166,두루초등학교,2026,,초등학교,휴업일,20261114,토요휴업일,,Y,Y,Y,Y,Y,Y,20260322
I10,세종특별자치시교육청,9300166,두루초등학교,2026,,초등학교,해당없음,20261116,장애이해교육주간,,Y,Y,Y,Y,Y,Y,20260322
I10,세종특별자치시교육청,9300166,두루초등학교,2026,,초등학교,해당없음,20261117,장애이해교육주간,,Y,Y,Y,Y,Y,Y,20260322
I10,세종특별자치시교육청,9300166,두루초등학교,2026,,초등학교,해당없음,20261118,장애이해교육주간,,Y,Y,Y,Y,Y,Y,20260322
I10,세종특별자치시교육청,9300166,두루초등학교,2026,,초등학교,해당없음,20261119,장애이해교육주간,,Y,Y,Y,Y,Y,Y,20260322
I10,세종특별자치시교육청,9300166,두루초등학교,2026,,초등학교,해당없음,20261120,장애이해교육주간,,Y,Y,Y,Y,Y,Y,20260322
I10,세종특별자치시교육청,9300166,두루초등학교,2026,,초등학교,휴업일,20261121,토요휴업일,,Y,Y,Y,Y,Y,Y,20260322
I10,세종특별자치시교육청,9300166,두루초등학교,2026,,초등학교,해당없음,20261125,전교임원선거,,N,N,Y,Y,Y,N,20260322
I10,세종특별자치시교육청,9300166,두루초등학교,2026,,초등학교,휴업일,20261128,토요휴업일,,Y,Y,Y,Y,Y,Y,20260322
I10,세종특별자치시교육청,9300166,두루초등학교,2026,,초등학교,휴업일,20261205,토요휴업일,,Y,Y,Y,Y,Y,Y,20260322
I10,세종특별자치시교육청,9300166,두루초등학교,2026,,초등학교,휴업일,20261212,토요휴업일,,Y,Y,Y,Y,Y,Y,20260322
I10,세종특별자치시교육청,9300166,두루초등학교,2026,,초등학교,휴업일,20261219,토요휴업일,,Y,Y,Y,Y,Y,Y,20260322
I10,세종특별자치시교육청,9300166,두루초등학교,2026,,초등학교,공휴일,20261225,성탄절,,Y,Y,Y,Y,Y,Y,20260322
I10,세종특별자치시교육청,9300166,두루초등학교,2026,,초등학교,휴업일,20261226,토요휴업일,,Y,Y,Y,Y,Y,Y,20260322
I10,세종특별자치시교육청,9300166,두루초등학교,2026,,초등학교,공휴일,20270101,신정,,Y,Y,Y,Y,Y,Y,20260322
I10,세종특별자치시교육청,9300166,두루초등학교,2026,,초등학교,휴업일,20270102,토요휴업일,,Y,Y,Y,Y,Y,Y,20260322
I10,세종특별자치시교육청,9300166,두루초등학교,2026,,초등학교,해당없음,20270107,졸업식,,N,N,N,N,N,Y,20260322
I10,세종특별자치시교육청,9300166,두루초등학교,2026,,초등학교,해당없음,20270107,종업식,,Y,Y,Y,Y,Y,N,20260322
I10,세종특별자치시교육청,9300166,두루초등학교,2026,,초등학교,휴업일,20270109,토요휴업일,,Y,Y,Y,Y,Y,Y,20260322
I10,세종특별자치시교육청,9300166,두루초등학교,2026,,초등학교,휴업일,20270116,토요휴업일,,Y,Y,Y,Y,Y,Y,20260322
I10,세종특별자치시교육청,9300166,두루초등학교,2026,,초등학교,휴업일,20270123,토요휴업일,,Y,Y,Y,Y,Y,Y,20260322
I10,세종특별자치시교육청,9300166,두루초등학교,2026,,초등학교,휴업일,20270130,토요휴업일,,Y,Y,Y,Y,Y,Y,20260322
I10,세종특별자치시교육청,9300166,두루초등학교,2026,,초등학교,공휴일,20270206,설연휴,,Y,Y,Y,Y,Y,Y,20260322
I10,세종특별자치시교육청,9300166,두루초등학교,2026,,초등학교,휴업일,20270206,토요휴업일,,Y,Y,Y,Y,Y,Y,20260322
I10,세종특별자치시교육청,9300166,두루초등학교,2026,,초등학교,공휴일,20270207,설날,,Y,Y,Y,Y,Y,Y,20260322
I10,세종특별자치시교육청,9300166,두루초등학교,2026,,초등학교,공휴일,20270208,설연휴,,Y,Y,Y,Y,Y,Y,20260322
I10,세종특별자치시교육청,9300166,두루초등학교,2026,,초등학교,공휴일,20270209,대체공휴일,,Y,Y,Y,Y,Y,Y,20260322
I10,세종특별자치시교육청,9300166,두루초등학교,2026,,초등학교,휴업일,20270213,토요휴업일,,Y,Y,Y,Y,Y,Y,20260322
I10,세종특별자치시교육청,9300166,두루초등학교,2026,,초등학교,휴업일,20270220,토요휴업일,,Y,Y,Y,Y,Y,Y,20260322
I10,세종특별자치시교육청,9300166,두루초등학교,2026,,초등학교,휴업일,20270227,토요휴업일,,Y,Y,Y,Y,Y,Y,20260322
I10,세종특별자치시교육청,9300119,미르초등학교,2025,,초등학교,공휴일,20250301,3·1절,,Y,Y,Y,Y,Y,Y,20260322
I10,세종특별자치시교육청,9300119,미르초등학교,2025,,초등학교,공휴일,20250303,대체공휴일,,Y,Y,Y,Y,Y,Y,20260322
I10,세종특별자치시교육청,9300119,미르초등학교,2025,,초등학교,해당없음,20250304,시업식,시업식,N,Y,Y,Y,Y,Y,20260322
I10,세종특별자치시교육청,9300119,미르초등학교,2025,,초등학교,해당없음,20250304,입학식,입학식,Y,N,N,N,N,N,20260322
I10,세종특별자치시교육청,9300119,미르초등학교,2025,,초등학교,휴업일,20250308,토요휴업일,,Y,Y,Y,Y,Y,Y,20260322
I10,세종특별자치시교육청,9300119,미르초등학교,2025,,초등학교,휴업일,20250315,토요휴업일,,Y,Y,Y,Y,Y,Y,20260322
I10,세종특별자치시교육청,9300119,미르초등학교,2025,,초등학교,휴업일,20250322,토요휴업일,,Y,Y,Y,Y,Y,Y,20260322
I10,세종특별자치시교육청,9300119,미르초등학교,2025,,초등학교,휴업일,20250329,토요휴업일,,Y,Y,Y,Y,Y,Y,20260322
I10,세종특별자치시교육청,9300119,미르초등학교,2025,,초등학교,휴업일,20250405,토요휴업일,,Y,Y,Y,Y,Y,Y,20260322
I10,세종특별자치시교육청,9300119,미르초등학교,2025,,초등학교,휴업일,20250412,토요휴업일,,Y,Y,Y,Y,Y,Y,20260322
I10,세종특별자치시교육청,9300119,미르초등학교,2025,,초등학교,휴업일,20250419,토요휴업일,,Y,Y,Y,Y,Y,Y,20260322
I10,세종특별자치시교육청,9300119,미르초등학교,2025,,초등학교,휴업일,20250426,토요휴업일,,Y,Y,Y,Y,Y,Y,20260322
I10,세종특별자치시교육청,9300119,미르초등학교,2025,,초등학교,휴업일,20250501,학교장재량휴업일,,Y,Y,Y,Y,Y,Y,20260322
I10,세종특별자치시교육청,9300119,미르초등학교,2025,,초등학교,휴업일,20250503,토요휴업일,,Y,Y,Y,Y,Y,Y,20260322
I10,세종특별자치시교육청,9300119,미르초등학교,2025,,초등학교,공휴일,20250505,석가탄신일,,Y,Y,Y,Y,Y,Y,20260322
I10,세종특별자치시교육청,9300119,미르초등학교,2025,,초등학교,공휴일,20250506,대체공휴일,,Y,Y,Y,Y,Y,Y,20260322
I10,세종특별자치시교육청,9300119,미르초등학교,2025,,초등학교,휴업일,20250510,토요휴업일,,Y,Y,Y,Y,Y,Y,20260322
I10,세종특별자치시교육청,9300119,미르초등학교,2025,,초등학교,휴업일,20250517,토요휴업일,,Y,Y,Y,Y,Y,Y,20260322
I10,세종특별자치시교육청,9300119,미르초등학교,2025,,초등학교,휴업일,20250524,토요휴업일,,Y,Y,Y,Y,Y,Y,20260322
I10,세종특별자치시교육청,9300119,미르초등학교,2025,,초등학교,휴업일,20250531,토요휴업일,,Y,Y,Y,Y,Y,Y,20260322
I10,세종특별자치시교육청,9300119,미르초등학교,2025,,초등학교,공휴일,20250603,대통령선거,,Y,Y,Y,Y,Y,Y,20260322
I10,세종특별자치시교육청,9300119,미르초등학교,2025,,초등학교,공휴일,20250606,현충일,,Y,Y,Y,Y,Y,Y,20260322
I10,세종특별자치시교육청,9300119,미르초등학교,2025,,초등학교,휴업일,20250607,토요휴업일,,Y,Y,Y,Y,Y,Y,20260322
I10,세종특별자치시교육청,9300119,미르초등학교,2025,,초등학교,휴업일,20250614,토요휴업일,,Y,Y,Y,Y,Y,Y,20260322
I10,세종특별자치시교육청,9300119,미르초등학교,2025,,초등학교,휴업일,20250621,토요휴업일,,Y,Y,Y,Y,Y,Y,20260322
I10,세종특별자치시교육청,9300119,미르초등학교,2025,,초등학교,휴업일,20250628,토요휴업일,,Y,Y,Y,Y,Y,Y,20260322
I10,세종특별자치시교육청,9300119,미르초등학교,2025,,초등학교,휴업일,20250705,토요휴업일,,Y,Y,Y,Y,Y,Y,20260322
I10,세종특별자치시교육청,9300119,미르초등학교,2025,,초등학교,휴업일,20250712,토요휴업일,,Y,Y,Y,Y,Y,Y,20260322
I10,세종특별자치시교육청,9300119,미르초등학교,2025,,초등학교,휴업일,20250719,토요휴업일,,Y,Y,Y,Y,Y,Y,20260322
I10,세종특별자치시교육청,9300119,미르초등학교,2025,,초등학교,해당없음,20250722,여름방학식,,Y,Y,Y,Y,Y,Y,20260322
I10,세종특별자치시교육청,9300119,미르초등학교,2025,,초등학교,휴업일,20250723,여름방학,,Y,Y,Y,Y,Y,Y,20260322
I10,세종특별자치시교육청,9300119,미르초등학교,2025,,초등학교,휴업일,20250724,여름방학,,Y,Y,Y,Y,Y,Y,20260322
I10,세종특별자치시교육청,9300119,미르초등학교,2025,,초등학교,휴업일,20250725,여름방학,,Y,Y,Y,Y,Y,Y,20260322
I10,세종특별자치시교육청,9300119,미르초등학교,2025,,초등학교,휴업일,20250726,여름방학,,Y,Y,Y,Y,Y,Y,20260322
I10,세종특별자치시교육청,9300119,미르초등학교,2025,,초등학교,휴업일,20250726,토요휴업일,,Y,Y,Y,Y,Y,Y,20260322
I10,세종특별자치시교육청,9300119,미르초등학교,2025,,초등학교,휴업일,20250727,여름방학,,Y,Y,Y,Y,Y,Y,20260322
I10,세종특별자치시교육청,9300119,미르초등학교,2025,,초등학교,휴업일,20250728,여름방학,,Y,Y,Y,Y,Y,Y,20260322
I10,세종특별자치시교육청,9300119,미르초등학교,2025,,초등학교,휴업일,20250729,여름방학,,Y,Y,Y,Y,Y,Y,20260322
I10,세종특별자치시교육청,9300119,미르초등학교,2025,,초등학교,휴업일,20250730,여름방학,,Y,Y,Y,Y,Y,Y,20260322
I10,세종특별자치시교육청,9300119,미르초등학교,2025,,초등학교,휴업일,20250731,여름방학,,Y,Y,Y,Y,Y,Y,20260322
I10,세종특별자치시교육청,9300119,미르초등학교,2025,,초등학교,휴업일,20250801,여름방학,,Y,Y,Y,Y,Y,Y,20260322
I10,세종특별자치시교육청,9300119,미르초등학교,2025,,초등학교,휴업일,20250802,여름방학,,Y,Y,Y,Y,Y,Y,20260322
I10,세종특별자치시교육청,9300119,미르초등학교,2025,,초등학교,휴업일,20250802,토요휴업일,,Y,Y,Y,Y,Y,Y,20260322
I10,세종특별자치시교육청,9300119,미르초등학교,2025,,초등학교,휴업일,20250803,여름방학,,Y,Y,Y,Y,Y,Y,20260322
I10,세종특별자치시교육청,9300119,미르초등학교,2025,,초등학교,휴업일,20250804,여름방학,,Y,Y,Y,Y,Y,Y,20260322
I10,세종특별자치시교육청,9300119,미르초등학교,2025,,초등학교,휴업일,20250805,여름방학,,Y,Y,Y,Y,Y,Y,20260322
I10,세종특별자치시교육청,9300119,미르초등학교,2025,,초등학교,휴업일,20250806,여름방학,,Y,Y,Y,Y,Y,Y,20260322
I10,세종특별자치시교육청,9300119,미르초등학교,2025,,초등학교,휴업일,20250807,여름방학,,Y,Y,Y,Y,Y,Y,20260322
I10,세종특별자치시교육청,9300119,미르초등학교,2025,,초등학교,휴업일,20250808,여름방학,,Y,Y,Y,Y,Y,Y,20260322
I10,세종특별자치시교육청,9300119,미르초등학교,2025,,초등학교,휴업일,20250809,여름방학,,Y,Y,Y,Y,Y,Y,20260322
I10,세종특별자치시교육청,9300119,미르초등학교,2025,,초등학교,휴업일,20250809,토요휴업일,,Y,Y,Y,Y,Y,Y,20260322
I10,세종특별자치시교육청,9300119,미르초등학교,2025,,초등학교,휴업일,20250810,여름방학,,Y,Y,Y,Y,Y,Y,20260322
I10,세종특별자치시교육청,9300119,미르초등학교,2025,,초등학교,휴업일,20250811,여름방학,,Y,Y,Y,Y,Y,Y,20260322
I10,세종특별자치시교육청,9300119,미르초등학교,2025,,초등학교,휴업일,20250812,여름방학,,Y,Y,Y,Y,Y,Y,20260322
I10,세종특별자치시교육청,9300119,미르초등학교,2025,,초등학교,휴업일,20250813,여름방학,,Y,Y,Y,Y,Y,Y,20260322
I10,세종특별자치시교육청,9300119,미르초등학교,2025,,초등학교,휴업일,20250814,여름방학,,Y,Y,Y,Y,Y,Y,20260322
I10,세종특별자치시교육청,9300119,미르초등학교,2025,,초등학교,휴업일,20250815,여름방학,,Y,Y,Y,Y,Y,Y,20260322
I10,세종특별자치시교육청,9300119,미르초등학교,2025,,초등학교,공휴일,20250815,광복절,,Y,Y,Y,Y,Y,Y,20260322
I10,세종특별자치시교육청,9300119,미르초등학교,2025,,초등학교,휴업일,20250816,여름방학,,Y,Y,Y,Y,Y,Y,20260322
I10,세종특별자치시교육청,9300119,미르초등학교,2025,,초등학교,휴업일,20250816,토요휴업일,,Y,Y,Y,Y,Y,Y,20260322
I10,세종특별자치시교육청,9300119,미르초등학교,2025,,초등학교,휴업일,20250817,여름방학,,Y,Y,Y,Y,Y,Y,20260322
I10,세종특별자치시교육청,9300119,미르초등학교,2025,,초등학교,해당없음,20250818,2학기 시작일,2학기 시작일 개학식,Y,Y,Y,Y,Y,Y,20260322
I10,세종특별자치시교육청,9300119,미르초등학교,2025,,초등학교,휴업일,20250823,토요휴업일,,Y,Y,Y,Y,Y,Y,20260322
I10,세종특별자치시교육청,9300119,미르초등학교,2025,,초등학교,휴업일,20250830,토요휴업일,,Y,Y,Y,Y,Y,Y,20260322
I10,세종특별자치시교육청,9300119,미르초등학교,2025,,초등학교,휴업일,20250906,토요휴업일,,Y,Y,Y,Y,Y,Y,20260322
I10,세종특별자치시교육청,9300119,미르초등학교,2025,,초등학교,휴업일,20250913,토요휴업일,,Y,Y,Y,Y,Y,Y,20260322
I10,세종특별자치시교육청,9300119,미르초등학교,2025,,초등학교,휴업일,20250920,토요휴업일,,Y,Y,Y,Y,Y,Y,20260322
I10,세종특별자치시교육청,9300119,미르초등학교,2025,,초등학교,휴업일,20250927,토요휴업일,,Y,Y,Y,Y,Y,Y,20260322
I10,세종특별자치시교육청,9300119,미르초등학교,2025,,초등학교,공휴일,20251003,추석연휴,,Y,Y,Y,Y,Y,Y,20260322
I10,세종특별자치시교육청,9300119,미르초등학교,2025,,초등학교,공휴일,20251003,개천절,,Y,Y,Y,Y,Y,Y,20260322
I10,세종특별자치시교육청,9300119,미르초등학교,2025,,초등학교,공휴일,20251004,추석연휴,,Y,Y,Y,Y,Y,Y,20260322
I10,세종특별자치시교육청,9300119,미르초등학교,2025,,초등학교,휴업일,20251004,토요휴업일,,Y,Y,Y,Y,Y,Y,20260322
I10,세종특별자치시교육청,9300119,미르초등학교,2025,,초등학교,공휴일,20251005,추석연휴,,Y,Y,Y,Y,Y,Y,20260322
I10,세종특별자치시교육청,9300119,미르초등학교,2025,,초등학교,공휴일,20251005,추석,,Y,Y,Y,Y,Y,Y,20260322
I10,세종특별자치시교육청,9300119,미르초등학교,2025,,초등학교,공휴일,20251006,추석연휴,,Y,Y,Y,Y,Y,Y,20260322
I10,세종특별자치시교육청,9300119,미르초등학교,2025,,초등학교,공휴일,20251006,추석,,Y,Y,Y,Y,Y,Y,20260322
I10,세종특별자치시교육청,9300119,미르초등학교,2025,,초등학교,공휴일,20251007,추석연휴,,Y,Y,Y,Y,Y,Y,20260322
I10,세종특별자치시교육청,9300119,미르초등학교,2025,,초등학교,공휴일,20251007,추석,,Y,Y,Y,Y,Y,Y,20260322
I10,세종특별자치시교육청,9300119,미르초등학교,2025,,초등학교,공휴일,20251008,추석연휴,,Y,Y,Y,Y,Y,Y,20260322
I10,세종특별자치시교육청,9300119,미르초등학교,2025,,초등학교,공휴일,20251008,대체공휴일,,Y,Y,Y,Y,Y,Y,20260322
I10,세종특별자치시교육청,9300119,미르초등학교,2025,,초등학교,공휴일,20251009,추석연휴,,Y,Y,Y,Y,Y,Y,20260322
I10,세종특별자치시교육청,9300119,미르초등학교,2025,,초등학교,공휴일,20251009,한글날,,Y,Y,Y,Y,Y,Y,20260322
I10,세종특별자치시교육청,9300119,미르초등학교,2025,,초등학교,휴업일,20251010,학교장재량휴업일,,Y,Y,Y,Y,Y,Y,20260322
I10,세종특별자치시교육청,9300119,미르초등학교,2025,,초등학교,휴업일,20251011,토요휴업일,,Y,Y,Y,Y,Y,Y,20260322
I10,세종특별자치시교육청,9300119,미르초등학교,2025,,초등학교,휴업일,20251018,토요휴업일,,Y,Y,Y,Y,Y,Y,20260322
I10,세종특별자치시교육청,9300119,미르초등학교,2025,,초등학교,휴업일,20251025,토요휴업일,,Y,Y,Y,Y,Y,Y,20260322
I10,세종특별자치시교육청,9300119,미르초등학교,2025,,초등학교,휴업일,20251101,토요휴업일,,Y,Y,Y,Y,Y,Y,20260322
I10,세종특별자치시교육청,9300119,미르초등학교,2025,,초등학교,휴업일,20251108,토요휴업일,,Y,Y,Y,Y,Y,Y,20260322
I10,세종특별자치시교육청,9300119,미르초등학교,2025,,초등학교,휴업일,20251115,토요휴업일,,Y,Y,Y,Y,Y,Y,20260322
I10,세종특별자치시교육청,9300119,미르초등학교,2025,,초등학교,휴업일,20251122,토요휴업일,,Y,Y,Y,Y,Y,Y,20260322
I10,세종특별자치시교육청,9300119,미르초등학교,2025,,초등학교,휴업일,20251129,토요휴업일,,Y,Y,Y,Y,Y,Y,20260322
I10,세종특별자치시교육청,9300119,미르초등학교,2025,,초등학교,휴업일,20251206,토요휴업일,,Y,Y,Y,Y,Y,Y,20260322
I10,세종특별자치시교육청,9300119,미르초등학교,2025,,초등학교,휴업일,20251213,토요휴업일,,Y,Y,Y,Y,Y,Y,20260322
I10,세종특별자치시교육청,9300119,미르초등학교,2025,,초등학교,휴업일,20251220,토요휴업일,,Y,Y,Y,Y,Y,Y,20260322
I10,세종특별자치시교육청,9300119,미르초등학교,2025,,초등학교,공휴일,20251225,성탄절,,Y,Y,Y,Y,Y,Y,20260322
I10,세종특별자치시교육청,9300119,미르초등학교,2025,,초등학교,휴업일,20251227,토요휴업일,,Y,Y,Y,Y,Y,Y,20260322
I10,세종특별자치시교육청,9300119,미르초등학교,2025,,초등학교,공휴일,20260101,신정,,Y,Y,Y,Y,Y,Y,20260322
I10,세종특별자치시교육청,9300119,미르초등학교,2025,,초등학교,휴업일,20260103,토요휴업일,,Y,Y,Y,Y,Y,Y,20260322
I10,세종특별자치시교육청,9300119,미르초등학교,2025,,초등학교,해당없음,20260106,겨울방학식,,Y,Y,Y,Y,Y,Y,20260322
I10,세종특별자치시교육청,9300119,미르초등학교,2025,,초등학교,해당없음,20260106,졸업식,,N,N,N,N,N,Y,20260322
I10,세종특별자치시교육청,9300119,미르초등학교,2025,,초등학교,휴업일,20260107,겨울방학,,Y,Y,Y,Y,Y,Y,20260322
I10,세종특별자치시교육청,9300119,미르초등학교,2025,,초등학교,휴업일,20260108,겨울방학,,Y,Y,Y,Y,Y,Y,20260322
I10,세종특별자치시교육청,9300119,미르초등학교,2025,,초등학교,휴업일,20260109,겨울방학,,Y,Y,Y,Y,Y,Y,20260322
I10,세종특별자치시교육청,9300119,미르초등학교,2025,,초등학교,휴업일,20260110,겨울방학,,Y,Y,Y,Y,Y,Y,20260322
I10,세종특별자치시교육청,9300119,미르초등학교,2025,,초등학교,휴업일,20260110,토요휴업일,,Y,Y,Y,Y,Y,Y,20260322
I10,세종특별자치시교육청,9300119,미르초등학교,2025,,초등학교,휴업일,20260111,겨울방학,,Y,Y,Y,Y,Y,Y,20260322
I10,세종특별자치시교육청,9300119,미르초등학교,2025,,초등학교,휴업일,20260112,겨울방학,,Y,Y,Y,Y,Y,Y,20260322
I10,세종특별자치시교육청,9300119,미르초등학교,2025,,초등학교,휴업일,20260113,겨울방학,,Y,Y,Y,Y,Y,Y,20260322
I10,세종특별자치시교육청,9300119,미르초등학교,2025,,초등학교,휴업일,20260114,겨울방학,,Y,Y,Y,Y,Y,Y,20260322
I10,세종특별자치시교육청,9300119,미르초등학교,2025,,초등학교,휴업일,20260115,겨울방학,,Y,Y,Y,Y,Y,Y,20260322
I10,세종특별자치시교육청,9300119,미르초등학교,2025,,초등학교,휴업일,20260116,겨울방학,,Y,Y,Y,Y,Y,Y,20260322
I10,세종특별자치시교육청,9300119,미르초등학교,2025,,초등학교,휴업일,20260117,겨울방학,,Y,Y,Y,Y,Y,Y,20260322
I10,세종특별자치시교육청,9300119,미르초등학교,2025,,초등학교,휴업일,20260117,토요휴업일,,Y,Y,Y,Y,Y,Y,20260322
I10,세종특별자치시교육청,9300119,미르초등학교,2025,,초등학교,휴업일,20260118,겨울방학,,Y,Y,Y,Y,Y,Y,20260322
I10,세종특별자치시교육청,9300119,미르초등학교,2025,,초등학교,휴업일,20260119,겨울방학,,Y,Y,Y,Y,Y,Y,20260322
I10,세종특별자치시교육청,9300119,미르초등학교,2025,,초등학교,휴업일,20260120,겨울방학,,Y,Y,Y,Y,Y,Y,20260322
I10,세종특별자치시교육청,9300119,미르초등학교,2025,,초등학교,휴업일,20260121,겨울방학,,Y,Y,Y,Y,Y,Y,20260322
I10,세종특별자치시교육청,9300119,미르초등학교,2025,,초등학교,휴업일,20260122,겨울방학,,Y,Y,Y,Y,Y,Y,20260322
I10,세종특별자치시교육청,9300119,미르초등학교,2025,,초등학교,휴업일,20260123,겨울방학,,Y,Y,Y,Y,Y,Y,20260322
I10,세종특별자치시교육청,9300119,미르초등학교,2025,,초등학교,휴업일,20260124,겨울방학,,Y,Y,Y,Y,Y,Y,20260322
I10,세종특별자치시교육청,9300119,미르초등학교,2025,,초등학교,휴업일,20260124,토요휴업일,,Y,Y,Y,Y,Y,Y,20260322
I10,세종특별자치시교육청,9300119,미르초등학교,2025,,초등학교,휴업일,20260125,겨울방학,,Y,Y,Y,Y,Y,Y,20260322
I10,세종특별자치시교육청,9300119,미르초등학교,2025,,초등학교,휴업일,20260126,겨울방학,,Y,Y,Y,Y,Y,Y,20260322
I10,세종특별자치시교육청,9300119,미르초등학교,2025,,초등학교,휴업일,20260127,겨울방학,,Y,Y,Y,Y,Y,Y,20260322
I10,세종특별자치시교육청,9300119,미르초등학교,2025,,초등학교,휴업일,20260128,겨울방학,,Y,Y,Y,Y,Y,Y,20260322
I10,세종특별자치시교육청,9300119,미르초등학교,2025,,초등학교,휴업일,20260129,겨울방학,,Y,Y,Y,Y,Y,Y,20260322
I10,세종특별자치시교육청,9300119,미르초등학교,2025,,초등학교,휴업일,20260130,겨울방학,,Y,Y,Y,Y,Y,Y,20260322
I10,세종특별자치시교육청,9300119,미르초등학교,2025,,초등학교,휴업일,20260131,겨울방학,,Y,Y,Y,Y,Y,Y,20260322
I10,세종특별자치시교육청,9300119,미르초등학교,2025,,초등학교,휴업일,20260131,토요휴업일,,Y,Y,Y,Y,Y,Y,20260322
I10,세종특별자치시교육청,9300119,미르초등학교,2025,,초등학교,휴업일,20260201,겨울방학,,Y,Y,Y,Y,Y,Y,20260322
I10,세종특별자치시교육청,9300119,미르초등학교,2025,,초등학교,휴업일,20260202,겨울방학,,Y,Y,Y,Y,Y,Y,20260322
I10,세종특별자치시교육청,9300119,미르초등학교,2025,,초등학교,휴업일,20260203,겨울방학,,Y,Y,Y,Y,Y,Y,20260322
I10,세종특별자치시교육청,9300119,미르초등학교,2025,,초등학교,휴업일,20260204,겨울방학,,Y,Y,Y,Y,Y,Y,20260322
I10,세종특별자치시교육청,9300119,미르초등학교,2025,,초등학교,휴업일,20260205,겨울방학,,Y,Y,Y,Y,Y,Y,20260322
I10,세종특별자치시교육청,9300119,미르초등학교,2025,,초등학교,휴업일,20260206,겨울방학,,Y,Y,Y,Y,Y,Y,20260322
I10,세종특별자치시교육청,9300119,미르초등학교,2025,,초등학교,휴업일,20260207,겨울방학,,Y,Y,Y,Y,Y,Y,20260322
I10,세종특별자치시교육청,9300119,미르초등학교,2025,,초등학교,휴업일,20260207,토요휴업일,,Y,Y,Y,Y,Y,Y,20260322
I10,세종특별자치시교육청,9300119,미르초등학교,2025,,초등학교,휴업일,20260208,겨울방학,,Y,Y,Y,Y,Y,Y,20260322
I10,세종특별자치시교육청,9300119,미르초등학교,2025,,초등학교,휴업일,20260209,겨울방학,,Y,Y,Y,Y,Y,Y,20260322
I10,세종특별자치시교육청,9300119,미르초등학교,2025,,초등학교,휴업일,20260210,겨울방학,,Y,Y,Y,Y,Y,Y,20260322
I10,세종특별자치시교육청,9300119,미르초등학교,2025,,초등학교,휴업일,20260211,겨울방학,,Y,Y,Y,Y,Y,Y,20260322
I10,세종특별자치시교육청,9300119,미르초등학교,2025,,초등학교,휴업일,20260212,겨울방학,,Y,Y,Y,Y,Y,Y,20260322
I10,세종특별자치시교육청,9300119,미르초등학교,2025,,초등학교,휴업일,20260213,겨울방학,,Y,Y,Y,Y,Y,Y,20260322
I10,세종특별자치시교육청,9300119,미르초등학교,2025,,초등학교,휴업일,20260214,겨울방학,,Y,Y,Y,Y,Y,Y,20260322
I10,세종특별자치시교육청,9300119,미르초등학교,2025,,초등학교,휴업일,20260214,토요휴업일,,Y,Y,Y,Y,Y,Y,20260322
I10,세종특별자치시교육청,9300119,미르초등학교,2025,,초등학교,휴업일,20260215,겨울방학,,Y,Y,Y,Y,Y,Y,20260322
I10,세종특별자치시교육청,9300119,미르초등학교,2025,,초등학교,휴업일,20260216,겨울방학,,Y,Y,Y,Y,Y,Y,20260322
I10,세종특별자치시교육청,9300119,미르초등학교,2025,,초등학교,공휴일,20260216,설날,,Y,Y,Y,Y,Y,Y,20260322
I10,세종특별자치시교육청,9300119,미르초등학교,2025,,초등학교,휴업일,20260217,겨울방학,,Y,Y,Y,Y,Y,Y,20260322
I10,세종특별자치시교육청,9300119,미르초등학교,2025,,초등학교,공휴일,20260217,설날,,Y,Y,Y,Y,Y,Y,20260322
I10,세종특별자치시교육청,9300119,미르초등학교,2025,,초등학교,휴업일,20260218,겨울방학,,Y,Y,Y,Y,Y,Y,20260322
I10,세종특별자치시교육청,9300119,미르초등학교,2025,,초등학교,공휴일,20260218,설날,,Y,Y,Y,Y,Y,Y,20260322
I10,세종특별자치시교육청,9300119,미르초등학교,2025,,초등학교,휴업일,20260219,겨울방학,,Y,Y,Y,Y,Y,Y,20260322
I10,세종특별자치시교육청,9300119,미르초등학교,2025,,초등학교,휴업일,20260220,겨울방학,,Y,Y,Y,Y,Y,Y,20260322
I10,세종특별자치시교육청,9300119,미르초등학교,2025,,초등학교,휴업일,20260221,겨울방학,,Y,Y,Y,Y,Y,Y,20260322
I10,세종특별자치시교육청,9300119,미르초등학교,2025,,초등학교,휴업일,20260221,토요휴업일,,Y,Y,Y,Y,Y,Y,20260322
I10,세종특별자치시교육청,9300119,미르초등학교,2025,,초등학교,휴업일,20260222,겨울방학,,Y,Y,Y,Y,Y,Y,20260322
I10,세종특별자치시교육청,9300119,미르초등학교,2025,,초등학교,휴업일,20260223,겨울방학,,Y,Y,Y,Y,Y,Y,20260322
I10,세종특별자치시교육청,9300119,미르초등학교,2025,,초등학교,휴업일,20260224,겨울방학,,Y,Y,Y,Y,Y,Y,20260322
I10,세종특별자치시교육청,9300119,미르초등학교,2025,,초등학교,휴업일,20260225,겨울방학,,Y,Y,Y,Y,Y,Y,20260322
I10,세종특별자치시교육청,9300119,미르초등학교,2025,,초등학교,휴업일,20260226,겨울방학,,Y,Y,Y,Y,Y,Y,20260322
I10,세종특별자치시교육청,9300119,미르초등학교,2025,,초등학교,휴업일,20260227,겨울방학,,Y,Y,Y,Y,Y,Y,20260322
I10,세종특별자치시교육청,9300119,미르초등학교,2025,,초등학교,휴업일,20260228,겨울방학,,Y,Y,Y,Y,Y,Y,20260322
I10,세종특별자치시교육청,9300119,미르초등학교,2025,,초등학교,휴업일,20260228,토요휴업일,,Y,Y,Y,Y,Y,Y,20260322
I10,세종특별자치시교육청,9300119,미르초등학교,2026,,초등학교,공휴일,20260301,3·1절,,Y,Y,Y,Y,Y,Y,20260322
I10,세종특별자치시교육청,9300119,미르초등학교,2026,,초등학교,공휴일,20260302,대체공휴일,,Y,Y,Y,Y,Y,Y,20260322
I10,세종특별자치시교육청,9300119,미르초등학교,2026,,초등학교,해당없음,20260303,시업식,,N,Y,Y,Y,Y,Y,20260322
I10,세종특별자치시교육청,9300119,미르초등학교,2026,,초등학교,해당없음,20260303,입학식,,Y,N,N,N,N,N,20260322
I10,세종특별자치시교육청,9300119,미르초등학교,2026,,초등학교,휴업일,20260307,토요휴업일,,Y,Y,Y,Y,Y,Y,20260322
I10,세종특별자치시교육청,9300119,미르초등학교,2026,,초등학교,휴업일,20260314,토요휴업일,,Y,Y,Y,Y,Y,Y,20260322
I10,세종특별자치시교육청,9300119,미르초등학교,2026,,초등학교,휴업일,20260321,토요휴업일,,Y,Y,Y,Y,Y,Y,20260322
I10,세종특별자치시교육청,9300119,미르초등학교,2026,,초등학교,휴업일,20260328,토요휴업일,,Y,Y,Y,Y,Y,Y,20260322
I10,세종특별자치시교육청,9300119,미르초등학교,2026,,초등학교,휴업일,20260404,토요휴업일,,Y,Y,Y,Y,Y,Y,20260322
I10,세종특별자치시교육청,9300119,미르초등학교,2026,,초등학교,휴업일,20260411,토요휴업일,,Y,Y,Y,Y,Y,Y,20260322
I10,세종특별자치시교육청,9300119,미르초등학교,2026,,초등학교,휴업일,20260418,토요휴업일,,Y,Y,Y,Y,Y,Y,20260322
I10,세종특별자치시교육청,9300119,미르초등학교,2026,,초등학교,휴업일,20260425,토요휴업일,,Y,Y,Y,Y,Y,Y,20260322
I10,세종특별자치시교육청,9300119,미르초등학교,2026,,초등학교,휴업일,20260501,학교장재량휴업일,,Y,Y,Y,Y,Y,Y,20260322
I10,세종특별자치시교육청,9300119,미르초등학교,2026,,초등학교,휴업일,20260502,토요휴업일,,Y,Y,Y,Y,Y,Y,20260322
I10,세종특별자치시교육청,9300119,미르초등학교,2026,,초등학교,휴업일,20260504,학교장재량휴업일,,Y,Y,Y,Y,Y,Y,20260322
I10,세종특별자치시교육청,9300119,미르초등학교,2026,,초등학교,공휴일,20260505,어린이날,,Y,Y,Y,Y,Y,Y,20260322
I10,세종특별자치시교육청,9300119,미르초등학교,2026,,초등학교,휴업일,20260509,토요휴업일,,Y,Y,Y,Y,Y,Y,20260322
I10,세종특별자치시교육청,9300119,미르초등학교,2026,,초등학교,휴업일,20260516,토요휴업일,,Y,Y,Y,Y,Y,Y,20260322
I10,세종특별자치시교육청,9300119,미르초등학교,2026,,초등학교,휴업일,20260523,토요휴업일,,Y,Y,Y,Y,Y,Y,20260322
I10,세종특별자치시교육청,9300119,미르초등학교,2026,,초등학교,공휴일,20260524,석가탄신일,,Y,Y,Y,Y,Y,Y,20260322
I10,세종특별자치시교육청,9300119,미르초등학교,2026,,초등학교,공휴일,20260525,대체공휴일,,Y,Y,Y,Y,Y,Y,20260322
I10,세종특별자치시교육청,9300119,미르초등학교,2026,,초등학교,휴업일,20260530,토요휴업일,,Y,Y,Y,Y,Y,Y,20260322
I10,세종특별자치시교육청,9300119,미르초등학교,2026,,초등학교,공휴일,20260603,전국동시지방선거일,,Y,Y,Y,Y,Y,Y,20260322
I10,세종특별자치시교육청,9300119,미르초등학교,2026,,초등학교,공휴일,20260606,현충일,,Y,Y,Y,Y,Y,Y,20260322
I10,세종특별자치시교육청,9300119,미르초등학교,2026,,초등학교,휴업일,20260613,토요휴업일,,Y,Y,Y,Y,Y,Y,20260322
I10,세종특별자치시교육청,9300119,미르초등학교,2026,,초등학교,휴업일,20260620,토요휴업일,,Y,Y,Y,Y,Y,Y,20260322
I10,세종특별자치시교육청,9300119,미르초등학교,2026,,초등학교,휴업일,20260627,토요휴업일,,Y,Y,Y,Y,Y,Y,20260322
I10,세종특별자치시교육청,9300119,미르초등학교,2026,,초등학교,휴업일,20260704,토요휴업일,,Y,Y,Y,Y,Y,Y,20260322
I10,세종특별자치시교육청,9300119,미르초등학교,2026,,초등학교,휴업일,20260711,토요휴업일,,Y,Y,Y,Y,Y,Y,20260322
I10,세종특별자치시교육청,9300119,미르초등학교,2026,,초등학교,공휴일,20260717,제헌절,,Y,Y,Y,Y,Y,Y,20260322
I10,세종특별자치시교육청,9300119,미르초등학교,2026,,초등학교,휴업일,20260718,토요휴업일,,Y,Y,Y,Y,Y,Y,20260322
I10,세종특별자치시교육청,9300119,미르초등학교,2026,,초등학교,해당없음,20260721,여름방학식,,Y,Y,Y,Y,Y,Y,20260322
I10,세종특별자치시교육청,9300119,미르초등학교,2026,,초등학교,휴업일,20260722,여름방학,,Y,Y,Y,Y,Y,Y,20260322
I10,세종특별자치시교육청,9300119,미르초등학교,2026,,초등학교,휴업일,20260723,여름방학,,Y,Y,Y,Y,Y,Y,20260322
I10,세종특별자치시교육청,9300119,미르초등학교,2026,,초등학교,휴업일,20260724,여름방학,,Y,Y,Y,Y,Y,Y,20260322
I10,세종특별자치시교육청,9300119,미르초등학교,2026,,초등학교,휴업일,20260725,여름방학,,Y,Y,Y,Y,Y,Y,20260322
I10,세종특별자치시교육청,9300119,미르초등학교,2026,,초등학교,휴업일,20260725,토요휴업일,,Y,Y,Y,Y,Y,Y,20260322
I10,세종특별자치시교육청,9300119,미르초등학교,2026,,초등학교,휴업일,20260726,여름방학,,Y,Y,Y,Y,Y,Y,20260322
I10,세종특별자치시교육청,9300119,미르초등학교,2026,,초등학교,휴업일,20260727,여름방학,,Y,Y,Y,Y,Y,Y,20260322
I10,세종특별자치시교육청,9300119,미르초등학교,2026,,초등학교,휴업일,20260728,여름방학,,Y,Y,Y,Y,Y,Y,20260322
I10,세종특별자치시교육청,9300119,미르초등학교,2026,,초등학교,휴업일,20260729,여름방학,,Y,Y,Y,Y,Y,Y,20260322
I10,세종특별자치시교육청,9300119,미르초등학교,2026,,초등학교,휴업일,20260730,여름방학,,Y,Y,Y,Y,Y,Y,20260322
I10,세종특별자치시교육청,9300119,미르초등학교,2026,,초등학교,휴업일,20260731,여름방학,,Y,Y,Y,Y,Y,Y,20260322
I10,세종특별자치시교육청,9300119,미르초등학교,2026,,초등학교,휴업일,20260801,여름방학,,Y,Y,Y,Y,Y,Y,20260322
I10,세종특별자치시교육청,9300119,미르초등학교,2026,,초등학교,휴업일,20260801,토요휴업일,,Y,Y,Y,Y,Y,Y,20260322
I10,세종특별자치시교육청,9300119,미르초등학교,2026,,초등학교,휴업일,20260802,여름방학,,Y,Y,Y,Y,Y,Y,20260322
I10,세종특별자치시교육청,9300119,미르초등학교,2026,,초등학교,휴업일,20260803,여름방학,,Y,Y,Y,Y,Y,Y,20260322
I10,세종특별자치시교육청,9300119,미르초등학교,2026,,초등학교,휴업일,20260804,여름방학,,Y,Y,Y,Y,Y,Y,20260322
I10,세종특별자치시교육청,9300119,미르초등학교,2026,,초등학교,휴업일,20260805,여름방학,,Y,Y,Y,Y,Y,Y,20260322
I10,세종특별자치시교육청,9300119,미르초등학교,2026,,초등학교,휴업일,20260806,여름방학,,Y,Y,Y,Y,Y,Y,20260322
I10,세종특별자치시교육청,9300119,미르초등학교,2026,,초등학교,휴업일,20260807,여름방학,,Y,Y,Y,Y,Y,Y,20260322
I10,세종특별자치시교육청,9300119,미르초등학교,2026,,초등학교,휴업일,20260808,여름방학,,Y,Y,Y,Y,Y,Y,20260322
I10,세종특별자치시교육청,9300119,미르초등학교,2026,,초등학교,휴업일,20260808,토요휴업일,,Y,Y,Y,Y,Y,Y,20260322
I10,세종특별자치시교육청,9300119,미르초등학교,2026,,초등학교,휴업일,20260809,여름방학,,Y,Y,Y,Y,Y,Y,20260322
I10,세종특별자치시교육청,9300119,미르초등학교,2026,,초등학교,휴업일,20260810,여름방학,,Y,Y,Y,Y,Y,Y,20260322
I10,세종특별자치시교육청,9300119,미르초등학교,2026,,초등학교,휴업일,20260811,여름방학,,Y,Y,Y,Y,Y,Y,20260322
I10,세종특별자치시교육청,9300119,미르초등학교,2026,,초등학교,휴업일,20260812,여름방학,,Y,Y,Y,Y,Y,Y,20260322
I10,세종특별자치시교육청,9300119,미르초등학교,2026,,초등학교,휴업일,20260813,여름방학,,Y,Y,Y,Y,Y,Y,20260322
I10,세종특별자치시교육청,9300119,미르초등학교,2026,,초등학교,휴업일,20260814,여름방학,,Y,Y,Y,Y,Y,Y,20260322
I10,세종특별자치시교육청,9300119,미르초등학교,2026,,초등학교,휴업일,20260815,여름방학,,Y,Y,Y,Y,Y,Y,20260322
I10,세종특별자치시교육청,9300119,미르초등학교,2026,,초등학교,공휴일,20260815,광복절,,Y,Y,Y,Y,Y,Y,20260322
I10,세종특별자치시교육청,9300119,미르초등학교,2026,,초등학교,휴업일,20260816,여름방학,,Y,Y,Y,Y,Y,Y,20260322
I10,세종특별자치시교육청,9300119,미르초등학교,2026,,초등학교,휴업일,20260817,여름방학,,Y,Y,Y,Y,Y,Y,20260322
I10,세종특별자치시교육청,9300119,미르초등학교,2026,,초등학교,공휴일,20260817,대체공휴일,,Y,Y,Y,Y,Y,Y,20260322
I10,세종특별자치시교육청,9300119,미르초등학교,2026,,초등학교,휴업일,20260818,여름방학,,Y,Y,Y,Y,Y,Y,20260322
I10,세종특별자치시교육청,9300119,미르초등학교,2026,,초등학교,휴업일,20260819,여름방학,,Y,Y,Y,Y,Y,Y,20260322
I10,세종특별자치시교육청,9300119,미르초등학교,2026,,초등학교,휴업일,20260822,토요휴업일,,Y,Y,Y,Y,Y,Y,20260322
I10,세종특별자치시교육청,9300119,미르초등학교,2026,,초등학교,휴업일,20260829,토요휴업일,,Y,Y,Y,Y,Y,Y,20260322
I10,세종특별자치시교육청,9300119,미르초등학교,2026,,초등학교,휴업일,20260905,토요휴업일,,Y,Y,Y,Y,Y,Y,20260322
I10,세종특별자치시교육청,9300119,미르초등학교,2026,,초등학교,휴업일,20260912,토요휴업일,,Y,Y,Y,Y,Y,Y,20260322
I10,세종특별자치시교육청,9300119,미르초등학교,2026,,초등학교,휴업일,20260919,토요휴업일,,Y,Y,Y,Y,Y,Y,20260322
I10,세종특별자치시교육청,9300119,미르초등학교,2026,,초등학교,공휴일,20260924,추석연휴,,Y,Y,Y,Y,Y,Y,20260322
I10,세종특별자치시교육청,9300119,미르초등학교,2026,,초등학교,공휴일,20260925,추석,,Y,Y,Y,Y,Y,Y,20260322
I10,세종특별자치시교육청,9300119,미르초등학교,2026,,초등학교,휴업일,20260926,토요휴업일,,Y,Y,Y,Y,Y,Y,20260322
I10,세종특별자치시교육청,9300119,미르초등학교,2026,,초등학교,공휴일,20261003,개천절,,Y,Y,Y,Y,Y,Y,20260322
I10,세종특별자치시교육청,9300119,미르초등학교,2026,,초등학교,공휴일,20261005,대체공휴일,,Y,Y,Y,Y,Y,Y,20260322
I10,세종특별자치시교육청,9300119,미르초등학교,2026,,초등학교,공휴일,20261009,한글날,,Y,Y,Y,Y,Y,Y,20260322
I10,세종특별자치시교육청,9300119,미르초등학교,2026,,초등학교,휴업일,20261010,토요휴업일,,Y,Y,Y,Y,Y,Y,20260322
I10,세종특별자치시교육청,9300119,미르초등학교,2026,,초등학교,휴업일,20261017,토요휴업일,,Y,Y,Y,Y,Y,Y,20260322
I10,세종특별자치시교육청,9300119,미르초등학교,2026,,초등학교,휴업일,20261024,토요휴업일,,Y,Y,Y,Y,Y,Y,20260322
I10,세종특별자치시교육청,9300119,미르초등학교,2026,,초등학교,휴업일,20261031,토요휴업일,,Y,Y,Y,Y,Y,Y,20260322
I10,세종특별자치시교육청,9300119,미르초등학교,2026,,초등학교,휴업일,20261107,토요휴업일,,Y,Y,Y,Y,Y,Y,20260322
I10,세종특별자치시교육청,9300119,미르초등학교,2026,,초등학교,휴업일,20261114,토요휴업일,,Y,Y,Y,Y,Y,Y,20260322
I10,세종특별자치시교육청,9300119,미르초등학교,2026,,초등학교,휴업일,20261121,토요휴업일,,Y,Y,Y,Y,Y,Y,20260322
I10,세종특별자치시교육청,9300119,미르초등학교,2026,,초등학교,휴업일,20261128,토요휴업일,,Y,Y,Y,Y,Y,Y,20260322
I10,세종특별자치시교육청,9300119,미르초등학교,2026,,초등학교,휴업일,20261205,토요휴업일,,Y,Y,Y,Y,Y,Y,20260322
I10,세종특별자치시교육청,9300119,미르초등학교,2026,,초등학교,휴업일,20261212,토요휴업일,,Y,Y,Y,Y,Y,Y,20260322
I10,세종특별자치시교육청,9300119,미르초등학교,2026,,초등학교,휴업일,20261219,토요휴업일,,Y,Y,Y,Y,Y,Y,20260322
I10,세종특별자치시교육청,9300119,미르초등학교,2026,,초등학교,공휴일,20261225,성탄절,,Y,Y,Y,Y,Y,Y,20260322
I10,세종특별자치시교육청,9300119,미르초등학교,2026,,초등학교,휴업일,20261226,토요휴업일,,Y,Y,Y,Y,Y,Y,20260322
I10,세종특별자치시교육청,9300119,미르초등학교,2026,,초등학교,공휴일,20270101,신정,,Y,Y,Y,Y,Y,Y,20260322
I10,세종특별자치시교육청,9300119,미르초등학교,2026,,초등학교,휴업일,20270102,토요휴업일,,Y,Y,Y,Y,Y,Y,20260322
I10,세종특별자치시교육청,9300119,미르초등학교,2026,,초등학교,해당없음,20270107,종업식,,Y,Y,Y,Y,Y,N,20260322
I10,세종특별자치시교육청,9300119,미르초등학교,2026,,초등학교,해당없음,20270107,졸업식,,N,N,N,N,N,Y,20260322
I10,세종특별자치시교육청,9300119,미르초등학교,2026,,초등학교,휴업일,20270108,겨울방학,,Y,Y,Y,Y,Y,Y,20260322
I10,세종특별자치시교육청,9300119,미르초등학교,2026,,초등학교,휴업일,20270109,겨울방학,,Y,Y,Y,Y,Y,Y,20260322
I10,세종특별자치시교육청,9300119,미르초등학교,2026,,초등학교,휴업일,20270109,토요휴업일,,Y,Y,Y,Y,Y,Y,20260322
I10,세종특별자치시교육청,9300119,미르초등학교,2026,,초등학교,휴업일,20270110,겨울방학,,Y,Y,Y,Y,Y,Y,20260322
I10,세종특별자치시교육청,9300119,미르초등학교,2026,,초등학교,휴업일,20270111,겨울방학,,Y,Y,Y,Y,Y,Y,20260322
I10,세종특별자치시교육청,9300119,미르초등학교,2026,,초등학교,휴업일,20270112,겨울방학,,Y,Y,Y,Y,Y,Y,20260322
I10,세종특별자치시교육청,9300119,미르초등학교,2026,,초등학교,휴업일,20270113,겨울방학,,Y,Y,Y,Y,Y,Y,20260322
I10,세종특별자치시교육청,9300119,미르초등학교,2026,,초등학교,휴업일,20270114,겨울방학,,Y,Y,Y,Y,Y,Y,20260322
I10,세종특별자치시교육청,9300119,미르초등학교,2026,,초등학교,휴업일,20270115,겨울방학,,Y,Y,Y,Y,Y,Y,20260322
I10,세종특별자치시교육청,9300119,미르초등학교,2026,,초등학교,휴업일,20270116,겨울방학,,Y,Y,Y,Y,Y,Y,20260322
I10,세종특별자치시교육청,9300119,미르초등학교,2026,,초등학교,휴업일,20270116,토요휴업일,,Y,Y,Y,Y,Y,Y,20260322
I10,세종특별자치시교육청,9300119,미르초등학교,2026,,초등학교,휴업일,20270117,겨울방학,,Y,Y,Y,Y,Y,Y,20260322
I10,세종특별자치시교육청,9300119,미르초등학교,2026,,초등학교,휴업일,20270118,겨울방학,,Y,Y,Y,Y,Y,Y,20260322
I10,세종특별자치시교육청,9300119,미르초등학교,2026,,초등학교,휴업일,20270119,겨울방학,,Y,Y,Y,Y,Y,Y,20260322
I10,세종특별자치시교육청,9300119,미르초등학교,2026,,초등학교,휴업일,20270120,겨울방학,,Y,Y,Y,Y,Y,Y,20260322
I10,세종특별자치시교육청,9300119,미르초등학교,2026,,초등학교,휴업일,20270121,겨울방학,,Y,Y,Y,Y,Y,Y,20260322
I10,세종특별자치시교육청,9300119,미르초등학교,2026,,초등학교,휴업일,20270122,겨울방학,,Y,Y,Y,Y,Y,Y,20260322
I10,세종특별자치시교육청,9300119,미르초등학교,2026,,초등학교,휴업일,20270123,겨울방학,,Y,Y,Y,Y,Y,Y,20260322
I10,세종특별자치시교육청,9300119,미르초등학교,2026,,초등학교,휴업일,20270123,토요휴업일,,Y,Y,Y,Y,Y,Y,20260322
I10,세종특별자치시교육청,9300119,미르초등학교,2026,,초등학교,휴업일,20270124,겨울방학,,Y,Y,Y,Y,Y,Y,20260322
I10,세종특별자치시교육청,9300119,미르초등학교,2026,,초등학교,휴업일,20270125,겨울방학,,Y,Y,Y,Y,Y,Y,20260322
I10,세종특별자치시교육청,9300119,미르초등학교,2026,,초등학교,휴업일,20270126,겨울방학,,Y,Y,Y,Y,Y,Y,20260322
I10,세종특별자치시교육청,9300119,미르초등학교,2026,,초등학교,휴업일,20270127,겨울방학,,Y,Y,Y,Y,Y,Y,20260322
I10,세종특별자치시교육청,9300119,미르초등학교,2026,,초등학교,휴업일,20270128,겨울방학,,Y,Y,Y,Y,Y,Y,20260322
I10,세종특별자치시교육청,9300119,미르초등학교,2026,,초등학교,휴업일,20270129,겨울방학,,Y,Y,Y,Y,Y,Y,20260322
I10,세종특별자치시교육청,9300119,미르초등학교,2026,,초등학교,휴업일,20270130,겨울방학,,Y,Y,Y,Y,Y,Y,20260322
I10,세종특별자치시교육청,9300119,미르초등학교,2026,,초등학교,휴업일,20270130,토요휴업일,,Y,Y,Y,Y,Y,Y,20260322
I10,세종특별자치시교육청,9300119,미르초등학교,2026,,초등학교,휴업일,20270131,겨울방학,,Y,Y,Y,Y,Y,Y,20260322
I10,세종특별자치시교육청,9300119,미르초등학교,2026,,초등학교,휴업일,20270201,겨울방학,,Y,Y,Y,Y,Y,Y,20260322
I10,세종특별자치시교육청,9300119,미르초등학교,2026,,초등학교,휴업일,20270202,겨울방학,,Y,Y,Y,Y,Y,Y,20260322
I10,세종특별자치시교육청,9300119,미르초등학교,2026,,초등학교,휴업일,20270203,겨울방학,,Y,Y,Y,Y,Y,Y,20260322
I10,세종특별자치시교육청,9300119,미르초등학교,2026,,초등학교,휴업일,20270204,겨울방학,,Y,Y,Y,Y,Y,Y,20260322
I10,세종특별자치시교육청,9300119,미르초등학교,2026,,초등학교,휴업일,20270205,겨울방학,,Y,Y,Y,Y,Y,Y,20260322
I10,세종특별자치시교육청,9300119,미르초등학교,2026,,초등학교,휴업일,20270206,겨울방학,,Y,Y,Y,Y,Y,Y,20260322
I10,세종특별자치시교육청,9300119,미르초등학교,2026,,초등학교,휴업일,20270206,토요휴업일,,Y,Y,Y,Y,Y,Y,20260322
I10,세종특별자치시교육청,9300119,미르초등학교,2026,,초등학교,휴업일,20270207,겨울방학,,Y,Y,Y,Y,Y,Y,20260322
I10,세종특별자치시교육청,9300119,미르초등학교,2026,,초등학교,공휴일,20270207,설날,,Y,Y,Y,Y,Y,Y,20260322
I10,세종특별자치시교육청,9300119,미르초등학교,2026,,초등학교,휴업일,20270208,겨울방학,,Y,Y,Y,Y,Y,Y,20260322
I10,세종특별자치시교육청,9300119,미르초등학교,2026,,초등학교,공휴일,20270208,설연휴,,Y,Y,Y,Y,Y,Y,20260322
I10,세종특별자치시교육청,9300119,미르초등학교,2026,,초등학교,휴업일,20270209,겨울방학,,Y,Y,Y,Y,Y,Y,20260322
I10,세종특별자치시교육청,9300119,미르초등학교,2026,,초등학교,공휴일,20270209,대체공휴일,,Y,Y,Y,Y,Y,Y,20260322
I10,세종특별자치시교육청,9300119,미르초등학교,2026,,초등학교,휴업일,20270210,겨울방학,,Y,Y,Y,Y,Y,Y,20260322
I10,세종특별자치시교육청,9300119,미르초등학교,2026,,초등학교,휴업일,20270211,겨울방학,,Y,Y,Y,Y,Y,Y,20260322
I10,세종특별자치시교육청,9300119,미르초등학교,2026,,초등학교,휴업일,20270212,겨울방학,,Y,Y,Y,Y,Y,Y,20260322
I10,세종특별자치시교육청,9300119,미르초등학교,2026,,초등학교,휴업일,20270213,겨울방학,,Y,Y,Y,Y,Y,Y,20260322
I10,세종특별자치시교육청,9300119,미르초등학교,2026,,초등학교,휴업일,20270213,토요휴업일,,Y,Y,Y,Y,Y,Y,20260322
I10,세종특별자치시교육청,9300119,미르초등학교,2026,,초등학교,휴업일,20270214,겨울방학,,Y,Y,Y,Y,Y,Y,20260322
I10,세종특별자치시교육청,9300119,미르초등학교,2026,,초등학교,휴업일,20270215,겨울방학,,Y,Y,Y,Y,Y,Y,20260322
I10,세종특별자치시교육청,9300119,미르초등학교,2026,,초등학교,휴업일,20270216,겨울방학,,Y,Y,Y,Y,Y,Y,20260322
I10,세종특별자치시교육청,9300119,미르초등학교,2026,,초등학교,휴업일,20270217,겨울방학,,Y,Y,Y,Y,Y,Y,20260322
I10,세종특별자치시교육청,9300119,미르초등학교,2026,,초등학교,휴업일,20270218,겨울방학,,Y,Y,Y,Y,Y,Y,20260322
I10,세종특별자치시교육청,9300119,미르초등학교,2026,,초등학교,휴업일,20270219,겨울방학,,Y,Y,Y,Y,Y,Y,20260322
I10,세종특별자치시교육청,9300119,미르초등학교,2026,,초등학교,휴업일,20270220,겨울방학,,Y,Y,Y,Y,Y,Y,20260322
I10,세종특별자치시교육청,9300119,미르초등학교,2026,,초등학교,휴업일,20270220,토요휴업일,,Y,Y,Y,Y,Y,Y,20260322
I10,세종특별자치시교육청,9300119,미르초등학교,2026,,초등학교,휴업일,20270221,겨울방학,,Y,Y,Y,Y,Y,Y,20260322
I10,세종특별자치시교육청,9300119,미르초등학교,2026,,초등학교,휴업일,20270222,겨울방학,,Y,Y,Y,Y,Y,Y,20260322
I10,세종특별자치시교육청,9300119,미르초등학교,2026,,초등학교,휴업일,20270223,겨울방학,,Y,Y,Y,Y,Y,Y,20260322
I10,세종특별자치시교육청,9300119,미르초등학교,2026,,초등학교,휴업일,20270224,겨울방학,,Y,Y,Y,Y,Y,Y,20260322
I10,세종특별자치시교육청,9300119,미르초등학교,2026,,초등학교,휴업일,20270225,겨울방학,,Y,Y,Y,Y,Y,Y,20260322
I10,세종특별자치시교육청,9300119,미르초등학교,2026,,초등학교,휴업일,20270226,겨울방학,,Y,Y,Y,Y,Y,Y,20260322
I10,세종특별자치시교육청,9300119,미르초등학교,2026,,초등학교,휴업일,20270227,겨울방학,,Y,Y,Y,Y,Y,Y,20260322
I10,세종특별자치시교육청,9300119,미르초등학교,2026,,초등학교,휴업일,20270227,토요휴업일,,Y,Y,Y,Y,Y,Y,20260322
I10,세종특별자치시교육청,9300119,미르초등학교,2026,,초등학교,휴업일,20270228,겨울방학,,Y,Y,Y,Y,Y,Y,20260322
I10,세종특별자치시교육청,9300347,바른초등학교,2025,,초등학교,공휴일,20250301,3·1절,,Y,Y,Y,Y,Y,Y,20260322
I10,세종특별자치시교육청,9300347,바른초등학교,2025,,초등학교,공휴일,20250303,대체공휴일,,Y,Y,Y,Y,Y,Y,20260322
I10,세종특별자치시교육청,9300347,바른초등학교,2025,,초등학교,해당없음,20250304,입학식,,Y,N,N,N,N,N,20260322
I10,세종특별자치시교육청,9300347,바른초등학교,2025,,초등학교,휴업일,20250308,토요휴업일,,Y,Y,Y,Y,Y,Y,20260322
I10,세종특별자치시교육청,9300347,바른초등학교,2025,,초등학교,휴업일,20250315,토요휴업일,,Y,Y,Y,Y,Y,Y,20260322
I10,세종특별자치시교육청,9300347,바른초등학교,2025,,초등학교,휴업일,20250322,토요휴업일,,Y,Y,Y,Y,Y,Y,20260322
I10,세종특별자치시교육청,9300347,바른초등학교,2025,,초등학교,휴업일,20250329,토요휴업일,,Y,Y,Y,Y,Y,Y,20260322
I10,세종특별자치시교육청,9300347,바른초등학교,2025,,초등학교,휴업일,20250405,토요휴업일,,Y,Y,Y,Y,Y,Y,20260322
I10,세종특별자치시교육청,9300347,바른초등학교,2025,,초등학교,휴업일,20250412,토요휴업일,,Y,Y,Y,Y,Y,Y,20260322
I10,세종특별자치시교육청,9300347,바른초등학교,2025,,초등학교,휴업일,20250419,토요휴업일,,Y,Y,Y,Y,Y,Y,20260322
I10,세종특별자치시교육청,9300347,바른초등학교,2025,,초등학교,휴업일,20250426,토요휴업일,,Y,Y,Y,Y,Y,Y,20260322
I10,세종특별자치시교육청,9300347,바른초등학교,2025,,초등학교,휴업일,20250503,토요휴업일,,Y,Y,Y,Y,Y,Y,20260322
I10,세종특별자치시교육청,9300347,바른초등학교,2025,,초등학교,공휴일,20250505,석가탄신일,,Y,Y,Y,Y,Y,Y,20260322
I10,세종특별자치시교육청,9300347,바른초등학교,2025,,초등학교,공휴일,20250506,대체공휴일,,Y,Y,Y,Y,Y,Y,20260322
I10,세종특별자치시교육청,9300347,바른초등학교,2025,,초등학교,휴업일,20250510,토요휴업일,,Y,Y,Y,Y,Y,Y,20260322
I10,세종특별자치시교육청,9300347,바른초등학교,2025,,초등학교,휴업일,20250517,토요휴업일,,Y,Y,Y,Y,Y,Y,20260322
I10,세종특별자치시교육청,9300347,바른초등학교,2025,,초등학교,휴업일,20250524,토요휴업일,,Y,Y,Y,Y,Y,Y,20260322
I10,세종특별자치시교육청,9300347,바른초등학교,2025,,초등학교,휴업일,20250531,토요휴업일,,Y,Y,Y,Y,Y,Y,20260322
I10,세종특별자치시교육청,9300347,바른초등학교,2025,,초등학교,휴업일,20250603,임시공휴일 ,대통령 선거 ,Y,Y,Y,Y,Y,Y,20260322
I10,세종특별자치시교육청,9300347,바른초등학교,2025,,초등학교,공휴일,20250606,현충일,,Y,Y,Y,Y,Y,Y,20260322
I10,세종특별자치시교육청,9300347,바른초등학교,2025,,초등학교,휴업일,20250607,토요휴업일,,Y,Y,Y,Y,Y,Y,20260322
I10,세종특별자치시교육청,9300347,바른초등학교,2025,,초등학교,휴업일,20250614,토요휴업일,,Y,Y,Y,Y,Y,Y,20260322
I10,세종특별자치시교육청,9300347,바른초등학교,2025,,초등학교,휴업일,20250621,토요휴업일,,Y,Y,Y,Y,Y,Y,20260322
I10,세종특별자치시교육청,9300347,바른초등학교,2025,,초등학교,휴업일,20250628,토요휴업일,,Y,Y,Y,Y,Y,Y,20260322
I10,세종특별자치시교육청,9300347,바른초등학교,2025,,초등학교,휴업일,20250705,토요휴업일,,Y,Y,Y,Y,Y,Y,20260322
I10,세종특별자치시교육청,9300347,바른초등학교,2025,,초등학교,휴업일,20250712,토요휴업일,,Y,Y,Y,Y,Y,Y,20260322
I10,세종특별자치시교육청,9300347,바른초등학교,2025,,초등학교,휴업일,20250719,토요휴업일,,Y,Y,Y,Y,Y,Y,20260322
I10,세종특별자치시교육청,9300347,바른초등학교,2025,,초등학교,해당없음,20250724,종업식 ,,Y,Y,Y,Y,Y,Y,20260322
I10,세종특별자치시교육청,9300347,바른초등학교,2025,,초등학교,휴업일,20250725,여름방학 ,,Y,Y,Y,Y,Y,Y,20260322
I10,세종특별자치시교육청,9300347,바른초등학교,2025,,초등학교,휴업일,20250726,여름방학 ,,Y,Y,Y,Y,Y,Y,20260322
I10,세종특별자치시교육청,9300347,바른초등학교,2025,,초등학교,휴업일,20250726,토요휴업일,,Y,Y,Y,Y,Y,Y,20260322
I10,세종특별자치시교육청,9300347,바른초등학교,2025,,초등학교,휴업일,20250727,여름방학 ,,Y,Y,Y,Y,Y,Y,20260322
I10,세종특별자치시교육청,9300347,바른초등학교,2025,,초등학교,휴업일,20250728,여름방학 ,,Y,Y,Y,Y,Y,Y,20260322
I10,세종특별자치시교육청,9300347,바른초등학교,2025,,초등학교,휴업일,20250729,여름방학 ,,Y,Y,Y,Y,Y,Y,20260322
I10,세종특별자치시교육청,9300347,바른초등학교,2025,,초등학교,휴업일,20250730,여름방학 ,,Y,Y,Y,Y,Y,Y,20260322
I10,세종특별자치시교육청,9300347,바른초등학교,2025,,초등학교,휴업일,20250731,여름방학 ,,Y,Y,Y,Y,Y,Y,20260322
I10,세종특별자치시교육청,9300347,바른초등학교,2025,,초등학교,휴업일,20250801,여름방학 ,,Y,Y,Y,Y,Y,Y,20260322
I10,세종특별자치시교육청,9300347,바른초등학교,2025,,초등학교,휴업일,20250802,여름방학 ,,Y,Y,Y,Y,Y,Y,20260322
I10,세종특별자치시교육청,9300347,바른초등학교,2025,,초등학교,휴업일,20250802,토요휴업일,,Y,Y,Y,Y,Y,Y,20260322
I10,세종특별자치시교육청,9300347,바른초등학교,2025,,초등학교,휴업일,20250803,여름방학 ,,Y,Y,Y,Y,Y,Y,20260322
I10,세종특별자치시교육청,9300347,바른초등학교,2025,,초등학교,휴업일,20250804,여름방학 ,,Y,Y,Y,Y,Y,Y,20260322
I10,세종특별자치시교육청,9300347,바른초등학교,2025,,초등학교,휴업일,20250805,여름방학 ,,Y,Y,Y,Y,Y,Y,20260322
I10,세종특별자치시교육청,9300347,바른초등학교,2025,,초등학교,휴업일,20250806,여름방학 ,,Y,Y,Y,Y,Y,Y,20260322
I10,세종특별자치시교육청,9300347,바른초등학교,2025,,초등학교,휴업일,20250807,여름방학 ,,Y,Y,Y,Y,Y,Y,20260322
I10,세종특별자치시교육청,9300347,바른초등학교,2025,,초등학교,휴업일,20250808,여름방학 ,,Y,Y,Y,Y,Y,Y,20260322
I10,세종특별자치시교육청,9300347,바른초등학교,2025,,초등학교,휴업일,20250809,여름방학 ,,Y,Y,Y,Y,Y,Y,20260322
I10,세종특별자치시교육청,9300347,바른초등학교,2025,,초등학교,휴업일,20250809,토요휴업일,,Y,Y,Y,Y,Y,Y,20260322
I10,세종특별자치시교육청,9300347,바른초등학교,2025,,초등학교,휴업일,20250810,여름방학 ,,Y,Y,Y,Y,Y,Y,20260322
I10,세종특별자치시교육청,9300347,바른초등학교,2025,,초등학교,휴업일,20250811,여름방학 ,,Y,Y,Y,Y,Y,Y,20260322
I10,세종특별자치시교육청,9300347,바른초등학교,2025,,초등학교,휴업일,20250812,여름방학 ,,Y,Y,Y,Y,Y,Y,20260322
I10,세종특별자치시교육청,9300347,바른초등학교,2025,,초등학교,휴업일,20250813,여름방학 ,,Y,Y,Y,Y,Y,Y,20260322
I10,세종특별자치시교육청,9300347,바른초등학교,2025,,초등학교,휴업일,20250814,여름방학 ,,Y,Y,Y,Y,Y,Y,20260322
I10,세종특별자치시교육청,9300347,바른초등학교,2025,,초등학교,휴업일,20250815,여름방학 ,,Y,Y,Y,Y,Y,Y,20260322
I10,세종특별자치시교육청,9300347,바른초등학교,2025,,초등학교,공휴일,20250815,광복절,,Y,Y,Y,Y,Y,Y,20260322
I10,세종특별자치시교육청,9300347,바른초등학교,2025,,초등학교,휴업일,20250816,여름방학 ,,Y,Y,Y,Y,Y,Y,20260322
I10,세종특별자치시교육청,9300347,바른초등학교,2025,,초등학교,휴업일,20250816,토요휴업일,,Y,Y,Y,Y,Y,Y,20260322
I10,세종특별자치시교육청,9300347,바른초등학교,2025,,초등학교,휴업일,20250817,여름방학 ,,Y,Y,Y,Y,Y,Y,20260322
I10,세종특별자치시교육청,9300347,바른초등학교,2025,,초등학교,휴업일,20250818,여름방학 ,,Y,Y,Y,Y,Y,Y,20260322
I10,세종특별자치시교육청,9300347,바른초등학교,2025,,초등학교,휴업일,20250819,여름방학 ,,Y,Y,Y,Y,Y,Y,20260322
I10,세종특별자치시교육청,9300347,바른초등학교,2025,,초등학교,휴업일,20250820,여름방학 ,,Y,Y,Y,Y,Y,Y,20260322
I10,세종특별자치시교육청,9300347,바른초등학교,2025,,초등학교,휴업일,20250823,토요휴업일,,Y,Y,Y,Y,Y,Y,20260322
I10,세종특별자치시교육청,9300347,바른초등학교,2025,,초등학교,휴업일,20250830,토요휴업일,,Y,Y,Y,Y,Y,Y,20260322
I10,세종특별자치시교육청,9300347,바른초등학교,2025,,초등학교,휴업일,20250906,토요휴업일,,Y,Y,Y,Y,Y,Y,20260322
I10,세종특별자치시교육청,9300347,바른초등학교,2025,,초등학교,휴업일,20250913,토요휴업일,,Y,Y,Y,Y,Y,Y,20260322
I10,세종특별자치시교육청,9300347,바른초등학교,2025,,초등학교,휴업일,20250920,토요휴업일,,Y,Y,Y,Y,Y,Y,20260322
I10,세종특별자치시교육청,9300347,바른초등학교,2025,,초등학교,휴업일,20250927,토요휴업일,,Y,Y,Y,Y,Y,Y,20260322
I10,세종특별자치시교육청,9300347,바른초등학교,2025,,초등학교,공휴일,20251003,개천절,,Y,Y,Y,Y,Y,Y,20260322
I10,세종특별자치시교육청,9300347,바른초등학교,2025,,초등학교,휴업일,20251004,토요휴업일,,Y,Y,Y,Y,Y,Y,20260322
I10,세종특별자치시교육청,9300347,바른초등학교,2025,,초등학교,공휴일,20251005,추석,,Y,Y,Y,Y,Y,Y,20260322
I10,세종특별자치시교육청,9300347,바른초등학교,2025,,초등학교,공휴일,20251006,추석,,Y,Y,Y,Y,Y,Y,20260322
I10,세종특별자치시교육청,9300347,바른초등학교,2025,,초등학교,공휴일,20251007,추석,,Y,Y,Y,Y,Y,Y,20260322
I10,세종특별자치시교육청,9300347,바른초등학교,2025,,초등학교,공휴일,20251008,대체공휴일,,Y,Y,Y,Y,Y,Y,20260322
I10,세종특별자치시교육청,9300347,바른초등학교,2025,,초등학교,공휴일,20251009,한글날,,Y,Y,Y,Y,Y,Y,20260322
I10,세종특별자치시교육청,9300347,바른초등학교,2025,,초등학교,휴업일,20251010,재량휴업일,,Y,Y,Y,Y,Y,Y,20260322
I10,세종특별자치시교육청,9300347,바른초등학교,2025,,초등학교,휴업일,20251011,토요휴업일,,Y,Y,Y,Y,Y,Y,20260322
I10,세종특별자치시교육청,9300347,바른초등학교,2025,,초등학교,휴업일,20251018,토요휴업일,,Y,Y,Y,Y,Y,Y,20260322
I10,세종특별자치시교육청,9300347,바른초등학교,2025,,초등학교,휴업일,20251025,토요휴업일,,Y,Y,Y,Y,Y,Y,20260322
I10,세종특별자치시교육청,9300347,바른초등학교,2025,,초등학교,휴업일,20251101,토요휴업일,,Y,Y,Y,Y,Y,Y,20260322
I10,세종특별자치시교육청,9300347,바른초등학교,2025,,초등학교,휴업일,20251108,토요휴업일,,Y,Y,Y,Y,Y,Y,20260322
I10,세종특별자치시교육청,9300347,바른초등학교,2025,,초등학교,휴업일,20251115,토요휴업일,,Y,Y,Y,Y,Y,Y,20260322
I10,세종특별자치시교육청,9300347,바른초등학교,2025,,초등학교,휴업일,20251122,토요휴업일,,Y,Y,Y,Y,Y,Y,20260322
I10,세종특별자치시교육청,9300347,바른초등학교,2025,,초등학교,휴업일,20251129,토요휴업일,,Y,Y,Y,Y,Y,Y,20260322
I10,세종특별자치시교육청,9300347,바른초등학교,2025,,초등학교,휴업일,20251206,토요휴업일,,Y,Y,Y,Y,Y,Y,20260322
I10,세종특별자치시교육청,9300347,바른초등학교,2025,,초등학교,휴업일,20251213,토요휴업일,,Y,Y,Y,Y,Y,Y,20260322
I10,세종특별자치시교육청,9300347,바른초등학교,2025,,초등학교,휴업일,20251220,토요휴업일,,Y,Y,Y,Y,Y,Y,20260322
I10,세종특별자치시교육청,9300347,바른초등학교,2025,,초등학교,공휴일,20251225,성탄절,,Y,Y,Y,Y,Y,Y,20260322
I10,세종특별자치시교육청,9300347,바른초등학교,2025,,초등학교,휴업일,20251227,토요휴업일,,Y,Y,Y,Y,Y,Y,20260322
I10,세종특별자치시교육청,9300347,바른초등학교,2025,,초등학교,공휴일,20260101,신정,,Y,Y,Y,Y,Y,Y,20260322
I10,세종특별자치시교육청,9300347,바른초등학교,2025,,초등학교,휴업일,20260103,토요휴업일,,Y,Y,Y,Y,Y,Y,20260322
I10,세종특별자치시교육청,9300347,바른초등학교,2025,,초등학교,해당없음,20260106,종업식 ,,Y,Y,Y,Y,Y,N,20260322
I10,세종특별자치시교육청,9300347,바른초등학교,2025,,초등학교,해당없음,20260106,졸업식,,N,N,N,N,N,Y,20260322
I10,세종특별자치시교육청,9300347,바른초등학교,2025,,초등학교,휴업일,20260107,방학 ,,Y,Y,Y,Y,Y,Y,20260322
I10,세종특별자치시교육청,9300347,바른초등학교,2025,,초등학교,휴업일,20260108,방학 ,,Y,Y,Y,Y,Y,Y,20260322
I10,세종특별자치시교육청,9300347,바른초등학교,2025,,초등학교,휴업일,20260109,방학 ,,Y,Y,Y,Y,Y,Y,20260322
I10,세종특별자치시교육청,9300347,바른초등학교,2025,,초등학교,휴업일,20260110,방학 ,,Y,Y,Y,Y,Y,Y,20260322
I10,세종특별자치시교육청,9300347,바른초등학교,2025,,초등학교,휴업일,20260110,토요휴업일,,Y,Y,Y,Y,Y,Y,20260322
I10,세종특별자치시교육청,9300347,바른초등학교,2025,,초등학교,휴업일,20260111,방학 ,,Y,Y,Y,Y,Y,Y,20260322
I10,세종특별자치시교육청,9300347,바른초등학교,2025,,초등학교,휴업일,20260112,방학 ,,Y,Y,Y,Y,Y,Y,20260322
I10,세종특별자치시교육청,9300347,바른초등학교,2025,,초등학교,휴업일,20260113,방학 ,,Y,Y,Y,Y,Y,Y,20260322
I10,세종특별자치시교육청,9300347,바른초등학교,2025,,초등학교,휴업일,20260114,방학 ,,Y,Y,Y,Y,Y,Y,20260322
I10,세종특별자치시교육청,9300347,바른초등학교,2025,,초등학교,휴업일,20260115,방학 ,,Y,Y,Y,Y,Y,Y,20260322
I10,세종특별자치시교육청,9300347,바른초등학교,2025,,초등학교,휴업일,20260116,방학 ,,Y,Y,Y,Y,Y,Y,20260322
I10,세종특별자치시교육청,9300347,바른초등학교,2025,,초등학교,휴업일,20260117,방학 ,,Y,Y,Y,Y,Y,Y,20260322
I10,세종특별자치시교육청,9300347,바른초등학교,2025,,초등학교,휴업일,20260117,토요휴업일,,Y,Y,Y,Y,Y,Y,20260322
I10,세종특별자치시교육청,9300347,바른초등학교,2025,,초등학교,휴업일,20260118,방학 ,,Y,Y,Y,Y,Y,Y,20260322
I10,세종특별자치시교육청,9300347,바른초등학교,2025,,초등학교,휴업일,20260119,방학 ,,Y,Y,Y,Y,Y,Y,20260322
I10,세종특별자치시교육청,9300347,바른초등학교,2025,,초등학교,휴업일,20260120,방학 ,,Y,Y,Y,Y,Y,Y,20260322
I10,세종특별자치시교육청,9300347,바른초등학교,2025,,초등학교,휴업일,20260121,방학 ,,Y,Y,Y,Y,Y,Y,20260322
I10,세종특별자치시교육청,9300347,바른초등학교,2025,,초등학교,휴업일,20260122,방학 ,,Y,Y,Y,Y,Y,Y,20260322
I10,세종특별자치시교육청,9300347,바른초등학교,2025,,초등학교,휴업일,20260123,방학 ,,Y,Y,Y,Y,Y,Y,20260322
I10,세종특별자치시교육청,9300347,바른초등학교,2025,,초등학교,휴업일,20260124,방학 ,,Y,Y,Y,Y,Y,Y,20260322
I10,세종특별자치시교육청,9300347,바른초등학교,2025,,초등학교,휴업일,20260124,토요휴업일,,Y,Y,Y,Y,Y,Y,20260322
I10,세종특별자치시교육청,9300347,바른초등학교,2025,,초등학교,휴업일,20260125,방학 ,,Y,Y,Y,Y,Y,Y,20260322
I10,세종특별자치시교육청,9300347,바른초등학교,2025,,초등학교,휴업일,20260126,방학 ,,Y,Y,Y,Y,Y,Y,20260322
I10,세종특별자치시교육청,9300347,바른초등학교,2025,,초등학교,휴업일,20260127,방학 ,,Y,Y,Y,Y,Y,Y,20260322
I10,세종특별자치시교육청,9300347,바른초등학교,2025,,초등학교,휴업일,20260128,방학 ,,Y,Y,Y,Y,Y,Y,20260322
I10,세종특별자치시교육청,9300347,바른초등학교,2025,,초등학교,휴업일,20260129,방학 ,,Y,Y,Y,Y,Y,Y,20260322
I10,세종특별자치시교육청,9300347,바른초등학교,2025,,초등학교,휴업일,20260130,방학 ,,Y,Y,Y,Y,Y,Y,20260322
I10,세종특별자치시교육청,9300347,바른초등학교,2025,,초등학교,휴업일,20260131,방학 ,,Y,Y,Y,Y,Y,Y,20260322
I10,세종특별자치시교육청,9300347,바른초등학교,2025,,초등학교,휴업일,20260131,토요휴업일,,Y,Y,Y,Y,Y,Y,20260322
I10,세종특별자치시교육청,9300347,바른초등학교,2025,,초등학교,휴업일,20260201,방학 ,,Y,Y,Y,Y,Y,Y,20260322
I10,세종특별자치시교육청,9300347,바른초등학교,2025,,초등학교,휴업일,20260202,방학 ,,Y,Y,Y,Y,Y,Y,20260322
I10,세종특별자치시교육청,9300347,바른초등학교,2025,,초등학교,휴업일,20260203,방학 ,,Y,Y,Y,Y,Y,Y,20260322
I10,세종특별자치시교육청,9300347,바른초등학교,2025,,초등학교,휴업일,20260204,방학 ,,Y,Y,Y,Y,Y,Y,20260322
I10,세종특별자치시교육청,9300347,바른초등학교,2025,,초등학교,휴업일,20260205,방학 ,,Y,Y,Y,Y,Y,Y,20260322
I10,세종특별자치시교육청,9300347,바른초등학교,2025,,초등학교,휴업일,20260206,방학 ,,Y,Y,Y,Y,Y,Y,20260322
I10,세종특별자치시교육청,9300347,바른초등학교,2025,,초등학교,휴업일,20260207,방학 ,,Y,Y,Y,Y,Y,Y,20260322
I10,세종특별자치시교육청,9300347,바른초등학교,2025,,초등학교,휴업일,20260207,토요휴업일,,Y,Y,Y,Y,Y,Y,20260322
I10,세종특별자치시교육청,9300347,바른초등학교,2025,,초등학교,휴업일,20260208,방학 ,,Y,Y,Y,Y,Y,Y,20260322
I10,세종특별자치시교육청,9300347,바른초등학교,2025,,초등학교,휴업일,20260209,방학 ,,Y,Y,Y,Y,Y,Y,20260322
I10,세종특별자치시교육청,9300347,바른초등학교,2025,,초등학교,휴업일,20260210,방학 ,,Y,Y,Y,Y,Y,Y,20260322
I10,세종특별자치시교육청,9300347,바른초등학교,2025,,초등학교,휴업일,20260211,방학 ,,Y,Y,Y,Y,Y,Y,20260322
I10,세종특별자치시교육청,9300347,바른초등학교,2025,,초등학교,휴업일,20260212,방학 ,,Y,Y,Y,Y,Y,Y,20260322
I10,세종특별자치시교육청,9300347,바른초등학교,2025,,초등학교,휴업일,20260213,방학 ,,Y,Y,Y,Y,Y,Y,20260322
I10,세종특별자치시교육청,9300347,바른초등학교,2025,,초등학교,휴업일,20260214,방학 ,,Y,Y,Y,Y,Y,Y,20260322
I10,세종특별자치시교육청,9300347,바른초등학교,2025,,초등학교,휴업일,20260214,토요휴업일,,Y,Y,Y,Y,Y,Y,20260322
I10,세종특별자치시교육청,9300347,바른초등학교,2025,,초등학교,휴업일,20260215,방학 ,,Y,Y,Y,Y,Y,Y,20260322
I10,세종특별자치시교육청,9300347,바른초등학교,2025,,초등학교,휴업일,20260216,방학 ,,Y,Y,Y,Y,Y,Y,20260322
I10,세종특별자치시교육청,9300347,바른초등학교,2025,,초등학교,공휴일,20260216,설날,,Y,Y,Y,Y,Y,Y,20260322
I10,세종특별자치시교육청,9300347,바른초등학교,2025,,초등학교,휴업일,20260217,방학 ,,Y,Y,Y,Y,Y,Y,20260322
I10,세종특별자치시교육청,9300347,바른초등학교,2025,,초등학교,공휴일,20260217,설날,,Y,Y,Y,Y,Y,Y,20260322
I10,세종특별자치시교육청,9300347,바른초등학교,2025,,초등학교,휴업일,20260218,방학 ,,Y,Y,Y,Y,Y,Y,20260322
I10,세종특별자치시교육청,9300347,바른초등학교,2025,,초등학교,공휴일,20260218,설날,,Y,Y,Y,Y,Y,Y,20260322
I10,세종특별자치시교육청,9300347,바른초등학교,2025,,초등학교,휴업일,20260219,방학 ,,Y,Y,Y,Y,Y,Y,20260322
I10,세종특별자치시교육청,9300347,바른초등학교,2025,,초등학교,휴업일,20260220,방학 ,,Y,Y,Y,Y,Y,Y,20260322
I10,세종특별자치시교육청,9300347,바른초등학교,2025,,초등학교,휴업일,20260221,방학 ,,Y,Y,Y,Y,Y,Y,20260322
I10,세종특별자치시교육청,9300347,바른초등학교,2025,,초등학교,휴업일,20260221,토요휴업일,,Y,Y,Y,Y,Y,Y,20260322
I10,세종특별자치시교육청,9300347,바른초등학교,2025,,초등학교,휴업일,20260222,방학 ,,Y,Y,Y,Y,Y,Y,20260322
I10,세종특별자치시교육청,9300347,바른초등학교,2025,,초등학교,휴업일,20260223,방학 ,,Y,Y,Y,Y,Y,Y,20260322
I10,세종특별자치시교육청,9300347,바른초등학교,2025,,초등학교,휴업일,20260224,방학 ,,Y,Y,Y,Y,Y,Y,20260322
I10,세종특별자치시교육청,9300347,바른초등학교,2025,,초등학교,휴업일,20260225,방학 ,,Y,Y,Y,Y,Y,Y,20260322
I10,세종특별자치시교육청,9300347,바른초등학교,2025,,초등학교,휴업일,20260226,방학 ,,Y,Y,Y,Y,Y,Y,20260322
I10,세종특별자치시교육청,9300347,바른초등학교,2025,,초등학교,휴업일,20260227,방학 ,,Y,Y,Y,Y,Y,Y,20260322
I10,세종특별자치시교육청,9300347,바른초등학교,2025,,초등학교,휴업일,20260228,방학 ,,Y,Y,Y,Y,Y,Y,20260322
I10,세종특별자치시교육청,9300347,바른초등학교,2025,,초등학교,휴업일,20260228,토요휴업일,,Y,Y,Y,Y,Y,Y,20260322
I10,세종특별자치시교육청,9300347,바른초등학교,2026,,초등학교,공휴일,20260301,3·1절,,Y,Y,Y,Y,Y,Y,20260322
I10,세종특별자치시교육청,9300347,바른초등학교,2026,,초등학교,공휴일,20260302,대체공휴일,,Y,Y,Y,Y,Y,Y,20260322
I10,세종특별자치시교육청,9300347,바른초등학교,2026,,초등학교,해당없음,20260303,입학식,,Y,N,N,N,N,N,20260322
I10,세종특별자치시교육청,9300347,바른초등학교,2026,,초등학교,휴업일,20260307,토요휴업일,,Y,Y,Y,Y,Y,Y,20260322
I10,세종특별자치시교육청,9300347,바른초등학교,2026,,초등학교,휴업일,20260314,토요휴업일,,Y,Y,Y,Y,Y,Y,20260322
I10,세종특별자치시교육청,9300347,바른초등학교,2026,,초등학교,휴업일,20260321,토요휴업일,,Y,Y,Y,Y,Y,Y,20260322
I10,세종특별자치시교육청,9300347,바른초등학교,2026,,초등학교,휴업일,20260328,토요휴업일,,Y,Y,Y,Y,Y,Y,20260322
I10,세종특별자치시교육청,9300347,바른초등학교,2026,,초등학교,휴업일,20260404,토요휴업일,,Y,Y,Y,Y,Y,Y,20260322
I10,세종특별자치시교육청,9300347,바른초등학교,2026,,초등학교,휴업일,20260411,토요휴업일,,Y,Y,Y,Y,Y,Y,20260322
I10,세종특별자치시교육청,9300347,바른초등학교,2026,,초등학교,휴업일,20260418,토요휴업일,,Y,Y,Y,Y,Y,Y,20260322
I10,세종특별자치시교육청,9300347,바른초등학교,2026,,초등학교,휴업일,20260425,토요휴업일,,Y,Y,Y,Y,Y,Y,20260322
I10,세종특별자치시교육청,9300347,바른초등학교,2026,,초등학교,휴업일,20260502,토요휴업일,,Y,Y,Y,Y,Y,Y,20260322
I10,세종특별자치시교육청,9300347,바른초등학교,2026,,초등학교,휴업일,20260504,재량휴업일,,Y,Y,Y,Y,Y,Y,20260322
I10,세종특별자치시교육청,9300347,바른초등학교,2026,,초등학교,공휴일,20260505,어린이날,,Y,Y,Y,Y,Y,Y,20260322
I10,세종특별자치시교육청,9300347,바른초등학교,2026,,초등학교,휴업일,20260509,토요휴업일,,Y,Y,Y,Y,Y,Y,20260322
I10,세종특별자치시교육청,9300347,바른초등학교,2026,,초등학교,휴업일,20260516,토요휴업일,,Y,Y,Y,Y,Y,Y,20260322
I10,세종특별자치시교육청,9300347,바른초등학교,2026,,초등학교,휴업일,20260523,토요휴업일,,Y,Y,Y,Y,Y,Y,20260322
I10,세종특별자치시교육청,9300347,바른초등학교,2026,,초등학교,공휴일,20260524,석가탄신일,,Y,Y,Y,Y,Y,Y,20260322
I10,세종특별자치시교육청,9300347,바른초등학교,2026,,초등학교,공휴일,20260525,대체공휴일,,Y,Y,Y,Y,Y,Y,20260322
I10,세종특별자치시교육청,9300347,바른초등학교,2026,,초등학교,휴업일,20260530,토요휴업일,,Y,Y,Y,Y,Y,Y,20260322
I10,세종특별자치시교육청,9300347,바른초등학교,2026,,초등학교,휴업일,20260603,제9회 전국동시지방선거 ,,Y,Y,Y,Y,Y,Y,20260322
I10,세종특별자치시교육청,9300347,바른초등학교,2026,,초등학교,공휴일,20260606,현충일,,Y,Y,Y,Y,Y,Y,20260322
I10,세종특별자치시교육청,9300347,바른초등학교,2026,,초등학교,휴업일,20260613,토요휴업일,,Y,Y,Y,Y,Y,Y,20260322
I10,세종특별자치시교육청,9300347,바른초등학교,2026,,초등학교,휴업일,20260620,토요휴업일,,Y,Y,Y,Y,Y,Y,20260322
I10,세종특별자치시교육청,9300347,바른초등학교,2026,,초등학교,휴업일,20260627,토요휴업일,,Y,Y,Y,Y,Y,Y,20260322
I10,세종특별자치시교육청,9300347,바른초등학교,2026,,초등학교,휴업일,20260704,토요휴업일,,Y,Y,Y,Y,Y,Y,20260322
I10,세종특별자치시교육청,9300347,바른초등학교,2026,,초등학교,휴업일,20260711,토요휴업일,,Y,Y,Y,Y,Y,Y,20260322
I10,세종특별자치시교육청,9300347,바른초등학교,2026,,초등학교,공휴일,20260717,제헌절,,Y,Y,Y,Y,Y,Y,20260322
I10,세종특별자치시교육청,9300347,바른초등학교,2026,,초등학교,휴업일,20260718,토요휴업일,,Y,Y,Y,Y,Y,Y,20260322
I10,세종특별자치시교육청,9300347,바른초등학교,2026,,초등학교,해당없음,20260721,종업식 ,,Y,Y,Y,Y,Y,Y,20260322
I10,세종특별자치시교육청,9300347,바른초등학교,2026,,초등학교,휴업일,20260722,여름방학 ,,Y,Y,Y,Y,Y,Y,20260322
I10,세종특별자치시교육청,9300347,바른초등학교,2026,,초등학교,휴업일,20260723,여름방학 ,,Y,Y,Y,Y,Y,Y,20260322
I10,세종특별자치시교육청,9300347,바른초등학교,2026,,초등학교,휴업일,20260724,여름방학 ,,Y,Y,Y,Y,Y,Y,20260322
I10,세종특별자치시교육청,9300347,바른초등학교,2026,,초등학교,휴업일,20260725,여름방학 ,,Y,Y,Y,Y,Y,Y,20260322
I10,세종특별자치시교육청,9300347,바른초등학교,2026,,초등학교,휴업일,20260725,토요휴업일,,Y,Y,Y,Y,Y,Y,20260322
I10,세종특별자치시교육청,9300347,바른초등학교,2026,,초등학교,휴업일,20260726,여름방학 ,,Y,Y,Y,Y,Y,Y,20260322
I10,세종특별자치시교육청,9300347,바른초등학교,2026,,초등학교,휴업일,20260727,여름방학 ,,Y,Y,Y,Y,Y,Y,20260322
I10,세종특별자치시교육청,9300347,바른초등학교,2026,,초등학교,휴업일,20260728,여름방학 ,,Y,Y,Y,Y,Y,Y,20260322
I10,세종특별자치시교육청,9300347,바른초등학교,2026,,초등학교,휴업일,20260729,여름방학 ,,Y,Y,Y,Y,Y,Y,20260322
I10,세종특별자치시교육청,9300347,바른초등학교,2026,,초등학교,휴업일,20260730,여름방학 ,,Y,Y,Y,Y,Y,Y,20260322
I10,세종특별자치시교육청,9300347,바른초등학교,2026,,초등학교,휴업일,20260731,여름방학 ,,Y,Y,Y,Y,Y,Y,20260322
I10,세종특별자치시교육청,9300347,바른초등학교,2026,,초등학교,휴업일,20260801,여름방학 ,,Y,Y,Y,Y,Y,Y,20260322
I10,세종특별자치시교육청,9300347,바른초등학교,2026,,초등학교,휴업일,20260801,토요휴업일,,Y,Y,Y,Y,Y,Y,20260322
I10,세종특별자치시교육청,9300347,바른초등학교,2026,,초등학교,휴업일,20260802,여름방학 ,,Y,Y,Y,Y,Y,Y,20260322
I10,세종특별자치시교육청,9300347,바른초등학교,2026,,초등학교,휴업일,20260803,여름방학 ,,Y,Y,Y,Y,Y,Y,20260322
I10,세종특별자치시교육청,9300347,바른초등학교,2026,,초등학교,휴업일,20260804,여름방학 ,,Y,Y,Y,Y,Y,Y,20260322
I10,세종특별자치시교육청,9300347,바른초등학교,2026,,초등학교,휴업일,20260805,여름방학 ,,Y,Y,Y,Y,Y,Y,20260322
I10,세종특별자치시교육청,9300347,바른초등학교,2026,,초등학교,휴업일,20260806,여름방학 ,,Y,Y,Y,Y,Y,Y,20260322
I10,세종특별자치시교육청,9300347,바른초등학교,2026,,초등학교,휴업일,20260807,여름방학 ,,Y,Y,Y,Y,Y,Y,20260322
I10,세종특별자치시교육청,9300347,바른초등학교,2026,,초등학교,휴업일,20260808,여름방학 ,,Y,Y,Y,Y,Y,Y,20260322
I10,세종특별자치시교육청,9300347,바른초등학교,2026,,초등학교,휴업일,20260808,토요휴업일,,Y,Y,Y,Y,Y,Y,20260322
I10,세종특별자치시교육청,9300347,바른초등학교,2026,,초등학교,휴업일,20260809,여름방학 ,,Y,Y,Y,Y,Y,Y,20260322
I10,세종특별자치시교육청,9300347,바른초등학교,2026,,초등학교,휴업일,20260810,여름방학 ,,Y,Y,Y,Y,Y,Y,20260322
I10,세종특별자치시교육청,9300347,바른초등학교,2026,,초등학교,휴업일,20260811,여름방학 ,,Y,Y,Y,Y,Y,Y,20260322
I10,세종특별자치시교육청,9300347,바른초등학교,2026,,초등학교,휴업일,20260812,여름방학 ,,Y,Y,Y,Y,Y,Y,20260322
I10,세종특별자치시교육청,9300347,바른초등학교,2026,,초등학교,휴업일,20260813,여름방학 ,,Y,Y,Y,Y,Y,Y,20260322
I10,세종특별자치시교육청,9300347,바른초등학교,2026,,초등학교,휴업일,20260814,여름방학 ,,Y,Y,Y,Y,Y,Y,20260322
I10,세종특별자치시교육청,9300347,바른초등학교,2026,,초등학교,휴업일,20260815,여름방학 ,,Y,Y,Y,Y,Y,Y,20260322
I10,세종특별자치시교육청,9300347,바른초등학교,2026,,초등학교,공휴일,20260815,광복절,,Y,Y,Y,Y,Y,Y,20260322
I10,세종특별자치시교육청,9300347,바른초등학교,2026,,초등학교,휴업일,20260816,여름방학 ,,Y,Y,Y,Y,Y,Y,20260322
I10,세종특별자치시교육청,9300347,바른초등학교,2026,,초등학교,휴업일,20260817,여름방학 ,,Y,Y,Y,Y,Y,Y,20260322
I10,세종특별자치시교육청,9300347,바른초등학교,2026,,초등학교,공휴일,20260817,대체공휴일,,Y,Y,Y,Y,Y,Y,20260322
I10,세종특별자치시교육청,9300347,바른초등학교,2026,,초등학교,휴업일,20260818,여름방학 ,,Y,Y,Y,Y,Y,Y,20260322
I10,세종특별자치시교육청,9300347,바른초등학교,2026,,초등학교,휴업일,20260819,여름방학 ,,Y,Y,Y,Y,Y,Y,20260322
I10,세종특별자치시교육청,9300347,바른초등학교,2026,,초등학교,해당없음,20260820,시업식 ,,Y,Y,Y,Y,Y,Y,20260322
I10,세종특별자치시교육청,9300347,바른초등학교,2026,,초등학교,휴업일,20260822,토요휴업일,,Y,Y,Y,Y,Y,Y,20260322
I10,세종특별자치시교육청,9300347,바른초등학교,2026,,초등학교,휴업일,20260829,토요휴업일,,Y,Y,Y,Y,Y,Y,20260322
I10,세종특별자치시교육청,9300347,바른초등학교,2026,,초등학교,휴업일,20260905,토요휴업일,,Y,Y,Y,Y,Y,Y,20260322
I10,세종특별자치시교육청,9300347,바른초등학교,2026,,초등학교,휴업일,20260912,토요휴업일,,Y,Y,Y,Y,Y,Y,20260322
I10,세종특별자치시교육청,9300347,바른초등학교,2026,,초등학교,휴업일,20260919,토요휴업일,,Y,Y,Y,Y,Y,Y,20260322
I10,세종특별자치시교육청,9300347,바른초등학교,2026,,초등학교,공휴일,20260924,추석,,Y,Y,Y,Y,Y,Y,20260322
I10,세종특별자치시교육청,9300347,바른초등학교,2026,,초등학교,공휴일,20260925,추석,,Y,Y,Y,Y,Y,Y,20260322
I10,세종특별자치시교육청,9300347,바른초등학교,2026,,초등학교,휴업일,20260926,토요휴업일,,Y,Y,Y,Y,Y,Y,20260322
I10,세종특별자치시교육청,9300347,바른초등학교,2026,,초등학교,공휴일,20261003,개천절,,Y,Y,Y,Y,Y,Y,20260322
I10,세종특별자치시교육청,9300347,바른초등학교,2026,,초등학교,공휴일,20261005,대체공휴일,,Y,Y,Y,Y,Y,Y,20260322
I10,세종특별자치시교육청,9300347,바른초등학교,2026,,초등학교,공휴일,20261009,한글날,,Y,Y,Y,Y,Y,Y,20260322
I10,세종특별자치시교육청,9300347,바른초등학교,2026,,초등학교,휴업일,20261010,토요휴업일,,Y,Y,Y,Y,Y,Y,20260322
I10,세종특별자치시교육청,9300347,바른초등학교,2026,,초등학교,휴업일,20261017,토요휴업일,,Y,Y,Y,Y,Y,Y,20260322
I10,세종특별자치시교육청,9300347,바른초등학교,2026,,초등학교,휴업일,20261024,토요휴업일,,Y,Y,Y,Y,Y,Y,20260322
I10,세종특별자치시교육청,9300347,바른초등학교,2026,,초등학교,휴업일,20261031,토요휴업일,,Y,Y,Y,Y,Y,Y,20260322
I10,세종특별자치시교육청,9300347,바른초등학교,2026,,초등학교,휴업일,20261107,토요휴업일,,Y,Y,Y,Y,Y,Y,20260322
I10,세종특별자치시교육청,9300347,바른초등학교,2026,,초등학교,휴업일,20261114,토요휴업일,,Y,Y,Y,Y,Y,Y,20260322
I10,세종특별자치시교육청,9300347,바른초등학교,2026,,초등학교,휴업일,20261121,토요휴업일,,Y,Y,Y,Y,Y,Y,20260322
I10,세종특별자치시교육청,9300347,바른초등학교,2026,,초등학교,휴업일,20261128,토요휴업일,,Y,Y,Y,Y,Y,Y,20260322
I10,세종특별자치시교육청,9300347,바른초등학교,2026,,초등학교,휴업일,20261205,토요휴업일,,Y,Y,Y,Y,Y,Y,20260322
I10,세종특별자치시교육청,9300347,바른초등학교,2026,,초등학교,휴업일,20261212,토요휴업일,,Y,Y,Y,Y,Y,Y,20260322
I10,세종특별자치시교육청,9300347,바른초등학교,2026,,초등학교,휴업일,20261219,토요휴업일,,Y,Y,Y,Y,Y,Y,20260322
I10,세종특별자치시교육청,9300347,바른초등학교,2026,,초등학교,공휴일,20261225,성탄절,,Y,Y,Y,Y,Y,Y,20260322
I10,세종특별자치시교육청,9300347,바른초등학교,2026,,초등학교,휴업일,20261226,토요휴업일,,Y,Y,Y,Y,Y,Y,20260322
I10,세종특별자치시교육청,9300347,바른초등학교,2026,,초등학교,공휴일,20270101,신정,,Y,Y,Y,Y,Y,Y,20260322
I10,세종특별자치시교육청,9300347,바른초등학교,2026,,초등학교,휴업일,20270102,토요휴업일,,Y,Y,Y,Y,Y,Y,20260322
I10,세종특별자치시교육청,9300347,바른초등학교,2026,,초등학교,해당없음,20270106,종업식 ,,Y,Y,Y,Y,Y,N,20260322
I10,세종특별자치시교육청,9300347,바른초등학교,2026,,초등학교,해당없음,20270106,졸업식,,N,N,N,N,N,Y,20260322
I10,세종특별자치시교육청,9300347,바른초등학교,2026,,초등학교,휴업일,20270107,방학 ,,Y,Y,Y,Y,Y,Y,20260322
I10,세종특별자치시교육청,9300347,바른초등학교,2026,,초등학교,휴업일,20270108,방학 ,,Y,Y,Y,Y,Y,Y,20260322
I10,세종특별자치시교육청,9300347,바른초등학교,2026,,초등학교,휴업일,20270109,방학 ,,Y,Y,Y,Y,Y,Y,20260322
I10,세종특별자치시교육청,9300347,바른초등학교,2026,,초등학교,휴업일,20270109,토요휴업일,,Y,Y,Y,Y,Y,Y,20260322
I10,세종특별자치시교육청,9300347,바른초등학교,2026,,초등학교,휴업일,20270110,방학 ,,Y,Y,Y,Y,Y,Y,20260322
I10,세종특별자치시교육청,9300347,바른초등학교,2026,,초등학교,휴업일,20270111,방학 ,,Y,Y,Y,Y,Y,Y,20260322
I10,세종특별자치시교육청,9300347,바른초등학교,2026,,초등학교,휴업일,20270112,방학 ,,Y,Y,Y,Y,Y,Y,20260322
I10,세종특별자치시교육청,9300347,바른초등학교,2026,,초등학교,휴업일,20270113,방학 ,,Y,Y,Y,Y,Y,Y,20260322
I10,세종특별자치시교육청,9300347,바른초등학교,2026,,초등학교,휴업일,20270114,방학 ,,Y,Y,Y,Y,Y,Y,20260322
I10,세종특별자치시교육청,9300347,바른초등학교,2026,,초등학교,휴업일,20270115,방학 ,,Y,Y,Y,Y,Y,Y,20260322
I10,세종특별자치시교육청,9300347,바른초등학교,2026,,초등학교,휴업일,20270116,방학 ,,Y,Y,Y,Y,Y,Y,20260322
I10,세종특별자치시교육청,9300347,바른초등학교,2026,,초등학교,휴업일,20270116,토요휴업일,,Y,Y,Y,Y,Y,Y,20260322
I10,세종특별자치시교육청,9300347,바른초등학교,2026,,초등학교,휴업일,20270117,방학 ,,Y,Y,Y,Y,Y,Y,20260322
I10,세종특별자치시교육청,9300347,바른초등학교,2026,,초등학교,휴업일,20270118,방학 ,,Y,Y,Y,Y,Y,Y,20260322
I10,세종특별자치시교육청,9300347,바른초등학교,2026,,초등학교,휴업일,20270119,방학 ,,Y,Y,Y,Y,Y,Y,20260322
I10,세종특별자치시교육청,9300347,바른초등학교,2026,,초등학교,휴업일,20270120,방학 ,,Y,Y,Y,Y,Y,Y,20260322
I10,세종특별자치시교육청,9300347,바른초등학교,2026,,초등학교,휴업일,20270121,방학 ,,Y,Y,Y,Y,Y,Y,20260322
I10,세종특별자치시교육청,9300347,바른초등학교,2026,,초등학교,휴업일,20270122,방학 ,,Y,Y,Y,Y,Y,Y,20260322
I10,세종특별자치시교육청,9300347,바른초등학교,2026,,초등학교,휴업일,20270123,방학 ,,Y,Y,Y,Y,Y,Y,20260322
I10,세종특별자치시교육청,9300347,바른초등학교,2026,,초등학교,휴업일,20270123,토요휴업일,,Y,Y,Y,Y,Y,Y,20260322
I10,세종특별자치시교육청,9300347,바른초등학교,2026,,초등학교,휴업일,20270124,방학 ,,Y,Y,Y,Y,Y,Y,20260322
I10,세종특별자치시교육청,9300347,바른초등학교,2026,,초등학교,휴업일,20270125,방학 ,,Y,Y,Y,Y,Y,Y,20260322
I10,세종특별자치시교육청,9300347,바른초등학교,2026,,초등학교,휴업일,20270126,방학 ,,Y,Y,Y,Y,Y,Y,20260322
I10,세종특별자치시교육청,9300347,바른초등학교,2026,,초등학교,휴업일,20270127,방학 ,,Y,Y,Y,Y,Y,Y,20260322
I10,세종특별자치시교육청,9300347,바른초등학교,2026,,초등학교,휴업일,20270128,방학 ,,Y,Y,Y,Y,Y,Y,20260322
I10,세종특별자치시교육청,9300347,바른초등학교,2026,,초등학교,휴업일,20270129,방학 ,,Y,Y,Y,Y,Y,Y,20260322
I10,세종특별자치시교육청,9300347,바른초등학교,2026,,초등학교,휴업일,20270130,방학 ,,Y,Y,Y,Y,Y,Y,20260322
I10,세종특별자치시교육청,9300347,바른초등학교,2026,,초등학교,휴업일,20270130,토요휴업일,,Y,Y,Y,Y,Y,Y,20260322
I10,세종특별자치시교육청,9300347,바른초등학교,2026,,초등학교,휴업일,20270131,방학 ,,Y,Y,Y,Y,Y,Y,20260322
I10,세종특별자치시교육청,9300347,바른초등학교,2026,,초등학교,휴업일,20270201,방학 ,,Y,Y,Y,Y,Y,Y,20260322
I10,세종특별자치시교육청,9300347,바른초등학교,2026,,초등학교,휴업일,20270202,방학 ,,Y,Y,Y,Y,Y,Y,20260322
I10,세종특별자치시교육청,9300347,바른초등학교,2026,,초등학교,휴업일,20270203,방학 ,,Y,Y,Y,Y,Y,Y,20260322
I10,세종특별자치시교육청,9300347,바른초등학교,2026,,초등학교,휴업일,20270204,방학 ,,Y,Y,Y,Y,Y,Y,20260322
I10,세종특별자치시교육청,9300347,바른초등학교,2026,,초등학교,휴업일,20270205,방학 ,,Y,Y,Y,Y,Y,Y,20260322
I10,세종특별자치시교육청,9300347,바른초등학교,2026,,초등학교,휴업일,20270206,방학 ,,Y,Y,Y,Y,Y,Y,20260322
I10,세종특별자치시교육청,9300347,바른초등학교,2026,,초등학교,휴업일,20270206,토요휴업일,,Y,Y,Y,Y,Y,Y,20260322
I10,세종특별자치시교육청,9300347,바른초등학교,2026,,초등학교,휴업일,20270207,방학 ,,Y,Y,Y,Y,Y,Y,20260322
I10,세종특별자치시교육청,9300347,바른초등학교,2026,,초등학교,공휴일,20270207,설날,,Y,Y,Y,Y,Y,Y,20260322
I10,세종특별자치시교육청,9300347,바른초등학교,2026,,초등학교,휴업일,20270208,방학 ,,Y,Y,Y,Y,Y,Y,20260322
I10,세종특별자치시교육청,9300347,바른초등학교,2026,,초등학교,휴업일,20270209,방학 ,,Y,Y,Y,Y,Y,Y,20260322
I10,세종특별자치시교육청,9300347,바른초등학교,2026,,초등학교,휴업일,20270210,방학 ,,Y,Y,Y,Y,Y,Y,20260322
I10,세종특별자치시교육청,9300347,바른초등학교,2026,,초등학교,휴업일,20270211,방학 ,,Y,Y,Y,Y,Y,Y,20260322
I10,세종특별자치시교육청,9300347,바른초등학교,2026,,초등학교,휴업일,20270212,방학 ,,Y,Y,Y,Y,Y,Y,20260322
I10,세종특별자치시교육청,9300347,바른초등학교,2026,,초등학교,휴업일,20270213,방학 ,,Y,Y,Y,Y,Y,Y,20260322
I10,세종특별자치시교육청,9300347,바른초등학교,2026,,초등학교,휴업일,20270213,토요휴업일,,Y,Y,Y,Y,Y,Y,20260322
I10,세종특별자치시교육청,9300347,바른초등학교,2026,,초등학교,휴업일,20270214,방학 ,,Y,Y,Y,Y,Y,Y,20260322
I10,세종특별자치시교육청,9300347,바른초등학교,2026,,초등학교,휴업일,20270215,방학 ,,Y,Y,Y,Y,Y,Y,20260322
I10,세종특별자치시교육청,9300347,바른초등학교,2026,,초등학교,휴업일,20270216,방학 ,,Y,Y,Y,Y,Y,Y,20260322
I10,세종특별자치시교육청,9300347,바른초등학교,2026,,초등학교,휴업일,20270217,방학 ,,Y,Y,Y,Y,Y,Y,20260322
I10,세종특별자치시교육청,9300347,바른초등학교,2026,,초등학교,휴업일,20270218,방학 ,,Y,Y,Y,Y,Y,Y,20260322
I10,세종특별자치시교육청,9300347,바른초등학교,2026,,초등학교,휴업일,20270219,방학 ,,Y,Y,Y,Y,Y,Y,20260322
I10,세종특별자치시교육청,9300347,바른초등학교,2026,,초등학교,휴업일,20270220,방학 ,,Y,Y,Y,Y,Y,Y,20260322
I10,세종특별자치시교육청,9300347,바른초등학교,2026,,초등학교,휴업일,20270220,토요휴업일,,Y,Y,Y,Y,Y,Y,20260322
I10,세종특별자치시교육청,9300347,바른초등학교,2026,,초등학교,휴업일,20270221,방학 ,,Y,Y,Y,Y,Y,Y,20260322
I10,세종특별자치시교육청,9300347,바른초등학교,2026,,초등학교,휴업일,20270222,방학 ,,Y,Y,Y,Y,Y,Y,20260322
I10,세종특별자치시교육청,9300347,바른초등학교,2026,,초등학교,휴업일,20270223,방학 ,,Y,Y,Y,Y,Y,Y,20260322
I10,세종특별자치시교육청,9300347,바른초등학교,2026,,초등학교,휴업일,20270224,방학 ,,Y,Y,Y,Y,Y,Y,20260322
I10,세종특별자치시교육청,9300347,바른초등학교,2026,,초등학교,휴업일,20270225,방학 ,,Y,Y,Y,Y,Y,Y,20260322
I10,세종특별자치시교육청,9300347,바른초등학교,2026,,초등학교,휴업일,20270226,방학 ,,Y,Y,Y,Y,Y,Y,20260322
I10,세종특별자치시교육청,9300347,바른초등학교,2026,,초등학교,휴업일,20270227,방학 ,,Y,Y,Y,Y,Y,Y,20260322
I10,세종특별자치시교육청,9300347,바른초등학교,2026,,초등학교,휴업일,20270227,토요휴업일,,Y,Y,Y,Y,Y,Y,20260322
I10,세종특별자치시교육청,9300347,바른초등학교,2026,,초등학교,휴업일,20270228,방학 ,,Y,Y,Y,Y,Y,Y,20260322
I10,세종특별자치시교육청,9300265,반곡고등학교,2025,주간,고등학교,공휴일,20250301,3·1절,,Y,Y,Y,*,*,*,20260322
I10,세종특별자치시교육청,9300265,반곡고등학교,2025,주간,고등학교,공휴일,20250303,대체공휴일,,Y,Y,Y,*,*,*,20260322
I10,세종특별자치시교육청,9300265,반곡고등학교,2025,주간,고등학교,해당없음,20250304,입학식,,Y,N,N,*,*,*,20260322
I10,세종특별자치시교육청,9300265,반곡고등학교,2025,주간,고등학교,해당없음,20250304,개학식,,N,Y,Y,*,*,*,20260322
I10,세종특별자치시교육청,9300265,반곡고등학교,2025,주간,고등학교,휴업일,20250308,토요휴업일,,Y,Y,Y,*,*,*,20260322
I10,세종특별자치시교육청,9300265,반곡고등학교,2025,주간,고등학교,휴업일,20250315,토요휴업일,,Y,Y,Y,*,*,*,20260322
I10,세종특별자치시교육청,9300265,반곡고등학교,2025,주간,고등학교,휴업일,20250322,토요휴업일,,Y,Y,Y,*,*,*,20260322
I10,세종특별자치시교육청,9300265,반곡고등학교,2025,주간,고등학교,해당없음,20250326,전국연합학력평가,,Y,Y,Y,*,*,*,20260322
I10,세종특별자치시교육청,9300265,반곡고등학교,2025,주간,고등학교,해당없음,20250327,교육과정설명회,,Y,Y,Y,*,*,*,20260322
I10,세종특별자치시교육청,9300265,반곡고등학교,2025,주간,고등학교,휴업일,20250329,토요휴업일,,Y,Y,Y,*,*,*,20260322
I10,세종특별자치시교육청,9300265,반곡고등학교,2025,주간,고등학교,휴업일,20250405,토요휴업일,,Y,Y,Y,*,*,*,20260322
I10,세종특별자치시교육청,9300265,반곡고등학교,2025,주간,고등학교,휴업일,20250412,토요휴업일,,Y,Y,Y,*,*,*,20260322
I10,세종특별자치시교육청,9300265,반곡고등학교,2025,주간,고등학교,휴업일,20250419,토요휴업일,,Y,Y,Y,*,*,*,20260322
I10,세종특별자치시교육청,9300265,반곡고등학교,2025,주간,고등학교,휴업일,20250426,토요휴업일,,Y,Y,Y,*,*,*,20260322
I10,세종특별자치시교육청,9300265,반곡고등학교,2025,주간,고등학교,해당없음,20250428,1회고사,,Y,Y,Y,*,*,*,20260322
I10,세종특별자치시교육청,9300265,반곡고등학교,2025,주간,고등학교,해당없음,20250429,1회고사,,Y,Y,Y,*,*,*,20260322
I10,세종특별자치시교육청,9300265,반곡고등학교,2025,주간,고등학교,해당없음,20250430,1회고사,,Y,Y,Y,*,*,*,20260322
I10,세종특별자치시교육청,9300265,반곡고등학교,2025,주간,고등학교,해당없음,20250501,1회고사,,Y,Y,Y,*,*,*,20260322
I10,세종특별자치시교육청,9300265,반곡고등학교,2025,주간,고등학교,휴업일,20250502,개교기념일,,Y,Y,Y,*,*,*,20260322
I10,세종특별자치시교육청,9300265,반곡고등학교,2025,주간,고등학교,휴업일,20250503,토요휴업일,,Y,Y,Y,*,*,*,20260322
﻿I10,세종특별자치시교육청,9300265,반곡고등학교,2025,주간,고등학교,공휴일,20250505,어린이날,,Y,Y,Y,*,*,*,20260322
I10,세종특별자치시교육청,9300265,반곡고등학교,2025,주간,고등학교,공휴일,20250506,대체공휴일,,Y,Y,Y,*,*,*,20260322
I10,세종특별자치시교육청,9300265,반곡고등학교,2025,주간,고등학교,해당없음,20250508,전국연합학력평가,,N,N,Y,*,*,*,20260322
I10,세종특별자치시교육청,9300265,반곡고등학교,2025,주간,고등학교,휴업일,20250510,토요휴업일,,Y,Y,Y,*,*,*,20260322
I10,세종특별자치시교육청,9300265,반곡고등학교,2025,주간,고등학교,해당없음,20250516,체육대회,,Y,Y,N,*,*,*,20260322
I10,세종특별자치시교육청,9300265,반곡고등학교,2025,주간,고등학교,휴업일,20250517,토요휴업일,,Y,Y,Y,*,*,*,20260322
I10,세종특별자치시교육청,9300265,반곡고등학교,2025,주간,고등학교,해당없음,20250523,교육과정 박람회,,Y,Y,Y,*,*,*,20260322
I10,세종특별자치시교육청,9300265,반곡고등학교,2025,주간,고등학교,휴업일,20250524,토요휴업일,,Y,Y,Y,*,*,*,20260322
I10,세종특별자치시교육청,9300265,반곡고등학교,2025,주간,고등학교,해당없음,20250527,학부모 공개수업,,Y,Y,Y,*,*,*,20260322
I10,세종특별자치시교육청,9300265,반곡고등학교,2025,주간,고등학교,휴업일,20250531,토요휴업일,,Y,Y,Y,*,*,*,20260322
I10,세종특별자치시교육청,9300265,반곡고등학교,2025,주간,고등학교,공휴일,20250603,대통령선거일,,Y,Y,Y,*,*,*,20260322
I10,세종특별자치시교육청,9300265,반곡고등학교,2025,주간,고등학교,해당없음,20250604,전국연합학력평가,,Y,Y,Y,*,*,*,20260322
I10,세종특별자치시교육청,9300265,반곡고등학교,2025,주간,고등학교,공휴일,20250606,현충일,,Y,Y,Y,*,*,*,20260322
I10,세종특별자치시교육청,9300265,반곡고등학교,2025,주간,고등학교,휴업일,20250607,토요휴업일,,Y,Y,Y,*,*,*,20260322
I10,세종특별자치시교육청,9300265,반곡고등학교,2025,주간,고등학교,휴업일,20250614,토요휴업일,,Y,Y,Y,*,*,*,20260322
I10,세종특별자치시교육청,9300265,반곡고등학교,2025,주간,고등학교,휴업일,20250621,토요휴업일,,Y,Y,Y,*,*,*,20260322
I10,세종특별자치시교육청,9300265,반곡고등학교,2025,주간,고등학교,해당없음,20250624,2회고사,,Y,Y,Y,*,*,*,20260322
I10,세종특별자치시교육청,9300265,반곡고등학교,2025,주간,고등학교,해당없음,20250625,2회고사,,Y,Y,Y,*,*,*,20260322
I10,세종특별자치시교육청,9300265,반곡고등학교,2025,주간,고등학교,해당없음,20250626,2회고사,,Y,Y,Y,*,*,*,20260322
I10,세종특별자치시교육청,9300265,반곡고등학교,2025,주간,고등학교,해당없음,20250627,2회고사,,Y,Y,Y,*,*,*,20260322
I10,세종특별자치시교육청,9300265,반곡고등학교,2025,주간,고등학교,휴업일,20250628,토요휴업일,,Y,Y,Y,*,*,*,20260322
I10,세종특별자치시교육청,9300265,반곡고등학교,2025,주간,고등학교,휴업일,20250705,토요휴업일,,Y,Y,Y,*,*,*,20260322
I10,세종특별자치시교육청,9300265,반곡고등학교,2025,주간,고등학교,해당없음,20250710,전국연합학력평가,,N,N,Y,*,*,*,20260322
I10,세종특별자치시교육청,9300265,반곡고등학교,2025,주간,고등학교,휴업일,20250712,토요휴업일,,Y,Y,Y,*,*,*,20260322
I10,세종특별자치시교육청,9300265,반곡고등학교,2025,주간,고등학교,해당없음,20250718,여름방학식,,Y,Y,Y,*,*,*,20260322
I10,세종특별자치시교육청,9300265,반곡고등학교,2025,주간,고등학교,휴업일,20250719,토요휴업일,,Y,Y,Y,*,*,*,20260322
I10,세종특별자치시교육청,9300265,반곡고등학교,2025,주간,고등학교,휴업일,20250721,여름방학,,Y,Y,Y,*,*,*,20260322
I10,세종특별자치시교육청,9300265,반곡고등학교,2025,주간,고등학교,휴업일,20250722,여름방학,,Y,Y,Y,*,*,*,20260322
I10,세종특별자치시교육청,9300265,반곡고등학교,2025,주간,고등학교,휴업일,20250723,여름방학,,Y,Y,Y,*,*,*,20260322
I10,세종특별자치시교육청,9300265,반곡고등학교,2025,주간,고등학교,휴업일,20250724,여름방학,,Y,Y,Y,*,*,*,20260322
I10,세종특별자치시교육청,9300265,반곡고등학교,2025,주간,고등학교,휴업일,20250725,여름방학,,Y,Y,Y,*,*,*,20260322
I10,세종특별자치시교육청,9300265,반곡고등학교,2025,주간,고등학교,휴업일,20250726,토요휴업일,,Y,Y,Y,*,*,*,20260322
I10,세종특별자치시교육청,9300265,반곡고등학교,2025,주간,고등학교,휴업일,20250728,여름방학,,Y,Y,Y,*,*,*,20260322
I10,세종특별자치시교육청,9300265,반곡고등학교,2025,주간,고등학교,휴업일,20250729,여름방학,,Y,Y,Y,*,*,*,20260322
I10,세종특별자치시교육청,9300265,반곡고등학교,2025,주간,고등학교,휴업일,20250730,여름방학,,Y,Y,Y,*,*,*,20260322
I10,세종특별자치시교육청,9300265,반곡고등학교,2025,주간,고등학교,휴업일,20250731,여름방학,,Y,Y,Y,*,*,*,20260322
I10,세종특별자치시교육청,9300265,반곡고등학교,2025,주간,고등학교,휴업일,20250801,여름방학,,Y,Y,Y,*,*,*,20260322
I10,세종특별자치시교육청,9300265,반곡고등학교,2025,주간,고등학교,휴업일,20250802,토요휴업일,,Y,Y,Y,*,*,*,20260322
I10,세종특별자치시교육청,9300265,반곡고등학교,2025,주간,고등학교,휴업일,20250804,여름방학,,Y,Y,Y,*,*,*,20260322
I10,세종특별자치시교육청,9300265,반곡고등학교,2025,주간,고등학교,휴업일,20250805,여름방학,,Y,Y,Y,*,*,*,20260322
I10,세종특별자치시교육청,9300265,반곡고등학교,2025,주간,고등학교,휴업일,20250806,여름방학,,Y,Y,Y,*,*,*,20260322
I10,세종특별자치시교육청,9300265,반곡고등학교,2025,주간,고등학교,휴업일,20250807,여름방학,,Y,Y,Y,*,*,*,20260322
I10,세종특별자치시교육청,9300265,반곡고등학교,2025,주간,고등학교,휴업일,20250808,여름방학,,Y,Y,Y,*,*,*,20260322
I10,세종특별자치시교육청,9300265,반곡고등학교,2025,주간,고등학교,휴업일,20250809,토요휴업일,,Y,Y,Y,*,*,*,20260322
I10,세종특별자치시교육청,9300265,반곡고등학교,2025,주간,고등학교,휴업일,20250811,여름방학,,Y,Y,Y,*,*,*,20260322
I10,세종특별자치시교육청,9300265,반곡고등학교,2025,주간,고등학교,해당없음,20250812,여름개학식,,Y,Y,Y,*,*,*,20260322
I10,세종특별자치시교육청,9300265,반곡고등학교,2025,주간,고등학교,공휴일,20250815,광복절,,Y,Y,Y,*,*,*,20260322
I10,세종특별자치시교육청,9300265,반곡고등학교,2025,주간,고등학교,휴업일,20250816,토요휴업일,,Y,Y,Y,*,*,*,20260322
I10,세종특별자치시교육청,9300265,반곡고등학교,2025,주간,고등학교,휴업일,20250823,토요휴업일,,Y,Y,Y,*,*,*,20260322
I10,세종특별자치시교육청,9300265,반곡고등학교,2025,주간,고등학교,해당없음,20250825,수련,,Y,N,N,*,*,*,20260322
I10,세종특별자치시교육청,9300265,반곡고등학교,2025,주간,고등학교,해당없음,20250826,수련,,Y,N,N,*,*,*,20260322
I10,세종특별자치시교육청,9300265,반곡고등학교,2025,주간,고등학교,해당없음,20250827,수련,,Y,N,N,*,*,*,20260322
I10,세종특별자치시교육청,9300265,반곡고등학교,2025,주간,고등학교,휴업일,20250830,토요휴업일,,Y,Y,Y,*,*,*,20260322
I10,세종특별자치시교육청,9300265,반곡고등학교,2025,주간,고등학교,해당없음,20250903,전국연합학력평가,,Y,Y,N,*,*,*,20260322
I10,세종특별자치시교육청,9300265,반곡고등학교,2025,주간,고등학교,해당없음,20250903,수능모의평가,,N,N,Y,*,*,*,20260322
I10,세종특별자치시교육청,9300265,반곡고등학교,2025,주간,고등학교,휴업일,20250906,토요휴업일,,Y,Y,Y,*,*,*,20260322
I10,세종특별자치시교육청,9300265,반곡고등학교,2025,주간,고등학교,해당없음,20250908,현장체험학습,,N,Y,N,*,*,*,20260322
I10,세종특별자치시교육청,9300265,반곡고등학교,2025,주간,고등학교,해당없음,20250909,현장체험학습,,N,Y,N,*,*,*,20260322
I10,세종특별자치시교육청,9300265,반곡고등학교,2025,주간,고등학교,해당없음,20250910,현장체험학습,,N,Y,N,*,*,*,20260322
I10,세종특별자치시교육청,9300265,반곡고등학교,2025,주간,고등학교,휴업일,20250913,토요휴업일,,Y,Y,Y,*,*,*,20260322
I10,세종특별자치시교육청,9300265,반곡고등학교,2025,주간,고등학교,휴업일,20250920,토요휴업일,,Y,Y,Y,*,*,*,20260322
I10,세종특별자치시교육청,9300265,반곡고등학교,2025,주간,고등학교,휴업일,20250927,토요휴업일,,Y,Y,Y,*,*,*,20260322
I10,세종특별자치시교육청,9300265,반곡고등학교,2025,주간,고등학교,해당없음,20250929,1회고사,,Y,Y,Y,*,*,*,20260322
I10,세종특별자치시교육청,9300265,반곡고등학교,2025,주간,고등학교,해당없음,20250930,1회고사,,Y,Y,Y,*,*,*,20260322
I10,세종특별자치시교육청,9300265,반곡고등학교,2025,주간,고등학교,해당없음,20251001,1회고사,,Y,Y,Y,*,*,*,20260322
I10,세종특별자치시교육청,9300265,반곡고등학교,2025,주간,고등학교,해당없음,20251002,1회고사,,Y,Y,Y,*,*,*,20260322
I10,세종특별자치시교육청,9300265,반곡고등학교,2025,주간,고등학교,공휴일,20251003,개천절,,Y,Y,Y,*,*,*,20260322
I10,세종특별자치시교육청,9300265,반곡고등학교,2025,주간,고등학교,휴업일,20251004,토요휴업일,,Y,Y,Y,*,*,*,20260322
I10,세종특별자치시교육청,9300265,반곡고등학교,2025,주간,고등학교,공휴일,20251005,추석,,Y,Y,Y,*,*,*,20260322
I10,세종특별자치시교육청,9300265,반곡고등학교,2025,주간,고등학교,공휴일,20251006,추석,,Y,Y,Y,*,*,*,20260322
I10,세종특별자치시교육청,9300265,반곡고등학교,2025,주간,고등학교,공휴일,20251007,추석,,Y,Y,Y,*,*,*,20260322
I10,세종특별자치시교육청,9300265,반곡고등학교,2025,주간,고등학교,공휴일,20251008,대체공휴일,,Y,Y,Y,*,*,*,20260322
I10,세종특별자치시교육청,9300265,반곡고등학교,2025,주간,고등학교,공휴일,20251009,한글날,,Y,Y,Y,*,*,*,20260322
I10,세종특별자치시교육청,9300265,반곡고등학교,2025,주간,고등학교,휴업일,20251010,재량휴업일,,Y,Y,Y,*,*,*,20260322
I10,세종특별자치시교육청,9300265,반곡고등학교,2025,주간,고등학교,휴업일,20251011,토요휴업일,,Y,Y,Y,*,*,*,20260322
I10,세종특별자치시교육청,9300265,반곡고등학교,2025,주간,고등학교,해당없음,20251014,전국연합학력평가,,Y,Y,Y,*,*,*,20260322
I10,세종특별자치시교육청,9300265,반곡고등학교,2025,주간,고등학교,휴업일,20251018,토요휴업일,,Y,Y,Y,*,*,*,20260322
I10,세종특별자치시교육청,9300265,반곡고등학교,2025,주간,고등학교,해당없음,20251021,학부모 공개수업,,Y,Y,Y,*,*,*,20260322
I10,세종특별자치시교육청,9300265,반곡고등학교,2025,주간,고등학교,휴업일,20251025,토요휴업일,,Y,Y,Y,*,*,*,20260322
I10,세종특별자치시교육청,9300265,반곡고등학교,2025,주간,고등학교,휴업일,20251101,토요휴업일,,Y,Y,Y,*,*,*,20260322
I10,세종특별자치시교육청,9300265,반곡고등학교,2025,주간,고등학교,휴업일,20251108,토요휴업일,,Y,Y,Y,*,*,*,20260322
I10,세종특별자치시교육청,9300265,반곡고등학교,2025,주간,고등학교,휴업일,20251113,재량휴업일,,Y,Y,Y,*,*,*,20260322
I10,세종특별자치시교육청,9300265,반곡고등학교,2025,주간,고등학교,휴업일,20251113,대학수학능력시험,,N,N,Y,*,*,*,20260322
I10,세종특별자치시교육청,9300265,반곡고등학교,2025,주간,고등학교,휴업일,20251114,재량휴업일,,Y,Y,Y,*,*,*,20260322
I10,세종특별자치시교육청,9300265,반곡고등학교,2025,주간,고등학교,휴업일,20251115,토요휴업일,,Y,Y,Y,*,*,*,20260322
I10,세종특별자치시교육청,9300265,반곡고등학교,2025,주간,고등학교,휴업일,20251122,토요휴업일,,Y,Y,Y,*,*,*,20260322
I10,세종특별자치시교육청,9300265,반곡고등학교,2025,주간,고등학교,휴업일,20251129,토요휴업일,,Y,Y,Y,*,*,*,20260322
I10,세종특별자치시교육청,9300265,반곡고등학교,2025,주간,고등학교,해당없음,20251202,2회고사,,Y,Y,N,*,*,*,20260322
I10,세종특별자치시교육청,9300265,반곡고등학교,2025,주간,고등학교,해당없음,20251202,현장체험학습,,N,N,Y,*,*,*,20260322
I10,세종특별자치시교육청,9300265,반곡고등학교,2025,주간,고등학교,해당없음,20251203,2회고사,,Y,Y,N,*,*,*,20260322
I10,세종특별자치시교육청,9300265,반곡고등학교,2025,주간,고등학교,해당없음,20251204,2회고사,,Y,Y,N,*,*,*,20260322
I10,세종특별자치시교육청,9300265,반곡고등학교,2025,주간,고등학교,해당없음,20251205,2회고사,,Y,Y,N,*,*,*,20260322
I10,세종특별자치시교육청,9300265,반곡고등학교,2025,주간,고등학교,휴업일,20251206,토요휴업일,,Y,Y,Y,*,*,*,20260322
I10,세종특별자치시교육청,9300265,반곡고등학교,2025,주간,고등학교,휴업일,20251213,토요휴업일,,Y,Y,Y,*,*,*,20260322
I10,세종특별자치시교육청,9300265,반곡고등학교,2025,주간,고등학교,휴업일,20251220,토요휴업일,,Y,Y,Y,*,*,*,20260322
I10,세종특별자치시교육청,9300265,반곡고등학교,2025,주간,고등학교,공휴일,20251225,성탄절,,Y,Y,Y,*,*,*,20260322
I10,세종특별자치시교육청,9300265,반곡고등학교,2025,주간,고등학교,해당없음,20251226,축제,,Y,Y,Y,*,*,*,20260322
I10,세종특별자치시교육청,9300265,반곡고등학교,2025,주간,고등학교,휴업일,20251227,토요휴업일,,Y,Y,Y,*,*,*,20260322
I10,세종특별자치시교육청,9300265,반곡고등학교,2025,주간,고등학교,해당없음,20251231,겨울방학식,,Y,Y,Y,*,*,*,20260322
I10,세종특별자치시교육청,9300265,반곡고등학교,2025,주간,고등학교,공휴일,20260101,신정,,Y,Y,Y,*,*,*,20260322
I10,세종특별자치시교육청,9300265,반곡고등학교,2025,주간,고등학교,휴업일,20260102,겨울방학,,Y,Y,Y,*,*,*,20260322
I10,세종특별자치시교육청,9300265,반곡고등학교,2025,주간,고등학교,휴업일,20260103,토요휴업일,,Y,Y,Y,*,*,*,20260322
I10,세종특별자치시교육청,9300265,반곡고등학교,2025,주간,고등학교,휴업일,20260105,겨울방학,,Y,Y,Y,*,*,*,20260322
I10,세종특별자치시교육청,9300265,반곡고등학교,2025,주간,고등학교,휴업일,20260106,겨울방학,,Y,Y,Y,*,*,*,20260322
I10,세종특별자치시교육청,9300265,반곡고등학교,2025,주간,고등학교,휴업일,20260107,겨울방학,,Y,Y,Y,*,*,*,20260322
I10,세종특별자치시교육청,9300265,반곡고등학교,2025,주간,고등학교,휴업일,20260108,겨울방학,,Y,Y,Y,*,*,*,20260322
I10,세종특별자치시교육청,9300265,반곡고등학교,2025,주간,고등학교,휴업일,20260109,겨울방학,,Y,Y,Y,*,*,*,20260322
I10,세종특별자치시교육청,9300265,반곡고등학교,2025,주간,고등학교,휴업일,20260110,토요휴업일,,Y,Y,Y,*,*,*,20260322
I10,세종특별자치시교육청,9300265,반곡고등학교,2025,주간,고등학교,휴업일,20260112,겨울방학,,Y,Y,Y,*,*,*,20260322
I10,세종특별자치시교육청,9300265,반곡고등학교,2025,주간,고등학교,휴업일,20260113,겨울방학,,Y,Y,Y,*,*,*,20260322
I10,세종특별자치시교육청,9300265,반곡고등학교,2025,주간,고등학교,휴업일,20260114,겨울방학,,Y,Y,Y,*,*,*,20260322
I10,세종특별자치시교육청,9300265,반곡고등학교,2025,주간,고등학교,휴업일,20260115,겨울방학,,Y,Y,Y,*,*,*,20260322
I10,세종특별자치시교육청,9300265,반곡고등학교,2025,주간,고등학교,휴업일,20260116,겨울방학,,Y,Y,Y,*,*,*,20260322
I10,세종특별자치시교육청,9300265,반곡고등학교,2025,주간,고등학교,휴업일,20260117,토요휴업일,,Y,Y,Y,*,*,*,20260322
I10,세종특별자치시교육청,9300265,반곡고등학교,2025,주간,고등학교,휴업일,20260119,겨울방학,,Y,Y,Y,*,*,*,20260322
I10,세종특별자치시교육청,9300265,반곡고등학교,2025,주간,고등학교,휴업일,20260120,겨울방학,,Y,Y,Y,*,*,*,20260322
I10,세종특별자치시교육청,9300265,반곡고등학교,2025,주간,고등학교,휴업일,20260121,겨울방학,,Y,Y,Y,*,*,*,20260322
I10,세종특별자치시교육청,9300265,반곡고등학교,2025,주간,고등학교,휴업일,20260122,겨울방학,,Y,Y,Y,*,*,*,20260322
I10,세종특별자치시교육청,9300265,반곡고등학교,2025,주간,고등학교,휴업일,20260123,겨울방학,,Y,Y,Y,*,*,*,20260322
I10,세종특별자치시교육청,9300265,반곡고등학교,2025,주간,고등학교,휴업일,20260124,토요휴업일,,Y,Y,Y,*,*,*,20260322
I10,세종특별자치시교육청,9300265,반곡고등학교,2025,주간,고등학교,휴업일,20260126,겨울방학,,Y,Y,Y,*,*,*,20260322
I10,세종특별자치시교육청,9300265,반곡고등학교,2025,주간,고등학교,해당없음,20260127,겨울개학식,,Y,Y,Y,*,*,*,20260322
I10,세종특별자치시교육청,9300265,반곡고등학교,2025,주간,고등학교,해당없음,20260130,종업식,,Y,Y,N,*,*,*,20260322
I10,세종특별자치시교육청,9300265,반곡고등학교,2025,주간,고등학교,해당없음,20260130,졸업식,,N,N,Y,*,*,*,20260322
I10,세종특별자치시교육청,9300265,반곡고등학교,2025,주간,고등학교,휴업일,20260131,토요휴업일,,Y,Y,Y,*,*,*,20260322
I10,세종특별자치시교육청,9300265,반곡고등학교,2025,주간,고등학교,휴업일,20260202,겨울방학,,Y,Y,N,*,*,*,20260322
I10,세종특별자치시교육청,9300265,반곡고등학교,2025,주간,고등학교,휴업일,20260203,겨울방학,,Y,Y,N,*,*,*,20260322
I10,세종특별자치시교육청,9300265,반곡고등학교,2025,주간,고등학교,휴업일,20260204,겨울방학,,Y,Y,N,*,*,*,20260322
I10,세종특별자치시교육청,9300265,반곡고등학교,2025,주간,고등학교,휴업일,20260205,겨울방학,,Y,Y,N,*,*,*,20260322
I10,세종특별자치시교육청,9300265,반곡고등학교,2025,주간,고등학교,휴업일,20260206,겨울방학,,Y,Y,N,*,*,*,20260322
I10,세종특별자치시교육청,9300265,반곡고등학교,2025,주간,고등학교,휴업일,20260207,토요휴업일,,Y,Y,Y,*,*,*,20260322
I10,세종특별자치시교육청,9300265,반곡고등학교,2025,주간,고등학교,휴업일,20260209,겨울방학,,Y,Y,N,*,*,*,20260322
I10,세종특별자치시교육청,9300265,반곡고등학교,2025,주간,고등학교,휴업일,20260210,겨울방학,,Y,Y,N,*,*,*,20260322
I10,세종특별자치시교육청,9300265,반곡고등학교,2025,주간,고등학교,휴업일,20260211,겨울방학,,Y,Y,N,*,*,*,20260322
I10,세종특별자치시교육청,9300265,반곡고등학교,2025,주간,고등학교,휴업일,20260212,겨울방학,,Y,Y,N,*,*,*,20260322
I10,세종특별자치시교육청,9300265,반곡고등학교,2025,주간,고등학교,휴업일,20260213,겨울방학,,Y,Y,N,*,*,*,20260322
I10,세종특별자치시교육청,9300265,반곡고등학교,2025,주간,고등학교,휴업일,20260214,토요휴업일,,Y,Y,Y,*,*,*,20260322
I10,세종특별자치시교육청,9300265,반곡고등학교,2025,주간,고등학교,공휴일,20260216,설날,,Y,Y,Y,*,*,*,20260322
I10,세종특별자치시교육청,9300265,반곡고등학교,2025,주간,고등학교,공휴일,20260217,설날,,Y,Y,Y,*,*,*,20260322
I10,세종특별자치시교육청,9300265,반곡고등학교,2025,주간,고등학교,공휴일,20260218,설날,,Y,Y,Y,*,*,*,20260322
I10,세종특별자치시교육청,9300265,반곡고등학교,2025,주간,고등학교,휴업일,20260219,겨울방학,,Y,Y,N,*,*,*,20260322
I10,세종특별자치시교육청,9300265,반곡고등학교,2025,주간,고등학교,휴업일,20260220,겨울방학,,Y,Y,N,*,*,*,20260322
I10,세종특별자치시교육청,9300265,반곡고등학교,2025,주간,고등학교,휴업일,20260221,토요휴업일,,Y,Y,Y,*,*,*,20260322
I10,세종특별자치시교육청,9300265,반곡고등학교,2025,주간,고등학교,휴업일,20260223,겨울방학,,Y,Y,N,*,*,*,20260322
I10,세종특별자치시교육청,9300265,반곡고등학교,2025,주간,고등학교,휴업일,20260224,겨울방학,,Y,Y,N,*,*,*,20260322
I10,세종특별자치시교육청,9300265,반곡고등학교,2025,주간,고등학교,휴업일,20260225,겨울방학,,Y,Y,N,*,*,*,20260322
I10,세종특별자치시교육청,9300265,반곡고등학교,2025,주간,고등학교,휴업일,20260226,겨울방학,,Y,Y,N,*,*,*,20260322
I10,세종특별자치시교육청,9300265,반곡고등학교,2025,주간,고등학교,휴업일,20260227,겨울방학,,Y,Y,N,*,*,*,20260322
I10,세종특별자치시교육청,9300265,반곡고등학교,2025,주간,고등학교,휴업일,20260228,토요휴업일,,Y,Y,Y,*,*,*,20260322
I10,세종특별자치시교육청,9300265,반곡고등학교,2026,주간,고등학교,공휴일,20260301,3·1절,,Y,Y,Y,*,*,*,20260322
I10,세종특별자치시교육청,9300265,반곡고등학교,2026,주간,고등학교,공휴일,20260302,대체공휴일,,Y,Y,Y,*,*,*,20260322
I10,세종특별자치시교육청,9300265,반곡고등학교,2026,주간,고등학교,휴업일,20260307,토요휴업일,,Y,Y,Y,*,*,*,20260322
I10,세종특별자치시교육청,9300265,반곡고등학교,2026,주간,고등학교,휴업일,20260314,토요휴업일,,Y,Y,Y,*,*,*,20260322
I10,세종특별자치시교육청,9300265,반곡고등학교,2026,주간,고등학교,휴업일,20260321,토요휴업일,,Y,Y,Y,*,*,*,20260322
I10,세종특별자치시교육청,9300265,반곡고등학교,2026,주간,고등학교,해당없음,20260324,전국연합학력평가,,Y,Y,Y,*,*,*,20260322
I10,세종특별자치시교육청,9300265,반곡고등학교,2026,주간,고등학교,해당없음,20260326,교육과정설명회,,Y,Y,Y,*,*,*,20260322
I10,세종특별자치시교육청,9300265,반곡고등학교,2026,주간,고등학교,휴업일,20260328,토요휴업일,,Y,Y,Y,*,*,*,20260322
I10,세종특별자치시교육청,9300265,반곡고등학교,2026,주간,고등학교,휴업일,20260404,토요휴업일,,Y,Y,Y,*,*,*,20260322
I10,세종특별자치시교육청,9300265,반곡고등학교,2026,주간,고등학교,휴업일,20260411,토요휴업일,,Y,Y,Y,*,*,*,20260322
I10,세종특별자치시교육청,9300265,반곡고등학교,2026,주간,고등학교,휴업일,20260418,토요휴업일,,Y,Y,Y,*,*,*,20260322
I10,세종특별자치시교육청,9300265,반곡고등학교,2026,주간,고등학교,휴업일,20260425,토요휴업일,,Y,Y,Y,*,*,*,20260322
I10,세종특별자치시교육청,9300265,반곡고등학교,2026,주간,고등학교,해당없음,20260427,1회고사,,Y,Y,Y,*,*,*,20260322
I10,세종특별자치시교육청,9300265,반곡고등학교,2026,주간,고등학교,해당없음,20260428,1회고사,,Y,Y,Y,*,*,*,20260322
I10,세종특별자치시교육청,9300265,반곡고등학교,2026,주간,고등학교,해당없음,20260429,1회고사,,Y,Y,Y,*,*,*,20260322
I10,세종특별자치시교육청,9300265,반곡고등학교,2026,주간,고등학교,해당없음,20260430,1회고사,,Y,Y,Y,*,*,*,20260322
I10,세종특별자치시교육청,9300265,반곡고등학교,2026,주간,고등학교,휴업일,20260501,개교기념일,,Y,Y,Y,*,*,*,20260322
I10,세종특별자치시교육청,9300265,반곡고등학교,2026,주간,고등학교,휴업일,20260502,토요휴업일,,Y,Y,Y,*,*,*,20260322
I10,세종특별자치시교육청,9300265,반곡고등학교,2026,주간,고등학교,휴업일,20260504,재량휴업일,,Y,Y,Y,*,*,*,20260322
I10,세종특별자치시교육청,9300265,반곡고등학교,2026,주간,고등학교,공휴일,20260505,어린이날,,Y,Y,Y,*,*,*,20260322
I10,세종특별자치시교육청,9300265,반곡고등학교,2026,주간,고등학교,해당없음,20260507,전국연합학력평가,,Y,Y,Y,*,*,*,20260322
I10,세종특별자치시교육청,9300265,반곡고등학교,2026,주간,고등학교,휴업일,20260509,토요휴업일,,Y,Y,Y,*,*,*,20260322
I10,세종특별자치시교육청,9300265,반곡고등학교,2026,주간,고등학교,휴업일,20260516,토요휴업일,,Y,Y,Y,*,*,*,20260322
I10,세종특별자치시교육청,9300265,반곡고등학교,2026,주간,고등학교,해당없음,20260519,교육과정 박람회,,Y,Y,Y,*,*,*,20260322
I10,세종특별자치시교육청,9300265,반곡고등학교,2026,주간,고등학교,휴업일,20260523,토요휴업일,,Y,Y,Y,*,*,*,20260322
I10,세종특별자치시교육청,9300265,반곡고등학교,2026,주간,고등학교,공휴일,20260524,석가탄신일,,Y,Y,Y,*,*,*,20260322
I10,세종특별자치시교육청,9300265,반곡고등학교,2026,주간,고등학교,공휴일,20260525,대체공휴일,,Y,Y,Y,*,*,*,20260322
I10,세종특별자치시교육청,9300265,반곡고등학교,2026,주간,고등학교,휴업일,20260530,토요휴업일,,Y,Y,Y,*,*,*,20260322
I10,세종특별자치시교육청,9300265,반곡고등학교,2026,주간,고등학교,해당없음,20260602,학부모 공개수업,,Y,Y,Y,*,*,*,20260322
I10,세종특별자치시교육청,9300265,반곡고등학교,2026,주간,고등학교,공휴일,20260603,지방선거일,,Y,Y,Y,*,*,*,20260322
I10,세종특별자치시교육청,9300265,반곡고등학교,2026,주간,고등학교,해당없음,20260604,전국연합학력평가,,Y,Y,Y,*,*,*,20260322
I10,세종특별자치시교육청,9300265,반곡고등학교,2026,주간,고등학교,공휴일,20260606,현충일,,Y,Y,Y,*,*,*,20260322
I10,세종특별자치시교육청,9300265,반곡고등학교,2026,주간,고등학교,휴업일,20260613,토요휴업일,,Y,Y,Y,*,*,*,20260322
I10,세종특별자치시교육청,9300265,반곡고등학교,2026,주간,고등학교,휴업일,20260620,토요휴업일,,Y,Y,Y,*,*,*,20260322
I10,세종특별자치시교육청,9300265,반곡고등학교,2026,주간,고등학교,해당없음,20260624,2회고사,,Y,Y,Y,*,*,*,20260322
I10,세종특별자치시교육청,9300265,반곡고등학교,2026,주간,고등학교,해당없음,20260625,2회고사,,Y,Y,Y,*,*,*,20260322
I10,세종특별자치시교육청,9300265,반곡고등학교,2026,주간,고등학교,해당없음,20260626,2회고사,,Y,Y,Y,*,*,*,20260322
I10,세종특별자치시교육청,9300265,반곡고등학교,2026,주간,고등학교,해당없음,20260627,2회고사,,Y,Y,Y,*,*,*,20260322
I10,세종특별자치시교육청,9300265,반곡고등학교,2026,주간,고등학교,휴업일,20260627,토요휴업일,,Y,Y,Y,*,*,*,20260322
I10,세종특별자치시교육청,9300265,반곡고등학교,2026,주간,고등학교,해당없음,20260628,2회고사,,Y,Y,Y,*,*,*,20260322
I10,세종특별자치시교육청,9300265,반곡고등학교,2026,주간,고등학교,해당없음,20260629,2회고사,,Y,Y,Y,*,*,*,20260322
I10,세종특별자치시교육청,9300265,반곡고등학교,2026,주간,고등학교,해당없음,20260630,2회고사,,Y,Y,Y,*,*,*,20260322
I10,세종특별자치시교육청,9300265,반곡고등학교,2026,주간,고등학교,휴업일,20260704,토요휴업일,,Y,Y,Y,*,*,*,20260322
I10,세종특별자치시교육청,9300265,반곡고등학교,2026,주간,고등학교,해당없음,20260708,전국연합학력평가,,Y,Y,Y,*,*,*,20260322
I10,세종특별자치시교육청,9300265,반곡고등학교,2026,주간,고등학교,휴업일,20260711,토요휴업일,,Y,Y,Y,*,*,*,20260322
I10,세종특별자치시교육청,9300265,반곡고등학교,2026,주간,고등학교,공휴일,20260717,제헌절,,Y,Y,Y,*,*,*,20260322
I10,세종특별자치시교육청,9300265,반곡고등학교,2026,주간,고등학교,휴업일,20260718,토요휴업일,,Y,Y,Y,*,*,*,20260322
I10,세종특별자치시교육청,9300265,반곡고등학교,2026,주간,고등학교,해당없음,20260721,여름방학식,,Y,Y,Y,*,*,*,20260322
I10,세종특별자치시교육청,9300265,반곡고등학교,2026,주간,고등학교,휴업일,20260725,토요휴업일,,Y,Y,Y,*,*,*,20260322
I10,세종특별자치시교육청,9300265,반곡고등학교,2026,주간,고등학교,휴업일,20260801,토요휴업일,,Y,Y,Y,*,*,*,20260322
I10,세종특별자치시교육청,9300265,반곡고등학교,2026,주간,고등학교,휴업일,20260808,토요휴업일,,Y,Y,Y,*,*,*,20260322
I10,세종특별자치시교육청,9300265,반곡고등학교,2026,주간,고등학교,해당없음,20260813,여름개학식,,Y,Y,Y,*,*,*,20260322
I10,세종특별자치시교육청,9300265,반곡고등학교,2026,주간,고등학교,공휴일,20260815,광복절,,Y,Y,Y,*,*,*,20260322
I10,세종특별자치시교육청,9300265,반곡고등학교,2026,주간,고등학교,공휴일,20260817,대체공휴일,,Y,Y,Y,*,*,*,20260322
I10,세종특별자치시교육청,9300265,반곡고등학교,2026,주간,고등학교,휴업일,20260822,토요휴업일,,Y,Y,Y,*,*,*,20260322
I10,세종특별자치시교육청,9300265,반곡고등학교,2026,주간,고등학교,휴업일,20260829,토요휴업일,,Y,Y,Y,*,*,*,20260322
I10,세종특별자치시교육청,9300265,반곡고등학교,2026,주간,고등학교,해당없음,20260902,전국연합학력평가,,Y,Y,Y,*,*,*,20260322
I10,세종특별자치시교육청,9300265,반곡고등학교,2026,주간,고등학교,해당없음,20260902,수능모의평가,,Y,Y,Y,*,*,*,20260322
I10,세종특별자치시교육청,9300265,반곡고등학교,2026,주간,고등학교,휴업일,20260905,토요휴업일,,Y,Y,Y,*,*,*,20260322
I10,세종특별자치시교육청,9300265,반곡고등학교,2026,주간,고등학교,해당없음,20260910,학부모 공개수업,,Y,Y,Y,*,*,*,20260322
I10,세종특별자치시교육청,9300265,반곡고등학교,2026,주간,고등학교,휴업일,20260912,토요휴업일,,Y,Y,Y,*,*,*,20260322
I10,세종특별자치시교육청,9300265,반곡고등학교,2026,주간,고등학교,해당없음,20260916,수련,,Y,Y,Y,*,*,*,20260322
I10,세종특별자치시교육청,9300265,반곡고등학교,2026,주간,고등학교,해당없음,20260917,수련,,Y,Y,Y,*,*,*,20260322
I10,세종특별자치시교육청,9300265,반곡고등학교,2026,주간,고등학교,해당없음,20260918,수련,,Y,Y,Y,*,*,*,20260322
I10,세종특별자치시교육청,9300265,반곡고등학교,2026,주간,고등학교,휴업일,20260919,토요휴업일,,Y,Y,Y,*,*,*,20260322
I10,세종특별자치시교육청,9300265,반곡고등학교,2026,주간,고등학교,공휴일,20260925,추석,,Y,Y,Y,*,*,*,20260322
I10,세종특별자치시교육청,9300265,반곡고등학교,2026,주간,고등학교,휴업일,20260926,토요휴업일,,Y,Y,Y,*,*,*,20260322
I10,세종특별자치시교육청,9300265,반곡고등학교,2026,주간,고등학교,공휴일,20261003,개천절,,Y,Y,Y,*,*,*,20260322
I10,세종특별자치시교육청,9300265,반곡고등학교,2026,주간,고등학교,공휴일,20261005,대체공휴일,,Y,Y,Y,*,*,*,20260322
I10,세종특별자치시교육청,9300265,반곡고등학교,2026,주간,고등학교,공휴일,20261009,한글날,,Y,Y,Y,*,*,*,20260322
I10,세종특별자치시교육청,9300265,반곡고등학교,2026,주간,고등학교,휴업일,20261010,토요휴업일,,Y,Y,Y,*,*,*,20260322
I10,세종특별자치시교육청,9300265,반곡고등학교,2026,주간,고등학교,휴업일,20261017,토요휴업일,,Y,Y,Y,*,*,*,20260322
I10,세종특별자치시교육청,9300265,반곡고등학교,2026,주간,고등학교,해당없음,20261020,전국연합학력평가,,Y,Y,Y,*,*,*,20260322
I10,세종특별자치시교육청,9300265,반곡고등학교,2026,주간,고등학교,휴업일,20261024,토요휴업일,,Y,Y,Y,*,*,*,20260322
I10,세종특별자치시교육청,9300265,반곡고등학교,2026,주간,고등학교,휴업일,20261031,토요휴업일,,Y,Y,Y,*,*,*,20260322
I10,세종특별자치시교육청,9300265,반곡고등학교,2026,주간,고등학교,휴업일,20261107,토요휴업일,,Y,Y,Y,*,*,*,20260322
I10,세종특별자치시교육청,9300265,반곡고등학교,2026,주간,고등학교,휴업일,20261114,토요휴업일,,Y,Y,Y,*,*,*,20260322
I10,세종특별자치시교육청,9300265,반곡고등학교,2026,주간,고등학교,휴업일,20261119,대학수학능력시험,,Y,Y,Y,*,*,*,20260322
I10,세종특별자치시교육청,9300265,반곡고등학교,2026,주간,고등학교,휴업일,20261120,재량휴업일,,Y,Y,Y,*,*,*,20260322
I10,세종특별자치시교육청,9300265,반곡고등학교,2026,주간,고등학교,휴업일,20261121,토요휴업일,,Y,Y,Y,*,*,*,20260322
I10,세종특별자치시교육청,9300265,반곡고등학교,2026,주간,고등학교,휴업일,20261128,토요휴업일,,Y,Y,Y,*,*,*,20260322
I10,세종특별자치시교육청,9300265,반곡고등학교,2026,주간,고등학교,휴업일,20261205,토요휴업일,,Y,Y,Y,*,*,*,20260322
I10,세종특별자치시교육청,9300265,반곡고등학교,2026,주간,고등학교,해당없음,20261207,2회고사,,Y,Y,Y,*,*,*,20260322
I10,세종특별자치시교육청,9300265,반곡고등학교,2026,주간,고등학교,해당없음,20261207,현장체험학습,,Y,Y,Y,*,*,*,20260322
I10,세종특별자치시교육청,9300265,반곡고등학교,2026,주간,고등학교,해당없음,20261208,2회고사,,Y,Y,Y,*,*,*,20260322
I10,세종특별자치시교육청,9300265,반곡고등학교,2026,주간,고등학교,해당없음,20261209,2회고사,,Y,Y,Y,*,*,*,20260322
I10,세종특별자치시교육청,9300265,반곡고등학교,2026,주간,고등학교,해당없음,20261210,2회고사,,Y,Y,Y,*,*,*,20260322
I10,세종특별자치시교육청,9300265,반곡고등학교,2026,주간,고등학교,해당없음,20261211,2회고사,,Y,Y,Y,*,*,*,20260322
I10,세종특별자치시교육청,9300265,반곡고등학교,2026,주간,고등학교,휴업일,20261212,토요휴업일,,Y,Y,Y,*,*,*,20260322
I10,세종특별자치시교육청,9300265,반곡고등학교,2026,주간,고등학교,휴업일,20261219,토요휴업일,,Y,Y,Y,*,*,*,20260322
I10,세종특별자치시교육청,9300265,반곡고등학교,2026,주간,고등학교,공휴일,20261225,성탄절,,Y,Y,Y,*,*,*,20260322
I10,세종특별자치시교육청,9300265,반곡고등학교,2026,주간,고등학교,휴업일,20261226,토요휴업일,,Y,Y,Y,*,*,*,20260322
I10,세종특별자치시교육청,9300265,반곡고등학교,2026,주간,고등학교,공휴일,20270101,신정,,Y,Y,Y,*,*,*,20260322
I10,세종특별자치시교육청,9300265,반곡고등학교,2026,주간,고등학교,휴업일,20270102,토요휴업일,,Y,Y,Y,*,*,*,20260322
I10,세종특별자치시교육청,9300265,반곡고등학교,2026,주간,고등학교,휴업일,20270109,토요휴업일,,Y,Y,Y,*,*,*,20260322
I10,세종특별자치시교육청,9300265,반곡고등학교,2026,주간,고등학교,휴업일,20270116,토요휴업일,,Y,Y,Y,*,*,*,20260322
I10,세종특별자치시교육청,9300265,반곡고등학교,2026,주간,고등학교,휴업일,20270123,토요휴업일,,Y,Y,Y,*,*,*,20260322
I10,세종특별자치시교육청,9300265,반곡고등학교,2026,주간,고등학교,해당없음,20270126,겨울개학식,,Y,Y,Y,*,*,*,20260322
I10,세종특별자치시교육청,9300265,반곡고등학교,2026,주간,고등학교,해당없음,20270129,종업식,,Y,Y,Y,*,*,*,20260322
I10,세종특별자치시교육청,9300265,반곡고등학교,2026,주간,고등학교,해당없음,20270129,졸업식,,Y,Y,Y,*,*,*,20260322
I10,세종특별자치시교육청,9300265,반곡고등학교,2026,주간,고등학교,휴업일,20270130,토요휴업일,,Y,Y,Y,*,*,*,20260322
I10,세종특별자치시교육청,9300265,반곡고등학교,2026,주간,고등학교,휴업일,20270206,토요휴업일,,Y,Y,Y,*,*,*,20260322
I10,세종특별자치시교육청,9300265,반곡고등학교,2026,주간,고등학교,공휴일,20270207,설날,,Y,Y,Y,*,*,*,20260322
I10,세종특별자치시교육청,9300265,반곡고등학교,2026,주간,고등학교,휴업일,20270213,토요휴업일,,Y,Y,Y,*,*,*,20260322
I10,세종특별자치시교육청,9300265,반곡고등학교,2026,주간,고등학교,휴업일,20270220,토요휴업일,,Y,Y,Y,*,*,*,20260322
I10,세종특별자치시교육청,9300265,반곡고등학교,2026,주간,고등학교,휴업일,20270227,토요휴업일,,Y,Y,Y,*,*,*,20260322
I10,세종특별자치시교육청,9300238,반곡중학교,2025,주간,중학교,공휴일,20250301,3·1절,,Y,Y,Y,*,*,*,20260322
I10,세종특별자치시교육청,9300238,반곡중학교,2025,주간,중학교,공휴일,20250303,대체공휴일,,Y,Y,Y,*,*,*,20260322
I10,세종특별자치시교육청,9300238,반곡중학교,2025,주간,중학교,휴업일,20250308,토요휴업일,,Y,Y,Y,*,*,*,20260322
I10,세종특별자치시교육청,9300238,반곡중학교,2025,주간,중학교,휴업일,20250315,토요휴업일,,Y,Y,Y,*,*,*,20260322
I10,세종특별자치시교육청,9300238,반곡중학교,2025,주간,중학교,휴업일,20250322,토요휴업일,,Y,Y,Y,*,*,*,20260322
I10,세종특별자치시교육청,9300238,반곡중학교,2025,주간,중학교,휴업일,20250329,토요휴업일,,Y,Y,Y,*,*,*,20260322
I10,세종특별자치시교육청,9300238,반곡중학교,2025,주간,중학교,휴업일,20250405,토요휴업일,,Y,Y,Y,*,*,*,20260322
I10,세종특별자치시교육청,9300238,반곡중학교,2025,주간,중학교,휴업일,20250412,토요휴업일,,Y,Y,Y,*,*,*,20260322
I10,세종특별자치시교육청,9300238,반곡중학교,2025,주간,중학교,휴업일,20250419,토요휴업일,,Y,Y,Y,*,*,*,20260322
I10,세종특별자치시교육청,9300238,반곡중학교,2025,주간,중학교,휴업일,20250426,토요휴업일,,Y,Y,Y,*,*,*,20260322
I10,세종특별자치시교육청,9300238,반곡중학교,2025,주간,중학교,휴업일,20250501,개교기념일,,Y,Y,Y,*,*,*,20260322
I10,세종특별자치시교육청,9300238,반곡중학교,2025,주간,중학교,휴업일,20250503,토요휴업일,,Y,Y,Y,*,*,*,20260322
I10,세종특별자치시교육청,9300238,반곡중학교,2025,주간,중학교,공휴일,20250505,어린이날,,Y,Y,Y,*,*,*,20260322
I10,세종특별자치시교육청,9300238,반곡중학교,2025,주간,중학교,공휴일,20250506,대체공휴일,,Y,Y,Y,*,*,*,20260322
I10,세종특별자치시교육청,9300238,반곡중학교,2025,주간,중학교,휴업일,20250510,토요휴업일,,Y,Y,Y,*,*,*,20260322
I10,세종특별자치시교육청,9300238,반곡중학교,2025,주간,중학교,해당없음,20250513,수련활동,,Y,N,N,*,*,*,20260322
I10,세종특별자치시교육청,9300238,반곡중학교,2025,주간,중학교,해당없음,20250514,수련활동,,Y,N,N,*,*,*,20260322
I10,세종특별자치시교육청,9300238,반곡중학교,2025,주간,중학교,휴업일,20250517,토요휴업일,,Y,Y,Y,*,*,*,20260322
I10,세종특별자치시교육청,9300238,반곡중학교,2025,주간,중학교,휴업일,20250524,토요휴업일,,Y,Y,Y,*,*,*,20260322
I10,세종특별자치시교육청,9300238,반곡중학교,2025,주간,중학교,해당없음,20250528,수학여행,,N,Y,N,*,*,*,20260322
I10,세종특별자치시교육청,9300238,반곡중학교,2025,주간,중학교,해당없음,20250529,수학여행,,N,Y,N,*,*,*,20260322
I10,세종특별자치시교육청,9300238,반곡중학교,2025,주간,중학교,해당없음,20250530,수학여행,,N,Y,N,*,*,*,20260322
I10,세종특별자치시교육청,9300238,반곡중학교,2025,주간,중학교,휴업일,20250531,토요휴업일,,Y,Y,Y,*,*,*,20260322
I10,세종특별자치시교육청,9300238,반곡중학교,2025,주간,중학교,공휴일,20250603,선거일,대통령 선거일,Y,Y,Y,*,*,*,20260322
I10,세종특별자치시교육청,9300238,반곡중학교,2025,주간,중학교,공휴일,20250606,현충일,,Y,Y,Y,*,*,*,20260322
I10,세종특별자치시교육청,9300238,반곡중학교,2025,주간,중학교,휴업일,20250607,토요휴업일,,Y,Y,Y,*,*,*,20260322
I10,세종특별자치시교육청,9300238,반곡중학교,2025,주간,중학교,휴업일,20250614,토요휴업일,,Y,Y,Y,*,*,*,20260322
I10,세종특별자치시교육청,9300238,반곡중학교,2025,주간,중학교,휴업일,20250621,토요휴업일,,Y,Y,Y,*,*,*,20260322
I10,세종특별자치시교육청,9300238,반곡중학교,2025,주간,중학교,휴업일,20250628,토요휴업일,,Y,Y,Y,*,*,*,20260322
I10,세종특별자치시교육청,9300238,반곡중학교,2025,주간,중학교,휴업일,20250705,토요휴업일,,Y,Y,Y,*,*,*,20260322
I10,세종특별자치시교육청,9300238,반곡중학교,2025,주간,중학교,휴업일,20250712,토요휴업일,,Y,Y,Y,*,*,*,20260322
I10,세종특별자치시교육청,9300238,반곡중학교,2025,주간,중학교,해당없음,20250718,방학식,,Y,Y,Y,*,*,*,20260322
I10,세종특별자치시교육청,9300238,반곡중학교,2025,주간,중학교,휴업일,20250719,토요휴업일,,Y,Y,Y,*,*,*,20260322
I10,세종특별자치시교육청,9300238,반곡중학교,2025,주간,중학교,휴업일,20250721,여름방학,,Y,Y,Y,*,*,*,20260322
I10,세종특별자치시교육청,9300238,반곡중학교,2025,주간,중학교,휴업일,20250722,여름방학,,Y,Y,Y,*,*,*,20260322
I10,세종특별자치시교육청,9300238,반곡중학교,2025,주간,중학교,휴업일,20250723,여름방학,,Y,Y,Y,*,*,*,20260322
I10,세종특별자치시교육청,9300238,반곡중학교,2025,주간,중학교,휴업일,20250724,여름방학,,Y,Y,Y,*,*,*,20260322
I10,세종특별자치시교육청,9300238,반곡중학교,2025,주간,중학교,휴업일,20250725,여름방학,,Y,Y,Y,*,*,*,20260322
I10,세종특별자치시교육청,9300238,반곡중학교,2025,주간,중학교,휴업일,20250726,여름방학,,Y,Y,Y,*,*,*,20260322
I10,세종특별자치시교육청,9300238,반곡중학교,2025,주간,중학교,휴업일,20250726,토요휴업일,,Y,Y,Y,*,*,*,20260322
I10,세종특별자치시교육청,9300238,반곡중학교,2025,주간,중학교,휴업일,20250727,여름방학,,Y,Y,Y,*,*,*,20260322
I10,세종특별자치시교육청,9300238,반곡중학교,2025,주간,중학교,휴업일,20250728,여름방학,,Y,Y,Y,*,*,*,20260322
I10,세종특별자치시교육청,9300238,반곡중학교,2025,주간,중학교,휴업일,20250729,여름방학,,Y,Y,Y,*,*,*,20260322
I10,세종특별자치시교육청,9300238,반곡중학교,2025,주간,중학교,휴업일,20250730,여름방학,,Y,Y,Y,*,*,*,20260322
I10,세종특별자치시교육청,9300238,반곡중학교,2025,주간,중학교,휴업일,20250731,여름방학,,Y,Y,Y,*,*,*,20260322
I10,세종특별자치시교육청,9300238,반곡중학교,2025,주간,중학교,휴업일,20250801,여름방학,,Y,Y,Y,*,*,*,20260322
I10,세종특별자치시교육청,9300238,반곡중학교,2025,주간,중학교,휴업일,20250802,여름방학,,Y,Y,Y,*,*,*,20260322
I10,세종특별자치시교육청,9300238,반곡중학교,2025,주간,중학교,휴업일,20250802,토요휴업일,,Y,Y,Y,*,*,*,20260322
I10,세종특별자치시교육청,9300238,반곡중학교,2025,주간,중학교,휴업일,20250803,여름방학,,Y,Y,Y,*,*,*,20260322
I10,세종특별자치시교육청,9300238,반곡중학교,2025,주간,중학교,휴업일,20250804,여름방학,,Y,Y,Y,*,*,*,20260322
I10,세종특별자치시교육청,9300238,반곡중학교,2025,주간,중학교,휴업일,20250805,여름방학,,Y,Y,Y,*,*,*,20260322
I10,세종특별자치시교육청,9300238,반곡중학교,2025,주간,중학교,휴업일,20250806,여름방학,,Y,Y,Y,*,*,*,20260322
I10,세종특별자치시교육청,9300238,반곡중학교,2025,주간,중학교,휴업일,20250807,여름방학,,Y,Y,Y,*,*,*,20260322
I10,세종특별자치시교육청,9300238,반곡중학교,2025,주간,중학교,휴업일,20250808,여름방학,,Y,Y,Y,*,*,*,20260322
I10,세종특별자치시교육청,9300238,반곡중학교,2025,주간,중학교,휴업일,20250809,여름방학,,Y,Y,Y,*,*,*,20260322
I10,세종특별자치시교육청,9300238,반곡중학교,2025,주간,중학교,휴업일,20250809,토요휴업일,,Y,Y,Y,*,*,*,20260322
I10,세종특별자치시교육청,9300238,반곡중학교,2025,주간,중학교,휴업일,20250810,여름방학,,Y,Y,Y,*,*,*,20260322
I10,세종특별자치시교육청,9300238,반곡중학교,2025,주간,중학교,휴업일,20250811,여름방학,,Y,Y,Y,*,*,*,20260322
I10,세종특별자치시교육청,9300238,반곡중학교,2025,주간,중학교,휴업일,20250812,여름방학,,Y,Y,Y,*,*,*,20260322
I10,세종특별자치시교육청,9300238,반곡중학교,2025,주간,중학교,해당없음,20250813,개학식,2학기 개학,Y,Y,Y,*,*,*,20260322
I10,세종특별자치시교육청,9300238,반곡중학교,2025,주간,중학교,공휴일,20250815,광복절,,Y,Y,Y,*,*,*,20260322
I10,세종특별자치시교육청,9300238,반곡중학교,2025,주간,중학교,휴업일,20250816,토요휴업일,,Y,Y,Y,*,*,*,20260322
I10,세종특별자치시교육청,9300238,반곡중학교,2025,주간,중학교,휴업일,20250823,토요휴업일,,Y,Y,Y,*,*,*,20260322
I10,세종특별자치시교육청,9300238,반곡중학교,2025,주간,중학교,휴업일,20250830,토요휴업일,,Y,Y,Y,*,*,*,20260322
I10,세종특별자치시교육청,9300238,반곡중학교,2025,주간,중학교,휴업일,20250906,토요휴업일,,Y,Y,Y,*,*,*,20260322
I10,세종특별자치시교육청,9300238,반곡중학교,2025,주간,중학교,휴업일,20250913,토요휴업일,,Y,Y,Y,*,*,*,20260322
I10,세종특별자치시교육청,9300238,반곡중학교,2025,주간,중학교,휴업일,20250920,토요휴업일,,Y,Y,Y,*,*,*,20260322
I10,세종특별자치시교육청,9300238,반곡중학교,2025,주간,중학교,휴업일,20250927,토요휴업일,,Y,Y,Y,*,*,*,20260322
I10,세종특별자치시교육청,9300238,반곡중학교,2025,주간,중학교,공휴일,20251003,개천절,,Y,Y,Y,*,*,*,20260322
I10,세종특별자치시교육청,9300238,반곡중학교,2025,주간,중학교,휴업일,20251004,토요휴업일,,Y,Y,Y,*,*,*,20260322
I10,세종특별자치시교육청,9300238,반곡중학교,2025,주간,중학교,공휴일,20251005,추석,,Y,Y,Y,*,*,*,20260322
I10,세종특별자치시교육청,9300238,반곡중학교,2025,주간,중학교,공휴일,20251006,추석,,Y,Y,Y,*,*,*,20260322
I10,세종특별자치시교육청,9300238,반곡중학교,2025,주간,중학교,공휴일,20251007,추석,,Y,Y,Y,*,*,*,20260322
I10,세종특별자치시교육청,9300238,반곡중학교,2025,주간,중학교,공휴일,20251008,대체공휴일,,Y,Y,Y,*,*,*,20260322
I10,세종특별자치시교육청,9300238,반곡중학교,2025,주간,중학교,공휴일,20251009,한글날,,Y,Y,Y,*,*,*,20260322
I10,세종특별자치시교육청,9300238,반곡중학교,2025,주간,중학교,휴업일,20251010,재량휴업일,재량휴업일,Y,Y,Y,*,*,*,20260322
I10,세종특별자치시교육청,9300238,반곡중학교,2025,주간,중학교,휴업일,20251011,토요휴업일,,Y,Y,Y,*,*,*,20260322
I10,세종특별자치시교육청,9300238,반곡중학교,2025,주간,중학교,휴업일,20251018,토요휴업일,,Y,Y,Y,*,*,*,20260322
I10,세종특별자치시교육청,9300238,반곡중학교,2025,주간,중학교,휴업일,20251025,토요휴업일,,Y,Y,Y,*,*,*,20260322
I10,세종특별자치시교육청,9300238,반곡중학교,2025,주간,중학교,휴업일,20251101,토요휴업일,,Y,Y,Y,*,*,*,20260322
I10,세종특별자치시교육청,9300238,반곡중학교,2025,주간,중학교,휴업일,20251108,토요휴업일,,Y,Y,Y,*,*,*,20260322
I10,세종특별자치시교육청,9300238,반곡중학교,2025,주간,중학교,휴업일,20251113,수능일,수능일,Y,Y,Y,*,*,*,20260322
I10,세종특별자치시교육청,9300238,반곡중학교,2025,주간,중학교,휴업일,20251115,토요휴업일,,Y,Y,Y,*,*,*,20260322
I10,세종특별자치시교육청,9300238,반곡중학교,2025,주간,중학교,휴업일,20251122,토요휴업일,,Y,Y,Y,*,*,*,20260322
I10,세종특별자치시교육청,9300238,반곡중학교,2025,주간,중학교,휴업일,20251129,토요휴업일,,Y,Y,Y,*,*,*,20260322
I10,세종특별자치시교육청,9300238,반곡중학교,2025,주간,중학교,휴업일,20251206,토요휴업일,,Y,Y,Y,*,*,*,20260322
I10,세종특별자치시교육청,9300238,반곡중학교,2025,주간,중학교,휴업일,20251213,토요휴업일,,Y,Y,Y,*,*,*,20260322
I10,세종특별자치시교육청,9300238,반곡중학교,2025,주간,중학교,휴업일,20251220,토요휴업일,,Y,Y,Y,*,*,*,20260322
I10,세종특별자치시교육청,9300238,반곡중학교,2025,주간,중학교,공휴일,20251225,성탄절,,Y,Y,Y,*,*,*,20260322
I10,세종특별자치시교육청,9300238,반곡중학교,2025,주간,중학교,휴업일,20251227,토요휴업일,,Y,Y,Y,*,*,*,20260322
I10,세종특별자치시교육청,9300238,반곡중학교,2025,주간,중학교,공휴일,20260101,신정,,Y,Y,Y,*,*,*,20260322
I10,세종특별자치시교육청,9300238,반곡중학교,2025,주간,중학교,휴업일,20260103,토요휴업일,,Y,Y,Y,*,*,*,20260322
I10,세종특별자치시교육청,9300238,반곡중학교,2025,주간,중학교,휴업일,20260108,겨울방학,,Y,Y,Y,*,*,*,20260322
I10,세종특별자치시교육청,9300238,반곡중학교,2025,주간,중학교,휴업일,20260109,겨울방학,,Y,Y,Y,*,*,*,20260322
I10,세종특별자치시교육청,9300238,반곡중학교,2025,주간,중학교,휴업일,20260110,겨울방학,,Y,Y,Y,*,*,*,20260322
I10,세종특별자치시교육청,9300238,반곡중학교,2025,주간,중학교,휴업일,20260110,토요휴업일,,Y,Y,Y,*,*,*,20260322
I10,세종특별자치시교육청,9300238,반곡중학교,2025,주간,중학교,휴업일,20260111,겨울방학,,Y,Y,Y,*,*,*,20260322
I10,세종특별자치시교육청,9300238,반곡중학교,2025,주간,중학교,휴업일,20260112,겨울방학,,Y,Y,Y,*,*,*,20260322
I10,세종특별자치시교육청,9300238,반곡중학교,2025,주간,중학교,휴업일,20260113,겨울방학,,Y,Y,Y,*,*,*,20260322
I10,세종특별자치시교육청,9300238,반곡중학교,2025,주간,중학교,휴업일,20260114,겨울방학,,Y,Y,Y,*,*,*,20260322
I10,세종특별자치시교육청,9300238,반곡중학교,2025,주간,중학교,휴업일,20260115,겨울방학,,Y,Y,Y,*,*,*,20260322
I10,세종특별자치시교육청,9300238,반곡중학교,2025,주간,중학교,휴업일,20260116,겨울방학,,Y,Y,Y,*,*,*,20260322
I10,세종특별자치시교육청,9300238,반곡중학교,2025,주간,중학교,휴업일,20260117,겨울방학,,Y,Y,Y,*,*,*,20260322
I10,세종특별자치시교육청,9300238,반곡중학교,2025,주간,중학교,휴업일,20260117,토요휴업일,,Y,Y,Y,*,*,*,20260322
I10,세종특별자치시교육청,9300238,반곡중학교,2025,주간,중학교,휴업일,20260118,겨울방학,,Y,Y,Y,*,*,*,20260322
I10,세종특별자치시교육청,9300238,반곡중학교,2025,주간,중학교,휴업일,20260119,겨울방학,,Y,Y,Y,*,*,*,20260322
I10,세종특별자치시교육청,9300238,반곡중학교,2025,주간,중학교,휴업일,20260120,겨울방학,,Y,Y,Y,*,*,*,20260322
I10,세종특별자치시교육청,9300238,반곡중학교,2025,주간,중학교,휴업일,20260121,겨울방학,,Y,Y,Y,*,*,*,20260322
I10,세종특별자치시교육청,9300238,반곡중학교,2025,주간,중학교,휴업일,20260122,겨울방학,,Y,Y,Y,*,*,*,20260322
I10,세종특별자치시교육청,9300238,반곡중학교,2025,주간,중학교,휴업일,20260123,겨울방학,,Y,Y,Y,*,*,*,20260322
I10,세종특별자치시교육청,9300238,반곡중학교,2025,주간,중학교,휴업일,20260124,겨울방학,,Y,Y,Y,*,*,*,20260322
I10,세종특별자치시교육청,9300238,반곡중학교,2025,주간,중학교,휴업일,20260124,토요휴업일,,Y,Y,Y,*,*,*,20260322
I10,세종특별자치시교육청,9300238,반곡중학교,2025,주간,중학교,휴업일,20260125,겨울방학,,Y,Y,Y,*,*,*,20260322
I10,세종특별자치시교육청,9300238,반곡중학교,2025,주간,중학교,휴업일,20260126,겨울방학,,Y,Y,Y,*,*,*,20260322
I10,세종특별자치시교육청,9300238,반곡중학교,2025,주간,중학교,휴업일,20260127,겨울방학,,Y,Y,Y,*,*,*,20260322
I10,세종특별자치시교육청,9300238,반곡중학교,2025,주간,중학교,휴업일,20260128,겨울방학,,Y,Y,Y,*,*,*,20260322
I10,세종특별자치시교육청,9300238,반곡중학교,2025,주간,중학교,휴업일,20260129,겨울방학,,Y,Y,Y,*,*,*,20260322
I10,세종특별자치시교육청,9300238,반곡중학교,2025,주간,중학교,휴업일,20260130,겨울방학,,Y,Y,Y,*,*,*,20260322
I10,세종특별자치시교육청,9300238,반곡중학교,2025,주간,중학교,휴업일,20260131,겨울방학,,Y,Y,Y,*,*,*,20260322
I10,세종특별자치시교육청,9300238,반곡중학교,2025,주간,중학교,휴업일,20260131,토요휴업일,,Y,Y,Y,*,*,*,20260322
I10,세종특별자치시교육청,9300238,반곡중학교,2025,주간,중학교,휴업일,20260201,겨울방학,,Y,Y,Y,*,*,*,20260322
I10,세종특별자치시교육청,9300238,반곡중학교,2025,주간,중학교,휴업일,20260202,겨울방학,,Y,Y,Y,*,*,*,20260322
I10,세종특별자치시교육청,9300238,반곡중학교,2025,주간,중학교,휴업일,20260203,겨울방학,,Y,Y,Y,*,*,*,20260322
I10,세종특별자치시교육청,9300238,반곡중학교,2025,주간,중학교,휴업일,20260204,겨울방학,,Y,Y,Y,*,*,*,20260322
I10,세종특별자치시교육청,9300238,반곡중학교,2025,주간,중학교,휴업일,20260205,겨울방학,,Y,Y,Y,*,*,*,20260322
I10,세종특별자치시교육청,9300238,반곡중학교,2025,주간,중학교,휴업일,20260206,겨울방학,,Y,Y,Y,*,*,*,20260322
I10,세종특별자치시교육청,9300238,반곡중학교,2025,주간,중학교,휴업일,20260207,겨울방학,,Y,Y,Y,*,*,*,20260322
I10,세종특별자치시교육청,9300238,반곡중학교,2025,주간,중학교,휴업일,20260207,토요휴업일,,Y,Y,Y,*,*,*,20260322
I10,세종특별자치시교육청,9300238,반곡중학교,2025,주간,중학교,휴업일,20260208,겨울방학,,Y,Y,Y,*,*,*,20260322
I10,세종특별자치시교육청,9300238,반곡중학교,2025,주간,중학교,휴업일,20260209,겨울방학,,Y,Y,Y,*,*,*,20260322
I10,세종특별자치시교육청,9300238,반곡중학교,2025,주간,중학교,휴업일,20260210,겨울방학,,Y,Y,Y,*,*,*,20260322
I10,세종특별자치시교육청,9300238,반곡중학교,2025,주간,중학교,휴업일,20260211,겨울방학,,Y,Y,Y,*,*,*,20260322
I10,세종특별자치시교육청,9300238,반곡중학교,2025,주간,중학교,휴업일,20260212,겨울방학,,Y,Y,Y,*,*,*,20260322
I10,세종특별자치시교육청,9300238,반곡중학교,2025,주간,중학교,휴업일,20260213,겨울방학,,Y,Y,Y,*,*,*,20260322
I10,세종특별자치시교육청,9300238,반곡중학교,2025,주간,중학교,휴업일,20260214,겨울방학,,Y,Y,Y,*,*,*,20260322
I10,세종특별자치시교육청,9300238,반곡중학교,2025,주간,중학교,휴업일,20260214,토요휴업일,,Y,Y,Y,*,*,*,20260322
I10,세종특별자치시교육청,9300238,반곡중학교,2025,주간,중학교,휴업일,20260215,겨울방학,,Y,Y,Y,*,*,*,20260322
I10,세종특별자치시교육청,9300238,반곡중학교,2025,주간,중학교,휴업일,20260216,겨울방학,,Y,Y,Y,*,*,*,20260322
I10,세종특별자치시교육청,9300238,반곡중학교,2025,주간,중학교,공휴일,20260216,설날,,Y,Y,Y,*,*,*,20260322
I10,세종특별자치시교육청,9300238,반곡중학교,2025,주간,중학교,휴업일,20260217,겨울방학,,Y,Y,Y,*,*,*,20260322
I10,세종특별자치시교육청,9300238,반곡중학교,2025,주간,중학교,공휴일,20260217,설날,,Y,Y,Y,*,*,*,20260322
I10,세종특별자치시교육청,9300238,반곡중학교,2025,주간,중학교,휴업일,20260218,겨울방학,,Y,Y,Y,*,*,*,20260322
I10,세종특별자치시교육청,9300238,반곡중학교,2025,주간,중학교,공휴일,20260218,설날,,Y,Y,Y,*,*,*,20260322
I10,세종특별자치시교육청,9300238,반곡중학교,2025,주간,중학교,휴업일,20260219,겨울방학,,Y,Y,Y,*,*,*,20260322
I10,세종특별자치시교육청,9300238,반곡중학교,2025,주간,중학교,휴업일,20260220,겨울방학,,Y,Y,Y,*,*,*,20260322
I10,세종특별자치시교육청,9300238,반곡중학교,2025,주간,중학교,휴업일,20260221,겨울방학,,Y,Y,Y,*,*,*,20260322
I10,세종특별자치시교육청,9300238,반곡중학교,2025,주간,중학교,휴업일,20260221,토요휴업일,,Y,Y,Y,*,*,*,20260322
I10,세종특별자치시교육청,9300238,반곡중학교,2025,주간,중학교,휴업일,20260222,겨울방학,,Y,Y,Y,*,*,*,20260322
I10,세종특별자치시교육청,9300238,반곡중학교,2025,주간,중학교,휴업일,20260223,겨울방학,,Y,Y,Y,*,*,*,20260322
I10,세종특별자치시교육청,9300238,반곡중학교,2025,주간,중학교,휴업일,20260224,겨울방학,,Y,Y,Y,*,*,*,20260322
I10,세종특별자치시교육청,9300238,반곡중학교,2025,주간,중학교,휴업일,20260225,겨울방학,,Y,Y,Y,*,*,*,20260322
I10,세종특별자치시교육청,9300238,반곡중학교,2025,주간,중학교,휴업일,20260226,겨울방학,,Y,Y,Y,*,*,*,20260322
I10,세종특별자치시교육청,9300238,반곡중학교,2025,주간,중학교,휴업일,20260227,겨울방학,,Y,Y,Y,*,*,*,20260322
I10,세종특별자치시교육청,9300238,반곡중학교,2025,주간,중학교,휴업일,20260228,토요휴업일,,Y,Y,Y,*,*,*,20260322
I10,세종특별자치시교육청,9300238,반곡중학교,2026,주간,중학교,공휴일,20260301,3·1절,,Y,Y,Y,*,*,*,20260322
I10,세종특별자치시교육청,9300238,반곡중학교,2026,주간,중학교,공휴일,20260302,대체공휴일,,Y,Y,Y,*,*,*,20260322
I10,세종특별자치시교육청,9300238,반곡중학교,2026,주간,중학교,해당없음,20260303,입학식,,Y,Y,Y,*,*,*,20260322
I10,세종특별자치시교육청,9300238,반곡중학교,2026,주간,중학교,해당없음,20260303,개학식,,Y,Y,Y,*,*,*,20260322
I10,세종특별자치시교육청,9300238,반곡중학교,2026,주간,중학교,휴업일,20260307,토요휴업일,,Y,Y,Y,*,*,*,20260322
I10,세종특별자치시교육청,9300238,반곡중학교,2026,주간,중학교,휴업일,20260314,토요휴업일,,Y,Y,Y,*,*,*,20260322
I10,세종특별자치시교육청,9300238,반곡중학교,2026,주간,중학교,휴업일,20260321,토요휴업일,,Y,Y,Y,*,*,*,20260322
I10,세종특별자치시교육청,9300238,반곡중학교,2026,주간,중학교,해당없음,20260323,상담주간,,Y,Y,Y,*,*,*,20260322
I10,세종특별자치시교육청,9300238,반곡중학교,2026,주간,중학교,해당없음,20260324,상담주간,,Y,Y,Y,*,*,*,20260322
I10,세종특별자치시교육청,9300238,반곡중학교,2026,주간,중학교,해당없음,20260325,상담주간,,Y,Y,Y,*,*,*,20260322
I10,세종특별자치시교육청,9300238,반곡중학교,2026,주간,중학교,해당없음,20260326,상담주간,,Y,Y,Y,*,*,*,20260322
I10,세종특별자치시교육청,9300238,반곡중학교,2026,주간,중학교,해당없음,20260327,상담주간,,Y,Y,Y,*,*,*,20260322
I10,세종특별자치시교육청,9300238,반곡중학교,2026,주간,중학교,해당없음,20260327,교육과정설명회,,Y,Y,Y,*,*,*,20260322
I10,세종특별자치시교육청,9300238,반곡중학교,2026,주간,중학교,휴업일,20260328,토요휴업일,,Y,Y,Y,*,*,*,20260322
I10,세종특별자치시교육청,9300238,반곡중학교,2026,주간,중학교,휴업일,20260404,토요휴업일,,Y,Y,Y,*,*,*,20260322
I10,세종특별자치시교육청,9300238,반곡중학교,2026,주간,중학교,휴업일,20260411,토요휴업일,,Y,Y,Y,*,*,*,20260322
I10,세종특별자치시교육청,9300238,반곡중학교,2026,주간,중학교,휴업일,20260418,토요휴업일,,Y,Y,Y,*,*,*,20260322
I10,세종특별자치시교육청,9300238,반곡중학교,2026,주간,중학교,휴업일,20260425,토요휴업일,,Y,Y,Y,*,*,*,20260322
I10,세종특별자치시교육청,9300238,반곡중학교,2026,주간,중학교,해당없음,20260427,1학기 1회고사,,Y,Y,Y,*,*,*,20260322
I10,세종특별자치시교육청,9300238,반곡중학교,2026,주간,중학교,해당없음,20260428,1학기 1회고사,,Y,Y,Y,*,*,*,20260322
I10,세종특별자치시교육청,9300238,반곡중학교,2026,주간,중학교,휴업일,20260501,개교기념일,,Y,Y,Y,*,*,*,20260322
I10,세종특별자치시교육청,9300238,반곡중학교,2026,주간,중학교,휴업일,20260501,재량휴업일,,Y,Y,Y,*,*,*,20260322
I10,세종특별자치시교육청,9300238,반곡중학교,2026,주간,중학교,휴업일,20260502,토요휴업일,,Y,Y,Y,*,*,*,20260322
I10,세종특별자치시교육청,9300238,반곡중학교,2026,주간,중학교,휴업일,20260504,재량휴업일,,Y,Y,Y,*,*,*,20260322
I10,세종특별자치시교육청,9300238,반곡중학교,2026,주간,중학교,공휴일,20260505,어린이날,,Y,Y,Y,*,*,*,20260322
I10,세종특별자치시교육청,9300238,반곡중학교,2026,주간,중학교,휴업일,20260509,토요휴업일,,Y,Y,Y,*,*,*,20260322
I10,세종특별자치시교육청,9300238,반곡중학교,2026,주간,중학교,해당없음,20260511,통일교육운영주간,,Y,Y,Y,*,*,*,20260322
I10,세종특별자치시교육청,9300238,반곡중학교,2026,주간,중학교,해당없음,20260512,통일교육운영주간,,Y,Y,Y,*,*,*,20260322
I10,세종특별자치시교육청,9300238,반곡중학교,2026,주간,중학교,해당없음,20260513,통일교육운영주간,,Y,Y,Y,*,*,*,20260322
I10,세종특별자치시교육청,9300238,반곡중학교,2026,주간,중학교,해당없음,20260514,통일교육운영주간,,Y,Y,Y,*,*,*,20260322
I10,세종특별자치시교육청,9300238,반곡중학교,2026,주간,중학교,해당없음,20260515,통일교육운영주간,,Y,Y,Y,*,*,*,20260322
I10,세종특별자치시교육청,9300238,반곡중학교,2026,주간,중학교,휴업일,20260516,토요휴업일,,Y,Y,Y,*,*,*,20260322
I10,세종특별자치시교육청,9300238,반곡중학교,2026,주간,중학교,해당없음,20260520,수학여행,,N,Y,N,*,*,*,20260322
I10,세종특별자치시교육청,9300238,반곡중학교,2026,주간,중학교,해당없음,20260521,현장체험학습,,N,N,Y,*,*,*,20260322
I10,세종특별자치시교육청,9300238,반곡중학교,2026,주간,중학교,해당없음,20260521,수련활동,,Y,N,N,*,*,*,20260322
I10,세종특별자치시교육청,9300238,반곡중학교,2026,주간,중학교,해당없음,20260521,수학여행,,N,Y,N,*,*,*,20260322
I10,세종특별자치시교육청,9300238,반곡중학교,2026,주간,중학교,해당없음,20260522,수련활동,,Y,N,N,*,*,*,20260322
I10,세종특별자치시교육청,9300238,반곡중학교,2026,주간,중학교,해당없음,20260522,수학여행,,N,Y,N,*,*,*,20260322
I10,세종특별자치시교육청,9300238,반곡중학교,2026,주간,중학교,휴업일,20260523,토요휴업일,,Y,Y,Y,*,*,*,20260322
I10,세종특별자치시교육청,9300238,반곡중학교,2026,주간,중학교,공휴일,20260524,석가탄신일,,Y,Y,Y,*,*,*,20260322
I10,세종특별자치시교육청,9300238,반곡중학교,2026,주간,중학교,공휴일,20260525,대체공휴일,,Y,Y,Y,*,*,*,20260322
I10,세종특별자치시교육청,9300238,반곡중학교,2026,주간,중학교,휴업일,20260530,토요휴업일,,Y,Y,Y,*,*,*,20260322
I10,세종특별자치시교육청,9300238,반곡중학교,2026,주간,중학교,공휴일,20260603,선거일,,Y,Y,Y,*,*,*,20260322
I10,세종특별자치시교육청,9300238,반곡중학교,2026,주간,중학교,공휴일,20260606,현충일,,Y,Y,Y,*,*,*,20260322
I10,세종특별자치시교육청,9300238,반곡중학교,2026,주간,중학교,휴업일,20260613,토요휴업일,,Y,Y,Y,*,*,*,20260322
I10,세종특별자치시교육청,9300238,반곡중학교,2026,주간,중학교,휴업일,20260620,토요휴업일,,Y,Y,Y,*,*,*,20260322
I10,세종특별자치시교육청,9300238,반곡중학교,2026,주간,중학교,휴업일,20260627,토요휴업일,,Y,Y,Y,*,*,*,20260322
I10,세종특별자치시교육청,9300238,반곡중학교,2026,주간,중학교,해당없음,20260701,1학기 2회고사,,Y,Y,Y,*,*,*,20260322
I10,세종특별자치시교육청,9300238,반곡중학교,2026,주간,중학교,해당없음,20260702,1학기 2회고사,,Y,Y,Y,*,*,*,20260322
I10,세종특별자치시교육청,9300238,반곡중학교,2026,주간,중학교,해당없음,20260703,1학기 2회고사,,Y,Y,Y,*,*,*,20260322
I10,세종특별자치시교육청,9300238,반곡중학교,2026,주간,중학교,휴업일,20260704,토요휴업일,,Y,Y,Y,*,*,*,20260322
I10,세종특별자치시교육청,9300238,반곡중학교,2026,주간,중학교,휴업일,20260711,토요휴업일,,Y,Y,Y,*,*,*,20260322
I10,세종특별자치시교육청,9300238,반곡중학교,2026,주간,중학교,공휴일,20260717,제헌절,,Y,Y,Y,*,*,*,20260322
I10,세종특별자치시교육청,9300238,반곡중학교,2026,주간,중학교,휴업일,20260718,토요휴업일,,Y,Y,Y,*,*,*,20260322
I10,세종특별자치시교육청,9300238,반곡중학교,2026,주간,중학교,해당없음,20260721,방학식,,Y,Y,Y,*,*,*,20260322
I10,세종특별자치시교육청,9300238,반곡중학교,2026,주간,중학교,휴업일,20260722,여름방학,,Y,Y,Y,*,*,*,20260322
I10,세종특별자치시교육청,9300238,반곡중학교,2026,주간,중학교,휴업일,20260723,여름방학,,Y,Y,Y,*,*,*,20260322
I10,세종특별자치시교육청,9300238,반곡중학교,2026,주간,중학교,휴업일,20260724,여름방학,,Y,Y,Y,*,*,*,20260322
I10,세종특별자치시교육청,9300238,반곡중학교,2026,주간,중학교,휴업일,20260725,여름방학,,Y,Y,Y,*,*,*,20260322
I10,세종특별자치시교육청,9300238,반곡중학교,2026,주간,중학교,휴업일,20260725,토요휴업일,,Y,Y,Y,*,*,*,20260322
I10,세종특별자치시교육청,9300238,반곡중학교,2026,주간,중학교,휴업일,20260726,여름방학,,Y,Y,Y,*,*,*,20260322
I10,세종특별자치시교육청,9300238,반곡중학교,2026,주간,중학교,휴업일,20260727,여름방학,,Y,Y,Y,*,*,*,20260322
I10,세종특별자치시교육청,9300238,반곡중학교,2026,주간,중학교,휴업일,20260728,여름방학,,Y,Y,Y,*,*,*,20260322
I10,세종특별자치시교육청,9300238,반곡중학교,2026,주간,중학교,휴업일,20260729,여름방학,,Y,Y,Y,*,*,*,20260322
I10,세종특별자치시교육청,9300238,반곡중학교,2026,주간,중학교,휴업일,20260730,여름방학,,Y,Y,Y,*,*,*,20260322
I10,세종특별자치시교육청,9300238,반곡중학교,2026,주간,중학교,휴업일,20260731,여름방학,,Y,Y,Y,*,*,*,20260322
I10,세종특별자치시교육청,9300238,반곡중학교,2026,주간,중학교,휴업일,20260801,여름방학,,Y,Y,Y,*,*,*,20260322
I10,세종특별자치시교육청,9300238,반곡중학교,2026,주간,중학교,휴업일,20260801,토요휴업일,,Y,Y,Y,*,*,*,20260322
I10,세종특별자치시교육청,9300238,반곡중학교,2026,주간,중학교,휴업일,20260802,여름방학,,Y,Y,Y,*,*,*,20260322
I10,세종특별자치시교육청,9300238,반곡중학교,2026,주간,중학교,휴업일,20260803,여름방학,,Y,Y,Y,*,*,*,20260322
I10,세종특별자치시교육청,9300238,반곡중학교,2026,주간,중학교,휴업일,20260804,여름방학,,Y,Y,Y,*,*,*,20260322
I10,세종특별자치시교육청,9300238,반곡중학교,2026,주간,중학교,휴업일,20260805,여름방학,,Y,Y,Y,*,*,*,20260322
I10,세종특별자치시교육청,9300238,반곡중학교,2026,주간,중학교,휴업일,20260806,여름방학,,Y,Y,Y,*,*,*,20260322
I10,세종특별자치시교육청,9300238,반곡중학교,2026,주간,중학교,휴업일,20260807,여름방학,,Y,Y,Y,*,*,*,20260322
I10,세종특별자치시교육청,9300238,반곡중학교,2026,주간,중학교,휴업일,20260808,여름방학,,Y,Y,Y,*,*,*,20260322
I10,세종특별자치시교육청,9300238,반곡중학교,2026,주간,중학교,휴업일,20260808,토요휴업일,,Y,Y,Y,*,*,*,20260322
I10,세종특별자치시교육청,9300238,반곡중학교,2026,주간,중학교,휴업일,20260809,여름방학,,Y,Y,Y,*,*,*,20260322
I10,세종특별자치시교육청,9300238,반곡중학교,2026,주간,중학교,휴업일,20260810,여름방학,,Y,Y,Y,*,*,*,20260322
I10,세종특별자치시교육청,9300238,반곡중학교,2026,주간,중학교,휴업일,20260811,여름방학,,Y,Y,Y,*,*,*,20260322
I10,세종특별자치시교육청,9300238,반곡중학교,2026,주간,중학교,휴업일,20260812,여름방학,,Y,Y,Y,*,*,*,20260322
I10,세종특별자치시교육청,9300238,반곡중학교,2026,주간,중학교,휴업일,20260813,여름방학,,Y,Y,Y,*,*,*,20260322
I10,세종특별자치시교육청,9300238,반곡중학교,2026,주간,중학교,휴업일,20260814,여름방학,,Y,Y,Y,*,*,*,20260322
I10,세종특별자치시교육청,9300238,반곡중학교,2026,주간,중학교,휴업일,20260815,여름방학,,Y,Y,Y,*,*,*,20260322
I10,세종특별자치시교육청,9300238,반곡중학교,2026,주간,중학교,공휴일,20260815,광복절,,Y,Y,Y,*,*,*,20260322
I10,세종특별자치시교육청,9300238,반곡중학교,2026,주간,중학교,휴업일,20260816,여름방학,,Y,Y,Y,*,*,*,20260322
I10,세종특별자치시교육청,9300238,반곡중학교,2026,주간,중학교,공휴일,20260817,대체공휴일,,Y,Y,Y,*,*,*,20260322
I10,세종특별자치시교육청,9300238,반곡중학교,2026,주간,중학교,해당없음,20260818,개학식,,Y,Y,Y,*,*,*,20260322
I10,세종특별자치시교육청,9300238,반곡중학교,2026,주간,중학교,휴업일,20260822,토요휴업일,,Y,Y,Y,*,*,*,20260322
I10,세종특별자치시교육청,9300238,반곡중학교,2026,주간,중학교,휴업일,20260829,토요휴업일,,Y,Y,Y,*,*,*,20260322
I10,세종특별자치시교육청,9300238,반곡중학교,2026,주간,중학교,휴업일,20260905,토요휴업일,,Y,Y,Y,*,*,*,20260322
I10,세종특별자치시교육청,9300238,반곡중학교,2026,주간,중학교,휴업일,20260912,토요휴업일,,Y,Y,Y,*,*,*,20260322
I10,세종특별자치시교육청,9300238,반곡중학교,2026,주간,중학교,휴업일,20260919,토요휴업일,,Y,Y,Y,*,*,*,20260322
I10,세종특별자치시교육청,9300238,반곡중학교,2026,주간,중학교,공휴일,20260924,추석,,Y,Y,Y,*,*,*,20260322
I10,세종특별자치시교육청,9300238,반곡중학교,2026,주간,중학교,공휴일,20260925,추석,,Y,Y,Y,*,*,*,20260322
I10,세종특별자치시교육청,9300238,반곡중학교,2026,주간,중학교,휴업일,20260926,토요휴업일,,Y,Y,Y,*,*,*,20260322
I10,세종특별자치시교육청,9300238,반곡중학교,2026,주간,중학교,해당없음,20260930,2학기 1회고사,,N,Y,Y,*,*,*,20260322
I10,세종특별자치시교육청,9300238,반곡중학교,2026,주간,중학교,해당없음,20261001,2학기 1회고사,,N,Y,Y,*,*,*,20260322
I10,세종특별자치시교육청,9300238,반곡중학교,2026,주간,중학교,공휴일,20261003,개천절,,Y,Y,Y,*,*,*,20260322
I10,세종특별자치시교육청,9300238,반곡중학교,2026,주간,중학교,공휴일,20261005,대체공휴일,,Y,Y,Y,*,*,*,20260322
I10,세종특별자치시교육청,9300238,반곡중학교,2026,주간,중학교,공휴일,20261009,한글날,,Y,Y,Y,*,*,*,20260322
I10,세종특별자치시교육청,9300238,반곡중학교,2026,주간,중학교,휴업일,20261010,토요휴업일,,Y,Y,Y,*,*,*,20260322
I10,세종특별자치시교육청,9300238,반곡중학교,2026,주간,중학교,해당없음,20261013,학부모수업공개,,Y,Y,Y,*,*,*,20260322
I10,세종특별자치시교육청,9300238,반곡중학교,2026,주간,중학교,해당없음,20261016,스포츠축제,체육한마당,Y,Y,Y,*,*,*,20260322
I10,세종특별자치시교육청,9300238,반곡중학교,2026,주간,중학교,휴업일,20261017,토요휴업일,,Y,Y,Y,*,*,*,20260322
I10,세종특별자치시교육청,9300238,반곡중학교,2026,주간,중학교,휴업일,20261024,토요휴업일,,Y,Y,Y,*,*,*,20260322
I10,세종특별자치시교육청,9300238,반곡중학교,2026,주간,중학교,휴업일,20261031,토요휴업일,,Y,Y,Y,*,*,*,20260322
I10,세종특별자치시교육청,9300238,반곡중학교,2026,주간,중학교,휴업일,20261107,토요휴업일,,Y,Y,Y,*,*,*,20260322
I10,세종특별자치시교육청,9300238,반곡중학교,2026,주간,중학교,휴업일,20261114,토요휴업일,,Y,Y,Y,*,*,*,20260322
I10,세종특별자치시교육청,9300238,반곡중학교,2026,주간,중학교,해당없음,20261116,2학기 3학년 2회고사,,N,N,Y,*,*,*,20260322
I10,세종특별자치시교육청,9300238,반곡중학교,2026,주간,중학교,해당없음,20261117,2학기 3학년 2회고사,,N,N,Y,*,*,*,20260322
I10,세종특별자치시교육청,9300238,반곡중학교,2026,주간,중학교,해당없음,20261118,2학기 3학년 2회고사,,N,N,Y,*,*,*,20260322
I10,세종특별자치시교육청,9300238,반곡중학교,2026,주간,중학교,휴업일,20261119,재량휴업일,수능시험일,Y,Y,Y,*,*,*,20260322
I10,세종특별자치시교육청,9300238,반곡중학교,2026,주간,중학교,휴업일,20261121,토요휴업일,,Y,Y,Y,*,*,*,20260322
I10,세종특별자치시교육청,9300238,반곡중학교,2026,주간,중학교,휴업일,20261128,토요휴업일,,Y,Y,Y,*,*,*,20260322
I10,세종특별자치시교육청,9300238,반곡중학교,2026,주간,중학교,휴업일,20261205,토요휴업일,,Y,Y,Y,*,*,*,20260322
I10,세종특별자치시교육청,9300238,반곡중학교,2026,주간,중학교,해당없음,20261208,2학기 2학년 2회고사,,N,Y,N,*,*,*,20260322
I10,세종특별자치시교육청,9300238,반곡중학교,2026,주간,중학교,해당없음,20261209,2학기 2학년 2회고사,,N,Y,N,*,*,*,20260322
I10,세종특별자치시교육청,9300238,반곡중학교,2026,주간,중학교,해당없음,20261210,2학기 2학년 2회고사,,N,Y,N,*,*,*,20260322
I10,세종특별자치시교육청,9300238,반곡중학교,2026,주간,중학교,휴업일,20261212,토요휴업일,,Y,Y,Y,*,*,*,20260322
I10,세종특별자치시교육청,9300238,반곡중학교,2026,주간,중학교,휴업일,20261219,토요휴업일,,Y,Y,Y,*,*,*,20260322
I10,세종특별자치시교육청,9300238,반곡중학교,2026,주간,중학교,공휴일,20261225,성탄절,,Y,Y,Y,*,*,*,20260322
I10,세종특별자치시교육청,9300238,반곡중학교,2026,주간,중학교,휴업일,20261226,토요휴업일,,Y,Y,Y,*,*,*,20260322
I10,세종특별자치시교육청,9300238,반곡중학교,2026,주간,중학교,해당없음,20261231,반곡행복축제,,Y,Y,Y,*,*,*,20260322
I10,세종특별자치시교육청,9300238,반곡중학교,2026,주간,중학교,공휴일,20270101,신정,,Y,Y,Y,*,*,*,20260322
I10,세종특별자치시교육청,9300238,반곡중학교,2026,주간,중학교,휴업일,20270102,토요휴업일,,Y,Y,Y,*,*,*,20260322
I10,세종특별자치시교육청,9300238,반곡중학교,2026,주간,중학교,해당없음,20270106,졸업식,,Y,Y,Y,*,*,*,20260322
I10,세종특별자치시교육청,9300238,반곡중학교,2026,주간,중학교,해당없음,20270106,종업식,,Y,Y,Y,*,*,*,20260322
I10,세종특별자치시교육청,9300238,반곡중학교,2026,주간,중학교,휴업일,20270107,겨울방학,,Y,Y,Y,*,*,*,20260322
I10,세종특별자치시교육청,9300238,반곡중학교,2026,주간,중학교,휴업일,20270108,겨울방학,,Y,Y,Y,*,*,*,20260322
I10,세종특별자치시교육청,9300238,반곡중학교,2026,주간,중학교,휴업일,20270109,겨울방학,,Y,Y,Y,*,*,*,20260322
I10,세종특별자치시교육청,9300238,반곡중학교,2026,주간,중학교,휴업일,20270109,토요휴업일,,Y,Y,Y,*,*,*,20260322
I10,세종특별자치시교육청,9300238,반곡중학교,2026,주간,중학교,휴업일,20270110,겨울방학,,Y,Y,Y,*,*,*,20260322
I10,세종특별자치시교육청,9300238,반곡중학교,2026,주간,중학교,휴업일,20270111,겨울방학,,Y,Y,Y,*,*,*,20260322
I10,세종특별자치시교육청,9300238,반곡중학교,2026,주간,중학교,휴업일,20270112,겨울방학,,Y,Y,Y,*,*,*,20260322
I10,세종특별자치시교육청,9300238,반곡중학교,2026,주간,중학교,휴업일,20270113,겨울방학,,Y,Y,Y,*,*,*,20260322
I10,세종특별자치시교육청,9300238,반곡중학교,2026,주간,중학교,휴업일,20270114,겨울방학,,Y,Y,Y,*,*,*,20260322
I10,세종특별자치시교육청,9300238,반곡중학교,2026,주간,중학교,휴업일,20270115,겨울방학,,Y,Y,Y,*,*,*,20260322
I10,세종특별자치시교육청,9300238,반곡중학교,2026,주간,중학교,휴업일,20270116,겨울방학,,Y,Y,Y,*,*,*,20260322
I10,세종특별자치시교육청,9300238,반곡중학교,2026,주간,중학교,휴업일,20270116,토요휴업일,,Y,Y,Y,*,*,*,20260322
I10,세종특별자치시교육청,9300238,반곡중학교,2026,주간,중학교,휴업일,20270117,겨울방학,,Y,Y,Y,*,*,*,20260322
I10,세종특별자치시교육청,9300238,반곡중학교,2026,주간,중학교,휴업일,20270118,겨울방학,,Y,Y,Y,*,*,*,20260322
I10,세종특별자치시교육청,9300238,반곡중학교,2026,주간,중학교,휴업일,20270119,겨울방학,,Y,Y,Y,*,*,*,20260322
I10,세종특별자치시교육청,9300238,반곡중학교,2026,주간,중학교,휴업일,20270120,겨울방학,,Y,Y,Y,*,*,*,20260322
I10,세종특별자치시교육청,9300238,반곡중학교,2026,주간,중학교,휴업일,20270121,겨울방학,,Y,Y,Y,*,*,*,20260322
I10,세종특별자치시교육청,9300238,반곡중학교,2026,주간,중학교,휴업일,20270122,겨울방학,,Y,Y,Y,*,*,*,20260322
I10,세종특별자치시교육청,9300238,반곡중학교,2026,주간,중학교,휴업일,20270123,겨울방학,,Y,Y,Y,*,*,*,20260322
I10,세종특별자치시교육청,9300238,반곡중학교,2026,주간,중학교,휴업일,20270123,토요휴업일,,Y,Y,Y,*,*,*,20260322
I10,세종특별자치시교육청,9300238,반곡중학교,2026,주간,중학교,휴업일,20270124,겨울방학,,Y,Y,Y,*,*,*,20260322
I10,세종특별자치시교육청,9300238,반곡중학교,2026,주간,중학교,휴업일,20270125,겨울방학,,Y,Y,Y,*,*,*,20260322
I10,세종특별자치시교육청,9300238,반곡중학교,2026,주간,중학교,휴업일,20270126,겨울방학,,Y,Y,Y,*,*,*,20260322
I10,세종특별자치시교육청,9300238,반곡중학교,2026,주간,중학교,휴업일,20270127,겨울방학,,Y,Y,Y,*,*,*,20260322
I10,세종특별자치시교육청,9300238,반곡중학교,2026,주간,중학교,휴업일,20270128,겨울방학,,Y,Y,Y,*,*,*,20260322
I10,세종특별자치시교육청,9300238,반곡중학교,2026,주간,중학교,휴업일,20270129,겨울방학,,Y,Y,Y,*,*,*,20260322
I10,세종특별자치시교육청,9300238,반곡중학교,2026,주간,중학교,휴업일,20270130,겨울방학,,Y,Y,Y,*,*,*,20260322
I10,세종특별자치시교육청,9300238,반곡중학교,2026,주간,중학교,휴업일,20270130,토요휴업일,,Y,Y,Y,*,*,*,20260322
I10,세종특별자치시교육청,9300238,반곡중학교,2026,주간,중학교,휴업일,20270131,겨울방학,,Y,Y,Y,*,*,*,20260322
I10,세종특별자치시교육청,9300238,반곡중학교,2026,주간,중학교,휴업일,20270201,겨울방학,,Y,Y,Y,*,*,*,20260322
I10,세종특별자치시교육청,9300238,반곡중학교,2026,주간,중학교,휴업일,20270202,겨울방학,,Y,Y,Y,*,*,*,20260322
I10,세종특별자치시교육청,9300238,반곡중학교,2026,주간,중학교,휴업일,20270203,겨울방학,,Y,Y,Y,*,*,*,20260322
I10,세종특별자치시교육청,9300238,반곡중학교,2026,주간,중학교,휴업일,20270204,겨울방학,,Y,Y,Y,*,*,*,20260322
I10,세종특별자치시교육청,9300238,반곡중학교,2026,주간,중학교,휴업일,20270205,겨울방학,,Y,Y,Y,*,*,*,20260322
I10,세종특별자치시교육청,9300238,반곡중학교,2026,주간,중학교,휴업일,20270206,겨울방학,,Y,Y,Y,*,*,*,20260322
I10,세종특별자치시교육청,9300238,반곡중학교,2026,주간,중학교,휴업일,20270206,토요휴업일,,Y,Y,Y,*,*,*,20260322
I10,세종특별자치시교육청,9300238,반곡중학교,2026,주간,중학교,휴업일,20270207,겨울방학,,Y,Y,Y,*,*,*,20260322
I10,세종특별자치시교육청,9300238,반곡중학교,2026,주간,중학교,공휴일,20270207,설날,,Y,Y,Y,*,*,*,20260322
I10,세종특별자치시교육청,9300238,반곡중학교,2026,주간,중학교,휴업일,20270208,겨울방학,,Y,Y,Y,*,*,*,20260322
I10,세종특별자치시교육청,9300238,반곡중학교,2026,주간,중학교,휴업일,20270209,겨울방학,,Y,Y,Y,*,*,*,20260322
I10,세종특별자치시교육청,9300238,반곡중학교,2026,주간,중학교,휴업일,20270210,겨울방학,,Y,Y,Y,*,*,*,20260322
I10,세종특별자치시교육청,9300238,반곡중학교,2026,주간,중학교,휴업일,20270211,겨울방학,,Y,Y,Y,*,*,*,20260322
I10,세종특별자치시교육청,9300238,반곡중학교,2026,주간,중학교,휴업일,20270212,겨울방학,,Y,Y,Y,*,*,*,20260322
I10,세종특별자치시교육청,9300238,반곡중학교,2026,주간,중학교,휴업일,20270213,겨울방학,,Y,Y,Y,*,*,*,20260322
I10,세종특별자치시교육청,9300238,반곡중학교,2026,주간,중학교,휴업일,20270213,토요휴업일,,Y,Y,Y,*,*,*,20260322
I10,세종특별자치시교육청,9300238,반곡중학교,2026,주간,중학교,휴업일,20270214,겨울방학,,Y,Y,Y,*,*,*,20260322
I10,세종특별자치시교육청,9300238,반곡중학교,2026,주간,중학교,휴업일,20270215,겨울방학,,Y,Y,Y,*,*,*,20260322
I10,세종특별자치시교육청,9300238,반곡중학교,2026,주간,중학교,휴업일,20270216,겨울방학,,Y,Y,Y,*,*,*,20260322
I10,세종특별자치시교육청,9300238,반곡중학교,2026,주간,중학교,휴업일,20270217,겨울방학,,Y,Y,Y,*,*,*,20260322
I10,세종특별자치시교육청,9300238,반곡중학교,2026,주간,중학교,휴업일,20270218,겨울방학,,Y,Y,Y,*,*,*,20260322
I10,세종특별자치시교육청,9300238,반곡중학교,2026,주간,중학교,휴업일,20270219,겨울방학,,Y,Y,Y,*,*,*,20260322
I10,세종특별자치시교육청,9300238,반곡중학교,2026,주간,중학교,휴업일,20270220,겨울방학,,Y,Y,Y,*,*,*,20260322
I10,세종특별자치시교육청,9300238,반곡중학교,2026,주간,중학교,휴업일,20270220,토요휴업일,,Y,Y,Y,*,*,*,20260322
I10,세종특별자치시교육청,9300238,반곡중학교,2026,주간,중학교,휴업일,20270221,겨울방학,,Y,Y,Y,*,*,*,20260322
I10,세종특별자치시교육청,9300238,반곡중학교,2026,주간,중학교,휴업일,20270222,겨울방학,,Y,Y,Y,*,*,*,20260322
I10,세종특별자치시교육청,9300238,반곡중학교,2026,주간,중학교,휴업일,20270223,겨울방학,,Y,Y,Y,*,*,*,20260322
I10,세종특별자치시교육청,9300238,반곡중학교,2026,주간,중학교,휴업일,20270224,겨울방학,,Y,Y,Y,*,*,*,20260322
I10,세종특별자치시교육청,9300238,반곡중학교,2026,주간,중학교,휴업일,20270225,겨울방학,,Y,Y,Y,*,*,*,20260322
I10,세종특별자치시교육청,9300238,반곡중학교,2026,주간,중학교,휴업일,20270226,겨울방학,,Y,Y,Y,*,*,*,20260322
I10,세종특별자치시교육청,9300238,반곡중학교,2026,주간,중학교,휴업일,20270227,겨울방학,,Y,Y,Y,*,*,*,20260322
I10,세종특별자치시교육청,9300238,반곡중학교,2026,주간,중학교,휴업일,20270227,토요휴업일,,Y,Y,Y,*,*,*,20260322
I10,세종특별자치시교육청,9300238,반곡중학교,2026,주간,중학교,휴업일,20270228,겨울방학,,Y,Y,Y,*,*,*,20260322
I10,세종특별자치시교육청,9300236,반곡초등학교,2025,,초등학교,공휴일,20250301,3·1절,,Y,Y,Y,Y,Y,Y,20260322
I10,세종특별자치시교육청,9300236,반곡초등학교,2025,,초등학교,공휴일,20250303,대체공휴일,,Y,Y,Y,Y,Y,Y,20260322
I10,세종특별자치시교육청,9300236,반곡초등학교,2025,,초등학교,공휴일,20250303,대체공휴일,,Y,Y,Y,Y,Y,Y,20260322
I10,세종특별자치시교육청,9300236,반곡초등학교,2025,,초등학교,해당없음,20250304,시업식,시업식,N,Y,Y,Y,Y,Y,20260322
I10,세종특별자치시교육청,9300236,반곡초등학교,2025,,초등학교,해당없음,20250304,입학식,입학식,Y,N,N,N,N,N,20260322
I10,세종특별자치시교육청,9300236,반곡초등학교,2025,,초등학교,휴업일,20250308,토요휴업일,,Y,Y,Y,Y,Y,Y,20260322
I10,세종특별자치시교육청,9300236,반곡초등학교,2025,,초등학교,휴업일,20250315,토요휴업일,,Y,Y,Y,Y,Y,Y,20260322
I10,세종특별자치시교육청,9300236,반곡초등학교,2025,,초등학교,휴업일,20250322,토요휴업일,,Y,Y,Y,Y,Y,Y,20260322
I10,세종특별자치시교육청,9300236,반곡초등학교,2025,,초등학교,휴업일,20250329,토요휴업일,,Y,Y,Y,Y,Y,Y,20260322
I10,세종특별자치시교육청,9300236,반곡초등학교,2025,,초등학교,휴업일,20250405,토요휴업일,,Y,Y,Y,Y,Y,Y,20260322
I10,세종특별자치시교육청,9300236,반곡초등학교,2025,,초등학교,휴업일,20250412,토요휴업일,,Y,Y,Y,Y,Y,Y,20260322
I10,세종특별자치시교육청,9300236,반곡초등학교,2025,,초등학교,휴업일,20250419,토요휴업일,,Y,Y,Y,Y,Y,Y,20260322
I10,세종특별자치시교육청,9300236,반곡초등학교,2025,,초등학교,휴업일,20250426,토요휴업일,,Y,Y,Y,Y,Y,Y,20260322
I10,세종특별자치시교육청,9300236,반곡초등학교,2025,,초등학교,공휴일,20250501,학교장 재량휴업일,,Y,Y,Y,Y,Y,Y,20260322
I10,세종특별자치시교육청,9300236,반곡초등학교,2025,,초등학교,휴업일,20250503,토요휴업일,,Y,Y,Y,Y,Y,Y,20260322
I10,세종특별자치시교육청,9300236,반곡초등학교,2025,,초등학교,공휴일,20250505,어린이날,,Y,Y,Y,Y,Y,Y,20260322
I10,세종특별자치시교육청,9300236,반곡초등학교,2025,,초등학교,공휴일,20250505,석가탄신일,,Y,Y,Y,Y,Y,Y,20260322
I10,세종특별자치시교육청,9300236,반곡초등학교,2025,,초등학교,공휴일,20250506,대체공휴일,,Y,Y,Y,Y,Y,Y,20260322
I10,세종특별자치시교육청,9300236,반곡초등학교,2025,,초등학교,공휴일,20250506,대체공휴일,,Y,Y,Y,Y,Y,Y,20260322
I10,세종특별자치시교육청,9300236,반곡초등학교,2025,,초등학교,휴업일,20250510,토요휴업일,,Y,Y,Y,Y,Y,Y,20260322
I10,세종특별자치시교육청,9300236,반곡초등학교,2025,,초등학교,휴업일,20250517,토요휴업일,,Y,Y,Y,Y,Y,Y,20260322
I10,세종특별자치시교육청,9300236,반곡초등학교,2025,,초등학교,휴업일,20250524,토요휴업일,,Y,Y,Y,Y,Y,Y,20260322
I10,세종특별자치시교육청,9300236,반곡초등학교,2025,,초등학교,휴업일,20250531,토요휴업일,,Y,Y,Y,Y,Y,Y,20260322
I10,세종특별자치시교육청,9300236,반곡초등학교,2025,,초등학교,공휴일,20250603,21대 대통령선거,,Y,Y,Y,Y,Y,Y,20260322
I10,세종특별자치시교육청,9300236,반곡초등학교,2025,,초등학교,공휴일,20250606,현충일,,Y,Y,Y,Y,Y,Y,20260322
I10,세종특별자치시교육청,9300236,반곡초등학교,2025,,초등학교,휴업일,20250607,토요휴업일,,Y,Y,Y,Y,Y,Y,20260322
I10,세종특별자치시교육청,9300236,반곡초등학교,2025,,초등학교,휴업일,20250614,토요휴업일,,Y,Y,Y,Y,Y,Y,20260322
I10,세종특별자치시교육청,9300236,반곡초등학교,2025,,초등학교,휴업일,20250621,토요휴업일,,Y,Y,Y,Y,Y,Y,20260322
I10,세종특별자치시교육청,9300236,반곡초등학교,2025,,초등학교,휴업일,20250628,토요휴업일,,Y,Y,Y,Y,Y,Y,20260322
I10,세종특별자치시교육청,9300236,반곡초등학교,2025,,초등학교,휴업일,20250705,토요휴업일,,Y,Y,Y,Y,Y,Y,20260322
I10,세종특별자치시교육청,9300236,반곡초등학교,2025,,초등학교,휴업일,20250712,토요휴업일,,Y,Y,Y,Y,Y,Y,20260322
I10,세종특별자치시교육청,9300236,반곡초등학교,2025,,초등학교,휴업일,20250719,토요휴업일,,Y,Y,Y,Y,Y,Y,20260322
I10,세종특별자치시교육청,9300236,반곡초등학교,2025,,초등학교,해당없음,20250724,여름방학식,,Y,Y,Y,Y,Y,Y,20260322
I10,세종특별자치시교육청,9300236,반곡초등학교,2025,,초등학교,휴업일,20250725,여름방학,,Y,Y,Y,Y,Y,Y,20260322
I10,세종특별자치시교육청,9300236,반곡초등학교,2025,,초등학교,휴업일,20250726,여름방학,,Y,Y,Y,Y,Y,Y,20260322
I10,세종특별자치시교육청,9300236,반곡초등학교,2025,,초등학교,휴업일,20250726,토요휴업일,,Y,Y,Y,Y,Y,Y,20260322
I10,세종특별자치시교육청,9300236,반곡초등학교,2025,,초등학교,휴업일,20250727,여름방학,,Y,Y,Y,Y,Y,Y,20260322
I10,세종특별자치시교육청,9300236,반곡초등학교,2025,,초등학교,휴업일,20250728,여름방학,,Y,Y,Y,Y,Y,Y,20260322
I10,세종특별자치시교육청,9300236,반곡초등학교,2025,,초등학교,휴업일,20250729,여름방학,,Y,Y,Y,Y,Y,Y,20260322
I10,세종특별자치시교육청,9300236,반곡초등학교,2025,,초등학교,휴업일,20250730,여름방학,,Y,Y,Y,Y,Y,Y,20260322
I10,세종특별자치시교육청,9300236,반곡초등학교,2025,,초등학교,휴업일,20250731,여름방학,,Y,Y,Y,Y,Y,Y,20260322
I10,세종특별자치시교육청,9300236,반곡초등학교,2025,,초등학교,휴업일,20250801,여름방학,,Y,Y,Y,Y,Y,Y,20260322
I10,세종특별자치시교육청,9300236,반곡초등학교,2025,,초등학교,휴업일,20250802,여름방학,,Y,Y,Y,Y,Y,Y,20260322
I10,세종특별자치시교육청,9300236,반곡초등학교,2025,,초등학교,휴업일,20250802,토요휴업일,,Y,Y,Y,Y,Y,Y,20260322
I10,세종특별자치시교육청,9300236,반곡초등학교,2025,,초등학교,휴업일,20250803,여름방학,,Y,Y,Y,Y,Y,Y,20260322
I10,세종특별자치시교육청,9300236,반곡초등학교,2025,,초등학교,휴업일,20250804,여름방학,,Y,Y,Y,Y,Y,Y,20260322
I10,세종특별자치시교육청,9300236,반곡초등학교,2025,,초등학교,휴업일,20250805,여름방학,,Y,Y,Y,Y,Y,Y,20260322
I10,세종특별자치시교육청,9300236,반곡초등학교,2025,,초등학교,휴업일,20250806,여름방학,,Y,Y,Y,Y,Y,Y,20260322
I10,세종특별자치시교육청,9300236,반곡초등학교,2025,,초등학교,휴업일,20250807,여름방학,,Y,Y,Y,Y,Y,Y,20260322
I10,세종특별자치시교육청,9300236,반곡초등학교,2025,,초등학교,휴업일,20250808,여름방학,,Y,Y,Y,Y,Y,Y,20260322
I10,세종특별자치시교육청,9300236,반곡초등학교,2025,,초등학교,휴업일,20250809,여름방학,,Y,Y,Y,Y,Y,Y,20260322
I10,세종특별자치시교육청,9300236,반곡초등학교,2025,,초등학교,휴업일,20250809,토요휴업일,,Y,Y,Y,Y,Y,Y,20260322
I10,세종특별자치시교육청,9300236,반곡초등학교,2025,,초등학교,휴업일,20250810,여름방학,,Y,Y,Y,Y,Y,Y,20260322
I10,세종특별자치시교육청,9300236,반곡초등학교,2025,,초등학교,휴업일,20250811,여름방학,,Y,Y,Y,Y,Y,Y,20260322
I10,세종특별자치시교육청,9300236,반곡초등학교,2025,,초등학교,휴업일,20250812,여름방학,,Y,Y,Y,Y,Y,Y,20260322
I10,세종특별자치시교육청,9300236,반곡초등학교,2025,,초등학교,휴업일,20250813,여름방학,,Y,Y,Y,Y,Y,Y,20260322
I10,세종특별자치시교육청,9300236,반곡초등학교,2025,,초등학교,휴업일,20250814,여름방학,,Y,Y,Y,Y,Y,Y,20260322
I10,세종특별자치시교육청,9300236,반곡초등학교,2025,,초등학교,휴업일,20250815,여름방학,,Y,Y,Y,Y,Y,Y,20260322
I10,세종특별자치시교육청,9300236,반곡초등학교,2025,,초등학교,공휴일,20250815,광복절,,Y,Y,Y,Y,Y,Y,20260322
I10,세종특별자치시교육청,9300236,반곡초등학교,2025,,초등학교,휴업일,20250816,여름방학,,Y,Y,Y,Y,Y,Y,20260322
I10,세종특별자치시교육청,9300236,반곡초등학교,2025,,초등학교,휴업일,20250816,토요휴업일,,Y,Y,Y,Y,Y,Y,20260322
I10,세종특별자치시교육청,9300236,반곡초등학교,2025,,초등학교,휴업일,20250817,여름방학,,Y,Y,Y,Y,Y,Y,20260322
I10,세종특별자치시교육청,9300236,반곡초등학교,2025,,초등학교,휴업일,20250818,여름방학,,Y,Y,Y,Y,Y,Y,20260322
I10,세종특별자치시교육청,9300236,반곡초등학교,2025,,초등학교,휴업일,20250819,여름방학,,Y,Y,Y,Y,Y,Y,20260322
I10,세종특별자치시교육청,9300236,반곡초등학교,2025,,초등학교,해당없음,20250820,여름개학식,,Y,Y,Y,Y,Y,Y,20260322
I10,세종특별자치시교육청,9300236,반곡초등학교,2025,,초등학교,휴업일,20250823,토요휴업일,,Y,Y,Y,Y,Y,Y,20260322
I10,세종특별자치시교육청,9300236,반곡초등학교,2025,,초등학교,휴업일,20250830,토요휴업일,,Y,Y,Y,Y,Y,Y,20260322
I10,세종특별자치시교육청,9300236,반곡초등학교,2025,,초등학교,휴업일,20250906,토요휴업일,,Y,Y,Y,Y,Y,Y,20260322
I10,세종특별자치시교육청,9300236,반곡초등학교,2025,,초등학교,휴업일,20250913,토요휴업일,,Y,Y,Y,Y,Y,Y,20260322
I10,세종특별자치시교육청,9300236,반곡초등학교,2025,,초등학교,휴업일,20250920,토요휴업일,,Y,Y,Y,Y,Y,Y,20260322
I10,세종특별자치시교육청,9300236,반곡초등학교,2025,,초등학교,휴업일,20250927,토요휴업일,,Y,Y,Y,Y,Y,Y,20260322
I10,세종특별자치시교육청,9300236,반곡초등학교,2025,,초등학교,공휴일,20251003,개천절,,Y,Y,Y,Y,Y,Y,20260322
I10,세종특별자치시교육청,9300236,반곡초등학교,2025,,초등학교,휴업일,20251004,토요휴업일,,Y,Y,Y,Y,Y,Y,20260322
I10,세종특별자치시교육청,9300236,반곡초등학교,2025,,초등학교,공휴일,20251005,추석,,Y,Y,Y,Y,Y,Y,20260322
I10,세종특별자치시교육청,9300236,반곡초등학교,2025,,초등학교,공휴일,20251006,추석,,Y,Y,Y,Y,Y,Y,20260322
I10,세종특별자치시교육청,9300236,반곡초등학교,2025,,초등학교,공휴일,20251007,추석,,Y,Y,Y,Y,Y,Y,20260322
I10,세종특별자치시교육청,9300236,반곡초등학교,2025,,초등학교,공휴일,20251008,대체공휴일,,Y,Y,Y,Y,Y,Y,20260322
I10,세종특별자치시교육청,9300236,반곡초등학교,2025,,초등학교,공휴일,20251009,한글날,,Y,Y,Y,Y,Y,Y,20260322
I10,세종특별자치시교육청,9300236,반곡초등학교,2025,,초등학교,공휴일,20251010,학교장 재량휴업일,,Y,Y,Y,Y,Y,Y,20260322
I10,세종특별자치시교육청,9300236,반곡초등학교,2025,,초등학교,휴업일,20251011,토요휴업일,,Y,Y,Y,Y,Y,Y,20260322
I10,세종특별자치시교육청,9300236,반곡초등학교,2025,,초등학교,휴업일,20251018,토요휴업일,,Y,Y,Y,Y,Y,Y,20260322
I10,세종특별자치시교육청,9300236,반곡초등학교,2025,,초등학교,휴업일,20251025,토요휴업일,,Y,Y,Y,Y,Y,Y,20260322
I10,세종특별자치시교육청,9300236,반곡초등학교,2025,,초등학교,휴업일,20251101,토요휴업일,,Y,Y,Y,Y,Y,Y,20260322
I10,세종특별자치시교육청,9300236,반곡초등학교,2025,,초등학교,휴업일,20251108,토요휴업일,,Y,Y,Y,Y,Y,Y,20260322
I10,세종특별자치시교육청,9300236,반곡초등학교,2025,,초등학교,휴업일,20251115,토요휴업일,,Y,Y,Y,Y,Y,Y,20260322
I10,세종특별자치시교육청,9300236,반곡초등학교,2025,,초등학교,휴업일,20251122,토요휴업일,,Y,Y,Y,Y,Y,Y,20260322
I10,세종특별자치시교육청,9300236,반곡초등학교,2025,,초등학교,휴업일,20251129,토요휴업일,,Y,Y,Y,Y,Y,Y,20260322
I10,세종특별자치시교육청,9300236,반곡초등학교,2025,,초등학교,휴업일,20251206,토요휴업일,,Y,Y,Y,Y,Y,Y,20260322
I10,세종특별자치시교육청,9300236,반곡초등학교,2025,,초등학교,휴업일,20251213,토요휴업일,,Y,Y,Y,Y,Y,Y,20260322
I10,세종특별자치시교육청,9300236,반곡초등학교,2025,,초등학교,휴업일,20251220,토요휴업일,,Y,Y,Y,Y,Y,Y,20260322
I10,세종특별자치시교육청,9300236,반곡초등학교,2025,,초등학교,공휴일,20251225,성탄절,,Y,Y,Y,Y,Y,Y,20260322
I10,세종특별자치시교육청,9300236,반곡초등학교,2025,,초등학교,휴업일,20251227,토요휴업일,,Y,Y,Y,Y,Y,Y,20260322
I10,세종특별자치시교육청,9300236,반곡초등학교,2025,,초등학교,공휴일,20260101,신정,,Y,Y,Y,Y,Y,Y,20260322
I10,세종특별자치시교육청,9300236,반곡초등학교,2025,,초등학교,휴업일,20260103,토요휴업일,,Y,Y,Y,Y,Y,Y,20260322
I10,세종특별자치시교육청,9300236,반곡초등학교,2025,,초등학교,해당없음,20260106,졸업식,,N,N,N,N,N,Y,20260322
I10,세종특별자치시교육청,9300236,반곡초등학교,2025,,초등학교,해당없음,20260106,종업식,,Y,Y,Y,Y,Y,N,20260322
I10,세종특별자치시교육청,9300236,반곡초등학교,2025,,초등학교,휴업일,20260107,겨울방학,,Y,Y,Y,Y,Y,Y,20260322
I10,세종특별자치시교육청,9300236,반곡초등학교,2025,,초등학교,휴업일,20260108,겨울방학,,Y,Y,Y,Y,Y,Y,20260322
I10,세종특별자치시교육청,9300236,반곡초등학교,2025,,초등학교,휴업일,20260109,겨울방학,,Y,Y,Y,Y,Y,Y,20260322
I10,세종특별자치시교육청,9300236,반곡초등학교,2025,,초등학교,휴업일,20260110,겨울방학,,Y,Y,Y,Y,Y,Y,20260322
I10,세종특별자치시교육청,9300236,반곡초등학교,2025,,초등학교,휴업일,20260110,토요휴업일,,Y,Y,Y,Y,Y,Y,20260322
I10,세종특별자치시교육청,9300236,반곡초등학교,2025,,초등학교,휴업일,20260111,겨울방학,,Y,Y,Y,Y,Y,Y,20260322
I10,세종특별자치시교육청,9300236,반곡초등학교,2025,,초등학교,휴업일,20260112,겨울방학,,Y,Y,Y,Y,Y,Y,20260322
I10,세종특별자치시교육청,9300236,반곡초등학교,2025,,초등학교,휴업일,20260113,겨울방학,,Y,Y,Y,Y,Y,Y,20260322
I10,세종특별자치시교육청,9300236,반곡초등학교,2025,,초등학교,휴업일,20260114,겨울방학,,Y,Y,Y,Y,Y,Y,20260322
I10,세종특별자치시교육청,9300236,반곡초등학교,2025,,초등학교,휴업일,20260115,겨울방학,,Y,Y,Y,Y,Y,Y,20260322
I10,세종특별자치시교육청,9300236,반곡초등학교,2025,,초등학교,휴업일,20260116,겨울방학,,Y,Y,Y,Y,Y,Y,20260322
I10,세종특별자치시교육청,9300236,반곡초등학교,2025,,초등학교,휴업일,20260117,겨울방학,,Y,Y,Y,Y,Y,Y,20260322
I10,세종특별자치시교육청,9300236,반곡초등학교,2025,,초등학교,휴업일,20260117,토요휴업일,,Y,Y,Y,Y,Y,Y,20260322
I10,세종특별자치시교육청,9300236,반곡초등학교,2025,,초등학교,휴업일,20260118,겨울방학,,Y,Y,Y,Y,Y,Y,20260322
I10,세종특별자치시교육청,9300236,반곡초등학교,2025,,초등학교,휴업일,20260119,겨울방학,,Y,Y,Y,Y,Y,Y,20260322
I10,세종특별자치시교육청,9300236,반곡초등학교,2025,,초등학교,휴업일,20260120,겨울방학,,Y,Y,Y,Y,Y,Y,20260322
I10,세종특별자치시교육청,9300236,반곡초등학교,2025,,초등학교,휴업일,20260121,겨울방학,,Y,Y,Y,Y,Y,Y,20260322
I10,세종특별자치시교육청,9300236,반곡초등학교,2025,,초등학교,휴업일,20260122,겨울방학,,Y,Y,Y,Y,Y,Y,20260322
I10,세종특별자치시교육청,9300236,반곡초등학교,2025,,초등학교,휴업일,20260123,겨울방학,,Y,Y,Y,Y,Y,Y,20260322
I10,세종특별자치시교육청,9300236,반곡초등학교,2025,,초등학교,휴업일,20260124,겨울방학,,Y,Y,Y,Y,Y,Y,20260322
I10,세종특별자치시교육청,9300236,반곡초등학교,2025,,초등학교,휴업일,20260124,토요휴업일,,Y,Y,Y,Y,Y,Y,20260322
I10,세종특별자치시교육청,9300236,반곡초등학교,2025,,초등학교,휴업일,20260125,겨울방학,,Y,Y,Y,Y,Y,Y,20260322
I10,세종특별자치시교육청,9300236,반곡초등학교,2025,,초등학교,휴업일,20260126,겨울방학,,Y,Y,Y,Y,Y,Y,20260322
I10,세종특별자치시교육청,9300236,반곡초등학교,2025,,초등학교,휴업일,20260127,겨울방학,,Y,Y,Y,Y,Y,Y,20260322
I10,세종특별자치시교육청,9300236,반곡초등학교,2025,,초등학교,휴업일,20260128,겨울방학,,Y,Y,Y,Y,Y,Y,20260322
I10,세종특별자치시교육청,9300236,반곡초등학교,2025,,초등학교,휴업일,20260129,겨울방학,,Y,Y,Y,Y,Y,Y,20260322
I10,세종특별자치시교육청,9300236,반곡초등학교,2025,,초등학교,휴업일,20260130,겨울방학,,Y,Y,Y,Y,Y,Y,20260322
I10,세종특별자치시교육청,9300236,반곡초등학교,2025,,초등학교,휴업일,20260131,겨울방학,,Y,Y,Y,Y,Y,Y,20260322
I10,세종특별자치시교육청,9300236,반곡초등학교,2025,,초등학교,휴업일,20260131,토요휴업일,,Y,Y,Y,Y,Y,Y,20260322
I10,세종특별자치시교육청,9300236,반곡초등학교,2025,,초등학교,휴업일,20260201,겨울방학,,Y,Y,Y,Y,Y,Y,20260322
I10,세종특별자치시교육청,9300236,반곡초등학교,2025,,초등학교,휴업일,20260202,겨울방학,,Y,Y,Y,Y,Y,Y,20260322
I10,세종특별자치시교육청,9300236,반곡초등학교,2025,,초등학교,휴업일,20260203,겨울방학,,Y,Y,Y,Y,Y,Y,20260322
I10,세종특별자치시교육청,9300236,반곡초등학교,2025,,초등학교,휴업일,20260204,겨울방학,,Y,Y,Y,Y,Y,Y,20260322
I10,세종특별자치시교육청,9300236,반곡초등학교,2025,,초등학교,휴업일,20260205,겨울방학,,Y,Y,Y,Y,Y,Y,20260322
I10,세종특별자치시교육청,9300236,반곡초등학교,2025,,초등학교,휴업일,20260206,겨울방학,,Y,Y,Y,Y,Y,Y,20260322
I10,세종특별자치시교육청,9300236,반곡초등학교,2025,,초등학교,휴업일,20260207,겨울방학,,Y,Y,Y,Y,Y,Y,20260322
I10,세종특별자치시교육청,9300236,반곡초등학교,2025,,초등학교,휴업일,20260207,토요휴업일,,Y,Y,Y,Y,Y,Y,20260322
I10,세종특별자치시교육청,9300236,반곡초등학교,2025,,초등학교,휴업일,20260208,겨울방학,,Y,Y,Y,Y,Y,Y,20260322
I10,세종특별자치시교육청,9300236,반곡초등학교,2025,,초등학교,휴업일,20260209,겨울방학,,Y,Y,Y,Y,Y,Y,20260322
I10,세종특별자치시교육청,9300236,반곡초등학교,2025,,초등학교,휴업일,20260210,겨울방학,,Y,Y,Y,Y,Y,Y,20260322
I10,세종특별자치시교육청,9300236,반곡초등학교,2025,,초등학교,휴업일,20260211,겨울방학,,Y,Y,Y,Y,Y,Y,20260322
I10,세종특별자치시교육청,9300236,반곡초등학교,2025,,초등학교,휴업일,20260212,겨울방학,,Y,Y,Y,Y,Y,Y,20260322
I10,세종특별자치시교육청,9300236,반곡초등학교,2025,,초등학교,휴업일,20260213,겨울방학,,Y,Y,Y,Y,Y,Y,20260322
I10,세종특별자치시교육청,9300236,반곡초등학교,2025,,초등학교,휴업일,20260214,겨울방학,,Y,Y,Y,Y,Y,Y,20260322
I10,세종특별자치시교육청,9300236,반곡초등학교,2025,,초등학교,휴업일,20260214,토요휴업일,,Y,Y,Y,Y,Y,Y,20260322
I10,세종특별자치시교육청,9300236,반곡초등학교,2025,,초등학교,휴업일,20260215,겨울방학,,Y,Y,Y,Y,Y,Y,20260322
I10,세종특별자치시교육청,9300236,반곡초등학교,2025,,초등학교,휴업일,20260216,겨울방학,,Y,Y,Y,Y,Y,Y,20260322
I10,세종특별자치시교육청,9300236,반곡초등학교,2025,,초등학교,공휴일,20260216,설날,,Y,Y,Y,Y,Y,Y,20260322
I10,세종특별자치시교육청,9300236,반곡초등학교,2025,,초등학교,휴업일,20260217,겨울방학,,Y,Y,Y,Y,Y,Y,20260322
I10,세종특별자치시교육청,9300236,반곡초등학교,2025,,초등학교,공휴일,20260217,설날,,Y,Y,Y,Y,Y,Y,20260322
I10,세종특별자치시교육청,9300236,반곡초등학교,2025,,초등학교,휴업일,20260218,겨울방학,,Y,Y,Y,Y,Y,Y,20260322
I10,세종특별자치시교육청,9300236,반곡초등학교,2025,,초등학교,공휴일,20260218,설날,,Y,Y,Y,Y,Y,Y,20260322
I10,세종특별자치시교육청,9300236,반곡초등학교,2025,,초등학교,휴업일,20260219,겨울방학,,Y,Y,Y,Y,Y,Y,20260322
I10,세종특별자치시교육청,9300236,반곡초등학교,2025,,초등학교,휴업일,20260220,겨울방학,,Y,Y,Y,Y,Y,Y,20260322
I10,세종특별자치시교육청,9300236,반곡초등학교,2025,,초등학교,휴업일,20260221,겨울방학,,Y,Y,Y,Y,Y,Y,20260322
I10,세종특별자치시교육청,9300236,반곡초등학교,2025,,초등학교,휴업일,20260221,토요휴업일,,Y,Y,Y,Y,Y,Y,20260322
I10,세종특별자치시교육청,9300236,반곡초등학교,2025,,초등학교,휴업일,20260222,겨울방학,,Y,Y,Y,Y,Y,Y,20260322
I10,세종특별자치시교육청,9300236,반곡초등학교,2025,,초등학교,휴업일,20260223,겨울방학,,Y,Y,Y,Y,Y,Y,20260322
I10,세종특별자치시교육청,9300236,반곡초등학교,2025,,초등학교,휴업일,20260224,겨울방학,,Y,Y,Y,Y,Y,Y,20260322
I10,세종특별자치시교육청,9300236,반곡초등학교,2025,,초등학교,휴업일,20260225,겨울방학,,Y,Y,Y,Y,Y,Y,20260322
I10,세종특별자치시교육청,9300236,반곡초등학교,2025,,초등학교,휴업일,20260226,겨울방학,,Y,Y,Y,Y,Y,Y,20260322
I10,세종특별자치시교육청,9300236,반곡초등학교,2025,,초등학교,휴업일,20260227,겨울방학,,Y,Y,Y,Y,Y,Y,20260322
I10,세종특별자치시교육청,9300236,반곡초등학교,2025,,초등학교,휴업일,20260228,겨울방학,,Y,Y,Y,Y,Y,Y,20260322
I10,세종특별자치시교육청,9300236,반곡초등학교,2025,,초등학교,휴업일,20260228,토요휴업일,,Y,Y,Y,Y,Y,Y,20260322
I10,세종특별자치시교육청,9300236,반곡초등학교,2026,,초등학교,공휴일,20260301,3·1절,,Y,Y,Y,Y,Y,Y,20260322
I10,세종특별자치시교육청,9300236,반곡초등학교,2026,,초등학교,공휴일,20260302,대체공휴일,,Y,Y,Y,Y,Y,Y,20260322
I10,세종특별자치시교육청,9300236,반곡초등학교,2026,,초등학교,해당없음,20260303,시업식,,N,Y,Y,Y,Y,Y,20260322
I10,세종특별자치시교육청,9300236,반곡초등학교,2026,,초등학교,해당없음,20260303,입학식,,Y,N,N,N,N,N,20260322
I10,세종특별자치시교육청,9300236,반곡초등학교,2026,,초등학교,휴업일,20260307,토요휴업일,,Y,Y,Y,Y,Y,Y,20260322
I10,세종특별자치시교육청,9300236,반곡초등학교,2026,,초등학교,휴업일,20260314,토요휴업일,,Y,Y,Y,Y,Y,Y,20260322
I10,세종특별자치시교육청,9300236,반곡초등학교,2026,,초등학교,휴업일,20260321,토요휴업일,,Y,Y,Y,Y,Y,Y,20260322
I10,세종특별자치시교육청,9300236,반곡초등학교,2026,,초등학교,휴업일,20260328,토요휴업일,,Y,Y,Y,Y,Y,Y,20260322
I10,세종특별자치시교육청,9300236,반곡초등학교,2026,,초등학교,휴업일,20260404,토요휴업일,,Y,Y,Y,Y,Y,Y,20260322
I10,세종특별자치시교육청,9300236,반곡초등학교,2026,,초등학교,휴업일,20260411,토요휴업일,,Y,Y,Y,Y,Y,Y,20260322
I10,세종특별자치시교육청,9300236,반곡초등학교,2026,,초등학교,휴업일,20260418,토요휴업일,,Y,Y,Y,Y,Y,Y,20260322
I10,세종특별자치시교육청,9300236,반곡초등학교,2026,,초등학교,휴업일,20260425,토요휴업일,,Y,Y,Y,Y,Y,Y,20260322
I10,세종특별자치시교육청,9300236,반곡초등학교,2026,,초등학교,공휴일,20260501,학교장 재량휴업일,,Y,Y,Y,Y,Y,Y,20260322
I10,세종특별자치시교육청,9300236,반곡초등학교,2026,,초등학교,휴업일,20260502,토요휴업일,,Y,Y,Y,Y,Y,Y,20260322
I10,세종특별자치시교육청,9300236,반곡초등학교,2026,,초등학교,공휴일,20260504,학교장 재량휴업일,,Y,Y,Y,Y,Y,Y,20260322
I10,세종특별자치시교육청,9300236,반곡초등학교,2026,,초등학교,공휴일,20260505,어린이날,,Y,Y,Y,Y,Y,Y,20260322
I10,세종특별자치시교육청,9300236,반곡초등학교,2026,,초등학교,휴업일,20260509,토요휴업일,,Y,Y,Y,Y,Y,Y,20260322
I10,세종특별자치시교육청,9300236,반곡초등학교,2026,,초등학교,휴업일,20260516,토요휴업일,,Y,Y,Y,Y,Y,Y,20260322
I10,세종특별자치시교육청,9300236,반곡초등학교,2026,,초등학교,휴업일,20260523,토요휴업일,,Y,Y,Y,Y,Y,Y,20260322
I10,세종특별자치시교육청,9300236,반곡초등학교,2026,,초등학교,공휴일,20260524,석가탄신일,,Y,Y,Y,Y,Y,Y,20260322
I10,세종특별자치시교육청,9300236,반곡초등학교,2026,,초등학교,공휴일,20260525,대체공휴일,,Y,Y,Y,Y,Y,Y,20260322
I10,세종특별자치시교육청,9300236,반곡초등학교,2026,,초등학교,휴업일,20260530,토요휴업일,,Y,Y,Y,Y,Y,Y,20260322
I10,세종특별자치시교육청,9300236,반곡초등학교,2026,,초등학교,공휴일,20260603,전국동시지방선거일,,Y,Y,Y,Y,Y,Y,20260322
I10,세종특별자치시교육청,9300236,반곡초등학교,2026,,초등학교,공휴일,20260606,현충일,,Y,Y,Y,Y,Y,Y,20260322
I10,세종특별자치시교육청,9300236,반곡초등학교,2026,,초등학교,휴업일,20260613,토요휴업일,,Y,Y,Y,Y,Y,Y,20260322
I10,세종특별자치시교육청,9300236,반곡초등학교,2026,,초등학교,휴업일,20260620,토요휴업일,,Y,Y,Y,Y,Y,Y,20260322
I10,세종특별자치시교육청,9300236,반곡초등학교,2026,,초등학교,휴업일,20260627,토요휴업일,,Y,Y,Y,Y,Y,Y,20260322
I10,세종특별자치시교육청,9300236,반곡초등학교,2026,,초등학교,휴업일,20260704,토요휴업일,,Y,Y,Y,Y,Y,Y,20260322
I10,세종특별자치시교육청,9300236,반곡초등학교,2026,,초등학교,휴업일,20260711,토요휴업일,,Y,Y,Y,Y,Y,Y,20260322
I10,세종특별자치시교육청,9300236,반곡초등학교,2026,,초등학교,공휴일,20260717,제헌절,,Y,Y,Y,Y,Y,Y,20260322
I10,세종특별자치시교육청,9300236,반곡초등학교,2026,,초등학교,휴업일,20260718,토요휴업일,,Y,Y,Y,Y,Y,Y,20260322
I10,세종특별자치시교육청,9300236,반곡초등학교,2026,,초등학교,해당없음,20260724,여름방학식,,Y,Y,Y,Y,Y,Y,20260322
I10,세종특별자치시교육청,9300236,반곡초등학교,2026,,초등학교,휴업일,20260725,여름방학,,Y,Y,Y,Y,Y,Y,20260322
I10,세종특별자치시교육청,9300236,반곡초등학교,2026,,초등학교,휴업일,20260725,토요휴업일,,Y,Y,Y,Y,Y,Y,20260322
I10,세종특별자치시교육청,9300236,반곡초등학교,2026,,초등학교,휴업일,20260726,여름방학,,Y,Y,Y,Y,Y,Y,20260322
I10,세종특별자치시교육청,9300236,반곡초등학교,2026,,초등학교,휴업일,20260727,여름방학,,Y,Y,Y,Y,Y,Y,20260322
I10,세종특별자치시교육청,9300236,반곡초등학교,2026,,초등학교,휴업일,20260728,여름방학,,Y,Y,Y,Y,Y,Y,20260322
I10,세종특별자치시교육청,9300236,반곡초등학교,2026,,초등학교,휴업일,20260729,여름방학,,Y,Y,Y,Y,Y,Y,20260322
I10,세종특별자치시교육청,9300236,반곡초등학교,2026,,초등학교,휴업일,20260730,여름방학,,Y,Y,Y,Y,Y,Y,20260322
I10,세종특별자치시교육청,9300236,반곡초등학교,2026,,초등학교,휴업일,20260731,여름방학,,Y,Y,Y,Y,Y,Y,20260322
I10,세종특별자치시교육청,9300236,반곡초등학교,2026,,초등학교,휴업일,20260801,여름방학,,Y,Y,Y,Y,Y,Y,20260322
I10,세종특별자치시교육청,9300236,반곡초등학교,2026,,초등학교,휴업일,20260801,토요휴업일,,Y,Y,Y,Y,Y,Y,20260322
I10,세종특별자치시교육청,9300236,반곡초등학교,2026,,초등학교,휴업일,20260802,여름방학,,Y,Y,Y,Y,Y,Y,20260322
I10,세종특별자치시교육청,9300236,반곡초등학교,2026,,초등학교,휴업일,20260803,여름방학,,Y,Y,Y,Y,Y,Y,20260322
I10,세종특별자치시교육청,9300236,반곡초등학교,2026,,초등학교,휴업일,20260804,여름방학,,Y,Y,Y,Y,Y,Y,20260322
I10,세종특별자치시교육청,9300236,반곡초등학교,2026,,초등학교,휴업일,20260805,여름방학,,Y,Y,Y,Y,Y,Y,20260322
I10,세종특별자치시교육청,9300236,반곡초등학교,2026,,초등학교,휴업일,20260806,여름방학,,Y,Y,Y,Y,Y,Y,20260322
I10,세종특별자치시교육청,9300236,반곡초등학교,2026,,초등학교,휴업일,20260807,여름방학,,Y,Y,Y,Y,Y,Y,20260322
I10,세종특별자치시교육청,9300236,반곡초등학교,2026,,초등학교,휴업일,20260808,여름방학,,Y,Y,Y,Y,Y,Y,20260322
I10,세종특별자치시교육청,9300236,반곡초등학교,2026,,초등학교,휴업일,20260808,토요휴업일,,Y,Y,Y,Y,Y,Y,20260322
I10,세종특별자치시교육청,9300236,반곡초등학교,2026,,초등학교,휴업일,20260809,여름방학,,Y,Y,Y,Y,Y,Y,20260322
I10,세종특별자치시교육청,9300236,반곡초등학교,2026,,초등학교,휴업일,20260810,여름방학,,Y,Y,Y,Y,Y,Y,20260322
I10,세종특별자치시교육청,9300236,반곡초등학교,2026,,초등학교,휴업일,20260811,여름방학,,Y,Y,Y,Y,Y,Y,20260322
I10,세종특별자치시교육청,9300236,반곡초등학교,2026,,초등학교,해당없음,20260812,2학기 개학식,,Y,Y,Y,Y,Y,Y,20260322
I10,세종특별자치시교육청,9300236,반곡초등학교,2026,,초등학교,공휴일,20260815,광복절,,Y,Y,Y,Y,Y,Y,20260322
I10,세종특별자치시교육청,9300236,반곡초등학교,2026,,초등학교,공휴일,20260817,대체공휴일,,Y,Y,Y,Y,Y,Y,20260322
I10,세종특별자치시교육청,9300236,반곡초등학교,2026,,초등학교,휴업일,20260822,토요휴업일,,Y,Y,Y,Y,Y,Y,20260322
I10,세종특별자치시교육청,9300236,반곡초등학교,2026,,초등학교,휴업일,20260829,토요휴업일,,Y,Y,Y,Y,Y,Y,20260322
I10,세종특별자치시교육청,9300236,반곡초등학교,2026,,초등학교,휴업일,20260905,토요휴업일,,Y,Y,Y,Y,Y,Y,20260322
I10,세종특별자치시교육청,9300236,반곡초등학교,2026,,초등학교,휴업일,20260912,토요휴업일,,Y,Y,Y,Y,Y,Y,20260322
I10,세종특별자치시교육청,9300236,반곡초등학교,2026,,초등학교,휴업일,20260919,토요휴업일,,Y,Y,Y,Y,Y,Y,20260322
I10,세종특별자치시교육청,9300236,반곡초등학교,2026,,초등학교,공휴일,20260924,추석연휴,,Y,Y,Y,Y,Y,Y,20260322
I10,세종특별자치시교육청,9300236,반곡초등학교,2026,,초등학교,공휴일,20260925,추석,,Y,Y,Y,Y,Y,Y,20260322
I10,세종특별자치시교육청,9300236,반곡초등학교,2026,,초등학교,공휴일,20260926,추석연휴,,Y,Y,Y,Y,Y,Y,20260322
I10,세종특별자치시교육청,9300236,반곡초등학교,2026,,초등학교,휴업일,20260926,토요휴업일,,Y,Y,Y,Y,Y,Y,20260322
I10,세종특별자치시교육청,9300236,반곡초등학교,2026,,초등학교,공휴일,20261003,개천절,,Y,Y,Y,Y,Y,Y,20260322
I10,세종특별자치시교육청,9300236,반곡초등학교,2026,,초등학교,공휴일,20261005,대체공휴일,,Y,Y,Y,Y,Y,Y,20260322
I10,세종특별자치시교육청,9300236,반곡초등학교,2026,,초등학교,공휴일,20261009,한글날,,Y,Y,Y,Y,Y,Y,20260322
I10,세종특별자치시교육청,9300236,반곡초등학교,2026,,초등학교,휴업일,20261010,토요휴업일,,Y,Y,Y,Y,Y,Y,20260322
I10,세종특별자치시교육청,9300236,반곡초등학교,2026,,초등학교,휴업일,20261017,토요휴업일,,Y,Y,Y,Y,Y,Y,20260322
I10,세종특별자치시교육청,9300236,반곡초등학교,2026,,초등학교,휴업일,20261024,토요휴업일,,Y,Y,Y,Y,Y,Y,20260322
I10,세종특별자치시교육청,9300236,반곡초등학교,2026,,초등학교,휴업일,20261031,토요휴업일,,Y,Y,Y,Y,Y,Y,20260322
I10,세종특별자치시교육청,9300236,반곡초등학교,2026,,초등학교,휴업일,20261107,토요휴업일,,Y,Y,Y,Y,Y,Y,20260322
I10,세종특별자치시교육청,9300236,반곡초등학교,2026,,초등학교,휴업일,20261114,토요휴업일,,Y,Y,Y,Y,Y,Y,20260322
I10,세종특별자치시교육청,9300236,반곡초등학교,2026,,초등학교,휴업일,20261121,토요휴업일,,Y,Y,Y,Y,Y,Y,20260322
I10,세종특별자치시교육청,9300236,반곡초등학교,2026,,초등학교,휴업일,20261128,토요휴업일,,Y,Y,Y,Y,Y,Y,20260322
I10,세종특별자치시교육청,9300236,반곡초등학교,2026,,초등학교,휴업일,20261205,토요휴업일,,Y,Y,Y,Y,Y,Y,20260322
I10,세종특별자치시교육청,9300236,반곡초등학교,2026,,초등학교,휴업일,20261212,토요휴업일,,Y,Y,Y,Y,Y,Y,20260322
I10,세종특별자치시교육청,9300236,반곡초등학교,2026,,초등학교,휴업일,20261219,토요휴업일,,Y,Y,Y,Y,Y,Y,20260322
I10,세종특별자치시교육청,9300236,반곡초등학교,2026,,초등학교,해당없음,20261224,졸업식,,N,N,N,N,N,Y,20260322
I10,세종특별자치시교육청,9300236,반곡초등학교,2026,,초등학교,해당없음,20261224,종업식,,Y,Y,Y,Y,Y,N,20260322
I10,세종특별자치시교육청,9300236,반곡초등학교,2026,,초등학교,휴업일,20261225,겨울방학,,Y,Y,Y,Y,Y,Y,20260322
I10,세종특별자치시교육청,9300236,반곡초등학교,2026,,초등학교,공휴일,20261225,성탄절,,Y,Y,Y,Y,Y,Y,20260322
I10,세종특별자치시교육청,9300236,반곡초등학교,2026,,초등학교,휴업일,20261226,겨울방학,,Y,Y,Y,Y,Y,Y,20260322
I10,세종특별자치시교육청,9300236,반곡초등학교,2026,,초등학교,휴업일,20261226,토요휴업일,,Y,Y,Y,Y,Y,Y,20260322
I10,세종특별자치시교육청,9300236,반곡초등학교,2026,,초등학교,휴업일,20261227,겨울방학,,Y,Y,Y,Y,Y,Y,20260322
I10,세종특별자치시교육청,9300236,반곡초등학교,2026,,초등학교,휴업일,20261228,겨울방학,,Y,Y,Y,Y,Y,Y,20260322
I10,세종특별자치시교육청,9300236,반곡초등학교,2026,,초등학교,휴업일,20261229,겨울방학,,Y,Y,Y,Y,Y,Y,20260322
I10,세종특별자치시교육청,9300236,반곡초등학교,2026,,초등학교,휴업일,20261230,겨울방학,,Y,Y,Y,Y,Y,Y,20260322
I10,세종특별자치시교육청,9300236,반곡초등학교,2026,,초등학교,휴업일,20261231,겨울방학,,Y,Y,Y,Y,Y,Y,20260322
I10,세종특별자치시교육청,9300236,반곡초등학교,2026,,초등학교,휴업일,20270101,겨울방학,,Y,Y,Y,Y,Y,Y,20260322
I10,세종특별자치시교육청,9300236,반곡초등학교,2026,,초등학교,공휴일,20270101,신정,,Y,Y,Y,Y,Y,Y,20260322
I10,세종특별자치시교육청,9300236,반곡초등학교,2026,,초등학교,휴업일,20270102,겨울방학,,Y,Y,Y,Y,Y,Y,20260322
I10,세종특별자치시교육청,9300236,반곡초등학교,2026,,초등학교,휴업일,20270102,토요휴업일,,Y,Y,Y,Y,Y,Y,20260322
I10,세종특별자치시교육청,9300236,반곡초등학교,2026,,초등학교,휴업일,20270103,겨울방학,,Y,Y,Y,Y,Y,Y,20260322
I10,세종특별자치시교육청,9300236,반곡초등학교,2026,,초등학교,휴업일,20270104,겨울방학,,Y,Y,Y,Y,Y,Y,20260322
I10,세종특별자치시교육청,9300236,반곡초등학교,2026,,초등학교,휴업일,20270105,겨울방학,,Y,Y,Y,Y,Y,Y,20260322
I10,세종특별자치시교육청,9300236,반곡초등학교,2026,,초등학교,휴업일,20270106,겨울방학,,Y,Y,Y,Y,Y,Y,20260322
I10,세종특별자치시교육청,9300236,반곡초등학교,2026,,초등학교,휴업일,20270107,겨울방학,,Y,Y,Y,Y,Y,Y,20260322
I10,세종특별자치시교육청,9300236,반곡초등학교,2026,,초등학교,휴업일,20270108,겨울방학,,Y,Y,Y,Y,Y,Y,20260322
I10,세종특별자치시교육청,9300236,반곡초등학교,2026,,초등학교,휴업일,20270109,겨울방학,,Y,Y,Y,Y,Y,Y,20260322
I10,세종특별자치시교육청,9300236,반곡초등학교,2026,,초등학교,휴업일,20270109,토요휴업일,,Y,Y,Y,Y,Y,Y,20260322
I10,세종특별자치시교육청,9300236,반곡초등학교,2026,,초등학교,휴업일,20270110,겨울방학,,Y,Y,Y,Y,Y,Y,20260322
I10,세종특별자치시교육청,9300236,반곡초등학교,2026,,초등학교,휴업일,20270111,겨울방학,,Y,Y,Y,Y,Y,Y,20260322
I10,세종특별자치시교육청,9300236,반곡초등학교,2026,,초등학교,휴업일,20270112,겨울방학,,Y,Y,Y,Y,Y,Y,20260322
I10,세종특별자치시교육청,9300236,반곡초등학교,2026,,초등학교,휴업일,20270113,겨울방학,,Y,Y,Y,Y,Y,Y,20260322
I10,세종특별자치시교육청,9300236,반곡초등학교,2026,,초등학교,휴업일,20270114,겨울방학,,Y,Y,Y,Y,Y,Y,20260322
I10,세종특별자치시교육청,9300236,반곡초등학교,2026,,초등학교,휴업일,20270115,겨울방학,,Y,Y,Y,Y,Y,Y,20260322
I10,세종특별자치시교육청,9300236,반곡초등학교,2026,,초등학교,휴업일,20270116,겨울방학,,Y,Y,Y,Y,Y,Y,20260322
I10,세종특별자치시교육청,9300236,반곡초등학교,2026,,초등학교,휴업일,20270116,토요휴업일,,Y,Y,Y,Y,Y,Y,20260322
I10,세종특별자치시교육청,9300236,반곡초등학교,2026,,초등학교,휴업일,20270117,겨울방학,,Y,Y,Y,Y,Y,Y,20260322
I10,세종특별자치시교육청,9300236,반곡초등학교,2026,,초등학교,휴업일,20270118,겨울방학,,Y,Y,Y,Y,Y,Y,20260322
I10,세종특별자치시교육청,9300236,반곡초등학교,2026,,초등학교,휴업일,20270119,겨울방학,,Y,Y,Y,Y,Y,Y,20260322
I10,세종특별자치시교육청,9300236,반곡초등학교,2026,,초등학교,휴업일,20270120,겨울방학,,Y,Y,Y,Y,Y,Y,20260322
I10,세종특별자치시교육청,9300236,반곡초등학교,2026,,초등학교,휴업일,20270121,겨울방학,,Y,Y,Y,Y,Y,Y,20260322
I10,세종특별자치시교육청,9300236,반곡초등학교,2026,,초등학교,휴업일,20270122,겨울방학,,Y,Y,Y,Y,Y,Y,20260322
I10,세종특별자치시교육청,9300236,반곡초등학교,2026,,초등학교,휴업일,20270123,겨울방학,,Y,Y,Y,Y,Y,Y,20260322
I10,세종특별자치시교육청,9300236,반곡초등학교,2026,,초등학교,휴업일,20270123,토요휴업일,,Y,Y,Y,Y,Y,Y,20260322
I10,세종특별자치시교육청,9300236,반곡초등학교,2026,,초등학교,휴업일,20270124,겨울방학,,Y,Y,Y,Y,Y,Y,20260322
I10,세종특별자치시교육청,9300236,반곡초등학교,2026,,초등학교,휴업일,20270125,겨울방학,,Y,Y,Y,Y,Y,Y,20260322
I10,세종특별자치시교육청,9300236,반곡초등학교,2026,,초등학교,휴업일,20270126,겨울방학,,Y,Y,Y,Y,Y,Y,20260322
I10,세종특별자치시교육청,9300236,반곡초등학교,2026,,초등학교,휴업일,20270127,겨울방학,,Y,Y,Y,Y,Y,Y,20260322
I10,세종특별자치시교육청,9300236,반곡초등학교,2026,,초등학교,휴업일,20270128,겨울방학,,Y,Y,Y,Y,Y,Y,20260322
I10,세종특별자치시교육청,9300236,반곡초등학교,2026,,초등학교,휴업일,20270129,겨울방학,,Y,Y,Y,Y,Y,Y,20260322
I10,세종특별자치시교육청,9300236,반곡초등학교,2026,,초등학교,휴업일,20270130,겨울방학,,Y,Y,Y,Y,Y,Y,20260322
I10,세종특별자치시교육청,9300236,반곡초등학교,2026,,초등학교,휴업일,20270130,토요휴업일,,Y,Y,Y,Y,Y,Y,20260322
I10,세종특별자치시교육청,9300236,반곡초등학교,2026,,초등학교,휴업일,20270131,겨울방학,,Y,Y,Y,Y,Y,Y,20260322
I10,세종특별자치시교육청,9300236,반곡초등학교,2026,,초등학교,휴업일,20270201,겨울방학,,Y,Y,Y,Y,Y,Y,20260322
I10,세종특별자치시교육청,9300236,반곡초등학교,2026,,초등학교,휴업일,20270202,겨울방학,,Y,Y,Y,Y,Y,Y,20260322
I10,세종특별자치시교육청,9300236,반곡초등학교,2026,,초등학교,휴업일,20270203,겨울방학,,Y,Y,Y,Y,Y,Y,20260322
I10,세종특별자치시교육청,9300236,반곡초등학교,2026,,초등학교,휴업일,20270204,겨울방학,,Y,Y,Y,Y,Y,Y,20260322
I10,세종특별자치시교육청,9300236,반곡초등학교,2026,,초등학교,휴업일,20270205,겨울방학,,Y,Y,Y,Y,Y,Y,20260322
I10,세종특별자치시교육청,9300236,반곡초등학교,2026,,초등학교,휴업일,20270206,겨울방학,,Y,Y,Y,Y,Y,Y,20260322
I10,세종특별자치시교육청,9300236,반곡초등학교,2026,,초등학교,휴업일,20270206,토요휴업일,,Y,Y,Y,Y,Y,Y,20260322
I10,세종특별자치시교육청,9300236,반곡초등학교,2026,,초등학교,휴업일,20270207,겨울방학,,Y,Y,Y,Y,Y,Y,20260322
I10,세종특별자치시교육청,9300236,반곡초등학교,2026,,초등학교,공휴일,20270207,설날,,Y,Y,Y,Y,Y,Y,20260322
I10,세종특별자치시교육청,9300236,반곡초등학교,2026,,초등학교,휴업일,20270208,겨울방학,,Y,Y,Y,Y,Y,Y,20260322
I10,세종특별자치시교육청,9300236,반곡초등학교,2026,,초등학교,휴업일,20270209,겨울방학,,Y,Y,Y,Y,Y,Y,20260322
I10,세종특별자치시교육청,9300236,반곡초등학교,2026,,초등학교,휴업일,20270210,겨울방학,,Y,Y,Y,Y,Y,Y,20260322
I10,세종특별자치시교육청,9300236,반곡초등학교,2026,,초등학교,휴업일,20270211,겨울방학,,Y,Y,Y,Y,Y,Y,20260322
I10,세종특별자치시교육청,9300236,반곡초등학교,2026,,초등학교,휴업일,20270212,겨울방학,,Y,Y,Y,Y,Y,Y,20260322
I10,세종특별자치시교육청,9300236,반곡초등학교,2026,,초등학교,휴업일,20270213,겨울방학,,Y,Y,Y,Y,Y,Y,20260322
I10,세종특별자치시교육청,9300236,반곡초등학교,2026,,초등학교,휴업일,20270213,토요휴업일,,Y,Y,Y,Y,Y,Y,20260322
I10,세종특별자치시교육청,9300236,반곡초등학교,2026,,초등학교,휴업일,20270214,겨울방학,,Y,Y,Y,Y,Y,Y,20260322
I10,세종특별자치시교육청,9300236,반곡초등학교,2026,,초등학교,휴업일,20270215,겨울방학,,Y,Y,Y,Y,Y,Y,20260322
I10,세종특별자치시교육청,9300236,반곡초등학교,2026,,초등학교,휴업일,20270216,겨울방학,,Y,Y,Y,Y,Y,Y,20260322
I10,세종특별자치시교육청,9300236,반곡초등학교,2026,,초등학교,휴업일,20270217,겨울방학,,Y,Y,Y,Y,Y,Y,20260322
I10,세종특별자치시교육청,9300236,반곡초등학교,2026,,초등학교,휴업일,20270218,겨울방학,,Y,Y,Y,Y,Y,Y,20260322
I10,세종특별자치시교육청,9300236,반곡초등학교,2026,,초등학교,휴업일,20270219,겨울방학,,Y,Y,Y,Y,Y,Y,20260322
I10,세종특별자치시교육청,9300236,반곡초등학교,2026,,초등학교,휴업일,20270220,겨울방학,,Y,Y,Y,Y,Y,Y,20260322
I10,세종특별자치시교육청,9300236,반곡초등학교,2026,,초등학교,휴업일,20270220,토요휴업일,,Y,Y,Y,Y,Y,Y,20260322
I10,세종특별자치시교육청,9300236,반곡초등학교,2026,,초등학교,휴업일,20270221,겨울방학,,Y,Y,Y,Y,Y,Y,20260322
I10,세종특별자치시교육청,9300236,반곡초등학교,2026,,초등학교,휴업일,20270222,겨울방학,,Y,Y,Y,Y,Y,Y,20260322
I10,세종특별자치시교육청,9300236,반곡초등학교,2026,,초등학교,휴업일,20270223,겨울방학,,Y,Y,Y,Y,Y,Y,20260322
I10,세종특별자치시교육청,9300236,반곡초등학교,2026,,초등학교,휴업일,20270224,겨울방학,,Y,Y,Y,Y,Y,Y,20260322
I10,세종특별자치시교육청,9300236,반곡초등학교,2026,,초등학교,휴업일,20270225,겨울방학,,Y,Y,Y,Y,Y,Y,20260322
I10,세종특별자치시교육청,9300236,반곡초등학교,2026,,초등학교,휴업일,20270226,겨울방학,,Y,Y,Y,Y,Y,Y,20260322
I10,세종특별자치시교육청,9300236,반곡초등학교,2026,,초등학교,휴업일,20270227,겨울방학,,Y,Y,Y,Y,Y,Y,20260322
I10,세종특별자치시교육청,9300236,반곡초등학교,2026,,초등학교,휴업일,20270227,토요휴업일,,Y,Y,Y,Y,Y,Y,20260322
I10,세종특별자치시교육청,9300236,반곡초등학교,2026,,초등학교,휴업일,20270228,겨울방학,,Y,Y,Y,Y,Y,Y,20260322
I10,세종특별자치시교육청,9300191,보람고등학교,2025,주간,고등학교,공휴일,20250301,3·1절,,Y,Y,Y,*,*,*,20260322
I10,세종특별자치시교육청,9300191,보람고등학교,2025,주간,고등학교,공휴일,20250303,대체공휴일,,Y,Y,Y,*,*,*,20260322
I10,세종특별자치시교육청,9300191,보람고등학교,2025,주간,고등학교,휴업일,20250308,토요휴업일,,Y,Y,Y,*,*,*,20260322
I10,세종특별자치시교육청,9300191,보람고등학교,2025,주간,고등학교,휴업일,20250315,토요휴업일,,Y,Y,Y,*,*,*,20260322
I10,세종특별자치시교육청,9300191,보람고등학교,2025,주간,고등학교,휴업일,20250322,토요휴업일,,Y,Y,Y,*,*,*,20260322
I10,세종특별자치시교육청,9300191,보람고등학교,2025,주간,고등학교,해당없음,20250326,전국연합평가,,Y,Y,Y,*,*,*,20260322
I10,세종특별자치시교육청,9300191,보람고등학교,2025,주간,고등학교,해당없음,20250327,교육과정설명회,,Y,Y,Y,*,*,*,20260322
I10,세종특별자치시교육청,9300191,보람고등학교,2025,주간,고등학교,휴업일,20250329,토요휴업일,,Y,Y,Y,*,*,*,20260322
I10,세종특별자치시교육청,9300191,보람고등학교,2025,주간,고등학교,휴업일,20250405,토요휴업일,,Y,Y,Y,*,*,*,20260322
I10,세종특별자치시교육청,9300191,보람고등학교,2025,주간,고등학교,휴업일,20250412,토요휴업일,,Y,Y,Y,*,*,*,20260322
I10,세종특별자치시교육청,9300191,보람고등학교,2025,주간,고등학교,휴업일,20250419,토요휴업일,,Y,Y,Y,*,*,*,20260322
I10,세종특별자치시교육청,9300191,보람고등학교,2025,주간,고등학교,휴업일,20250426,토요휴업일,,Y,Y,Y,*,*,*,20260322
I10,세종특별자치시교육청,9300191,보람고등학교,2025,주간,고등학교,해당없음,20250428,1회고사,,Y,Y,Y,*,*,*,20260322
I10,세종특별자치시교육청,9300191,보람고등학교,2025,주간,고등학교,해당없음,20250429,1회고사,,Y,Y,Y,*,*,*,20260322
I10,세종특별자치시교육청,9300191,보람고등학교,2025,주간,고등학교,해당없음,20250430,1회고사,,Y,Y,Y,*,*,*,20260322
I10,세종특별자치시교육청,9300191,보람고등학교,2025,주간,고등학교,해당없음,20250501,1회고사,,Y,Y,Y,*,*,*,20260322
I10,세종특별자치시교육청,9300191,보람고등학교,2025,주간,고등학교,휴업일,20250503,토요휴업일,,Y,Y,Y,*,*,*,20260322
I10,세종특별자치시교육청,9300191,보람고등학교,2025,주간,고등학교,공휴일,20250505,어린이날,,Y,Y,Y,*,*,*,20260322
I10,세종특별자치시교육청,9300191,보람고등학교,2025,주간,고등학교,공휴일,20250506,대체공휴일,,Y,Y,Y,*,*,*,20260322
I10,세종특별자치시교육청,9300191,보람고등학교,2025,주간,고등학교,해당없음,20250508,전국연합평가,,N,N,Y,*,*,*,20260322
I10,세종특별자치시교육청,9300191,보람고등학교,2025,주간,고등학교,휴업일,20250510,토요휴업일,,Y,Y,Y,*,*,*,20260322
I10,세종특별자치시교육청,9300191,보람고등학교,2025,주간,고등학교,해당없음,20250516,교내체육대회,,Y,Y,Y,*,*,*,20260322
I10,세종특별자치시교육청,9300191,보람고등학교,2025,주간,고등학교,휴업일,20250517,토요휴업일,,Y,Y,Y,*,*,*,20260322
I10,세종특별자치시교육청,9300191,보람고등학교,2025,주간,고등학교,휴업일,20250524,토요휴업일,,Y,Y,Y,*,*,*,20260322
I10,세종특별자치시교육청,9300191,보람고등학교,2025,주간,고등학교,휴업일,20250531,토요휴업일,,Y,Y,Y,*,*,*,20260322
I10,세종특별자치시교육청,9300191,보람고등학교,2025,주간,고등학교,휴업일,20250603,대통령선거일,임시공휴일(조기대선일),Y,Y,Y,*,*,*,20260322
I10,세종특별자치시교육청,9300191,보람고등학교,2025,주간,고등학교,해당없음,20250604,전국연합평가,,Y,Y,Y,*,*,*,20260322
I10,세종특별자치시교육청,9300191,보람고등학교,2025,주간,고등학교,공휴일,20250606,현충일,,Y,Y,Y,*,*,*,20260322
I10,세종특별자치시교육청,9300191,보람고등학교,2025,주간,고등학교,휴업일,20250607,토요휴업일,,Y,Y,Y,*,*,*,20260322
I10,세종특별자치시교육청,9300191,보람고등학교,2025,주간,고등학교,휴업일,20250614,토요휴업일,,Y,Y,Y,*,*,*,20260322
I10,세종특별자치시교육청,9300191,보람고등학교,2025,주간,고등학교,휴업일,20250621,토요휴업일,,Y,Y,Y,*,*,*,20260322
I10,세종특별자치시교육청,9300191,보람고등학교,2025,주간,고등학교,휴업일,20250628,토요휴업일,,Y,Y,Y,*,*,*,20260322
I10,세종특별자치시교육청,9300191,보람고등학교,2025,주간,고등학교,해당없음,20250630,2회고사,,Y,Y,Y,*,*,*,20260322
I10,세종특별자치시교육청,9300191,보람고등학교,2025,주간,고등학교,해당없음,20250701,2회고사,,Y,Y,Y,*,*,*,20260322
I10,세종특별자치시교육청,9300191,보람고등학교,2025,주간,고등학교,해당없음,20250702,2회고사,,Y,Y,Y,*,*,*,20260322
I10,세종특별자치시교육청,9300191,보람고등학교,2025,주간,고등학교,해당없음,20250703,2회고사,,Y,Y,Y,*,*,*,20260322
I10,세종특별자치시교육청,9300191,보람고등학교,2025,주간,고등학교,휴업일,20250705,토요휴업일,,Y,Y,Y,*,*,*,20260322
I10,세종특별자치시교육청,9300191,보람고등학교,2025,주간,고등학교,해당없음,20250710,전국연합평가,,N,N,Y,*,*,*,20260322
I10,세종특별자치시교육청,9300191,보람고등학교,2025,주간,고등학교,휴업일,20250712,토요휴업일,,Y,Y,Y,*,*,*,20260322
I10,세종특별자치시교육청,9300191,보람고등학교,2025,주간,고등학교,해당없음,20250718,여름방학식,,Y,Y,Y,*,*,*,20260322
I10,세종특별자치시교육청,9300191,보람고등학교,2025,주간,고등학교,휴업일,20250719,여름방학,,Y,Y,Y,*,*,*,20260322
I10,세종특별자치시교육청,9300191,보람고등학교,2025,주간,고등학교,휴업일,20250719,토요휴업일,,Y,Y,Y,*,*,*,20260322
I10,세종특별자치시교육청,9300191,보람고등학교,2025,주간,고등학교,휴업일,20250720,여름방학,,Y,Y,Y,*,*,*,20260322
I10,세종특별자치시교육청,9300191,보람고등학교,2025,주간,고등학교,휴업일,20250721,여름방학,,Y,Y,Y,*,*,*,20260322
I10,세종특별자치시교육청,9300191,보람고등학교,2025,주간,고등학교,휴업일,20250722,여름방학,,Y,Y,Y,*,*,*,20260322
I10,세종특별자치시교육청,9300191,보람고등학교,2025,주간,고등학교,휴업일,20250723,여름방학,,Y,Y,Y,*,*,*,20260322
I10,세종특별자치시교육청,9300191,보람고등학교,2025,주간,고등학교,휴업일,20250724,여름방학,,Y,Y,Y,*,*,*,20260322
I10,세종특별자치시교육청,9300191,보람고등학교,2025,주간,고등학교,휴업일,20250725,여름방학,,Y,Y,Y,*,*,*,20260322
I10,세종특별자치시교육청,9300191,보람고등학교,2025,주간,고등학교,휴업일,20250726,여름방학,,Y,Y,Y,*,*,*,20260322
I10,세종특별자치시교육청,9300191,보람고등학교,2025,주간,고등학교,휴업일,20250726,토요휴업일,,Y,Y,Y,*,*,*,20260322
I10,세종특별자치시교육청,9300191,보람고등학교,2025,주간,고등학교,휴업일,20250727,여름방학,,Y,Y,Y,*,*,*,20260322
I10,세종특별자치시교육청,9300191,보람고등학교,2025,주간,고등학교,휴업일,20250728,여름방학,,Y,Y,Y,*,*,*,20260322
I10,세종특별자치시교육청,9300191,보람고등학교,2025,주간,고등학교,휴업일,20250729,여름방학,,Y,Y,Y,*,*,*,20260322
I10,세종특별자치시교육청,9300191,보람고등학교,2025,주간,고등학교,휴업일,20250730,여름방학,,Y,Y,Y,*,*,*,20260322
I10,세종특별자치시교육청,9300191,보람고등학교,2025,주간,고등학교,휴업일,20250731,여름방학,,Y,Y,Y,*,*,*,20260322
I10,세종특별자치시교육청,9300191,보람고등학교,2025,주간,고등학교,휴업일,20250801,여름방학,,Y,Y,Y,*,*,*,20260322
I10,세종특별자치시교육청,9300191,보람고등학교,2025,주간,고등학교,휴업일,20250802,여름방학,,Y,Y,Y,*,*,*,20260322
I10,세종특별자치시교육청,9300191,보람고등학교,2025,주간,고등학교,휴업일,20250802,토요휴업일,,Y,Y,Y,*,*,*,20260322
I10,세종특별자치시교육청,9300191,보람고등학교,2025,주간,고등학교,휴업일,20250803,여름방학,,Y,Y,Y,*,*,*,20260322
I10,세종특별자치시교육청,9300191,보람고등학교,2025,주간,고등학교,휴업일,20250804,여름방학,,Y,Y,Y,*,*,*,20260322
I10,세종특별자치시교육청,9300191,보람고등학교,2025,주간,고등학교,휴업일,20250805,여름방학,,Y,Y,Y,*,*,*,20260322
I10,세종특별자치시교육청,9300191,보람고등학교,2025,주간,고등학교,휴업일,20250806,여름방학,,Y,Y,Y,*,*,*,20260322
I10,세종특별자치시교육청,9300191,보람고등학교,2025,주간,고등학교,휴업일,20250807,여름방학,,Y,Y,Y,*,*,*,20260322
I10,세종특별자치시교육청,9300191,보람고등학교,2025,주간,고등학교,휴업일,20250808,여름방학,,Y,Y,Y,*,*,*,20260322
I10,세종특별자치시교육청,9300191,보람고등학교,2025,주간,고등학교,휴업일,20250809,여름방학,,Y,Y,Y,*,*,*,20260322
I10,세종특별자치시교육청,9300191,보람고등학교,2025,주간,고등학교,휴업일,20250809,토요휴업일,,Y,Y,Y,*,*,*,20260322
I10,세종특별자치시교육청,9300191,보람고등학교,2025,주간,고등학교,휴업일,20250810,여름방학,,Y,Y,Y,*,*,*,20260322
I10,세종특별자치시교육청,9300191,보람고등학교,2025,주간,고등학교,휴업일,20250811,여름방학,,Y,Y,Y,*,*,*,20260322
I10,세종특별자치시교육청,9300191,보람고등학교,2025,주간,고등학교,휴업일,20250812,여름방학,,Y,Y,Y,*,*,*,20260322
I10,세종특별자치시교육청,9300191,보람고등학교,2025,주간,고등학교,휴업일,20250813,여름방학,,Y,Y,Y,*,*,*,20260322
I10,세종특별자치시교육청,9300191,보람고등학교,2025,주간,고등학교,휴업일,20250814,여름방학,,Y,Y,Y,*,*,*,20260322
I10,세종특별자치시교육청,9300191,보람고등학교,2025,주간,고등학교,휴업일,20250815,여름방학,,Y,Y,Y,*,*,*,20260322
I10,세종특별자치시교육청,9300191,보람고등학교,2025,주간,고등학교,공휴일,20250815,광복절,,Y,Y,Y,*,*,*,20260322
I10,세종특별자치시교육청,9300191,보람고등학교,2025,주간,고등학교,휴업일,20250816,여름방학,,Y,Y,Y,*,*,*,20260322
I10,세종특별자치시교육청,9300191,보람고등학교,2025,주간,고등학교,휴업일,20250816,토요휴업일,,Y,Y,Y,*,*,*,20260322
I10,세종특별자치시교육청,9300191,보람고등학교,2025,주간,고등학교,휴업일,20250817,여름방학,,Y,Y,Y,*,*,*,20260322
I10,세종특별자치시교육청,9300191,보람고등학교,2025,주간,고등학교,해당없음,20250818,여름개학식,,Y,Y,Y,*,*,*,20260322
I10,세종특별자치시교육청,9300191,보람고등학교,2025,주간,고등학교,휴업일,20250823,토요휴업일,,Y,Y,Y,*,*,*,20260322
I10,세종특별자치시교육청,9300191,보람고등학교,2025,주간,고등학교,휴업일,20250830,토요휴업일,,Y,Y,Y,*,*,*,20260322
I10,세종특별자치시교육청,9300191,보람고등학교,2025,주간,고등학교,해당없음,20250903,전국연합평가,,Y,Y,Y,*,*,*,20260322
I10,세종특별자치시교육청,9300191,보람고등학교,2025,주간,고등학교,휴업일,20250906,토요휴업일,,Y,Y,Y,*,*,*,20260322
I10,세종특별자치시교육청,9300191,보람고등학교,2025,주간,고등학교,해당없음,20250908,현장체험학습,,Y,Y,N,*,*,*,20260322

